{"type":"FeatureCollection","features":[{"type":"Feature","geometry":{"type":"MultiLineString","coordinates":[[[139.151357,36.008499],[139.150917,36.006657],[139.14928,36.003211]]]},"properties":{"id":"geology_line_0","source":"産業技術総合研究所 地質調査総合センター「20万分の1日本シームレス地質図V2」"}},{"type":"Feature","geometry":{"type":"MultiLineString","coordinates":[[[139.175357,36.050044],[139.175057,36.045886]]]},"properties":{"id":"geology_line_1","source":"産業技術総合研究所 地質調査総合センター「20万分の1日本シームレス地質図V2」"}},{"type":"Feature","geometry":{"type":"MultiLineString","coordinates":[[[139.175057,36.045886],[139.177866,36.042587]]]},"properties":{"id":"geology_line_2","source":"産業技術総合研究所 地質調査総合センター「20万分の1日本シームレス地質図V2」"}},{"type":"Feature","geometry":{"type":"MultiLineString","coordinates":[[[139.12866,36.024848],[139.12504,36.021798]]]},"properties":{"id":"geology_line_3","source":"産業技術総合研究所 地質調査総合センター「20万分の1日本シームレス地質図V2」"}},{"type":"Feature","geometry":{"type":"MultiLineString","coordinates":[[[139.161116,36.016815],[139.162876,36.015931],[139.168175,36.010973]]]},"properties":{"id":"geology_line_4","source":"産業技術総合研究所 地質調査総合センター「20万分の1日本シームレス地質図V2」"}},{"type":"Feature","geometry":{"type":"MultiLineString","coordinates":[[[139.175127,36.05571],[139.175227,36.053444]]]},"properties":{"id":"geology_line_5","source":"産業技術総合研究所 地質調査総合センター「20万分の1日本シームレス地質図V2」"}},{"type":"Feature","geometry":{"type":"MultiLineString","coordinates":[[[139.151758,35.927037],[139.151942,35.928221]]]},"properties":{"id":"geology_line_6","source":"産業技術総合研究所 地質調査総合センター「20万分の1日本シームレス地質図V2」"}},{"type":"Feature","geometry":{"type":"MultiLineString","coordinates":[[[139.153699,35.938635],[139.154096,35.941696]]]},"properties":{"id":"geology_line_7","source":"産業技術総合研究所 地質調査総合センター「20万分の1日本シームレス地質図V2」"}},{"type":"Feature","geometry":{"type":"MultiLineString","coordinates":[[[139.058131,35.964719],[139.05908,35.965074],[139.061458,35.966008],[139.062878,35.966749],[139.064037,35.967305]]]},"properties":{"id":"geology_line_8","source":"産業技術総合研究所 地質調査総合センター「20万分の1日本シームレス地質図V2」"}},{"type":"Feature","geometry":{"type":"MultiLineString","coordinates":[[[139.116307,35.963229],[139.11632,35.963124],[139.116409,35.961592]]]},"properties":{"id":"geology_line_9","source":"産業技術総合研究所 地質調査総合センター「20万分の1日本シームレス地質図V2」"}},{"type":"Feature","geometry":{"type":"MultiLineString","coordinates":[[[139.113561,36.00321],[139.113567,36.003178],[139.11357,36.002738]]]},"properties":{"id":"geology_line_10","source":"産業技術総合研究所 地質調査総合センター「20万分の1日本シームレス地質図V2」"}},{"type":"Feature","geometry":{"type":"MultiLineString","coordinates":[[[139.14928,36.003211],[139.149265,36.00318],[139.147479,36.000494]]]},"properties":{"id":"geology_line_11","source":"産業技術総合研究所 地質調査総合センター「20万分の1日本シームレス地質図V2」"}},{"type":"Feature","geometry":{"type":"MultiLineString","coordinates":[[[139.116694,35.956985],[139.116754,35.95685],[139.116964,35.955699]]]},"properties":{"id":"geology_line_12","source":"産業技術総合研究所 地質調査総合センター「20万分の1日本シームレス地質図V2」"}},{"type":"Feature","geometry":{"type":"MultiLineString","coordinates":[[[139.174726,36.03857],[139.169777,36.039654],[139.160538,36.039387],[139.159088,36.038121],[139.158198,36.036046],[139.157188,36.032888],[139.156078,36.03208],[139.155078,36.031897],[139.152068,36.031713],[139.149508,36.02973],[139.147498,36.029464],[139.146938,36.02883],[139.147608,36.027839],[139.151728,36.024956],[139.153518,36.024956],[139.157967,36.026755],[139.159417,36.027114],[139.161757,36.02703],[139.162877,36.026755],[139.164207,36.026847],[139.165437,36.027655],[139.167436,36.027563],[139.171006,36.026122],[139.174676,36.024322],[139.176235,36.023989],[139.177265,36.02388]]]},"properties":{"id":"geology_line_13","source":"産業技術総合研究所 地質調査総合センター「20万分の1日本シームレス地質図V2」"}},{"type":"Feature","geometry":{"type":"MultiLineString","coordinates":[[[139.164195,35.951998],[139.163731,35.949394],[139.163653,35.947028],[139.163775,35.943953],[139.164087,35.94143],[139.164773,35.938444],[139.165195,35.935807],[139.165115,35.934154]]]},"properties":{"id":"geology_line_14","source":"産業技術総合研究所 地質調査総合センター「20万分の1日本シームレス地質図V2」"}},{"type":"Feature","geometry":{"type":"MultiLineString","coordinates":[[[139.175227,36.053444],[139.175227,36.051836]]]},"properties":{"id":"geology_line_15","source":"産業技術総合研究所 地質調査総合センター「20万分の1日本シームレス地質図V2」"}},{"type":"Feature","geometry":{"type":"MultiLineString","coordinates":[[[139.082158,35.926967],[139.084303,35.925555],[139.086275,35.924312],[139.090053,35.922341],[139.096057,35.919196],[139.097075,35.918816]]]},"properties":{"id":"geology_line_16","source":"産業技術総合研究所 地質調査総合センター「20万分の1日本シームレス地質図V2」"}},{"type":"Feature","geometry":{"type":"MultiLineString","coordinates":[[[139.07899,35.97629],[139.083066,35.974014],[139.085228,35.973209],[139.085537,35.973074],[139.087515,35.972498],[139.088568,35.972153],[139.089449,35.971935]]]},"properties":{"id":"geology_line_17","source":"産業技術総合研究所 地質調査総合センター「20万分の1日本シームレス地質図V2」"}},{"type":"Feature","geometry":{"type":"MultiLineString","coordinates":[[[139.151357,36.008499],[139.149617,36.008807],[139.145377,36.008807],[139.142598,36.008533],[139.141708,36.007908],[139.140928,36.006549],[139.138808,36.005291],[139.137468,36.004833],[139.136854,36.003211]]]},"properties":{"id":"geology_line_18","source":"産業技術総合研究所 地質調査総合センター「20万分の1日本シームレス地質図V2」"}},{"type":"Feature","geometry":{"type":"MultiLineString","coordinates":[[[139.12504,36.021798],[139.11854,36.017107],[139.11734,36.016391],[139.114891,36.015741]]]},"properties":{"id":"geology_line_19","source":"産業技術総合研究所 地質調査総合センター「20万分の1日本シームレス地質図V2」"}},{"type":"Feature","geometry":{"type":"MultiLineString","coordinates":[[[139.165521,35.931947],[139.165743,35.931754],[139.166519,35.927683],[139.166851,35.925732],[139.16711,35.924309]]]},"properties":{"id":"geology_line_20","source":"産業技術総合研究所 地質調査総合センター「20万分の1日本シームレス地質図V2」"}},{"type":"Feature","geometry":{"type":"MultiLineString","coordinates":[[[139.148933,35.905185],[139.149018,35.906605],[139.149105,35.907867]]]},"properties":{"id":"geology_line_21","source":"産業技術総合研究所 地質調査総合センター「20万分の1日本シームレス地質図V2」"}},{"type":"Feature","geometry":{"type":"MultiLineString","coordinates":[[[139.148564,35.902897],[139.148933,35.905185]]]},"properties":{"id":"geology_line_22","source":"産業技術総合研究所 地質調査総合センター「20万分の1日本シームレス地質図V2」"}},{"type":"Feature","geometry":{"type":"MultiLineString","coordinates":[[[139.118853,35.934103],[139.119458,35.931424],[139.120227,35.927454],[139.121003,35.9238],[139.121832,35.92047],[139.122539,35.91813],[139.123188,35.915818],[139.12367,35.914547]]]},"properties":{"id":"geology_line_23","source":"産業技術総合研究所 地質調査総合センター「20万分の1日本シームレス地質図V2」"}},{"type":"Feature","geometry":{"type":"MultiLineString","coordinates":[[[139.172332,35.978632],[139.170888,35.976068]]]},"properties":{"id":"geology_line_24","source":"産業技術総合研究所 地質調査総合センター「20万分の1日本シームレス地質図V2」"}},{"type":"Feature","geometry":{"type":"MultiLineString","coordinates":[[[139.05326,35.958041],[139.052792,35.956304]]]},"properties":{"id":"geology_line_25","source":"産業技術総合研究所 地質調査総合センター「20万分の1日本シームレス地質図V2」"}},{"type":"Feature","geometry":{"type":"MultiLineString","coordinates":[[[139.161116,36.016815],[139.159267,36.016965],[139.157307,36.016831],[139.155857,36.016381],[139.154757,36.014707]]]},"properties":{"id":"geology_line_26","source":"産業技術総合研究所 地質調査総合センター「20万分の1日本シームレス地質図V2」"}},{"type":"Feature","geometry":{"type":"MultiLineString","coordinates":[[[139.117273,35.950827],[139.117214,35.952062]]]},"properties":{"id":"geology_line_27","source":"産業技術総合研究所 地質調査総合センター「20万分の1日本シームレス地質図V2」"}},{"type":"Feature","geometry":{"type":"MultiLineString","coordinates":[[[139.175227,36.051836],[139.175357,36.050044]]]},"properties":{"id":"geology_line_28","source":"産業技術総合研究所 地質調査総合センター「20万分の1日本シームレス地質図V2」"}},{"type":"Feature","geometry":{"type":"MultiLineString","coordinates":[[[139.116409,35.961592],[139.116384,35.961488],[139.116636,35.95885],[139.116694,35.956985]]]},"properties":{"id":"geology_line_29","source":"産業技術総合研究所 地質調査総合センター「20万分の1日本シームレス地質図V2」"}},{"type":"Feature","geometry":{"type":"MultiLineString","coordinates":[[[139.152902,35.93357],[139.15273,35.932664],[139.152621,35.932141]]]},"properties":{"id":"geology_line_30","source":"産業技術総合研究所 地質調査総合センター「20万分の1日本シームレス地質図V2」"}},{"type":"Feature","geometry":{"type":"MultiLineString","coordinates":[[[139.153699,35.938635],[139.152902,35.93357]]]},"properties":{"id":"geology_line_31","source":"産業技術総合研究所 地質調査総合センター「20万分の1日本シームレス地質図V2」"}},{"type":"Feature","geometry":{"type":"MultiLineString","coordinates":[[[139.18068,36.003212],[139.180676,36.00318],[139.180528,36.000456],[139.180093,35.997586],[139.178994,35.993856],[139.178082,35.991288],[139.176805,35.988409],[139.175758,35.985883],[139.174807,35.983514],[139.17366,35.981303]]]},"properties":{"id":"geology_line_32","source":"産業技術総合研究所 地質調査総合センター「20万分の1日本シームレス地質図V2」"}},{"type":"Feature","geometry":{"type":"MultiLineString","coordinates":[[[139.112574,36.069294],[139.111284,36.069144],[139.109184,36.068344],[139.107844,36.067394],[139.107174,36.065728],[139.106724,36.062011],[139.106764,36.060545],[139.106614,36.056795],[139.108294,36.052912],[139.108063,36.051112],[139.107113,36.048721]]]},"properties":{"id":"geology_line_33","source":"産業技術総合研究所 地質調査総合センター「20万分の1日本シームレス地質図V2」"}},{"type":"Feature","geometry":{"type":"MultiLineString","coordinates":[[[139.168234,35.968333],[139.167132,35.965042],[139.166185,35.9618],[139.165397,35.959335],[139.164931,35.956889],[139.164472,35.953734]]]},"properties":{"id":"geology_line_34","source":"産業技術総合研究所 地質調査総合センター「20万分の1日本シームレス地質図V2」"}},{"type":"Feature","geometry":{"type":"MultiLineString","coordinates":[[[139.149105,35.907867],[139.14668,35.908097],[139.141827,35.908793],[139.13564,35.909706],[139.131854,35.910405],[139.12748,35.911733],[139.124223,35.912412]]]},"properties":{"id":"geology_line_35","source":"産業技術総合研究所 地質調査総合センター「20万分の1日本シームレス地質図V2」"}},{"type":"Feature","geometry":{"type":"MultiLineString","coordinates":[[[139.125351,36.032372],[139.12794,36.032089]]]},"properties":{"id":"geology_line_36","source":"産業技術総合研究所 地質調査総合センター「20万分の1日本シームレス地質図V2」"}},{"type":"Feature","geometry":{"type":"MultiLineString","coordinates":[[[139.124161,36.032589],[139.125351,36.032372]]]},"properties":{"id":"geology_line_37","source":"産業技術総合研究所 地質調査総合センター「20万分の1日本シームレス地質図V2」"}},{"type":"Feature","geometry":{"type":"MultiLineString","coordinates":[[[139.151697,36.011224],[139.151357,36.008499]]]},"properties":{"id":"geology_line_38","source":"産業技術総合研究所 地質調査総合センター「20万分の1日本シームレス地質図V2」"}},{"type":"Feature","geometry":{"type":"MultiLineString","coordinates":[[[139.117939,35.940061],[139.118229,35.938991]]]},"properties":{"id":"geology_line_39","source":"産業技術総合研究所 地質調査総合センター「20万分の1日本シームレス地質図V2」"}},{"type":"Feature","geometry":{"type":"MultiLineString","coordinates":[[[139.174676,36.039204],[139.174726,36.03857]]]},"properties":{"id":"geology_line_40","source":"産業技術総合研究所 地質調査総合センター「20万分の1日本シームレス地質図V2」"}},{"type":"Feature","geometry":{"type":"MultiLineString","coordinates":[[[139.117214,35.952062],[139.116964,35.955699]]]},"properties":{"id":"geology_line_41","source":"産業技術総合研究所 地質調査総合センター「20万分の1日本シームレス地質図V2」"}},{"type":"Feature","geometry":{"type":"MultiLineString","coordinates":[[[139.152253,35.929941],[139.151942,35.928221]]]},"properties":{"id":"geology_line_42","source":"産業技術総合研究所 地質調査総合センター「20万分の1日本シームレス地質図V2」"}},{"type":"Feature","geometry":{"type":"MultiLineString","coordinates":[[[139.174646,36.035279],[139.175126,36.030996],[139.175906,36.027563],[139.177265,36.02388]]]},"properties":{"id":"geology_line_43","source":"産業技術総合研究所 地質調査総合センター「20万分の1日本シームレス地質図V2」"}},{"type":"Feature","geometry":{"type":"MultiLineString","coordinates":[[[139.163578,36.051369],[139.166888,36.050928],[139.169858,36.050794],[139.173907,36.050028],[139.175357,36.050044]]]},"properties":{"id":"geology_line_44","source":"産業技術総合研究所 地質調査総合センター「20万分の1日本シームレス地質図V2」"}},{"type":"Feature","geometry":{"type":"MultiLineString","coordinates":[[[139.103434,36.054521],[139.107113,36.048721]]]},"properties":{"id":"geology_line_45","source":"産業技術総合研究所 地質調査総合センター「20万分の1日本シームレス地質図V2」"}},{"type":"Feature","geometry":{"type":"MultiLineString","coordinates":[[[139.170888,35.976068],[139.16928,35.971017],[139.168234,35.968333]]]},"properties":{"id":"geology_line_46","source":"産業技術総合研究所 地質調査総合センター「20万分の1日本シームレス地質図V2」"}},{"type":"Feature","geometry":{"type":"MultiLineString","coordinates":[[[139.195415,36.056668],[139.194126,36.056743],[139.191276,36.055977],[139.181927,36.05436],[139.178027,36.053277],[139.176307,36.053194],[139.175227,36.053444]]]},"properties":{"id":"geology_line_47","source":"産業技術総合研究所 地質調査総合センター「20万分の1日本シームレス地質図V2」"}},{"type":"Feature","geometry":{"type":"MultiLineString","coordinates":[[[139.169162,35.97354],[139.168302,35.97196],[139.166868,35.969275],[139.16582,35.966907],[139.164674,35.964696],[139.163628,35.962091],[139.161712,35.959168],[139.161138,35.958141],[139.158783,35.953493],[139.156645,35.949184],[139.155189,35.945247],[139.154519,35.943302],[139.154096,35.941696]]]},"properties":{"id":"geology_line_48","source":"産業技術総合研究所 地質調査総合センター「20万分の1日本シームレス地質図V2」"}},{"type":"Feature","geometry":{"type":"MultiLineString","coordinates":[[[139.055052,35.963895],[139.054091,35.961498]]]},"properties":{"id":"geology_line_49","source":"産業技術総合研究所 地質調査総合センター「20万分の1日本シームレス地質図V2」"}},{"type":"Feature","geometry":{"type":"MultiLineString","coordinates":[[[139.040812,35.954701],[139.04153,35.954907],[139.042248,35.955316],[139.04717,35.957501],[139.050268,35.958832],[139.050429,35.958891],[139.051694,35.959534],[139.053696,35.960509]]]},"properties":{"id":"geology_line_50","source":"産業技術総合研究所 地質調査総合センター「20万分の1日本シームレス地質図V2」"}},{"type":"Feature","geometry":{"type":"MultiLineString","coordinates":[[[139.082158,35.926967],[139.077088,35.930026],[139.061958,35.938792],[139.060722,35.939397],[139.059075,35.940069],[139.056398,35.941211],[139.051254,35.942344],[139.049402,35.942812],[139.049402,35.942947],[139.047034,35.943684],[139.042605,35.945835],[139.040334,35.947791],[139.039199,35.948667],[139.03641,35.951434],[139.035685,35.952379]]]},"properties":{"id":"geology_line_51","source":"産業技術総合研究所 地質調査総合センター「20万分の1日本シームレス地質図V2」"}},{"type":"Feature","geometry":{"type":"MultiLineString","coordinates":[[[139.04612,36.058572],[139.048739,36.057072]]]},"properties":{"id":"geology_line_52","source":"産業技術総合研究所 地質調査総合センター「20万分の1日本シームレス地質図V2」"}},{"type":"Feature","geometry":{"type":"MultiLineString","coordinates":[[[139.035685,35.952379],[139.039685,35.954019]]]},"properties":{"id":"geology_line_53","source":"産業技術総合研究所 地質調査総合センター「20万分の1日本シームレス地質図V2」"}},{"type":"Feature","geometry":{"type":"MultiLineString","coordinates":[[[139.116307,35.963229],[139.115948,35.96586],[139.1157,35.967733],[139.11509,35.971971],[139.114416,35.975854],[139.114052,35.979373],[139.11402,35.979442]]]},"properties":{"id":"geology_line_54","source":"産業技術総合研究所 地質調査総合センター「20万分の1日本シームレス地質図V2」"}},{"type":"Feature","geometry":{"type":"MultiLineString","coordinates":[[[139.03633,36.054814],[139.03715,36.054422]]]},"properties":{"id":"geology_line_55","source":"産業技術総合研究所 地質調査総合センター「20万分の1日本シームレス地質図V2」"}},{"type":"Feature","geometry":{"type":"MultiLineString","coordinates":[[[139.035685,35.952379],[139.034249,35.951968],[139.033156,35.951421],[139.032608,35.951217],[139.031276,35.950534],[139.027482,35.94903],[139.024508,35.947732],[139.022132,35.946672]]]},"properties":{"id":"geology_line_56","source":"産業技術総合研究所 地質調査総合センター「20万分の1日本シームレス地質図V2」"}},{"type":"Feature","geometry":{"type":"MultiLineString","coordinates":[[[139.112574,36.069294],[139.113994,36.068219],[139.115304,36.066811],[139.117203,36.063736],[139.118093,36.061578],[139.118873,36.058236],[139.119322,36.054087],[139.119872,36.052012],[139.120872,36.049671],[139.121992,36.047687],[139.122992,36.04263],[139.123661,36.040196],[139.125671,36.035414],[139.125441,36.034155],[139.124161,36.032589]]]},"properties":{"id":"geology_line_57","source":"産業技術総合研究所 地質調査総合センター「20万分の1日本シームレス地質図V2」"}},{"type":"Feature","geometry":{"type":"MultiLineString","coordinates":[[[139.089449,35.971935],[139.092638,35.971336],[139.095591,35.970809],[139.096753,35.970604],[139.100299,35.970503]]]},"properties":{"id":"geology_line_58","source":"産業技術総合研究所 地質調査総合センター「20万分の1日本シームレス地質図V2」"}},{"type":"Feature","geometry":{"type":"MultiLineString","coordinates":[[[139.168175,36.010973],[139.171565,36.009523],[139.176464,36.006282],[139.179134,36.006282],[139.181394,36.006732]]]},"properties":{"id":"geology_line_59","source":"産業技術総合研究所 地質調査総合センター「20万分の1日本シームレス地質図V2」"}},{"type":"Feature","geometry":{"type":"MultiLineString","coordinates":[[[139.117939,35.940061],[139.117944,35.942562],[139.117517,35.946354],[139.11751,35.948047],[139.117404,35.948927],[139.117273,35.950827]]]},"properties":{"id":"geology_line_60","source":"産業技術総合研究所 地質調査総合センター「20万分の1日本シームレス地質図V2」"}},{"type":"Feature","geometry":{"type":"MultiLineString","coordinates":[[[139.151307,35.922935],[139.150505,35.918501]]]},"properties":{"id":"geology_line_61","source":"産業技術総合研究所 地質調査総合センター「20万分の1日本シームレス地質図V2」"}},{"type":"Feature","geometry":{"type":"MultiLineString","coordinates":[[[139.12367,35.914547],[139.123711,35.914539],[139.123921,35.913524]]]},"properties":{"id":"geology_line_62","source":"産業技術総合研究所 地質調査総合センター「20万分の1日本シームレス地質図V2」"}},{"type":"Feature","geometry":{"type":"MultiLineString","coordinates":[[[139.097075,35.918816],[139.099805,35.917011],[139.101365,35.91607],[139.105423,35.915297],[139.105628,35.915298],[139.11118,35.914163],[139.113701,35.913348],[139.116806,35.912963],[139.120878,35.912896],[139.123921,35.913524]]]},"properties":{"id":"geology_line_63","source":"産業技術総合研究所 地質調査総合センター「20万分の1日本シームレス地質図V2」"}},{"type":"Feature","geometry":{"type":"MultiLineString","coordinates":[[[139.13908,35.987914],[139.140379,35.986787],[139.141717,35.986452],[139.146441,35.987461],[139.150866,35.986816],[139.157654,35.986496],[139.158374,35.986227],[139.165586,35.982182],[139.168472,35.980225],[139.172332,35.978632]]]},"properties":{"id":"geology_line_64","source":"産業技術総合研究所 地質調査総合センター「20万分の1日本シームレス地質図V2」"}},{"type":"Feature","geometry":{"type":"MultiLineString","coordinates":[[[139.031561,36.05703],[139.03633,36.054814]]]},"properties":{"id":"geology_line_65","source":"産業技術総合研究所 地質調査総合センター「20万分の1日本シームレス地質図V2」"}},{"type":"Feature","geometry":{"type":"MultiLineString","coordinates":[[[139.100069,35.974524],[139.100265,35.972255],[139.100299,35.970503]]]},"properties":{"id":"geology_line_66","source":"産業技術総合研究所 地質調査総合センター「20万分の1日本シームレス地質図V2」"}},{"type":"Feature","geometry":{"type":"MultiLineString","coordinates":[[[139.053696,35.960509],[139.053446,35.958909]]]},"properties":{"id":"geology_line_67","source":"産業技術総合研究所 地質調査総合センター「20万分の1日本シームレス地質図V2」"}},{"type":"Feature","geometry":{"type":"MultiLineString","coordinates":[[[139.152621,35.932141],[139.152253,35.929941]]]},"properties":{"id":"geology_line_68","source":"産業技術総合研究所 地質調査総合センター「20万分の1日本シームレス地質図V2」"}},{"type":"Feature","geometry":{"type":"MultiLineString","coordinates":[[[139.115302,36.033197],[139.124161,36.032589]]]},"properties":{"id":"geology_line_69","source":"産業技術総合研究所 地質調査総合センター「20万分の1日本シームレス地質図V2」"}},{"type":"Feature","geometry":{"type":"MultiLineString","coordinates":[[[139.136854,36.003211],[139.136841,36.003178],[139.136512,36.002625],[139.136101,36.00242],[139.135924,36.002256],[139.134954,36.002175],[139.134176,36.00233],[139.13272,36.002326],[139.131268,36.001927],[139.129622,36.001528],[139.126998,36.001915],[139.125738,36.001675],[139.124897,36.001101],[139.123561,36.000961],[139.120477,36.000546],[139.118955,36.000471],[139.117706,35.999386],[139.116473,35.999111],[139.115034,35.998904],[139.113595,35.998629]]]},"properties":{"id":"geology_line_70","source":"産業技術総合研究所 地質調査総合センター「20万分の1日本シームレス地質図V2」"}},{"type":"Feature","geometry":{"type":"MultiLineString","coordinates":[[[139.055747,35.966637],[139.055052,35.963895]]]},"properties":{"id":"geology_line_71","source":"産業技術総合研究所 地質調査総合センター「20万分の1日本シームレス地質図V2」"}},{"type":"Feature","geometry":{"type":"MultiLineString","coordinates":[[[139.170888,35.976068],[139.169162,35.97354]]]},"properties":{"id":"geology_line_72","source":"産業技術総合研究所 地質調査総合センター「20万分の1日本シームレス地質図V2」"}},{"type":"Feature","geometry":{"type":"MultiLineString","coordinates":[[[139.154757,36.014707],[139.153287,36.012507],[139.151697,36.011224]]]},"properties":{"id":"geology_line_73","source":"産業技術総合研究所 地質調査総合センター「20万分の1日本シームレス地質図V2」"}},{"type":"Feature","geometry":{"type":"MultiLineString","coordinates":[[[139.1253,36.024056],[139.12504,36.021798]]]},"properties":{"id":"geology_line_74","source":"産業技術総合研究所 地質調査総合センター「20万分の1日本シームレス地質図V2」"}},{"type":"Feature","geometry":{"type":"MultiLineString","coordinates":[[[139.174726,36.03857],[139.174646,36.035279]]]},"properties":{"id":"geology_line_75","source":"産業技術総合研究所 地質調査総合センター「20万分の1日本シームレス地質図V2」"}},{"type":"Feature","geometry":{"type":"MultiLineString","coordinates":[[[139.12982,35.971324],[139.131696,35.974545]]]},"properties":{"id":"geology_line_76","source":"産業技術総合研究所 地質調査総合センター「20万分の1日本シームレス地質図V2」"}},{"type":"Feature","geometry":{"type":"MultiLineString","coordinates":[[[139.099975,36.06252],[139.103434,36.054521]]]},"properties":{"id":"geology_line_77","source":"産業技術総合研究所 地質調査総合センター「20万分の1日本シームレス地質図V2」"}},{"type":"Feature","geometry":{"type":"MultiLineString","coordinates":[[[139.107113,36.048721],[139.109403,36.044163],[139.113082,36.036497],[139.115302,36.033197]]]},"properties":{"id":"geology_line_78","source":"産業技術総合研究所 地質調査総合センター「20万分の1日本シームレス地質図V2」"}},{"type":"Feature","geometry":{"type":"MultiLineString","coordinates":[[[139.03892,36.05363],[139.04107,36.052372]]]},"properties":{"id":"geology_line_79","source":"産業技術総合研究所 地質調査総合センター「20万分の1日本シームレス地質図V2」"}},{"type":"Feature","geometry":{"type":"MultiLineString","coordinates":[[[139.115302,36.033197],[139.113342,36.033381]]]},"properties":{"id":"geology_line_80","source":"産業技術総合研究所 地質調査総合センター「20万分の1日本シームレス地質図V2」"}},{"type":"Feature","geometry":{"type":"MultiLineString","coordinates":[[[139.124223,35.912412],[139.124132,35.912395],[139.124617,35.909203],[139.124638,35.906737]]]},"properties":{"id":"geology_line_81","source":"産業技術総合研究所 地質調査総合センター「20万分の1日本シームレス地質図V2」"}},{"type":"Feature","geometry":{"type":"MultiLineString","coordinates":[[[139.022612,36.056172],[139.019262,36.055889]]]},"properties":{"id":"geology_line_82","source":"産業技術総合研究所 地質調査総合センター「20万分の1日本シームレス地質図V2」"}},{"type":"Feature","geometry":{"type":"MultiLineString","coordinates":[[[139.030101,36.057647],[139.028301,36.05698],[139.025962,36.056347],[139.022612,36.056172]]]},"properties":{"id":"geology_line_83","source":"産業技術総合研究所 地質調査総合センター「20万分の1日本シームレス地質図V2」"}},{"type":"Feature","geometry":{"type":"MultiLineString","coordinates":[[[139.124223,35.912412],[139.123921,35.913524]]]},"properties":{"id":"geology_line_84","source":"産業技術総合研究所 地質調査総合センター「20万分の1日本シームレス地質図V2」"}},{"type":"Feature","geometry":{"type":"MultiLineString","coordinates":[[[139.175057,36.045886],[139.174676,36.039204]]]},"properties":{"id":"geology_line_85","source":"産業技術総合研究所 地質調査総合センター「20万分の1日本シームレス地質図V2」"}},{"type":"Feature","geometry":{"type":"MultiLineString","coordinates":[[[139.08134,35.977125],[139.07899,35.97629]]]},"properties":{"id":"geology_line_86","source":"産業技術総合研究所 地質調査総合センター「20万分の1日本シームレス地質図V2」"}},{"type":"Feature","geometry":{"type":"MultiLineString","coordinates":[[[139.170326,35.913112],[139.171503,35.910068]]]},"properties":{"id":"geology_line_87","source":"産業技術総合研究所 地質調査総合センター「20万分の1日本シームレス地質図V2」"}},{"type":"Feature","geometry":{"type":"MultiLineString","coordinates":[[[139.113907,35.980891],[139.113875,35.981359],[139.113871,35.982239],[139.11366,35.983525],[139.113595,35.998629]]]},"properties":{"id":"geology_line_88","source":"産業技術総合研究所 地質調査総合センター「20万分の1日本シームレス地質図V2」"}},{"type":"Feature","geometry":{"type":"MultiLineString","coordinates":[[[139.168039,35.920282],[139.16711,35.924309]]]},"properties":{"id":"geology_line_89","source":"産業技術総合研究所 地質調査総合センター「20万分の1日本シームレス地質図V2」"}},{"type":"Feature","geometry":{"type":"MultiLineString","coordinates":[[[139.124638,35.906737],[139.124535,35.904705]]]},"properties":{"id":"geology_line_90","source":"産業技術総合研究所 地質調査総合センター「20万分の1日本シームレス地質図V2」"}},{"type":"Feature","geometry":{"type":"MultiLineString","coordinates":[[[139.100299,35.970503],[139.100311,35.969162],[139.100323,35.967743]]]},"properties":{"id":"geology_line_91","source":"産業技術総合研究所 地質調査総合センター「20万分の1日本シームレス地質図V2」"}},{"type":"Feature","geometry":{"type":"MultiLineString","coordinates":[[[139.151617,36.013307],[139.151697,36.011224]]]},"properties":{"id":"geology_line_92","source":"産業技術総合研究所 地質調査総合センター「20万分の1日本シームレス地質図V2」"}},{"type":"Feature","geometry":{"type":"MultiLineString","coordinates":[[[139.118478,35.937687],[139.118229,35.938991]]]},"properties":{"id":"geology_line_93","source":"産業技術総合研究所 地質調査総合センター「20万分の1日本シームレス地質図V2」"}},{"type":"Feature","geometry":{"type":"MultiLineString","coordinates":[[[139.039685,35.954019],[139.0403,35.954428],[139.040812,35.954701]]]},"properties":{"id":"geology_line_94","source":"産業技術総合研究所 地質調査総合センター「20万分の1日本シームレス地質図V2」"}},{"type":"Feature","geometry":{"type":"MultiLineString","coordinates":[[[139.03715,36.054422],[139.03892,36.05363]]]},"properties":{"id":"geology_line_95","source":"産業技術総合研究所 地質調査総合センター「20万分の1日本シームレス地質図V2」"}},{"type":"Feature","geometry":{"type":"MultiLineString","coordinates":[[[139.11357,36.002738],[139.113595,35.998629]]]},"properties":{"id":"geology_line_96","source":"産業技術総合研究所 地質調査総合センター「20万分の1日本シームレス地質図V2」"}},{"type":"Feature","geometry":{"type":"MultiLineString","coordinates":[[[139.030101,36.057647],[139.031561,36.05703]]]},"properties":{"id":"geology_line_97","source":"産業技術総合研究所 地質調査総合センター「20万分の1日本シームレス地質図V2」"}},{"type":"Feature","geometry":{"type":"MultiLineString","coordinates":[[[139.168039,35.920282],[139.168734,35.918234]]]},"properties":{"id":"geology_line_98","source":"産業技術総合研究所 地質調査総合センター「20万分の1日本シームレス地質図V2」"}},{"type":"Feature","geometry":{"type":"MultiLineString","coordinates":[[[139.172784,35.906944],[139.17316,35.905959],[139.174244,35.903753],[139.175531,35.900444],[139.176334,35.89864]]]},"properties":{"id":"geology_line_99","source":"産業技術総合研究所 地質調査総合センター「20万分の1日本シームレス地質図V2」"}},{"type":"Feature","geometry":{"type":"MultiLineString","coordinates":[[[139.172332,35.978632],[139.17366,35.981303]]]},"properties":{"id":"geology_line_100","source":"産業技術総合研究所 地質調査総合センター「20万分の1日本シームレス地質図V2」"}},{"type":"Feature","geometry":{"type":"MultiLineString","coordinates":[[[139.172784,35.906944],[139.171503,35.910068]]]},"properties":{"id":"geology_line_101","source":"産業技術総合研究所 地質調査総合センター「20万分の1日本シームレス地質図V2」"}},{"type":"Feature","geometry":{"type":"MultiLineString","coordinates":[[[139.054091,35.961498],[139.053696,35.960509]]]},"properties":{"id":"geology_line_102","source":"産業技術総合研究所 地質調査総合センター「20万分の1日本シームレス地質図V2」"}},{"type":"Feature","geometry":{"type":"MultiLineString","coordinates":[[[139.100323,35.967743],[139.100673,35.967502],[139.102521,35.968049],[139.102727,35.96805],[139.103958,35.968663],[139.105186,35.969818],[139.106312,35.970838],[139.108319,35.974076],[139.110618,35.977396],[139.111968,35.978425],[139.112754,35.979053],[139.11402,35.979442]]]},"properties":{"id":"geology_line_103","source":"産業技術総合研究所 地質調査総合センター「20万分の1日本シームレス地質図V2」"}},{"type":"Feature","geometry":{"type":"MultiLineString","coordinates":[[[139.168734,35.918234],[139.170326,35.913112]]]},"properties":{"id":"geology_line_104","source":"産業技術総合研究所 地質調査総合センター「20万分の1日本シームレス地質図V2」"}},{"type":"Feature","geometry":{"type":"MultiLineString","coordinates":[[[139.118853,35.934103],[139.118478,35.937687]]]},"properties":{"id":"geology_line_105","source":"産業技術総合研究所 地質調査総合センター「20万分の1日本シームレス地質図V2」"}},{"type":"Feature","geometry":{"type":"MultiLineString","coordinates":[[[139.13427,35.979146],[139.136039,35.982631]]]},"properties":{"id":"geology_line_106","source":"産業技術総合研究所 地質調査総合センター「20万分の1日本シームレス地質図V2」"}},{"type":"Feature","geometry":{"type":"MultiLineString","coordinates":[[[139.149836,35.913232],[139.149105,35.907867]]]},"properties":{"id":"geology_line_107","source":"産業技術総合研究所 地質調査総合センター「20万分の1日本シームレス地質図V2」"}},{"type":"Feature","geometry":{"type":"MultiLineString","coordinates":[[[139.151942,35.928221],[139.151599,35.928706],[139.141724,35.931727],[139.141313,35.931861],[139.135655,35.933538],[139.127528,35.936021],[139.126087,35.936558],[139.12197,35.938172],[139.119705,35.939317],[139.117939,35.940061]]]},"properties":{"id":"geology_line_108","source":"産業技術総合研究所 地質調査総合センター「20万分の1日本シームレス地質図V2」"}},{"type":"Feature","geometry":{"type":"MultiLineString","coordinates":[[[139.17366,35.981303],[139.175475,35.980535],[139.178304,35.97865],[139.181911,35.97653],[139.186383,35.973768],[139.188858,35.973353],[139.191767,35.973517],[139.1941,35.972971],[139.196582,35.97175],[139.198616,35.972386],[139.200163,35.973179],[139.20211,35.974212]]]},"properties":{"id":"geology_line_109","source":"産業技術総合研究所 地質調査総合センター「20万分の1日本シームレス地質図V2」"}},{"type":"Feature","geometry":{"type":"MultiLineString","coordinates":[[[139.164472,35.953734],[139.164382,35.952866],[139.164195,35.951998]]]},"properties":{"id":"geology_line_110","source":"産業技術総合研究所 地質調査総合センター「20万分の1日本シームレス地質図V2」"}},{"type":"Feature","geometry":{"type":"MultiLineString","coordinates":[[[139.07899,35.97629],[139.078026,35.975577],[139.076995,35.975145],[139.073304,35.973034],[139.072345,35.972237]]]},"properties":{"id":"geology_line_111","source":"産業技術総合研究所 地質調査総合センター「20万分の1日本シームレス地質図V2」"}},{"type":"Feature","geometry":{"type":"MultiLineString","coordinates":[[[139.175018,36.061035],[139.175127,36.05571]]]},"properties":{"id":"geology_line_112","source":"産業技術総合研究所 地質調査総合センター「20万分の1日本シームレス地質図V2」"}},{"type":"Feature","geometry":{"type":"MultiLineString","coordinates":[[[139.100323,35.967743],[139.100335,35.966402]]]},"properties":{"id":"geology_line_113","source":"産業技術総合研究所 地質調査総合センター「20万分の1日本シームレス地質図V2」"}},{"type":"Feature","geometry":{"type":"MultiLineString","coordinates":[[[139.177265,36.02388],[139.179155,36.018864]]]},"properties":{"id":"geology_line_114","source":"産業技術総合研究所 地質調査総合センター「20万分の1日本シームレス地質図V2」"}},{"type":"Feature","geometry":{"type":"MultiLineString","coordinates":[[[139.151758,35.927037],[139.151307,35.922935]]]},"properties":{"id":"geology_line_115","source":"産業技術総合研究所 地質調査総合センター「20万分の1日本シームレス地質図V2」"}},{"type":"Feature","geometry":{"type":"MultiLineString","coordinates":[[[139.058131,35.964719],[139.057172,35.964385],[139.056078,35.964075],[139.055052,35.963895]]]},"properties":{"id":"geology_line_116","source":"産業技術総合研究所 地質調査総合センター「20万分の1日本シームレス地質図V2」"}},{"type":"Feature","geometry":{"type":"MultiLineString","coordinates":[[[139.1502,35.91615],[139.149836,35.913232]]]},"properties":{"id":"geology_line_117","source":"産業技術総合研究所 地質調査総合センター「20万分の1日本シームレス地質図V2」"}},{"type":"Feature","geometry":{"type":"MultiLineString","coordinates":[[[139.11402,35.979442],[139.113999,35.980201],[139.113907,35.980891]]]},"properties":{"id":"geology_line_118","source":"産業技術総合研究所 地質調査総合センター「20万分の1日本シームレス地質図V2」"}},{"type":"Feature","geometry":{"type":"MultiLineString","coordinates":[[[139.146672,36.082008],[139.150621,36.076009],[139.151731,36.073484],[139.15363,36.065002],[139.15452,36.06311],[139.157079,36.060944],[139.159759,36.059135],[139.160869,36.057602],[139.161429,36.056252],[139.161868,36.052644],[139.162758,36.051561],[139.163578,36.051369]]]},"properties":{"id":"geology_line_119","source":"産業技術総合研究所 地質調査総合センター「20万分の1日本シームレス地質図V2」"}},{"type":"Feature","geometry":{"type":"MultiLineString","coordinates":[[[139.11303,36.00512],[139.112998,36.00505],[139.113473,36.00368],[139.113561,36.00321]]]},"properties":{"id":"geology_line_120","source":"産業技術総合研究所 地質調査総合センター「20万分の1日本シームレス地質図V2」"}},{"type":"Feature","geometry":{"type":"MultiLineString","coordinates":[[[139.113907,35.980891],[139.115213,35.981024],[139.115624,35.981093],[139.117782,35.981235],[139.119838,35.981377],[139.123679,35.981717],[139.125718,35.981565],[139.128251,35.980311],[139.130125,35.979782],[139.13427,35.979146]]]},"properties":{"id":"geology_line_121","source":"産業技術総合研究所 地質調査総合センター「20万分の1日本シームレス地質図V2」"}},{"type":"Feature","geometry":{"type":"MultiLineString","coordinates":[[[139.1502,35.91615],[139.150505,35.918501]]]},"properties":{"id":"geology_line_122","source":"産業技術総合研究所 地質調査総合センター「20万分の1日本シームレス地質図V2」"}},{"type":"Feature","geometry":{"type":"MultiLineString","coordinates":[[[139.165521,35.931947],[139.165115,35.934154]]]},"properties":{"id":"geology_line_123","source":"産業技術総合研究所 地質調査総合センター「20万分の1日本シームレス地質図V2」"}},{"type":"Feature","geometry":{"type":"MultiLineString","coordinates":[[[139.13427,35.979146],[139.13331,35.977436],[139.132952,35.976737],[139.131696,35.974545]]]},"properties":{"id":"geology_line_124","source":"産業技術総合研究所 地質調査総合センター「20万分の1日本シームレス地質図V2」"}},{"type":"Feature","geometry":{"type":"MultiLineString","coordinates":[[[139.125292,35.896649],[139.124876,35.898847],[139.124658,35.901685],[139.124535,35.904705]]]},"properties":{"id":"geology_line_125","source":"産業技術総合研究所 地質調査総合センター「20万分の1日本シームレス地質図V2」"}},{"type":"Feature","geometry":{"type":"MultiLineString","coordinates":[[[139.141294,35.991965],[139.139322,35.988258],[139.13908,35.987914]]]},"properties":{"id":"geology_line_126","source":"産業技術総合研究所 地質調査総合センター「20万分の1日本シームレス地質図V2」"}},{"type":"Feature","geometry":{"type":"MultiLineString","coordinates":[[[139.136039,35.982631],[139.13908,35.987914]]]},"properties":{"id":"geology_line_127","source":"産業技術総合研究所 地質調査総合センター「20万分の1日本シームレス地質図V2」"}},{"type":"Feature","geometry":{"type":"MultiLineString","coordinates":[[[139.125351,36.032372],[139.125111,36.029464],[139.12457,36.025998]]]},"properties":{"id":"geology_line_128","source":"産業技術総合研究所 地質調査総合センター「20万分の1日本シームレス地質図V2」"}},{"type":"Feature","geometry":{"type":"MultiLineString","coordinates":[[[139.148374,35.902424],[139.148564,35.902897]]]},"properties":{"id":"geology_line_129","source":"産業技術総合研究所 地質調査総合センター「20万分の1日本シームレス地質図V2」"}},{"type":"Feature","geometry":{"type":"MultiLineString","coordinates":[[[139.174646,36.035279],[139.178466,36.035237],[139.183475,36.033696]]]},"properties":{"id":"geology_line_130","source":"産業技術総合研究所 地質調査総合センター「20万分の1日本シームレス地質図V2」"}},{"type":"Feature","geometry":{"type":"MultiLineString","coordinates":[[[139.05326,35.958041],[139.053446,35.958909]]]},"properties":{"id":"geology_line_131","source":"産業技術総合研究所 地質調査総合センター「20万分の1日本シームレス地質図V2」"}},{"type":"Feature","geometry":{"type":"MultiLineString","coordinates":[[[139.812891,35.997317],[139.81294,35.998314],[139.81311,35.998863],[139.81321,35.998931],[139.814593,35.999868],[139.815627,36.001152],[139.816145,36.001896],[139.816373,36.003197],[139.816371,36.003229],[139.816263,36.004481],[139.815324,36.008425],[139.813655,36.017091],[139.812765,36.023491],[139.812875,36.024941],[139.816665,36.030982],[139.816665,36.032423],[139.815885,36.034231],[139.815665,36.034856],[139.813546,36.037839],[139.811546,36.039548],[139.807307,36.042072],[139.803967,36.044514],[139.802517,36.046139],[139.800958,36.048664],[139.799508,36.050105],[139.796838,36.05218],[139.794718,36.054888],[139.792609,36.05633],[139.791049,36.057046],[139.790159,36.057863],[139.789379,36.060204],[139.78759,36.063637],[139.78659,36.064896],[139.78626,36.064987],[139.7857,36.06607],[139.781691,36.070129],[139.781471,36.074012],[139.779571,36.078878],[139.779242,36.082311],[139.778792,36.084202],[139.777902,36.084561],[139.776012,36.088444],[139.775122,36.09151],[139.775003,36.094035],[139.777013,36.104225],[139.776903,36.106117],[139.775893,36.108017],[139.774114,36.10955],[139.772114,36.11045],[139.770104,36.111625],[139.768434,36.113158],[139.764535,36.118299],[139.760306,36.122807],[139.756066,36.125874],[139.752617,36.12804],[139.751507,36.128132],[139.749497,36.12894],[139.748937,36.12894],[139.748607,36.129215],[139.746717,36.129482],[139.745158,36.129932],[139.743488,36.130207],[139.743148,36.130115],[139.741928,36.130473],[139.730229,36.131924],[139.7231,36.13174],[139.72287,36.131557],[139.72254,36.13174],[139.7202,36.131741],[139.71864,36.132007],[139.71686,36.132457],[139.714631,36.132916],[139.709841,36.135074],[139.708501,36.135982],[139.706502,36.138324],[139.703712,36.142207],[139.703272,36.142831],[139.699703,36.146531],[139.698923,36.147614],[139.698033,36.149331],[139.695474,36.152122],[139.691794,36.155106],[139.688005,36.157355],[139.685895,36.157897],[139.681326,36.160605],[139.679986,36.161055],[139.671187,36.164755],[139.670517,36.165113],[139.667627,36.166555],[139.665507,36.167463],[139.663168,36.16818],[139.660498,36.169263],[139.658378,36.16963],[139.652809,36.171521],[139.648689,36.17378],[139.646899,36.174138],[139.64668,36.174046],[139.64635,36.174313],[139.64568,36.174496],[139.64512,36.174946],[139.6449,36.175396],[139.64479,36.176663],[139.64423,36.177296],[139.64122,36.178288],[139.64044,36.178196],[139.64011,36.178013],[139.637771,36.178013],[139.635991,36.178921],[139.635761,36.17838],[139.635321,36.17838],[139.634981,36.178646],[139.634761,36.179463],[139.633541,36.180363],[139.632091,36.180904],[139.631081,36.180813],[139.627192,36.182438],[139.626072,36.182704],[139.622283,36.184604],[139.618503,36.185229],[139.616943,36.185863],[139.610814,36.190196],[139.609814,36.19227],[139.607025,36.195062],[139.606135,36.197587],[139.605465,36.198762],[139.604015,36.200653],[139.602565,36.201828],[139.600896,36.202728],[139.599896,36.204894],[139.598556,36.205886],[139.594996,36.207244],[139.592097,36.207786],[139.590207,36.208503],[139.588757,36.208686],[139.580738,36.20652],[139.578398,36.205528],[139.577508,36.204987],[139.577508,36.204803],[139.575608,36.203903],[139.574938,36.203545],[139.572938,36.202645],[139.570818,36.20147],[139.569149,36.200837],[139.565469,36.200029],[139.562359,36.200029],[139.561689,36.199662],[139.560679,36.199662],[139.559899,36.199488],[139.55411,36.199038],[139.55277,36.198671],[139.54576,36.195788],[139.540071,36.193172],[139.534501,36.191097],[139.530052,36.190106],[139.529712,36.189922],[139.529042,36.190014],[139.527712,36.189831],[139.526372,36.189564],[139.522922,36.189656],[139.515233,36.190373],[139.510553,36.190648],[139.509664,36.191456],[139.506874,36.191364],[139.502974,36.190915],[139.502754,36.19074],[139.498075,36.190556],[139.493955,36.190015],[139.490505,36.189023],[139.489945,36.189023],[139.484706,36.188299],[139.483926,36.188032],[139.475467,36.187582],[139.474687,36.187582],[139.473237,36.187582],[139.472677,36.187216],[139.471337,36.187491],[139.466997,36.186591],[139.463988,36.186591],[139.459538,36.187491],[139.457858,36.187941],[139.452289,36.190832],[139.450509,36.191549],[139.449169,36.191732],[139.44539,36.192816],[139.44126,36.195791],[139.436251,36.199665],[139.430572,36.203457],[139.425223,36.207606],[139.419323,36.211848],[139.417874,36.214281],[139.416874,36.215006],[139.415424,36.215364],[139.414304,36.216264],[139.413644,36.218972],[139.412525,36.219872],[139.409965,36.220864],[139.407625,36.222397],[139.405175,36.223755],[139.402276,36.225014],[139.401606,36.225105],[139.399046,36.226372],[139.393257,36.230155],[139.391477,36.231871],[139.391247,36.231871],[139.390247,36.233046],[139.389248,36.233138],[139.386798,36.235754],[139.385458,36.236746],[139.384458,36.236921],[139.384118,36.237196],[139.378889,36.237913],[139.378329,36.238454],[139.374649,36.239629],[139.36741,36.240896],[139.36674,36.241254],[139.36786,36.241704],[139.36763,36.242063],[139.36541,36.242063],[139.36407,36.243238],[139.361841,36.243238],[139.359061,36.242879],[139.358941,36.242513],[139.361951,36.242429],[139.363291,36.242154],[139.36429,36.241254],[139.362511,36.241163],[139.357611,36.241705],[139.354041,36.241705],[139.350812,36.241163],[139.345912,36.239447],[139.345022,36.238997],[139.343572,36.238639],[139.341452,36.238639],[139.340343,36.238822],[139.339113,36.238822],[139.334103,36.237014],[139.333653,36.236922],[139.332433,36.236656],[139.331433,36.236114],[139.331653,36.235756],[139.333653,36.235214],[139.334323,36.234847],[139.334103,36.234581],[139.333653,36.234581],[139.330873,36.234581],[139.329423,36.234764],[139.328083,36.234398],[139.326973,36.234306],[139.323854,36.233498],[139.320734,36.233498],[139.318844,36.233948],[139.316394,36.234765],[139.315055,36.234848],[139.310935,36.235756],[139.306256,36.236565],[139.303916,36.237198],[139.301796,36.237198],[139.300906,36.238281],[139.300236,36.240714],[139.299017,36.241614],[139.293887,36.243781],[139.291997,36.244056],[139.290218,36.243964],[139.285648,36.242973],[139.282968,36.243056],[139.280518,36.243514],[139.276619,36.244681],[139.275949,36.245223],[139.275949,36.245498],[139.276509,36.245589],[139.276179,36.246214],[139.273389,36.247839],[139.27172,36.248564],[139.27072,36.248739],[139.26916,36.249014],[139.259911,36.249014],[139.257681,36.248198],[139.256241,36.24784],[139.253231,36.24784],[139.247882,36.248381],[139.246652,36.248656],[139.246432,36.249015],[139.247102,36.249823],[139.248102,36.250098],[139.248882,36.249648],[139.249112,36.250006],[139.248662,36.250906],[139.247662,36.251539],[139.246652,36.251898],[139.245652,36.251814],[139.244432,36.251181],[139.243422,36.250998],[139.241753,36.25109],[139.240083,36.251448],[139.236413,36.251273],[139.234853,36.25154],[139.233063,36.251273],[139.227834,36.251448],[139.225934,36.251632],[139.221365,36.252982],[139.218255,36.25289],[139.217025,36.252623],[139.214355,36.252807],[139.210676,36.253615],[139.206666,36.253615],[139.205436,36.254065],[139.203097,36.25569],[139.202207,36.256865],[139.201987,36.25939],[139.200097,36.260106],[139.196638,36.26264],[139.195638,36.262998],[139.193858,36.263181],[139.193518,36.262998],[139.191408,36.263181],[139.190288,36.26354],[139.188838,36.263715],[139.186499,36.263715],[139.182159,36.264531],[139.180039,36.265615],[139.17781,36.265973],[139.17681,36.266423],[139.17247,36.269939],[139.168791,36.271298],[139.165341,36.273281],[139.163671,36.273639],[139.161102,36.273731],[139.160662,36.273548],[139.159652,36.273823],[139.158542,36.273548],[139.155872,36.274181],[139.154422,36.275081],[139.152862,36.275539],[139.151083,36.275539],[139.149743,36.275806],[139.146403,36.277156],[139.144733,36.277156],[139.143953,36.276889],[139.138384,36.277523],[139.136824,36.277248],[139.135594,36.276706],[139.132254,36.276165],[139.130025,36.274906],[139.128355,36.273465],[139.127685,36.272473],[139.124005,36.269765],[139.122335,36.268141],[139.119775,36.265791],[139.117105,36.263358],[139.113875,36.260475],[139.112755,36.258667],[139.112645,36.25795],[139.112315,36.257317],[139.112195,36.2565]]]},"properties":{"id":"geology_line_132","source":"産業技術総合研究所 地質調査総合センター「20万分の1日本シームレス地質図V2」"}},{"type":"Feature","geometry":{"type":"MultiLineString","coordinates":[[[139.01688,36.012593],[139.01928,36.011968],[139.022619,36.011427],[139.025849,36.010343],[139.031308,36.008902],[139.032298,36.008927],[139.031868,36.009443],[139.033098,36.01106],[139.036208,36.011151],[139.036988,36.012051],[139.038688,36.014251],[139.039448,36.015751],[139.039778,36.017826],[139.040228,36.018459],[139.043458,36.018909],[139.044568,36.01945],[139.044568,36.019809],[139.043788,36.020809],[139.043788,36.0218],[139.043228,36.022883],[139.039998,36.024867],[139.039889,36.028741],[139.039359,36.031016],[139.038119,36.031158],[139.037219,36.031449],[139.035769,36.032349],[139.035839,36.033166],[139.036439,36.033791],[139.037989,36.034632],[139.039109,36.035924],[139.039279,36.037965],[139.042559,36.038757],[139.043459,36.039298],[139.043229,36.039932],[139.041449,36.041548],[139.040339,36.041373],[139.037999,36.039565],[139.036769,36.039565],[139.03421,36.04119],[139.03343,36.040832],[139.03187,36.038399],[139.02882,36.035099],[139.0292,36.032533],[139.02951,36.031083],[139.02938,36.029508],[139.029859,36.02775],[139.030979,36.027117],[139.032759,36.02685],[139.034539,36.026308],[139.035659,36.025317],[139.037328,36.0218],[139.036548,36.020717],[139.034918,36.019584],[139.028419,36.016026],[139.025739,36.01521],[139.024519,36.015126],[139.02229,36.015485],[139.02017,36.016476],[139.01817,36.017734],[139.013931,36.021076],[139.011261,36.023959],[139.008361,36.026217],[139.007462,36.026609],[139.005992,36.026859],[139.004462,36.027034],[139.001232,36.028026],[138.998513,36.029315],[138.997167,36.029747],[138.996823,36.029814],[138.996484,36.02988],[138.995183,36.029927],[138.993868,36.030075],[138.992362,36.030444],[138.990135,36.031546],[138.989095,36.032127],[138.988034,36.032606],[138.986744,36.033036],[138.985726,36.033226],[138.984599,36.033385],[138.983768,36.033474],[138.983096,36.033546],[138.981217,36.033556],[138.980456,36.033441],[138.979789,36.033292],[138.979184,36.033075],[138.976745,36.031565],[138.976223,36.03133],[138.975556,36.031164],[138.974806,36.031016],[138.973952,36.030987],[138.972931,36.031059],[138.97108,36.031407],[138.969665,36.031702],[138.968582,36.031843],[138.969039,36.031367],[138.969204,36.03096],[138.969266,36.030553],[138.969223,36.030046],[138.969183,36.029947],[138.968825,36.029473],[138.967031,36.02823],[138.966509,36.027708],[138.966237,36.027269],[138.966169,36.027057],[138.966089,36.02652],[138.965983,36.026025]]]},"properties":{"id":"geology_line_133","source":"産業技術総合研究所 地質調査総合センター「20万分の1日本シームレス地質図V2」"}},{"type":"Feature","geometry":{"type":"MultiLineString","coordinates":[[[138.999385,35.918176],[138.999655,35.917981],[139.005376,35.914269],[139.00785,35.912653],[139.01059,35.910394],[139.016412,35.905914],[139.01889,35.903621],[139.020335,35.902204],[139.021517,35.900964],[139.026102,35.897985],[139.031364,35.894727],[139.034975,35.892498],[139.038294,35.890911],[139.04197,35.889145],[139.043361,35.888012],[139.045901,35.885813],[139.048247,35.883692],[139.050288,35.883147],[139.0533,35.882212],[139.059236,35.87963],[139.061667,35.878692],[139.063608,35.878304],[139.063478,35.879738],[139.060595,35.881422],[139.059359,35.882162],[139.052873,35.885594],[139.050057,35.88701],[139.04879,35.887795],[139.045762,35.890648],[139.045556,35.890783],[139.043036,35.891559],[139.040896,35.89234],[139.038456,35.893378],[139.036604,35.894397],[139.033615,35.896361],[139.030932,35.898789],[139.029383,35.900341],[139.024526,35.905945],[139.022977,35.907564],[139.019362,35.911276],[139.017608,35.912691],[139.011214,35.917272],[139.009667,35.918417],[139.008509,35.919579],[139.006775,35.921318],[139.005404,35.922381]]]},"properties":{"id":"geology_line_134","source":"産業技術総合研究所 地質調査総合センター「20万分の1日本シームレス地質図V2」"}},{"type":"Feature","geometry":{"type":"MultiLineString","coordinates":[[[139.108231,36.002163],[139.108387,36.003178],[139.108408,36.00321],[139.108999,36.004118],[139.109721,36.0049],[139.11063,36.005559],[139.11129,36.005559],[139.11303,36.00512]]]},"properties":{"id":"geology_line_135","source":"産業技術総合研究所 地質調査総合センター「20万分の1日本シームレス地質図V2」"}},{"type":"Feature","geometry":{"type":"MultiLineString","coordinates":[[[139.036776,35.979677],[139.037293,35.97907],[139.0375,35.978935],[139.037817,35.977175],[139.038022,35.977379],[139.038944,35.977924],[139.03997,35.978335],[139.040482,35.978675],[139.041192,35.980642],[139.040982,35.981386],[139.039432,35.982938],[139.038708,35.983816],[139.038707,35.983951],[139.039012,35.984697],[139.039731,35.984835],[139.04117,35.984841],[139.041685,35.984707],[139.042608,35.985117],[139.042708,35.985727],[139.042391,35.987283],[139.042566,35.988073],[139.043103,35.988776],[139.043478,35.989102],[139.043606,35.990945],[139.044083,35.991785],[139.045755,35.992917],[139.045856,35.993391],[139.045542,35.994406],[139.045337,35.994405],[139.044815,35.995826],[139.045325,35.996708],[139.046021,35.997075],[139.046553,35.997864],[139.047267,35.998882],[139.047267,35.999018],[139.048761,35.999766],[139.049584,35.999967],[139.050804,36.002275],[139.051136,36.003176],[139.051153,36.003208],[139.051519,36.003913],[139.051829,36.004343],[139.052476,36.005018],[139.053146,36.005202],[139.053809,36.005314],[139.054394,36.005196],[139.055219,36.004992],[139.055701,36.004398],[139.055699,36.003208],[139.055699,36.003176],[139.055054,36.001366],[139.054869,36.000459],[139.055069,35.999828],[139.055894,35.999753],[139.056618,36.00027],[139.057726,36.003176],[139.058115,36.00566],[139.058026,36.007418],[139.057936,36.009618],[139.058156,36.010251],[139.058716,36.010518],[139.060605,36.008901],[139.061165,36.008984],[139.061835,36.009618],[139.062345,36.011484],[139.063555,36.014],[139.065065,36.0153],[139.066625,36.015842],[139.067845,36.015842],[139.067965,36.015484],[139.067185,36.014217],[139.065395,36.012417],[139.065065,36.010884],[139.063395,36.009526],[139.062945,36.007634],[139.062819,36.005557],[139.062024,36.004804],[139.061814,36.004094],[139.061696,36.003209],[139.061691,36.003177],[139.061739,36.002612],[139.061882,36.002426],[139.063002,36.00238],[139.063975,36.002147],[139.064325,36.001516],[139.064327,36.001042],[139.063658,35.99978],[139.062506,35.998396],[139.061786,35.997605],[139.060644,35.997169],[139.058795,35.996756],[139.058693,35.996552],[139.058488,35.996416],[139.057262,35.994854],[139.057056,35.994854],[139.056035,35.993428],[139.054909,35.992408],[139.054273,35.991703],[139.054518,35.991428],[139.055051,35.99147],[139.057514,35.99274],[139.058769,35.993375],[139.059832,35.993813],[139.060756,35.993658],[139.061179,35.992836],[139.061158,35.992122],[139.060672,35.991412],[139.05958,35.989672],[139.058862,35.988644],[139.057608,35.987338],[139.057506,35.987202],[139.055863,35.986654],[139.054836,35.986515],[139.053707,35.986037],[139.052681,35.985627],[139.052476,35.985491],[139.048574,35.984597],[139.048266,35.98446],[139.047242,35.983711],[139.047044,35.982288],[139.046637,35.981406],[139.045617,35.979845],[139.045413,35.979506],[139.047364,35.979851],[139.04829,35.979719],[139.048499,35.97911],[139.045837,35.976934],[139.045632,35.976797],[139.044919,35.975643],[139.044204,35.97476]]]},"properties":{"id":"geology_line_136","source":"産業技術総合研究所 地質調査総合センター「20万分の1日本シームレス地質図V2」"}},{"type":"Feature","geometry":{"type":"MultiLineString","coordinates":[[[139.019329,35.955366],[139.019016,35.956245],[139.017431,35.958438],[139.01632,35.960569],[139.014515,35.963867],[139.013614,35.966722],[139.011814,35.976061],[139.011726,35.98077],[139.011886,35.981683],[139.013004,35.984057],[139.014731,35.987789],[139.014935,35.988061],[139.018814,35.993155],[139.021266,35.996144],[139.022083,35.997164],[139.023918,36.000083],[139.025138,36.002315],[139.025545,36.003176],[139.025554,36.003208],[139.025848,36.004211],[139.026389,36.006769]]]},"properties":{"id":"geology_line_137","source":"産業技術総合研究所 地質調査総合センター「20万分の1日本シームレス地質図V2」"}},{"type":"Feature","geometry":{"type":"MultiLineString","coordinates":[[[139.090016,36.058145],[139.089206,36.058004],[139.088796,36.057604],[139.088236,36.056796],[139.088016,36.054179],[139.087785,36.052554],[139.086235,36.050838],[139.085895,36.049396],[139.085785,36.047863],[139.084115,36.04543],[139.084115,36.044347],[139.084855,36.043847],[139.085675,36.043664],[139.086565,36.04408],[139.088905,36.045972],[139.090015,36.045972],[139.090355,36.045522],[139.090245,36.044347],[139.087685,36.040831],[139.084675,36.034698],[139.082335,36.031448],[139.081935,36.029898],[139.080665,36.025949],[139.079725,36.023991],[139.077875,36.021258],[139.076095,36.019091],[139.073805,36.01635],[139.070305,36.013225],[139.068405,36.011151],[139.067705,36.010226],[139.066585,36.008351],[139.066075,36.007059],[139.065845,36.005918],[139.065845,36.00511],[139.067065,36.004751],[139.068964,36.004751],[139.070214,36.005118]]]},"properties":{"id":"geology_line_138","source":"産業技術総合研究所 地質調査総合センター「20万分の1日本シームレス地質図V2」"}},{"type":"Feature","geometry":{"type":"MultiLineString","coordinates":[[[139.099604,36.045521],[139.100604,36.043538],[139.103503,36.041097],[139.106733,36.040014],[139.107623,36.039205],[139.107843,36.038539],[139.107673,36.03768],[139.105613,36.035056],[139.103383,36.032798],[139.103613,36.031448],[139.106282,36.02919],[139.107512,36.028831],[139.109862,36.029648],[139.110892,36.029581],[139.111582,36.029181]]]},"properties":{"id":"geology_line_139","source":"産業技術総合研究所 地質調査総合センター「20万分の1日本シームレス地質図V2」"}},{"type":"Feature","geometry":{"type":"MultiLineString","coordinates":[[[139.107672,36.020799],[139.106982,36.020832],[139.106172,36.020624],[139.105092,36.019724],[139.104612,36.019224],[139.104682,36.018107],[139.106501,36.015933],[139.107671,36.014058]]]},"properties":{"id":"geology_line_140","source":"産業技術総合研究所 地質調査総合センター「20万分の1日本シームレス地質図V2」"}},{"type":"Feature","geometry":{"type":"MultiLineString","coordinates":[[[139.097802,36.012525],[139.098572,36.012416],[139.100262,36.012958],[139.103372,36.01245],[139.104771,36.012483],[139.104441,36.0118],[139.104271,36.010608],[139.105051,36.009983],[139.106051,36.009825],[139.107311,36.011225],[139.107871,36.012916],[139.107671,36.014058]]]},"properties":{"id":"geology_line_141","source":"産業技術総合研究所 地質調査総合センター「20万分の1日本シームレス地質図V2」"}},{"type":"Feature","geometry":{"type":"MultiLineString","coordinates":[[[139.094364,36.041039],[139.095254,36.041547],[139.096484,36.041914],[139.098044,36.042089],[139.100384,36.041464],[139.102053,36.040197],[139.104273,36.039472],[139.105393,36.038572],[139.105053,36.036589],[139.104573,36.035922],[139.101263,36.033664],[139.100483,36.032514],[139.100613,36.031731],[139.100933,36.030906],[139.103273,36.029106],[139.105612,36.02784],[139.107172,36.02739],[139.109732,36.027481],[139.109772,36.026856],[139.108402,36.024682],[139.108402,36.022699]]]},"properties":{"id":"geology_line_142","source":"産業技術総合研究所 地質調査総合センター「20万分の1日本シームレス地質図V2」"}},{"type":"Feature","geometry":{"type":"MultiLineString","coordinates":[[[139.064037,35.967305],[139.064078,35.967787],[139.06387,35.96826],[139.063356,35.968326],[139.062119,35.969067],[139.062321,35.969813],[139.063035,35.970967],[139.063748,35.97212],[139.066407,35.974974],[139.066714,35.975314],[139.067221,35.976738],[139.067221,35.976873],[139.066487,35.979783],[139.066383,35.980054],[139.066175,35.980459],[139.065969,35.980594],[139.064939,35.980929],[139.064011,35.981468],[139.062673,35.981734],[139.062465,35.982343],[139.062771,35.982886],[139.064001,35.983635],[139.065127,35.984655],[139.071059,35.991041],[139.071265,35.991042],[139.071771,35.992737],[139.071973,35.993483],[139.071955,35.997208],[139.073178,35.999515],[139.073894,36.000262],[139.074918,36.001281],[139.076147,36.002234],[139.077024,36.003177],[139.077483,36.005949]]]},"properties":{"id":"geology_line_143","source":"産業技術総合研究所 地質調査総合センター「20万分の1日本シームレス地質図V2」"}},{"type":"Feature","geometry":{"type":"MultiLineString","coordinates":[[[139.075751,36.004154],[139.073448,36.003509],[139.071841,36.003209],[139.071668,36.003177],[139.070383,36.002366],[139.069321,36.001731],[139.068701,36.000546],[139.069501,35.994287],[139.064828,35.986415]]]},"properties":{"id":"geology_line_144","source":"産業技術総合研究所 地質調査総合センター「20万分の1日本シームレス地質図V2」"}},{"type":"Feature","geometry":{"type":"MultiLineString","coordinates":[[[139.043569,36.042365],[139.044789,36.041373],[139.045569,36.04164],[139.045909,36.043173],[139.047359,36.045614],[139.047579,36.047148],[139.047239,36.047506],[139.046029,36.047464],[139.044829,36.047323],[139.043569,36.047056],[139.042679,36.04579],[139.042679,36.04399],[139.043119,36.042815],[139.043569,36.042365]]]},"properties":{"id":"geology_line_145","source":"産業技術総合研究所 地質調査総合センター「20万分の1日本シームレス地質図V2」"}},{"type":"Feature","geometry":{"type":"MultiLineString","coordinates":[[[139.025999,36.006877],[139.024879,36.005294],[139.023856,36.003208],[139.02384,36.003175],[139.022469,36.001906],[139.014674,35.996445],[139.015395,35.998018],[139.015904,35.998901],[139.017843,36.003175],[139.01785,36.003207],[139.018319,36.005369],[139.020479,36.008285]]]},"properties":{"id":"geology_line_146","source":"産業技術総合研究所 地質調査総合センター「20万分の1日本シームレス地質図V2」"}},{"type":"Feature","geometry":{"type":"MultiLineString","coordinates":[[[139.026389,36.006769],[139.030198,36.005744],[139.031478,36.005727],[139.030825,36.003208],[139.030816,36.003176],[139.030285,36.0018],[139.029366,36.00051],[139.028137,35.999625],[139.027623,35.999487],[139.025672,35.999073],[139.024647,35.99846],[139.023417,35.997778],[139.022701,35.996895],[139.022707,35.995879],[139.023737,35.995477],[139.023943,35.995477],[139.026204,35.995757],[139.026408,35.996029],[139.02815,35.997187],[139.028868,35.99746],[139.031746,35.997674],[139.032258,35.998082],[139.032562,35.998964],[139.033066,36.00093],[139.033377,36.003176],[139.033641,36.004715],[139.033426,36.006167],[139.033102,36.006554],[139.032198,36.006827],[139.031538,36.007185],[139.027969,36.008269],[139.022509,36.010252],[139.01794,36.010977],[139.01694,36.010702],[139.01616,36.00971],[139.01627,36.009527],[139.018919,36.008535]]]},"properties":{"id":"geology_line_147","source":"産業技術総合研究所 地質調査総合センター「20万分の1日本シームレス地質図V2」"}},{"type":"Feature","geometry":{"type":"MultiLineString","coordinates":[[[139.014362,36.041591],[139.012712,36.043624],[139.012602,36.044615],[139.012712,36.045882],[139.013492,36.046873],[139.015002,36.046932],[139.018742,36.046607],[139.021801,36.046748],[139.025191,36.047506],[139.028301,36.048948],[139.029421,36.049039],[139.030871,36.048498],[139.03268,36.047431],[139.0339,36.046356],[139.03268,36.04524],[139.03109,36.043898],[139.02921,36.042873],[139.026241,36.042515],[139.024781,36.042307],[139.023691,36.041549],[139.023171,36.040907],[139.022661,36.039832],[139.022071,36.039474],[139.021061,36.040649],[139.020951,36.04119],[139.020681,36.041699],[139.020061,36.042007],[139.018721,36.042007],[139.017721,36.041374],[139.017721,36.040557],[139.017161,36.039932],[139.016271,36.039474],[139.014942,36.040649],[139.014362,36.041591]]]},"properties":{"id":"geology_line_148","source":"産業技術総合研究所 地質調査総合センター「20万分の1日本シームレス地質図V2」"}},{"type":"Feature","geometry":{"type":"MultiLineString","coordinates":[[[139.04107,36.052372],[139.03997,36.051014],[139.03889,36.050214],[139.03733,36.049398],[139.03555,36.049039],[139.03332,36.048681],[139.03298,36.048406],[139.03661,36.045131],[139.03812,36.042915],[139.039,36.043623],[139.040229,36.044081],[139.041039,36.044523],[139.042069,36.047539],[139.042899,36.048223],[139.045679,36.049039],[139.046459,36.049764],[139.047019,36.051205],[139.047799,36.052464],[139.049919,36.054538],[139.049919,36.054905],[139.049429,36.055455],[139.047709,36.056138],[139.04547,36.056672]]]},"properties":{"id":"geology_line_149","source":"産業技術総合研究所 地質調査総合センター「20万分の1日本シームレス地質図V2」"}},{"type":"Feature","geometry":{"type":"MultiLineString","coordinates":[[[139.091356,36.063878],[139.091806,36.063828],[139.093026,36.062662],[139.095035,36.058687],[139.097485,36.057062],[139.098485,36.055354],[139.098934,36.053187],[139.098824,36.049488],[139.099154,36.046963],[139.099604,36.045521]]]},"properties":{"id":"geology_line_150","source":"産業技術総合研究所 地質調査総合センター「20万分の1日本シームレス地質図V2」"}},{"type":"Feature","geometry":{"type":"MultiLineString","coordinates":[[[139.090016,36.058145],[139.090575,36.058212],[139.091995,36.058287],[139.094035,36.057787],[139.095035,36.056521],[139.096705,36.053821],[139.096724,36.046671],[139.095924,36.044888],[139.093474,36.04218],[139.092024,36.040922],[139.091244,36.039931],[139.089014,36.035239],[139.087794,36.033706],[139.085005,36.031715],[139.084514,36.030873],[139.084424,36.030148],[139.084894,36.028649],[139.086674,36.027032],[139.087124,36.025407],[139.086904,36.024591],[139.085784,36.023057],[139.084624,36.020299],[139.083374,36.018825],[139.082664,36.018275],[139.080284,36.016566],[139.075094,36.013675],[139.074474,36.012559],[139.074214,36.011267],[139.074314,36.010342],[139.074614,36.008209],[139.074444,36.006984],[139.073414,36.006368],[139.072084,36.005651],[139.070214,36.005118]]]},"properties":{"id":"geology_line_151","source":"産業技術総合研究所 地質調査総合センター「20万分の1日本シームレス地質図V2」"}},{"type":"Feature","geometry":{"type":"MultiLineString","coordinates":[[[139.075751,36.004154],[139.075542,36.003209],[139.075537,36.003186],[139.075536,36.003177],[139.073976,36.002063],[139.07239,36.000441],[139.070995,35.999095],[139.070285,35.997279],[139.070634,35.996176],[139.071141,35.995175],[139.07081,35.992944],[139.070191,35.991719],[139.068655,35.9899],[139.067813,35.98887],[139.066178,35.987287],[139.064828,35.986415]]]},"properties":{"id":"geology_line_152","source":"産業技術総合研究所 地質調査総合センター「20万分の1日本シームレス地質図V2」"}},{"type":"Feature","geometry":{"type":"MultiLineString","coordinates":[[[139.09037,35.995372],[139.091108,36.000214],[139.091331,36.001688],[139.091554,36.003177],[139.091837,36.004153],[139.092492,36.006376],[139.092912,36.008084],[139.093362,36.0116],[139.093693,36.014041],[139.094363,36.015841],[139.096143,36.017916],[139.099992,36.020907],[139.100402,36.020299],[139.100042,36.019449],[139.098372,36.016833],[139.097482,36.015033],[139.098042,36.014216],[139.098042,36.013316],[139.097802,36.012525]]]},"properties":{"id":"geology_line_153","source":"産業技術総合研究所 地質調査総合センター「20万分の1日本シームレス地質図V2」"}},{"type":"Feature","geometry":{"type":"MultiLineString","coordinates":[[[139.101332,36.023524],[139.102722,36.024049],[139.103612,36.025132],[139.103722,36.025765],[139.103502,36.026398],[139.102492,36.025407],[139.101332,36.023524]]]},"properties":{"id":"geology_line_154","source":"産業技術総合研究所 地質調査総合センター「20万分の1日本シームレス地質図V2」"}},{"type":"Feature","geometry":{"type":"MultiLineString","coordinates":[[[139.070214,36.005118],[139.069576,36.003209],[139.069551,36.003134]]]},"properties":{"id":"geology_line_155","source":"産業技術総合研究所 地質調査総合センター「20万分の1日本シームレス地質図V2」"}},{"type":"Feature","geometry":{"type":"MultiLineString","coordinates":[[[139.105348,36.002019],[139.105456,36.002193],[139.106199,36.003178],[139.107071,36.005494],[139.107061,36.005559],[139.107131,36.007417],[139.108941,36.009966],[139.109291,36.011966],[139.109211,36.013483],[139.108741,36.014199]]]},"properties":{"id":"geology_line_156","source":"産業技術総合研究所 地質調査総合センター「20万分の1日本シームレス地質図V2」"}},{"type":"Feature","geometry":{"type":"MultiLineString","coordinates":[[[139.071436,36.03019],[139.068746,36.026941],[139.067186,36.025491],[139.065786,36.023633],[139.062056,36.0199],[139.062056,36.01855],[139.062726,36.018367],[139.064066,36.018908],[139.067066,36.022608],[139.070415,36.024958],[139.072415,36.028566],[139.074755,36.030549],[139.077435,36.031807],[139.080665,36.034156],[139.082775,36.037489],[139.084905,36.041697],[139.085975,36.042264],[139.086105,36.042914],[139.085455,36.042872],[139.081995,36.042997],[139.081325,36.042006],[139.080215,36.039389],[139.078095,36.036773],[139.074976,36.033882],[139.073116,36.031549],[139.071436,36.03019]]]},"properties":{"id":"geology_line_157","source":"産業技術総合研究所 地質調査総合センター「20万分の1日本シームレス地質図V2」"}},{"type":"Feature","geometry":{"type":"MultiLineString","coordinates":[[[139.069551,36.003134],[139.069809,36.003177],[139.071289,36.003768],[139.072448,36.004154],[139.075424,36.005018],[139.076314,36.005834],[139.076424,36.010884],[139.076764,36.012142],[139.077764,36.0135],[139.078874,36.0144],[139.081214,36.015483],[139.084004,36.017283],[139.085344,36.018458],[139.085564,36.019091],[139.086234,36.020083],[139.087684,36.022882],[139.088794,36.023957],[139.089014,36.024957],[139.088684,36.025224],[139.088454,36.027299],[139.085784,36.028832],[139.085224,36.029465],[139.085224,36.030182],[139.085894,36.030907],[139.088124,36.031806],[139.090794,36.03379],[139.091694,36.036139],[139.092474,36.039114],[139.092354,36.039931],[139.093254,36.04128],[139.095144,36.042455],[139.097034,36.042997],[139.098484,36.043805],[139.098824,36.044347],[139.098594,36.045522],[139.097924,36.046963],[139.098155,36.053821],[139.097595,36.055171],[139.095815,36.057245],[139.094365,36.058329],[139.092476,36.061937],[139.091136,36.063378],[139.088346,36.064103],[139.086786,36.065637],[139.085896,36.066811],[139.085897,36.068703],[139.087017,36.070419],[139.088347,36.071494]]]},"properties":{"id":"geology_line_158","source":"産業技術総合研究所 地質調査総合センター「20万分の1日本シームレス地質図V2」"}},{"type":"Feature","geometry":{"type":"MultiLineString","coordinates":[[[139.097802,36.012525],[139.096982,36.011192],[139.095772,36.008892],[139.095512,36.007667],[139.095602,36.006409],[139.095812,36.005976],[139.095982,36.006484],[139.096162,36.008675],[139.096422,36.009717],[139.097192,36.01015],[139.097922,36.010158],[139.100042,36.009708],[139.100382,36.009075],[139.100152,36.008084],[139.099262,36.006284],[139.099222,36.005334],[139.099601,36.004384],[139.100648,36.00321],[139.100676,36.003177],[139.100181,36.002676],[139.099338,36.001629],[139.098495,36.000555],[139.098387,36.000416]]]},"properties":{"id":"geology_line_159","source":"産業技術総合研究所 地質調査総合センター「20万分の1日本シームレス地質図V2」"}},{"type":"Feature","geometry":{"type":"MultiLineString","coordinates":[[[139.112302,36.026398],[139.111182,36.025765],[139.110252,36.024057],[139.110082,36.023307]]]},"properties":{"id":"geology_line_160","source":"産業技術総合研究所 地質調査総合センター「20万分の1日本シームレス地質図V2」"}},{"type":"Feature","geometry":{"type":"MultiLineString","coordinates":[[[139.153409,36.04597],[139.154629,36.045787],[139.157188,36.044887],[139.160648,36.044254],[139.161648,36.043712],[139.161198,36.043354],[139.160198,36.043354],[139.158158,36.043954],[139.156078,36.044254],[139.154299,36.044795],[139.152849,36.045612],[139.153409,36.04597]]]},"properties":{"id":"geology_line_161","source":"産業技術総合研究所 地質調査総合センター「20万分の1日本シームレス地質図V2」"}},{"type":"Feature","geometry":{"type":"MultiLineString","coordinates":[[[139.047815,35.9722],[139.04884,35.97261],[139.05007,35.973359],[139.050992,35.974107],[139.051296,35.974921],[139.0518,35.976819],[139.052207,35.977701],[139.052923,35.978381],[139.053643,35.978384],[139.056843,35.975821],[139.057153,35.975416],[139.057155,35.974942],[139.056133,35.973787],[139.056134,35.973652],[139.055625,35.972634],[139.055634,35.970805]]]},"properties":{"id":"geology_line_162","source":"産業技術総合研究所 地質調査総合センター「20万分の1日本シームレス地質図V2」"}},{"type":"Feature","geometry":{"type":"MultiLineString","coordinates":[[[139.073921,35.951363],[139.073711,35.952242],[139.072885,35.95312],[139.070513,35.954805],[139.069277,35.955411],[139.06557,35.95682],[139.065056,35.956818],[139.059708,35.957545],[139.058988,35.957678],[139.058165,35.95781],[139.054769,35.958679],[139.053446,35.958909]]]},"properties":{"id":"geology_line_163","source":"産業技術総合研究所 地質調査総合センター「20万分の1日本シームレス地質図V2」"}},{"type":"Feature","geometry":{"type":"MultiLineString","coordinates":[[[139.133199,35.931093],[139.130318,35.932101],[139.126097,35.933985],[139.124141,35.93486],[139.118993,35.937553],[139.118478,35.937687]]]},"properties":{"id":"geology_line_164","source":"産業技術総合研究所 地質調査総合センター「20万分の1日本シームレス地質図V2」"}},{"type":"Feature","geometry":{"type":"MultiLineString","coordinates":[[[139.069335,35.921818],[139.066142,35.923568],[139.063259,35.924845],[139.062398,35.92485],[139.064264,35.922254],[139.066417,35.920133],[139.069638,35.917778],[139.073638,35.91511],[139.077926,35.912601],[139.080555,35.911348],[139.081917,35.910801],[139.081425,35.911666],[139.078923,35.914535],[139.076964,35.916222],[139.073045,35.919392],[139.069335,35.921818]]]},"properties":{"id":"geology_line_165","source":"産業技術総合研究所 地質調査総合センター「20万分の1日本シームレス地質図V2」"}},{"type":"Feature","geometry":{"type":"MultiLineString","coordinates":[[[139.057949,35.976585],[139.058232,35.975904],[139.058239,35.975115],[139.057675,35.974205]]]},"properties":{"id":"geology_line_166","source":"産業技術総合研究所 地質調査総合センター「20万分の1日本シームレス地質図V2」"}},{"type":"Feature","geometry":{"type":"MultiLineString","coordinates":[[[139.150505,35.918501],[139.147939,35.919851],[139.140113,35.923324],[139.140009,35.923527],[139.137355,35.924773],[139.133728,35.927234],[139.127857,35.930671],[139.125078,35.932085],[139.123225,35.93296],[139.12199,35.933228]]]},"properties":{"id":"geology_line_167","source":"産業技術総合研究所 地質調査総合センター「20万分の1日本シームレス地質図V2」"}},{"type":"Feature","geometry":{"type":"MultiLineString","coordinates":[[[139.108231,36.002163],[139.108133,36.001524],[139.10752,36.000642],[139.107419,36.000235],[139.106706,35.998607],[139.106707,35.998337],[139.106917,35.997321],[139.107021,35.997051],[139.106512,35.995898],[139.105797,35.99488],[139.105489,35.994743],[139.106004,35.994406],[139.106008,35.993593]]]},"properties":{"id":"geology_line_168","source":"産業技術総合研究所 地質調査総合センター「20万分の1日本シームレス地質図V2」"}},{"type":"Feature","geometry":{"type":"MultiLineString","coordinates":[[[139.102852,36.019832],[139.102052,36.019182],[139.101492,36.017824],[139.101492,36.016833],[139.102052,36.016658],[139.103052,36.017466],[139.103242,36.018107],[139.102852,36.019832]]]},"properties":{"id":"geology_line_169","source":"産業技術総合研究所 地質調査総合センター「20万分の1日本シームレス地質図V2」"}},{"type":"Feature","geometry":{"type":"MultiLineString","coordinates":[[[139.057675,35.974205],[139.057367,35.973656],[139.057162,35.973655],[139.056651,35.972976],[139.056449,35.972366],[139.056299,35.971814],[139.056321,35.971626],[139.056458,35.97047],[139.05667,35.969183]]]},"properties":{"id":"geology_line_170","source":"産業技術総合研究所 地質調査総合センター「20万分の1日本シームレス地質図V2」"}},{"type":"Feature","geometry":{"type":"MultiLineString","coordinates":[[[139.107672,36.020799],[139.107492,36.019649]]]},"properties":{"id":"geology_line_171","source":"産業技術総合研究所 地質調査総合センター「20万分の1日本シームレス地質図V2」"}},{"type":"Feature","geometry":{"type":"MultiLineString","coordinates":[[[139.055747,35.966637],[139.056886,35.967017],[139.057708,35.967155]]]},"properties":{"id":"geology_line_172","source":"産業技術総合研究所 地質調査総合センター「20万分の1日本シームレス地質図V2」"}},{"type":"Feature","geometry":{"type":"MultiLineString","coordinates":[[[139.12308,36.014307],[139.1234,36.013241],[139.12241,36.012991],[139.12154,36.012508],[139.12085,36.010691],[139.12021,36.010075],[139.11887,36.009983],[139.11831,36.009708],[139.11749,36.008708],[139.1168,36.007666],[139.1168,36.008491],[139.11749,36.009575],[139.11909,36.010883],[139.11939,36.012091]]]},"properties":{"id":"geology_line_173","source":"産業技術総合研究所 地質調査総合センター「20万分の1日本シームレス地質図V2」"}},{"type":"Feature","geometry":{"type":"MultiLineString","coordinates":[[[139.091325,35.988941],[139.090499,35.988712],[139.089574,35.988985],[139.089374,35.989733],[139.089901,35.990445],[139.09048,35.990801],[139.090905,35.990769],[139.091403,35.990686],[139.091749,35.989978],[139.091325,35.988941]]]},"properties":{"id":"geology_line_174","source":"産業技術総合研究所 地質調査総合センター「20万分の1日本シームレス地質図V2」"}},{"type":"Feature","geometry":{"type":"MultiLineString","coordinates":[[[139.073975,36.022341],[139.074865,36.021525],[139.075645,36.022249],[139.076315,36.022158],[139.076095,36.020808],[139.073975,36.019183],[139.073315,36.018275],[139.072285,36.017808],[139.072975,36.01945],[139.073535,36.021799],[139.073975,36.022341]]]},"properties":{"id":"geology_line_175","source":"産業技術総合研究所 地質調査総合センター「20万分の1日本シームレス地質図V2」"}},{"type":"Feature","geometry":{"type":"MultiLineString","coordinates":[[[139.104721,36.0089],[139.105231,36.008708],[139.105501,36.008175],[139.105361,36.007025],[139.104241,36.005725],[139.103161,36.005109],[139.102601,36.005017],[139.102381,36.0052],[139.102381,36.006284],[139.103381,36.007992],[139.104721,36.0089]]]},"properties":{"id":"geology_line_176","source":"産業技術総合研究所 地質調査総合センター「20万分の1日本シームレス地質図V2」"}},{"type":"Feature","geometry":{"type":"MultiLineString","coordinates":[[[139.108741,36.014199],[139.107671,36.014058]]]},"properties":{"id":"geology_line_177","source":"産業技術総合研究所 地質調査総合センター「20万分の1日本シームレス地質図V2」"}},{"type":"Feature","geometry":{"type":"MultiLineString","coordinates":[[[139.069551,36.003134],[139.069115,36.002519],[139.068488,36.002083],[139.067812,36.001726],[139.067285,36.001015],[139.067313,36.00024],[139.067315,35.999901],[139.067752,35.997783],[139.06815,35.99672],[139.068574,35.994623],[139.068464,35.994316],[139.067862,35.99313],[139.066334,35.990009],[139.06613,35.98967],[139.063985,35.986818],[139.063171,35.985054],[139.062966,35.984918],[139.061533,35.983762],[139.060304,35.982742],[139.059278,35.982332],[139.058867,35.98233],[139.0564,35.982186],[139.056194,35.982185],[139.054963,35.981707],[139.054452,35.981163],[139.054974,35.979404],[139.054975,35.979269],[139.055905,35.978392],[139.056937,35.977447],[139.05766,35.97684],[139.057949,35.976585]]]},"properties":{"id":"geology_line_178","source":"産業技術総合研究所 地質調査総合センター「20万分の1日本シームレス地質図V2」"}},{"type":"Feature","geometry":{"type":"MultiLineString","coordinates":[[[139.063782,35.977693],[139.064436,35.978625],[139.063874,35.979131],[139.06376,35.979234],[139.062992,35.979568],[139.062414,35.979732],[139.063659,35.977855],[139.063782,35.977693]]]},"properties":{"id":"geology_line_179","source":"産業技術総合研究所 地質調査総合センター「20万分の1日本シームレス地質図V2」"}},{"type":"Feature","geometry":{"type":"MultiLineString","coordinates":[[[139.136039,35.982631],[139.136677,35.98235],[139.137828,35.981836],[139.138857,35.981568],[139.144314,35.979551],[139.146166,35.97915],[139.149526,35.978164],[139.157278,35.976742],[139.160674,35.976006],[139.16323,35.975338],[139.165661,35.974556],[139.169162,35.97354]]]},"properties":{"id":"geology_line_180","source":"産業技術総合研究所 地質調査総合センター「20万分の1日本シームレス地質図V2」"}},{"type":"Feature","geometry":{"type":"MultiLineString","coordinates":[[[139.154096,35.941696],[139.155972,35.940841],[139.15762,35.93983],[139.159373,35.938277],[139.162981,35.934967],[139.164024,35.932985],[139.163931,35.932432],[139.162962,35.932351],[139.16053,35.93337],[139.156238,35.936513],[139.154839,35.937752],[139.153699,35.938635]]]},"properties":{"id":"geology_line_181","source":"産業技術総合研究所 地質調査総合センター「20万分の1日本シームレス地質図V2」"}},{"type":"Feature","geometry":{"type":"MultiLineString","coordinates":[[[139.099604,36.045521],[139.099264,36.04308],[139.098594,36.04263],[139.096594,36.042272],[139.095144,36.041914],[139.094364,36.041039]]]},"properties":{"id":"geology_line_182","source":"産業技術総合研究所 地質調査総合センター「20万分の1日本シームレス地質図V2」"}},{"type":"Feature","geometry":{"type":"MultiLineString","coordinates":[[[139.103585,35.991618],[139.102313,35.992092],[139.102103,35.992972],[139.103334,35.993585],[139.103743,35.994128],[139.10405,35.994603],[139.104048,35.994874],[139.103841,35.99528],[139.103531,35.99555],[139.103524,35.997175],[139.103729,35.997447],[139.103717,36.00002],[139.104741,36.00104],[139.105348,36.002019]]]},"properties":{"id":"geology_line_183","source":"産業技術総合研究所 地質調査総合センター「20万分の1日本シームレス地質図V2」"}},{"type":"Feature","geometry":{"type":"MultiLineString","coordinates":[[[139.06093,35.982288],[139.060103,35.981861],[139.059919,35.981662],[139.058546,35.981359],[139.058151,35.981583],[139.056094,35.981576],[139.055583,35.981032],[139.055589,35.979745],[139.055694,35.979407],[139.056625,35.978259],[139.057111,35.977849],[139.057934,35.978076],[139.059846,35.979649],[139.060667,35.980099],[139.061946,35.9807],[139.062772,35.980628],[139.063324,35.980481],[139.06443,35.979888],[139.064898,35.978995],[139.064819,35.977578],[139.064094,35.976606],[139.062819,35.975633],[139.061175,35.974881],[139.060858,35.974684],[139.06055,35.974548],[139.058343,35.973678],[139.057156,35.973078],[139.056895,35.971586],[139.056993,35.970915],[139.057375,35.969351],[139.0576,35.968306],[139.057708,35.967155]]]},"properties":{"id":"geology_line_184","source":"産業技術総合研究所 地質調査総合センター「20万分の1日本シームレス地質図V2」"}},{"type":"Feature","geometry":{"type":"MultiLineString","coordinates":[[[139.111582,36.029181],[139.112302,36.027206],[139.112302,36.026398]]]},"properties":{"id":"geology_line_185","source":"産業技術総合研究所 地質調査総合センター「20万分の1日本シームレス地質図V2」"}},{"type":"Feature","geometry":{"type":"MultiLineString","coordinates":[[[139.05667,35.969183],[139.056152,35.969927],[139.055634,35.970805]]]},"properties":{"id":"geology_line_186","source":"産業技術総合研究所 地質調査総合センター「20万分の1日本シームレス地質図V2」"}},{"type":"Feature","geometry":{"type":"MultiLineString","coordinates":[[[139.125561,36.047179],[139.125552,36.048312],[139.125672,36.049762],[139.127002,36.053545],[139.127002,36.057336],[139.128002,36.060128],[139.128562,36.062478],[139.129792,36.064552],[139.130012,36.065544],[139.129792,36.06726],[139.129362,36.069468],[139.129563,36.070327],[139.129793,36.071768],[139.129413,36.073301],[139.129533,36.075635],[139.129903,36.077093],[139.129883,36.078393],[139.129283,36.079651],[139.129453,36.081417],[139.130013,36.082775],[139.129903,36.084484],[139.129343,36.084759],[139.128563,36.083942],[139.128233,36.083225],[139.128233,36.082684],[139.127343,36.082234],[139.125674,36.084575],[139.124894,36.085309],[139.123884,36.08575],[139.123444,36.085475],[139.124894,36.083017],[139.126054,36.081367],[139.126613,36.080259],[139.127083,36.080009],[139.127683,36.080684],[139.128203,36.080651],[139.128453,36.079976],[139.128463,36.077893],[139.128113,36.075993],[139.127773,36.071943],[139.128163,36.06771],[139.126892,36.065636],[139.127002,36.063019],[139.126112,36.061578],[139.126052,36.060544],[139.124892,36.058686],[139.124772,36.057786],[139.125442,36.053995],[139.124222,36.05192],[139.124222,36.050295],[139.124772,36.048587],[139.125561,36.047179]]]},"properties":{"id":"geology_line_187","source":"産業技術総合研究所 地質調査総合センター「20万分の1日本シームレス地質図V2」"}},{"type":"Feature","geometry":{"type":"MultiLineString","coordinates":[[[139.093804,35.986443],[139.093288,35.986916],[139.092567,35.987049],[139.091853,35.98576],[139.091546,35.985488],[139.090933,35.984605],[139.089603,35.983314],[139.088885,35.982838],[139.088163,35.98331],[139.088673,35.984124],[139.089388,35.985278],[139.08846,35.985884],[139.08692,35.98527],[139.08651,35.985133],[139.085486,35.984114],[139.08518,35.983706],[139.08477,35.983299],[139.082835,35.979499],[139.08263,35.979228],[139.08284,35.978348],[139.083252,35.978079],[139.084282,35.977811],[139.085207,35.977882],[139.086029,35.977952],[139.086027,35.978359],[139.085201,35.979101],[139.084479,35.97964],[139.085196,35.980252],[139.085504,35.980389],[139.087767,35.980125],[139.090337,35.980134]]]},"properties":{"id":"geology_line_188","source":"産業技術総合研究所 地質調査総合センター「20万分の1日本シームレス地質図V2」"}},{"type":"Feature","geometry":{"type":"MultiLineString","coordinates":[[[139.133099,36.021298],[139.132019,36.02234],[139.13124,36.023873],[139.13135,36.024956],[139.13168,36.025039],[139.1328,36.023781],[139.133579,36.022606],[139.135689,36.020348],[139.135909,36.019357],[139.135799,36.018732],[139.135339,36.018148],[139.134479,36.017857],[139.130869,36.017574],[139.131729,36.018573]]]},"properties":{"id":"geology_line_189","source":"産業技術総合研究所 地質調査総合センター「20万分の1日本シームレス地質図V2」"}},{"type":"Feature","geometry":{"type":"MultiLineString","coordinates":[[[139.118229,35.938991],[139.117959,35.938973],[139.116212,35.939103],[139.1158,35.939305],[139.114872,35.939979],[139.111881,35.942544],[139.111675,35.942747],[139.111572,35.942882],[139.109099,35.944296],[139.106525,35.94544],[139.106216,35.945574],[139.105188,35.945707],[139.10303,35.9457],[139.10036,35.945421],[139.098202,35.945279],[139.096661,35.945274],[139.095011,35.94642],[139.093979,35.947568],[139.093772,35.947703],[139.093668,35.947973],[139.092739,35.948986],[139.091252,35.950599],[139.088508,35.952901],[139.087374,35.953574],[139.087065,35.953709],[139.085315,35.954448],[139.083941,35.954755],[139.080442,35.955532],[139.077144,35.955521],[139.075107,35.955514],[139.073699,35.954816],[139.073181,35.954088],[139.073398,35.953393],[139.073678,35.952749],[139.073921,35.951363]]]},"properties":{"id":"geology_line_190","source":"産業技術総合研究所 地質調査総合センター「20万分の1日本シームレス地質図V2」"}},{"type":"Feature","geometry":{"type":"MultiLineString","coordinates":[[[139.140519,36.030405],[139.139149,36.030097],[139.137139,36.028922],[139.135129,36.027206],[139.134469,36.026031],[139.134689,36.023956],[139.136029,36.022515],[139.139149,36.019806],[139.139698,36.018907],[139.139698,36.018273],[139.137359,36.01674],[139.136919,36.015932],[139.137249,36.015749],[139.139148,36.016565],[139.140928,36.017015],[139.141598,36.017557],[139.141818,36.01819],[139.141148,36.020265],[139.138699,36.024681],[139.138249,36.026489],[139.138369,36.027747],[139.138809,36.028831],[139.139749,36.029897],[139.140519,36.030405]]]},"properties":{"id":"geology_line_191","source":"産業技術総合研究所 地質調査総合センター「20万分の1日本シームレス地質図V2」"}},{"type":"Feature","geometry":{"type":"MultiLineString","coordinates":[[[139.133099,36.021298],[139.132979,36.020082],[139.132389,36.019315],[139.131729,36.018573]]]},"properties":{"id":"geology_line_192","source":"産業技術総合研究所 地質調査総合センター「20万分の1日本シームレス地質図V2」"}},{"type":"Feature","geometry":{"type":"MultiLineString","coordinates":[[[139.105348,36.002019],[139.103487,36.001616],[139.099362,36.000608],[139.098818,36.000497],[139.098387,36.000416]]]},"properties":{"id":"geology_line_193","source":"産業技術総合研究所 地質調査総合センター「20万分の1日本シームレス地質図V2」"}},{"type":"Feature","geometry":{"type":"MultiLineString","coordinates":[[[139.058153,35.960249],[139.056918,35.960583],[139.055786,35.960985],[139.054091,35.961498]]]},"properties":{"id":"geology_line_194","source":"産業技術総合研究所 地質調査総合センター「20万分の1日本シームレス地質図V2」"}},{"type":"Feature","geometry":{"type":"MultiLineString","coordinates":[[[139.052049,36.058255],[139.050589,36.057521],[139.048739,36.057072]]]},"properties":{"id":"geology_line_195","source":"産業技術総合研究所 地質調査総合センター「20万分の1日本シームレス地質図V2」"}},{"type":"Feature","geometry":{"type":"MultiLineString","coordinates":[[[139.095019,35.98778],[139.095549,35.987059],[139.096272,35.986316],[139.097199,35.985912],[139.098738,35.986662],[139.098737,35.986798],[139.100374,35.988632],[139.100369,35.989918]]]},"properties":{"id":"geology_line_196","source":"産業技術総合研究所 地質調査総合センター「20万分の1日本シームレス地質図V2」"}},{"type":"Feature","geometry":{"type":"MultiLineString","coordinates":[[[139.064828,35.986415],[139.064913,35.986347],[139.063484,35.984243],[139.061026,35.982338],[139.06093,35.982288]]]},"properties":{"id":"geology_line_197","source":"産業技術総合研究所 地質調査総合センター「20万分の1日本シームレス地質図V2」"}},{"type":"Feature","geometry":{"type":"MultiLineString","coordinates":[[[139.097075,35.918816],[139.098522,35.919339],[139.0993,35.919296],[139.099886,35.918825],[139.10096,35.917961],[139.102743,35.917321],[139.105416,35.916923],[139.106497,35.916795],[139.107884,35.916321],[139.11165,35.914997],[139.115921,35.91438],[139.117281,35.914147],[139.119219,35.914153],[139.120285,35.914235],[139.122264,35.914437],[139.12367,35.914547]]]},"properties":{"id":"geology_line_198","source":"産業技術総合研究所 地質調査総合センター「20万分の1日本シームレス地質図V2」"}},{"type":"Feature","geometry":{"type":"MultiLineString","coordinates":[[[139.194596,36.057785],[139.192836,36.057601],[139.187386,36.057602],[139.182037,36.05661],[139.178807,36.055802],[139.175127,36.05571]]]},"properties":{"id":"geology_line_199","source":"産業技術総合研究所 地質調査総合センター「20万分の1日本シームレス地質図V2」"}},{"type":"Feature","geometry":{"type":"MultiLineString","coordinates":[[[139.100369,35.989918],[139.101189,35.990395],[139.102832,35.990942],[139.103585,35.991618]]]},"properties":{"id":"geology_line_200","source":"産業技術総合研究所 地質調査総合センター「20万分の1日本シームレス地質図V2」"}},{"type":"Feature","geometry":{"type":"MultiLineString","coordinates":[[[139.05795,35.965821],[139.058131,35.964719]]]},"properties":{"id":"geology_line_201","source":"産業技術総合研究所 地質調査総合センター「20万分の1日本シームレス地質図V2」"}},{"type":"Feature","geometry":{"type":"MultiLineString","coordinates":[[[139.066111,35.993734],[139.06551,35.993714],[139.064547,35.992962],[139.063143,35.990811],[139.063144,35.99054],[139.061918,35.989114],[139.060995,35.988501],[139.059765,35.987819],[139.059048,35.987207],[139.058856,35.984362],[139.059269,35.984025],[139.060091,35.984231],[139.060296,35.984367],[139.061008,35.985792],[139.061213,35.985928],[139.061928,35.986946],[139.062954,35.987492],[139.063875,35.988375],[139.065203,35.990005],[139.065408,35.990277],[139.066785,35.99226],[139.066776,35.993206],[139.066626,35.993465],[139.066111,35.993734]]]},"properties":{"id":"geology_line_202","source":"産業技術総合研究所 地質調査総合センター「20万分の1日本シームレス地質図V2」"}},{"type":"Feature","geometry":{"type":"MultiLineString","coordinates":[[[139.142931,36.062386],[139.142931,36.06446],[139.143601,36.066085],[139.144601,36.067802],[139.144491,36.068702],[139.143101,36.070401],[139.141931,36.071043],[139.141711,36.070501],[139.143381,36.067977],[139.143161,36.066985],[139.142491,36.065994],[139.141931,36.064369],[139.141711,36.062202],[139.142041,36.060852],[139.142821,36.059769],[139.14427,36.058419],[139.14405,36.057694],[139.142041,36.055978],[139.14115,36.054628],[139.14059,36.052462],[139.14048,36.051295],[139.13948,36.050753],[139.138481,36.05057],[139.137141,36.049762],[139.137141,36.049304],[139.14126,36.050028],[139.14204,36.05057],[139.14227,36.053186],[139.14304,36.055445],[139.14405,36.056703],[139.14583,36.058236],[139.14538,36.059052],[139.143601,36.060852],[139.142931,36.062386]]]},"properties":{"id":"geology_line_203","source":"産業技術総合研究所 地質調査総合センター「20万分の1日本シームレス地質図V2」"}},{"type":"Feature","geometry":{"type":"MultiLineString","coordinates":[[[139.12199,35.933228],[139.121087,35.933637],[139.120114,35.934028],[139.118853,35.934103]]]},"properties":{"id":"geology_line_204","source":"産業技術総合研究所 地質調査総合センター「20万分の1日本シームレス地質図V2」"}},{"type":"Feature","geometry":{"type":"MultiLineString","coordinates":[[[139.103585,35.991618],[139.103755,35.991555],[139.104791,35.991439],[139.105672,35.990653],[139.10582,35.989394],[139.106338,35.988515],[139.106544,35.988515],[139.107571,35.98879],[139.108063,35.989083],[139.10921,35.990149],[139.10921,35.990285],[139.107766,35.991161],[139.106734,35.992106],[139.106011,35.992848],[139.106008,35.993593]]]},"properties":{"id":"geology_line_205","source":"産業技術総合研究所 地質調査総合センター「20万分の1日本シームレス地質図V2」"}},{"type":"Feature","geometry":{"type":"MultiLineString","coordinates":[[[139.188182,35.927106],[139.187976,35.927241],[139.185816,35.927778],[139.183142,35.928787],[139.182936,35.928922],[139.179229,35.931216],[139.177889,35.932499],[139.176445,35.933986],[139.175209,35.934999],[139.174281,35.935809],[139.172119,35.937158],[139.17181,35.937158],[139.170371,35.937425],[139.170064,35.937153],[139.173052,35.93479],[139.173258,35.934655],[139.174292,35.932694],[139.175015,35.931544],[139.175221,35.931341],[139.176765,35.930532],[139.180369,35.928238],[139.182837,35.92777],[139.182837,35.927635],[139.186745,35.926628],[139.188184,35.926293],[139.188287,35.926226],[139.191168,35.924946],[139.191682,35.924947],[139.189476,35.926458],[139.188182,35.927106]]]},"properties":{"id":"geology_line_206","source":"産業技術総合研究所 地質調査総合センター「20万分の1日本シームレス地質図V2」"}},{"type":"Feature","geometry":{"type":"MultiLineString","coordinates":[[[139.170326,35.913112],[139.178213,35.908795],[139.182188,35.906772],[139.182497,35.90657],[139.185965,35.904729],[139.188298,35.903946],[139.190144,35.903319],[139.197415,35.903179],[139.200384,35.902006],[139.200589,35.902007],[139.207926,35.896673],[139.208895,35.896754],[139.20882,35.89742],[139.202951,35.902148],[139.194921,35.90809],[139.192039,35.909912],[139.190083,35.911058],[139.188232,35.911799],[139.186073,35.912403],[139.178567,35.914485],[139.177024,35.914955],[139.173836,35.916098],[139.171469,35.917244],[139.169575,35.918167],[139.169,35.918253],[139.168734,35.918234]]]},"properties":{"id":"geology_line_207","source":"産業技術総合研究所 地質調査総合センター「20万分の1日本シームレス地質図V2」"}},{"type":"Feature","geometry":{"type":"MultiLineString","coordinates":[[[139.048343,35.969425],[139.047417,35.969422],[139.046904,35.96942],[139.04598,35.969145],[139.04598,35.96901],[139.045158,35.969007],[139.044438,35.96914],[139.044126,35.969884],[139.04443,35.970765],[139.046584,35.971586],[139.047815,35.9722]]]},"properties":{"id":"geology_line_208","source":"産業技術総合研究所 地質調査総合センター「20万分の1日本シームレス地質図V2」"}},{"type":"Feature","geometry":{"type":"MultiLineString","coordinates":[[[139.093804,35.986443],[139.093601,35.985901],[139.092889,35.984002],[139.092176,35.982713],[139.090949,35.981151],[139.090438,35.98054],[139.090337,35.980134]]]},"properties":{"id":"geology_line_209","source":"産業技術総合研究所 地質調査総合センター「20万分の1日本シームレス地質図V2」"}},{"type":"Feature","geometry":{"type":"MultiLineString","coordinates":[[[139.081215,36.032532],[139.081885,36.032557],[139.080885,36.030182],[139.080295,36.027324],[139.078875,36.025582],[139.078435,36.025407],[139.078215,36.025857],[139.078765,36.027482],[139.078545,36.03154],[139.079215,36.031807],[139.079995,36.031807],[139.081215,36.032532]]]},"properties":{"id":"geology_line_210","source":"産業技術総合研究所 地質調査総合センター「20万分の1日本シームレス地質図V2」"}},{"type":"Feature","geometry":{"type":"MultiLineString","coordinates":[[[139.151758,35.927037],[139.150371,35.927416],[139.146465,35.927947],[139.143175,35.928547],[139.139782,35.92908],[139.137313,35.929818],[139.135668,35.930287],[139.135153,35.930421],[139.134845,35.93042],[139.133199,35.931093]]]},"properties":{"id":"geology_line_211","source":"産業技術総合研究所 地質調査総合センター「20万分の1日本シームレス地質図V2」"}},{"type":"Feature","geometry":{"type":"MultiLineString","coordinates":[[[139.04547,36.056672],[139.04424,36.056613],[139.0429,36.056163],[139.04045,36.054989],[139.03892,36.05363]]]},"properties":{"id":"geology_line_212","source":"産業技術総合研究所 地質調査総合センター「20万分の1日本シームレス地質図V2」"}},{"type":"Feature","geometry":{"type":"MultiLineString","coordinates":[[[139.019262,36.055889],[139.021022,36.055097],[139.024592,36.054206]]]},"properties":{"id":"geology_line_213","source":"産業技術総合研究所 地質調査総合センター「20万分の1日本シームレス地質図V2」"}},{"type":"Feature","geometry":{"type":"MultiLineString","coordinates":[[[139.03196,36.040974],[139.03153,36.040049],[139.02986,36.037716],[139.02908,36.037041],[139.02697,36.037041],[139.02563,36.037224],[139.022291,36.035691],[139.020841,36.035508],[139.017391,36.036324],[139.015271,36.037316],[139.015271,36.037674],[139.017611,36.038216],[139.018501,36.039299],[139.018831,36.040016],[139.019281,36.040107],[139.022621,36.037491],[139.023851,36.037674],[139.025041,36.038866],[139.025301,36.040199],[139.025631,36.040474],[139.02801,36.040007],[139.02953,36.040015],[139.03076,36.040299],[139.03196,36.040974]]]},"properties":{"id":"geology_line_214","source":"産業技術総合研究所 地質調査総合センター「20万分の1日本シームレス地質図V2」"}},{"type":"Feature","geometry":{"type":"MultiLineString","coordinates":[[[139.107281,35.984522],[139.107585,35.985539],[139.107585,35.985674],[139.108509,35.985948],[139.108922,35.985543],[139.109032,35.983918],[139.109032,35.983782],[139.110167,35.982905],[139.110274,35.982025],[139.109556,35.981616],[139.108527,35.981749],[139.107498,35.982016],[139.107084,35.982489],[139.107281,35.984522]]]},"properties":{"id":"geology_line_215","source":"産業技術総合研究所 地質調査総合センター「20万分の1日本シームレス地質図V2」"}},{"type":"Feature","geometry":{"type":"MultiLineString","coordinates":[[[139.028057,35.956686],[139.026406,35.957966],[139.024856,35.959586],[139.02248,35.961879],[139.022273,35.962014],[139.0202,35.965189],[139.019993,35.96546],[139.018431,35.969314],[139.018429,35.969517],[139.017799,35.971953],[139.017787,35.974256],[139.017983,35.975949],[139.018189,35.97595],[139.019709,35.979884],[139.019913,35.980291],[139.022158,35.983348],[139.023283,35.984503],[139.025226,35.986407],[139.026659,35.987564],[139.027275,35.987701],[139.026065,35.983227],[139.025058,35.97943],[139.025059,35.97916],[139.024929,35.977752],[139.025276,35.977129],[139.026094,35.977877],[139.027526,35.979169],[139.02865,35.980595],[139.029672,35.981751],[139.030386,35.982769],[139.031819,35.983926],[139.03315,35.985082],[139.033156,35.983795],[139.032456,35.980068],[139.03287,35.979663],[139.034302,35.980955],[139.03461,35.981092],[139.036761,35.982522],[139.037582,35.982796],[139.037789,35.982526],[139.037486,35.981509],[139.036979,35.98022],[139.036776,35.979677]]]},"properties":{"id":"geology_line_216","source":"産業技術総合研究所 地質調査総合センター「20万分の1日本シームレス地質図V2」"}},{"type":"Feature","geometry":{"type":"MultiLineString","coordinates":[[[139.03715,36.054422],[139.034311,36.053955],[139.032431,36.053456],[139.026521,36.051298],[139.019172,36.052739],[139.016382,36.052739],[139.011823,36.05184]]]},"properties":{"id":"geology_line_217","source":"産業技術総合研究所 地質調査総合センター「20万分の1日本シームレス地質図V2」"}},{"type":"Feature","geometry":{"type":"MultiLineString","coordinates":[[[139.095019,35.98778],[139.094102,35.988747],[139.093481,35.989626],[139.093579,35.990642],[139.094087,35.992066],[139.095211,35.993695],[139.096232,35.995256],[139.097971,35.997158],[139.098689,35.997702],[139.099407,35.998178],[139.099612,35.998179],[139.099927,35.99669],[139.100342,35.996014],[139.10086,35.995],[139.101067,35.994865],[139.100556,35.994118],[139.099428,35.993234],[139.098918,35.99242],[139.098923,35.991268],[139.099646,35.990526],[139.100369,35.989918]]]},"properties":{"id":"geology_line_218","source":"産業技術総合研究所 地質調査総合センター「20万分の1日本シームレス地質図V2」"}},{"type":"Feature","geometry":{"type":"MultiLineString","coordinates":[[[139.022612,36.056172],[139.024592,36.054206]]]},"properties":{"id":"geology_line_219","source":"産業技術総合研究所 地質調査総合センター「20万分の1日本シームレス地質図V2」"}},{"type":"Feature","geometry":{"type":"MultiLineString","coordinates":[[[139.022132,35.946672],[139.022686,35.948684],[139.02322,35.951211],[139.021812,35.952327],[139.020983,35.953476]]]},"properties":{"id":"geology_line_220","source":"産業技術総合研究所 地質調査総合センター「20万分の1日本シームレス地質図V2」"}},{"type":"Feature","geometry":{"type":"MultiLineString","coordinates":[[[139.044204,35.97476],[139.045333,35.975035],[139.045846,35.97524],[139.048309,35.976062],[139.04903,35.975794],[139.048315,35.974775],[139.048111,35.974504],[139.047398,35.97335],[139.047401,35.97274],[139.047814,35.972335],[139.047815,35.9722]]]},"properties":{"id":"geology_line_221","source":"産業技術総合研究所 地質調査総合センター「20万分の1日本シームレス地質図V2」"}},{"type":"Feature","geometry":{"type":"MultiLineString","coordinates":[[[139.031561,36.05703],[139.030181,36.056464],[139.026521,36.054181],[139.024592,36.054206]]]},"properties":{"id":"geology_line_222","source":"産業技術総合研究所 地質調査総合センター「20万分の1日本シームレス地質図V2」"}},{"type":"Feature","geometry":{"type":"MultiLineString","coordinates":[[[139.020479,36.008285],[139.025999,36.006877]]]},"properties":{"id":"geology_line_223","source":"産業技術総合研究所 地質調査総合センター「20万分の1日本シームレス地質図V2」"}},{"type":"Feature","geometry":{"type":"MultiLineString","coordinates":[[[139.057708,35.967155],[139.057919,35.966005],[139.05795,35.965821]]]},"properties":{"id":"geology_line_224","source":"産業技術総合研究所 地質調査総合センター「20万分の1日本シームレス地質図V2」"}},{"type":"Feature","geometry":{"type":"MultiLineString","coordinates":[[[139.151833,35.981791],[139.144915,35.983752],[139.144298,35.98375],[139.141108,35.984283],[139.13936,35.984481],[139.139053,35.984142],[139.14101,35.983131],[139.14204,35.982592],[139.145025,35.98172],[139.14698,35.981319],[139.152331,35.980183],[139.152537,35.980048],[139.154079,35.980187],[139.154077,35.980594],[139.151991,35.981708],[139.151833,35.981791]]]},"properties":{"id":"geology_line_225","source":"産業技術総合研究所 地質調査総合センター「20万分の1日本シームレス地質図V2」"}},{"type":"Feature","geometry":{"type":"MultiLineString","coordinates":[[[139.116409,35.961592],[139.107066,35.963051],[139.105213,35.963723],[139.10521,35.964332],[139.106135,35.964471],[139.116307,35.963229]]]},"properties":{"id":"geology_line_226","source":"産業技術総合研究所 地質調査総合センター「20万分の1日本シームレス地質図V2」"}},{"type":"Feature","geometry":{"type":"MultiLineString","coordinates":[[[139.156501,35.964616],[139.154668,35.966404],[139.155152,35.966642],[139.158039,35.965772],[139.158245,35.965637],[139.159481,35.964895],[139.161235,35.963206],[139.162163,35.962193],[139.162372,35.961313],[139.161242,35.961174],[139.160007,35.961578],[139.159698,35.961848],[139.156501,35.964616]]]},"properties":{"id":"geology_line_227","source":"産業技術総合研究所 地質調査総合センター「20万分の1日本シームレス地質図V2」"}},{"type":"Feature","geometry":{"type":"MultiLineString","coordinates":[[[139.088455,36.044614],[139.089015,36.044347],[139.088905,36.043622],[139.087685,36.042722],[139.087345,36.043264],[139.087685,36.043989],[139.088455,36.044614]]]},"properties":{"id":"geology_line_228","source":"産業技術総合研究所 地質調査総合センター「20万分の1日本シームレス地質図V2」"}},{"type":"Feature","geometry":{"type":"MultiLineString","coordinates":[[[139.089014,36.027657],[139.089574,36.024774],[139.089464,36.023691],[139.088904,36.021707],[139.088013,36.020716],[139.087014,36.019183],[139.086453,36.018458],[139.084674,36.016291],[139.080994,36.014125],[139.079104,36.013225],[139.077764,36.011967],[139.077355,36.009054],[139.077504,36.005974],[139.077483,36.005949]]]},"properties":{"id":"geology_line_229","source":"産業技術総合研究所 地質調査総合センター「20万分の1日本シームレス地質図V2」"}},{"type":"Feature","geometry":{"type":"MultiLineString","coordinates":[[[139.076207,36.056704],[139.076097,36.057154],[139.076207,36.058687],[139.076657,36.059954],[139.076987,36.064379],[139.071868,36.062746],[139.069748,36.062121],[139.067378,36.063162],[139.056379,36.058513],[139.055709,36.057788],[139.055059,36.055813],[139.054289,36.055205]]]},"properties":{"id":"geology_line_230","source":"産業技術総合研究所 地質調査総合センター「20万分の1日本シームレス地質図V2」"}},{"type":"Feature","geometry":{"type":"MultiLineString","coordinates":[[[139.165115,35.934154],[139.165656,35.934094],[139.168229,35.932814],[139.172142,35.930521],[139.174099,35.929171],[139.17729,35.927215],[139.178422,35.926744],[139.178219,35.926201],[139.17719,35.926605],[139.175235,35.927345],[139.169163,35.930378],[139.168133,35.930917],[139.166281,35.931657],[139.165521,35.931947]]]},"properties":{"id":"geology_line_231","source":"産業技術総合研究所 地質調査総合センター「20万分の1日本シームレス地質図V2」"}},{"type":"Feature","geometry":{"type":"MultiLineString","coordinates":[[[139.103434,36.054521],[139.102404,36.052946]]]},"properties":{"id":"geology_line_232","source":"産業技術総合研究所 地質調査総合センター「20万分の1日本シームレス地質図V2」"}},{"type":"Feature","geometry":{"type":"MultiLineString","coordinates":[[[139.151307,35.922935],[139.150901,35.923082],[139.147918,35.92409],[139.143655,35.925106],[139.14154,35.926105],[139.139791,35.926777],[139.137133,35.928084],[139.135671,35.929407],[139.134641,35.930081],[139.133199,35.931093]]]},"properties":{"id":"geology_line_233","source":"産業技術総合研究所 地質調査総合センター「20万分の1日本シームレス地質図V2」"}},{"type":"Feature","geometry":{"type":"MultiLineString","coordinates":[[[139.085492,35.915708],[139.084875,35.915977],[139.082537,35.917269],[139.079314,35.919861],[139.078037,35.92167],[139.077447,35.922725],[139.076658,35.924031],[139.07645,35.925608],[139.076345,35.926396],[139.07671,35.926448],[139.07774,35.926045],[139.080108,35.924766],[139.082171,35.923012],[139.083822,35.921595],[139.084854,35.920582],[139.085472,35.920043],[139.087089,35.917757],[139.088748,35.91658],[139.091282,35.915011],[139.092644,35.914463],[139.098969,35.911281],[139.100925,35.910136],[139.10103,35.909662],[139.097925,35.91046],[139.09712,35.911275],[139.095586,35.911793],[139.091883,35.912883],[139.087243,35.914833],[139.085492,35.915708]]]},"properties":{"id":"geology_line_234","source":"産業技術総合研究所 地質調査総合センター「20万分の1日本シームレス地質図V2」"}},{"type":"Feature","geometry":{"type":"MultiLineString","coordinates":[[[139.1517,36.060977],[139.155859,36.056794],[139.156479,36.055953],[139.155519,36.056436],[139.15347,36.058536],[139.15196,36.060219],[139.15029,36.06121],[139.14728,36.061935],[139.14661,36.062294],[139.146281,36.06311],[139.14779,36.064019],[139.14884,36.066352],[139.14973,36.06726],[139.15015,36.066493],[139.15018,36.063285],[139.1517,36.060977]]]},"properties":{"id":"geology_line_235","source":"産業技術総合研究所 地質調査総合センター「20万分の1日本シームレス地質図V2」"}},{"type":"Feature","geometry":{"type":"MultiLineString","coordinates":[[[139.028057,35.956686],[139.02858,35.95513],[139.028788,35.954656],[139.029306,35.953846],[139.029616,35.953508],[139.030542,35.953241],[139.033933,35.953389],[139.034241,35.95339],[139.035267,35.953868],[139.037215,35.954688]]]},"properties":{"id":"geology_line_236","source":"産業技術総合研究所 地質調査総合センター「20万分の1日本シームレス地質図V2」"}},{"type":"Feature","geometry":{"type":"MultiLineString","coordinates":[[[139.074756,36.042906],[139.075316,36.042814],[139.075096,36.039389],[139.074866,36.039206],[139.073866,36.039298],[139.073866,36.040831],[139.074426,36.041373],[139.074536,36.042722],[139.074756,36.042906]]]},"properties":{"id":"geology_line_237","source":"産業技術総合研究所 地質調査総合センター「20万分の1日本シームレス地質図V2」"}},{"type":"Feature","geometry":{"type":"MultiLineString","coordinates":[[[139.112302,36.026398],[139.114751,36.025673],[139.115301,36.025132],[139.115081,36.024048],[139.114641,36.02324],[139.113191,36.021707],[139.112961,36.021074],[139.112871,36.02019],[139.113191,36.017649],[139.113631,36.016199],[139.114891,36.015741]]]},"properties":{"id":"geology_line_238","source":"産業技術総合研究所 地質調査総合センター「20万分の1日本シームレス地質図V2」"}},{"type":"Feature","geometry":{"type":"MultiLineString","coordinates":[[[139.099975,36.06252],[139.099135,36.060828],[139.099155,36.059137],[139.102404,36.052946]]]},"properties":{"id":"geology_line_239","source":"産業技術総合研究所 地質調査総合センター「20万分の1日本シームレス地質図V2」"}},{"type":"Feature","geometry":{"type":"MultiLineString","coordinates":[[[139.052738,36.045848],[139.053148,36.047689],[139.054488,36.048406],[139.055268,36.048497],[139.055708,36.048047],[139.054158,36.044489],[139.052698,36.043989],[139.052478,36.044164],[139.052738,36.045848]]]},"properties":{"id":"geology_line_240","source":"産業技術総合研究所 地質調査総合センター「20万分の1日本シームレス地質図V2」"}},{"type":"Feature","geometry":{"type":"MultiLineString","coordinates":[[[139.052909,36.058788],[139.053819,36.058871],[139.054149,36.058596],[139.053929,36.05743],[139.053389,36.056638],[139.052139,36.055563]]]},"properties":{"id":"geology_line_241","source":"産業技術総合研究所 地質調査総合センター「20万分の1日本シームレス地質図V2」"}},{"type":"Feature","geometry":{"type":"MultiLineString","coordinates":[[[139.110082,36.023307],[139.110072,36.021524],[139.109512,36.020715],[139.108312,36.019832],[139.107492,36.019649]]]},"properties":{"id":"geology_line_242","source":"産業技術総合研究所 地質調査総合センター「20万分の1日本シームレス地質図V2」"}},{"type":"Feature","geometry":{"type":"MultiLineString","coordinates":[[[139.1253,36.024056],[139.12411,36.023781],[139.12285,36.022948],[139.12212,36.021907],[139.12121,36.021882],[139.117431,36.024956],[139.117091,36.025765],[139.117091,36.026398],[139.117421,36.026573],[139.118541,36.026665],[139.122551,36.025315],[139.12355,36.02549],[139.12457,36.025998]]]},"properties":{"id":"geology_line_243","source":"産業技術総合研究所 地質調査総合センター「20万分の1日本シームレス地質図V2」"}},{"type":"Feature","geometry":{"type":"MultiLineString","coordinates":[[[139.100335,35.966402],[139.100678,35.96635],[139.10274,35.965002],[139.103669,35.964192],[139.106663,35.961153],[139.107591,35.960547],[139.10862,35.960144],[139.113559,35.959007],[139.113764,35.959008],[139.115721,35.957998],[139.115927,35.957863],[139.116694,35.956985]]]},"properties":{"id":"geology_line_244","source":"産業技術総合研究所 地質調査総合センター「20万分の1日本シームレス地質図V2」"}},{"type":"Feature","geometry":{"type":"MultiLineString","coordinates":[[[139.107492,36.019649],[139.106282,36.018732],[139.108271,36.015383],[139.108741,36.014199]]]},"properties":{"id":"geology_line_245","source":"産業技術総合研究所 地質調査総合センター「20万分の1日本シームレス地質図V2」"}},{"type":"Feature","geometry":{"type":"MultiLineString","coordinates":[[[139.12457,36.025998],[139.12544,36.026306],[139.126,36.026489],[139.12672,36.026173],[139.127,36.025673],[139.12689,36.024815],[139.1253,36.024056]]]},"properties":{"id":"geology_line_246","source":"産業技術総合研究所 地質調査総合センター「20万分の1日本シームレス地質図V2」"}},{"type":"Feature","geometry":{"type":"MultiLineString","coordinates":[[[139.124535,35.904705],[139.125497,35.904724],[139.127962,35.904731],[139.135771,35.904144],[139.146456,35.903225],[139.148564,35.902897]]]},"properties":{"id":"geology_line_247","source":"産業技術総合研究所 地質調査総合センター「20万分の1日本シームレス地質図V2」"}},{"type":"Feature","geometry":{"type":"MultiLineString","coordinates":[[[139.175227,36.051836],[139.173637,36.051653],[139.172217,36.051761],[139.170448,36.051919],[139.163578,36.051369]]]},"properties":{"id":"geology_line_248","source":"産業技術総合研究所 地質調査総合センター「20万分の1日本シームレス地質図V2」"}},{"type":"Feature","geometry":{"type":"MultiLineString","coordinates":[[[139.087624,36.030657],[139.087234,36.029732],[139.088124,36.029115],[139.088854,36.028357],[139.089014,36.027657]]]},"properties":{"id":"geology_line_249","source":"産業技術総合研究所 地質調査総合センター「20万分の1日本シームレス地質図V2」"}},{"type":"Feature","geometry":{"type":"MultiLineString","coordinates":[[[139.052139,36.055563],[139.054289,36.055205]]]},"properties":{"id":"geology_line_250","source":"産業技術総合研究所 地質調査総合センター「20万分の1日本シームレス地質図V2」"}},{"type":"Feature","geometry":{"type":"MultiLineString","coordinates":[[[139.094364,36.041039],[139.092914,36.039389],[139.093024,36.039114],[139.092694,36.038664],[139.091804,36.034331],[139.090914,36.032798],[139.088344,36.030815],[139.087624,36.030657]]]},"properties":{"id":"geology_line_251","source":"産業技術総合研究所 地質調査総合センター「20万分の1日本シームレス地質図V2」"}},{"type":"Feature","geometry":{"type":"MultiLineString","coordinates":[[[139.082158,35.926967],[139.081119,35.928359],[139.080757,35.92882],[139.07951,35.930192],[139.077453,35.932472],[139.076568,35.93381],[139.075126,35.935518],[139.073534,35.936819],[139.072034,35.93754],[139.070905,35.938049],[139.069249,35.938832],[139.067587,35.940269],[139.065833,35.94113],[139.062331,35.94238],[139.060384,35.943162],[139.058436,35.944022],[139.052571,35.946142],[139.052159,35.946276],[139.049968,35.947305],[139.045576,35.950207],[139.043088,35.951865],[139.041965,35.952559],[139.040819,35.953279],[139.039685,35.954019]]]},"properties":{"id":"geology_line_252","source":"産業技術総合研究所 地質調査総合センター「20万分の1日本シームレス地質図V2」"}},{"type":"Feature","geometry":{"type":"MultiLineString","coordinates":[[[139.12308,36.014307],[139.11939,36.012091]]]},"properties":{"id":"geology_line_253","source":"産業技術総合研究所 地質調査総合センター「20万分の1日本シームレス地質図V2」"}},{"type":"Feature","geometry":{"type":"MultiLineString","coordinates":[[[139.171503,35.910068],[139.173141,35.909188],[139.173346,35.909189],[139.175405,35.907907],[139.182402,35.904131],[139.184152,35.902984],[139.187345,35.900283],[139.188272,35.899472],[139.190023,35.897851],[139.190848,35.896972],[139.192807,35.894538],[139.193219,35.894201],[139.193737,35.892915],[139.19343,35.892508],[139.192093,35.892911],[139.19199,35.893046],[139.19012,35.89399],[139.188285,35.895408],[139.187874,35.895678],[139.186124,35.896961],[139.180458,35.901959],[139.17734,35.90455],[139.175975,35.905493],[139.173869,35.906548],[139.173149,35.906885],[139.172784,35.906944]]]},"properties":{"id":"geology_line_254","source":"産業技術総合研究所 地質調査総合センター「20万分の1日本シームレス地質図V2」"}},{"type":"Feature","geometry":{"type":"MultiLineString","coordinates":[[[139.028057,35.956686],[139.028154,35.957837],[139.028148,35.958989],[139.029274,35.959873],[139.029581,35.96001],[139.033275,35.96131],[139.036662,35.962203],[139.038612,35.96282],[139.041072,35.96398],[139.046407,35.965964],[139.046613,35.965965],[139.048152,35.966444],[139.049284,35.966313],[139.049797,35.966315],[139.050624,35.965573],[139.050829,35.965573],[139.051147,35.963678],[139.051051,35.962255],[139.05085,35.961374],[139.04993,35.960355],[139.048905,35.95981],[139.047675,35.959196],[139.044288,35.958371],[139.042237,35.957483],[139.040083,35.956595],[139.038649,35.955709],[139.038137,35.955165],[139.037215,35.954688]]]},"properties":{"id":"geology_line_255","source":"産業技術総合研究所 地質調査総合センター「20万分の1日本シームレス地質図V2」"}},{"type":"Feature","geometry":{"type":"MultiLineString","coordinates":[[[139.035408,36.006702],[139.035988,36.007543],[139.037218,36.007543],[139.037887,36.00691],[139.038107,36.005919],[139.037997,36.005202],[139.036767,36.004119],[139.036098,36.004027],[139.035318,36.004835],[139.035098,36.005744],[139.035408,36.006702]]]},"properties":{"id":"geology_line_256","source":"産業技術総合研究所 地質調査総合センター「20万分の1日本シームレス地質図V2」"}},{"type":"Feature","geometry":{"type":"MultiLineString","coordinates":[[[139.113342,36.033381],[139.113742,36.032347],[139.114302,36.031173],[139.115531,36.030273],[139.117761,36.030006],[139.118201,36.029731],[139.120431,36.030006],[139.122101,36.030006],[139.122771,36.029556],[139.122551,36.028923],[139.120871,36.027931],[139.118091,36.027564],[139.115081,36.027656],[139.113631,36.028106],[139.111582,36.029181]]]},"properties":{"id":"geology_line_257","source":"産業技術総合研究所 地質調査総合センター「20万分の1日本シームレス地質図V2」"}},{"type":"Feature","geometry":{"type":"MultiLineString","coordinates":[[[139.066847,36.051022],[139.067517,36.050755],[139.067187,36.049305],[139.064957,36.046422],[139.064067,36.044614],[139.062617,36.043356],[139.062277,36.044706],[139.063177,36.046689],[139.064507,36.048947],[139.065957,36.050572],[139.066847,36.051022]]]},"properties":{"id":"geology_line_258","source":"産業技術総合研究所 地質調査総合センター「20万分の1日本シームレス地質図V2」"}},{"type":"Feature","geometry":{"type":"MultiLineString","coordinates":[[[139.048739,36.057072],[139.050119,36.056172],[139.052139,36.055563]]]},"properties":{"id":"geology_line_259","source":"産業技術総合研究所 地質調査総合センター「20万分の1日本シームレス地質図V2」"}},{"type":"Feature","geometry":{"type":"MultiLineString","coordinates":[[[139.048739,36.057072],[139.04736,36.056888],[139.04547,36.056672]]]},"properties":{"id":"geology_line_260","source":"産業技術総合研究所 地質調査総合センター「20万分の1日本シームレス地質図V2」"}},{"type":"Feature","geometry":{"type":"MultiLineString","coordinates":[[[139.085785,36.040831],[139.086235,36.040647],[139.086235,36.039931],[139.085455,36.039472],[139.085225,36.040289],[139.085785,36.040831]]]},"properties":{"id":"geology_line_261","source":"産業技術総合研究所 地質調査総合センター「20万分の1日本シームレス地質図V2」"}},{"type":"Feature","geometry":{"type":"MultiLineString","coordinates":[[[139.089449,35.971935],[139.089239,35.972883],[139.089026,35.974372],[139.089019,35.976066],[139.08942,35.978234],[139.089724,35.979116],[139.090337,35.980134]]]},"properties":{"id":"geology_line_262","source":"産業技術総合研究所 地質調査総合センター「20万分の1日本シームレス地質図V2」"}},{"type":"Feature","geometry":{"type":"MultiLineString","coordinates":[[[139.145291,35.966008],[139.144983,35.966142],[139.144366,35.966141],[139.143648,35.965732],[139.143346,35.96397],[139.145106,35.96086],[139.146245,35.958696],[139.145589,35.958261],[139.143369,35.958078],[139.139662,35.959829],[139.138014,35.96084],[139.135383,35.963038],[139.133784,35.964688],[139.133577,35.965094],[139.132851,35.966582],[139.133056,35.966854],[139.133361,35.9676],[139.13408,35.967737],[139.135519,35.967877],[139.136032,35.968014],[139.13747,35.968424],[139.137469,35.96856],[139.138185,35.969442],[139.138388,35.970188],[139.137976,35.970457],[139.136232,35.969572],[139.135512,35.96957],[139.133046,35.969292],[139.132739,35.96902],[139.131611,35.968272],[139.13151,35.967865],[139.131308,35.966849],[139.131828,35.965428],[139.132139,35.964684],[139.133379,35.963265],[139.13503,35.961509],[139.135546,35.961104],[139.139255,35.958812],[139.141623,35.957667],[139.143374,35.956791],[139.147488,35.956193],[139.148603,35.95637],[139.148821,35.956806],[139.148819,35.957551],[139.148714,35.958093],[139.145384,35.963066],[139.14499,35.963775],[139.144692,35.964563],[139.145291,35.966008]]]},"properties":{"id":"geology_line_263","source":"産業技術総合研究所 地質調査総合センター「20万分の1日本シームレス地質図V2」"}},{"type":"Feature","geometry":{"type":"MultiLineString","coordinates":[[[139.069156,36.032374],[139.069636,36.034965],[139.070416,36.035781],[139.070416,36.03614],[139.069966,36.036498],[139.068406,36.035865],[139.067966,36.036232],[139.067516,36.036232],[139.067186,36.035782],[139.067516,36.034607],[139.068296,36.033165],[139.069156,36.032374]]]},"properties":{"id":"geology_line_264","source":"産業技術総合研究所 地質調査総合センター「20万分の1日本シームレス地質図V2」"}},{"type":"Feature","geometry":{"type":"MultiLineString","coordinates":[[[139.073921,35.951363],[139.073408,35.951225],[139.072894,35.951359],[139.070939,35.951827],[139.062602,35.954236],[139.060234,35.955109],[139.058999,35.955511],[139.057763,35.956116],[139.055291,35.957123],[139.05326,35.958041]]]},"properties":{"id":"geology_line_265","source":"産業技術総合研究所 地質調査総合センター「20万分の1日本シームレス地質図V2」"}},{"type":"Feature","geometry":{"type":"MultiLineString","coordinates":[[[139.076207,36.056704],[139.076207,36.055171],[139.074317,36.051471],[139.072087,36.048497],[139.070747,36.046239],[139.069447,36.045172],[139.067067,36.041464],[139.066067,36.040556],[139.065627,36.040739],[139.065397,36.041639],[139.065957,36.043081],[139.070417,36.050297],[139.073197,36.053996],[139.073417,36.055171],[139.072977,36.055621],[139.071087,36.055621],[139.066847,36.05373],[139.064508,36.052197],[139.062278,36.050297],[139.060838,36.047597],[139.058048,36.043356],[139.057378,36.042998],[139.057048,36.043448],[139.057598,36.044981],[139.060168,36.049397],[139.060388,36.051114],[139.058828,36.052014],[139.056708,36.052738],[139.055269,36.053005],[139.050249,36.048856],[139.049689,36.048681],[139.049359,36.049939],[139.049579,36.05093],[139.050699,36.052555],[139.053369,36.05463],[139.054289,36.055205]]]},"properties":{"id":"geology_line_266","source":"産業技術総合研究所 地質調査総合センター「20万分の1日本シームレス地質図V2」"}},{"type":"Feature","geometry":{"type":"MultiLineString","coordinates":[[[139.072345,35.972237],[139.072076,35.972013],[139.071154,35.971265],[139.069925,35.970245],[139.068697,35.96909],[139.068492,35.969089],[139.067672,35.968544],[139.066852,35.968135],[139.065724,35.967522],[139.064037,35.967305]]]},"properties":{"id":"geology_line_267","source":"産業技術総合研究所 地質調査総合センター「20万分の1日本シームレス地質図V2」"}},{"type":"Feature","geometry":{"type":"MultiLineString","coordinates":[[[139.131696,35.974545],[139.131483,35.974638],[139.130762,35.974907],[139.12397,35.976648],[139.120986,35.977181],[139.119546,35.977448],[139.119237,35.977447],[139.117902,35.977172],[139.117221,35.976785],[139.119865,35.974739],[139.121514,35.973728],[139.123059,35.973191],[139.126866,35.972186],[139.12982,35.971324]]]},"properties":{"id":"geology_line_268","source":"産業技術総合研究所 地質調査総合センター「20万分の1日本シームレス地質図V2」"}},{"type":"Feature","geometry":{"type":"MultiLineString","coordinates":[[[139.081886,36.05093],[139.082666,36.050663],[139.082556,36.04958],[139.081666,36.04723],[139.081106,36.04678],[139.080886,36.046964],[139.080996,36.048497],[139.081556,36.050571],[139.081886,36.05093]]]},"properties":{"id":"geology_line_269","source":"産業技術総合研究所 地質調査総合センター「20万分の1日本シームレス地質図V2」"}},{"type":"Feature","geometry":{"type":"MultiLineString","coordinates":[[[139.1502,35.91615],[139.149178,35.916779],[139.147223,35.917586],[139.144752,35.91907],[139.14228,35.920756],[139.138161,35.923318],[139.135689,35.924801],[139.12879,35.928642],[139.125477,35.930574],[139.124015,35.931437],[139.12294,35.932459],[139.12199,35.933228]]]},"properties":{"id":"geology_line_270","source":"産業技術総合研究所 地質調査総合センター「20万分の1日本シームレス地質図V2」"}},{"type":"Feature","geometry":{"type":"MultiLineString","coordinates":[[[139.072415,36.025674],[139.073205,36.025532],[139.071975,36.023691],[139.071305,36.021799],[139.070525,36.020891],[139.069965,36.020625],[139.069745,36.021075],[139.070185,36.022699],[139.071525,36.025133],[139.072415,36.025674]]]},"properties":{"id":"geology_line_271","source":"産業技術総合研究所 地質調査総合センター「20万分の1日本シームレス地質図V2」"}},{"type":"Feature","geometry":{"type":"MultiLineString","coordinates":[[[139.05667,35.969183],[139.056471,35.967896],[139.055611,35.967552],[139.05545,35.967478],[139.054727,35.967145],[139.053798,35.967887],[139.053487,35.968495],[139.053486,35.96863]]]},"properties":{"id":"geology_line_272","source":"産業技術総合研究所 地質調査総合センター「20万分の1日本シームレス地質図V2」"}},{"type":"Feature","geometry":{"type":"MultiLineString","coordinates":[[[139.125292,35.896649],[139.125017,35.896527],[139.121839,35.895028],[139.120096,35.894481],[139.117942,35.893865],[139.116504,35.893725],[139.114759,35.89372],[139.111881,35.894185],[139.109312,35.894584],[139.106881,35.895087],[139.105508,35.895588],[139.10283,35.897273],[139.100453,35.898694],[139.098497,35.900659],[139.097803,35.902392],[139.096917,35.903967],[139.088991,35.91106],[139.090445,35.911144],[139.093172,35.909733],[139.098059,35.907824],[139.098265,35.907689],[139.103921,35.906217],[139.104949,35.906084],[139.110498,35.905424],[139.121591,35.905593],[139.122001,35.905594],[139.124052,35.906413],[139.124638,35.906737]]]},"properties":{"id":"geology_line_273","source":"産業技術総合研究所 地質調査総合センター「20万分の1日本シームレス地質図V2」"}},{"type":"Feature","geometry":{"type":"MultiLineString","coordinates":[[[139.148933,35.905185],[139.149428,35.905062],[139.150972,35.904186],[139.153132,35.903379],[139.157399,35.901163],[139.160218,35.900145],[139.16528,35.897556],[139.16849,35.896066],[139.17034,35.895045],[139.171897,35.894182],[139.171036,35.894147],[139.169183,35.894254],[139.166752,35.895194],[139.161986,35.897442],[139.159929,35.898453],[139.155609,35.900067],[139.153861,35.900739],[139.151392,35.901613],[139.149479,35.902184],[139.148374,35.902424]]]},"properties":{"id":"geology_line_274","source":"産業技術総合研究所 地質調査総合センター「20万分の1日本シームレス地質図V2」"}},{"type":"Feature","geometry":{"type":"MultiLineString","coordinates":[[[139.165558,35.951371],[139.167655,35.949948],[139.169305,35.948191],[139.17013,35.947516],[139.171059,35.946367]]]},"properties":{"id":"geology_line_275","source":"産業技術総合研究所 地質調査総合センター「20万分の1日本シームレス地質図V2」"}},{"type":"Feature","geometry":{"type":"MultiLineString","coordinates":[[[139.037215,35.954688],[139.040812,35.954701]]]},"properties":{"id":"geology_line_276","source":"産業技術総合研究所 地質調査総合センター「20万分の1日本シームレス地質図V2」"}},{"type":"Feature","geometry":{"type":"MultiLineString","coordinates":[[[139.06093,35.982288],[139.061225,35.98181],[139.062452,35.981044],[139.063975,35.980923],[139.065075,35.980034],[139.065963,35.979164],[139.066173,35.978254],[139.066367,35.97743],[139.066089,35.976089],[139.064266,35.973874],[139.06273,35.97219],[139.062251,35.971557],[139.061766,35.970682],[139.061205,35.969267],[139.060634,35.968082],[139.060162,35.96674],[139.058502,35.965973],[139.05795,35.965821]]]},"properties":{"id":"geology_line_277","source":"産業技術総合研究所 地質調査総合センター「20万分の1日本シームレス地質図V2」"}},{"type":"Feature","geometry":{"type":"MultiLineString","coordinates":[[[139.149836,35.913232],[139.160169,35.906241],[139.163775,35.903805],[139.166013,35.902786],[139.16942,35.900902],[139.175435,35.898966],[139.176334,35.89864]]]},"properties":{"id":"geology_line_278","source":"産業技術総合研究所 地質調査総合センター「20万分の1日本シームレス地質図V2」"}},{"type":"Feature","geometry":{"type":"MultiLineString","coordinates":[[[139.053486,35.96863],[139.054414,35.96816],[139.05503,35.968162],[139.055644,35.968773],[139.055743,35.969654],[139.055634,35.970805]]]},"properties":{"id":"geology_line_279","source":"産業技術総合研究所 地質調査総合センター「20万分の1日本シームレス地質図V2」"}},{"type":"Feature","geometry":{"type":"MultiLineString","coordinates":[[[139.093804,35.986443],[139.094314,35.98719],[139.095019,35.98778]]]},"properties":{"id":"geology_line_280","source":"産業技術総合研究所 地質調査総合センター「20万分の1日本シームレス地質図V2」"}},{"type":"Feature","geometry":{"type":"MultiLineString","coordinates":[[[139.152928,35.958104],[139.151484,35.959387],[139.151688,35.959726],[139.152716,35.959729],[139.153951,35.959394],[139.154362,35.95926],[139.156525,35.958114],[139.157351,35.957236],[139.158073,35.95656],[139.15756,35.956085],[139.157355,35.956084],[139.1554,35.956689],[139.155091,35.956823],[139.152928,35.958104]]]},"properties":{"id":"geology_line_281","source":"産業技術総合研究所 地質調査総合センター「20万分の1日本シームレス地質図V2」"}},{"type":"Feature","geometry":{"type":"MultiLineString","coordinates":[[[139.09037,35.995372],[139.089154,35.991373],[139.088442,35.98988],[139.088339,35.989744],[139.085173,35.985129],[139.084458,35.98411],[139.083028,35.982141],[139.080914,35.97819],[139.076889,35.975723],[139.074496,35.974513],[139.073133,35.973398],[139.072342,35.972239],[139.072345,35.972237]]]},"properties":{"id":"geology_line_282","source":"産業技術総合研究所 地質調査総合センター「20万分の1日本シームレス地質図V2」"}},{"type":"Feature","geometry":{"type":"MultiLineString","coordinates":[[[139.048343,35.969425],[139.048855,35.969765],[139.051322,35.969774],[139.052558,35.969304],[139.053486,35.96863]]]},"properties":{"id":"geology_line_283","source":"産業技術総合研究所 地質調査総合センター「20万分の1日本シームレス地質図V2」"}},{"type":"Feature","geometry":{"type":"MultiLineString","coordinates":[[[139.018288,35.896545],[139.018824,35.896712],[139.021965,35.894894],[139.024495,35.893879],[139.025205,35.894298],[139.023344,35.896594],[139.022826,35.897472],[139.017147,35.903072],[139.016423,35.90395],[139.01075,35.90833],[139.010543,35.908533],[138.999906,35.915414],[138.999513,35.915668],[138.997586,35.917092]]]},"properties":{"id":"geology_line_284","source":"産業技術総合研究所 地質調査総合センター「20万分の1日本シームレス地質図V2」"}},{"type":"Feature","geometry":{"type":"MultiLineString","coordinates":[[[139.148689,36.041187],[139.147359,36.040471],[139.146149,36.039504],[139.145159,36.039021],[139.14149,36.038663],[139.140709,36.037938],[139.1397,36.036322],[139.13692,36.034605],[139.13814,36.03433],[139.140369,36.034963],[139.141599,36.034872],[139.142599,36.036321],[139.143939,36.036771],[139.145719,36.03713],[139.146279,36.03758],[139.146719,36.039021],[139.148059,36.040379],[139.148689,36.041187]]]},"properties":{"id":"geology_line_285","source":"産業技術総合研究所 地質調査総合センター「20万分の1日本シームレス地質図V2」"}},{"type":"Feature","geometry":{"type":"MultiLineString","coordinates":[[[139.026361,35.927895],[139.027289,35.927289],[139.023775,35.931204],[139.023569,35.931339],[139.022434,35.932215],[139.021095,35.932887],[139.020889,35.932886],[139.016262,35.933478],[139.014824,35.933473],[139.015031,35.933135],[139.017297,35.932195],[139.019458,35.931459],[139.021828,35.930316],[139.026361,35.927895]]]},"properties":{"id":"geology_line_286","source":"産業技術総合研究所 地質調査総合センター「20万分の1日本シームレス地質図V2」"}},{"type":"Feature","geometry":{"type":"MultiLineString","coordinates":[[[139.110082,36.023307],[139.109432,36.023307],[139.108402,36.022699]]]},"properties":{"id":"geology_line_287","source":"産業技術総合研究所 地質調査総合センター「20万分の1日本シームレス地質図V2」"}},{"type":"Feature","geometry":{"type":"MultiLineString","coordinates":[[[139.04107,36.052372],[139.04461,36.055888],[139.04547,36.056672]]]},"properties":{"id":"geology_line_288","source":"産業技術総合研究所 地質調査総合センター「20万分の1日本シームレス地質図V2」"}},{"type":"Feature","geometry":{"type":"MultiLineString","coordinates":[[[139.077786,36.042731],[139.078436,36.043989],[139.079546,36.048047],[139.078996,36.048313],[139.078326,36.047955],[139.077656,36.045155],[139.077546,36.043356],[139.077786,36.042731]]]},"properties":{"id":"geology_line_289","source":"産業技術総合研究所 地質調査総合センター「20万分の1日本シームレス地質図V2」"}},{"type":"Feature","geometry":{"type":"MultiLineString","coordinates":[[[139.16711,35.924309],[139.166718,35.924411],[139.163527,35.926028],[139.160478,35.927849],[139.155991,35.93115],[139.152902,35.93357]]]},"properties":{"id":"geology_line_290","source":"産業技術総合研究所 地質調査総合センター「20万分の1日本シームレス地質図V2」"}},{"type":"Feature","geometry":{"type":"MultiLineString","coordinates":[[[139.117273,35.950827],[139.118116,35.95069],[139.118733,35.950557],[139.121819,35.949821],[139.126451,35.948074],[139.130259,35.946662],[139.130979,35.946529],[139.128917,35.948081],[139.127269,35.949092],[139.126033,35.949698],[139.121607,35.951378],[139.120372,35.951713],[139.118418,35.952114],[139.117214,35.952062]]]},"properties":{"id":"geology_line_291","source":"産業技術総合研究所 地質調査総合センター「20万分の1日本シームレス地質図V2」"}},{"type":"Feature","geometry":{"type":"MultiLineString","coordinates":[[[139.087624,36.030657],[139.086674,36.030457],[139.086124,36.02964],[139.086344,36.02919],[139.087344,36.028832],[139.089014,36.027657]]]},"properties":{"id":"geology_line_292","source":"産業技術総合研究所 地質調査総合センター「20万分の1日本シームレス地質図V2」"}},{"type":"Feature","geometry":{"type":"MultiLineString","coordinates":[[[139.038168,36.010943],[139.038688,36.012634],[139.039978,36.013743],[139.041558,36.017017],[139.042008,36.017376],[139.043338,36.017467],[139.043678,36.017284],[139.043707,36.016284],[139.043337,36.015484],[139.040777,36.011785],[139.040557,36.009168],[139.039997,36.008902],[139.037438,36.008985],[139.037108,36.009352],[139.038168,36.010943]]]},"properties":{"id":"geology_line_293","source":"産業技術総合研究所 地質調査総合センター「20万分の1日本シームレス地質図V2」"}},{"type":"Feature","geometry":{"type":"MultiLineString","coordinates":[[[139.098387,36.000416],[139.097959,35.999867],[139.09714,35.999187],[139.09591,35.998303],[139.093963,35.996671],[139.093249,35.995517],[139.092331,35.993821],[139.091509,35.993547],[139.090891,35.993816],[139.090579,35.99456],[139.09037,35.995372]]]},"properties":{"id":"geology_line_294","source":"産業技術総合研究所 地質調査総合センター「20万分の1日本シームレス地質図V2」"}},{"type":"Feature","geometry":{"type":"MultiLineString","coordinates":[[[139.058153,35.960249],[139.05846,35.960588],[139.058972,35.960997],[139.059178,35.960997],[139.062156,35.961549],[139.066468,35.962445],[139.067289,35.962718],[139.069447,35.962929],[139.074277,35.963081],[139.085074,35.961965],[139.08528,35.961966],[139.08898,35.962113],[139.089287,35.96225],[139.091956,35.963139],[139.092264,35.96314],[139.093601,35.963009],[139.09463,35.962673],[139.098752,35.960384],[139.099778,35.960726],[139.09998,35.961539],[139.09874,35.963025],[139.097398,35.964443],[139.097294,35.964714],[139.097084,35.965594],[139.097389,35.96634],[139.098005,35.966612],[139.100061,35.966483],[139.100335,35.966402]]]},"properties":{"id":"geology_line_295","source":"産業技術総合研究所 地質調査総合センター「20万分の1日本シームレス地質図V2」"}},{"type":"Feature","geometry":{"type":"MultiLineString","coordinates":[[[139.083565,36.037031],[139.084165,36.037214],[139.084225,36.036773],[139.083735,36.035998],[139.082875,36.03564],[139.082885,36.036048],[139.083565,36.037031]]]},"properties":{"id":"geology_line_296","source":"産業技術総合研究所 地質調査総合センター「20万分の1日本シームレス地質図V2」"}},{"type":"Feature","geometry":{"type":"MultiLineString","coordinates":[[[139.077483,36.005949],[139.076653,36.0049],[139.075751,36.004154]]]},"properties":{"id":"geology_line_297","source":"産業技術総合研究所 地質調査総合センター「20万分の1日本シームレス地質図V2」"}},{"type":"Feature","geometry":{"type":"MultiLineString","coordinates":[[[139.048343,35.969425],[139.047348,35.968254],[139.047263,35.968154],[139.047117,35.967863],[139.048142,35.968476],[139.050503,35.969162],[139.05112,35.969028],[139.051841,35.96876],[139.053083,35.967139],[139.053494,35.967005],[139.054731,35.966468],[139.055655,35.966606],[139.055747,35.966637]]]},"properties":{"id":"geology_line_298","source":"産業技術総合研究所 地質調査総合センター「20万分の1日本シームレス地質図V2」"}},{"type":"Feature","geometry":{"type":"MultiLineString","coordinates":[[[139.057949,35.976585],[139.057948,35.976659],[139.059405,35.977783],[139.059948,35.97853],[139.060585,35.979129],[139.061224,35.97943],[139.062057,35.978687],[139.062342,35.97757],[139.062258,35.976749],[139.062303,35.976312],[139.061822,35.975916],[139.060547,35.975089],[139.058905,35.974542],[139.057675,35.974205]]]},"properties":{"id":"geology_line_299","source":"産業技術総合研究所 地質調査総合センター「20万分の1日本シームレス地質図V2」"}},{"type":"Feature","geometry":{"type":"MultiLineString","coordinates":[[[139.164195,35.951998],[139.165071,35.951685],[139.165558,35.951371]]]},"properties":{"id":"geology_line_300","source":"産業技術総合研究所 地質調査総合センター「20万分の1日本シームレス地質図V2」"}},{"type":"Feature","geometry":{"type":"MultiLineString","coordinates":[[[139.046825,35.924177],[139.044754,35.924709],[139.046983,35.924796],[139.048926,35.924409],[139.049806,35.923917],[139.051042,35.923244],[139.052634,35.921898],[139.053933,35.920342],[139.054036,35.920207],[139.054207,35.919538],[139.054415,35.918119],[139.054424,35.917173],[139.052173,35.919373],[139.050539,35.921075],[139.049628,35.921888],[139.047965,35.923459],[139.046825,35.924177]]]},"properties":{"id":"geology_line_301","source":"産業技術総合研究所 地質調査総合センター「20万分の1日本シームレス地質図V2」"}},{"type":"Feature","geometry":{"type":"MultiLineString","coordinates":[[[139.102404,36.052946],[139.103384,36.049038],[139.103504,36.047146],[139.104053,36.04498],[139.105503,36.043172],[139.109513,36.040197],[139.109853,36.039205],[139.110182,36.03668],[139.110632,36.035597],[139.113342,36.033381]]]},"properties":{"id":"geology_line_302","source":"産業技術総合研究所 地質調査総合センター「20万分の1日本シームレス地質図V2」"}},{"type":"Feature","geometry":{"type":"MultiLineString","coordinates":[[[139.179246,36.040104],[139.178696,36.039562],[139.178466,36.038754],[139.177866,36.038462],[139.177016,36.038479],[139.175806,36.039112],[139.174676,36.039204]]]},"properties":{"id":"geology_line_303","source":"産業技術総合研究所 地質調査総合センター「20万分の1日本シームレス地質図V2」"}},{"type":"Feature","geometry":{"type":"MultiLineString","coordinates":[[[139.031971,35.986092],[139.033043,35.985827],[139.033762,35.985965],[139.034068,35.98644],[139.033851,35.988539],[139.033746,35.988877],[139.032814,35.990296],[139.0324,35.990701],[139.031887,35.990563],[139.031374,35.99029],[139.030865,35.989408],[139.030866,35.989137],[139.031078,35.987987],[139.031673,35.986709],[139.031971,35.986092]]]},"properties":{"id":"geology_line_304","source":"産業技術総合研究所 地質調査総合センター「20万分の1日本シームレス地質図V2」"}},{"type":"Feature","geometry":{"type":"MultiLineString","coordinates":[[[139.078473,35.900852],[139.07899,35.900109],[139.076288,35.901003],[139.073159,35.90399],[139.072861,35.904698],[139.073834,35.904562],[139.075585,35.903552],[139.076617,35.902539],[139.078473,35.900852]]]},"properties":{"id":"geology_line_305","source":"産業技術総合研究所 地質調査総合センター「20万分の1日本シームレス地質図V2」"}},{"type":"Feature","geometry":{"type":"MultiLineString","coordinates":[[[139.133099,36.021298],[139.134239,36.020348],[139.134129,36.01954],[139.133059,36.018757],[139.131729,36.018573]]]},"properties":{"id":"geology_line_306","source":"産業技術総合研究所 地質調査総合センター「20万分の1日本シームレス地質図V2」"}},{"type":"Feature","geometry":{"type":"MultiLineString","coordinates":[[[139.161116,36.016815],[139.161506,36.015273],[139.163056,36.013123],[139.165326,36.011332],[139.166326,36.010973],[139.167435,36.010973],[139.168175,36.010973]]]},"properties":{"id":"geology_line_307","source":"産業技術総合研究所 地質調査総合センター「20万分の1日本シームレス地質図V2」"}},{"type":"Feature","geometry":{"type":"MultiLineString","coordinates":[[[139.152621,35.932141],[139.150099,35.932458],[139.145417,35.933295],[139.144903,35.933293],[139.142022,35.934301],[139.140468,35.935112],[139.136565,35.937334],[139.135638,35.937873],[139.134196,35.938749],[139.132136,35.939895],[139.12946,35.940903],[139.128328,35.941442],[139.125859,35.942562],[139.125963,35.941695],[139.127714,35.940627],[139.128539,35.94002],[139.132245,35.938337],[139.134923,35.936719],[139.135644,35.936315],[139.13585,35.93618],[139.138839,35.933846],[139.143599,35.931809],[139.148856,35.930404],[139.152253,35.929941]]]},"properties":{"id":"geology_line_308","source":"産業技術総合研究所 地質調査総合センター「20万分の1日本シームレス地質図V2」"}},{"type":"Feature","geometry":{"type":"MultiLineString","coordinates":[[[139.154757,36.014707],[139.155227,36.013665],[139.156077,36.012682],[139.156746,36.012232],[139.157526,36.012049],[139.158746,36.010974],[139.159416,36.009349],[139.160306,36.008715],[139.161536,36.008807],[139.163426,36.009615],[139.164376,36.009574],[139.167775,36.008982],[139.171115,36.007724],[139.175904,36.005107],[139.179024,36.004474],[139.180874,36.004715]]]},"properties":{"id":"geology_line_309","source":"産業技術総合研究所 地質調査総合センター「20万分の1日本シームレス地質図V2」"}},{"type":"Feature","geometry":{"type":"MultiLineString","coordinates":[[[139.114891,36.015741],[139.11698,36.015124],[139.11742,36.014666],[139.11691,36.013916],[139.115411,36.013233],[139.11419,36.011516],[139.11382,36.0104],[139.11339,36.009391],[139.11252,36.008175],[139.11252,36.006825],[139.11317,36.005875],[139.11304,36.005117],[139.11303,36.00512]]]},"properties":{"id":"geology_line_310","source":"産業技術総合研究所 地質調査総合センター「20万分の1日本シームレス地質図V2」"}},{"type":"Feature","geometry":{"type":"MultiLineString","coordinates":[[[139.168234,35.968333],[139.169031,35.967697],[139.182735,35.958181],[139.183559,35.957641],[139.188089,35.955214],[139.188604,35.954877],[139.188707,35.954742],[139.194793,35.951936],[139.20116,35.949556],[139.203117,35.948273],[139.204339,35.947539],[139.206015,35.946252]]]},"properties":{"id":"geology_line_311","source":"産業技術総合研究所 地質調査総合センター「20万分の1日本シームレス地質図V2」"}},{"type":"Feature","geometry":{"type":"MultiLineString","coordinates":[[[139.171059,35.946367],[139.174874,35.942719],[139.178172,35.939747],[139.178379,35.939477],[139.183839,35.935291],[139.18456,35.934819],[139.184765,35.934819],[139.184557,35.935699],[139.180841,35.94077],[139.180635,35.940769],[139.177546,35.942726],[139.176413,35.943468],[139.175279,35.944481],[139.172805,35.946642],[139.171052,35.948196],[139.164472,35.953734]]]},"properties":{"id":"geology_line_312","source":"産業技術総合研究所 地質調査総合センター「20万分の1日本シームレス地質図V2」"}},{"type":"Feature","geometry":{"type":"MultiLineString","coordinates":[[[139.058153,35.960249],[139.058669,35.959979],[139.058978,35.959845],[139.059903,35.959713],[139.061137,35.959582],[139.06597,35.95926],[139.066998,35.959128],[139.069159,35.958593],[139.069468,35.958459],[139.071115,35.957855],[139.073072,35.956981],[139.074305,35.957189],[139.076359,35.957466],[139.077489,35.95747],[139.078826,35.957339],[139.080163,35.957208],[139.085303,35.956954],[139.08592,35.956888],[139.089005,35.956627],[139.091684,35.955078],[139.094156,35.953935],[139.095597,35.953465],[139.09714,35.953064],[139.105881,35.951804],[139.105882,35.951669],[139.108142,35.951811],[139.10845,35.951812],[139.10968,35.952629],[139.110091,35.95263],[139.11112,35.952498],[139.112046,35.952094],[139.112356,35.951824],[139.112873,35.950945],[139.113603,35.948645],[139.114016,35.948037],[139.114223,35.947631],[139.11474,35.947023],[139.115634,35.947444],[139.116004,35.949417],[139.115969,35.953518],[139.116453,35.955155],[139.116964,35.955699]]]},"properties":{"id":"geology_line_313","source":"産業技術総合研究所 地質調査総合センター「20万分の1日本シームレス地質図V2」"}},{"type":"Feature","geometry":{"type":"MultiLineString","coordinates":[[[139.028869,35.939283],[139.024335,35.941704],[139.023099,35.942241],[139.022072,35.942102],[139.024034,35.940416],[139.025787,35.939271],[139.027435,35.938532],[139.028463,35.938401],[139.029491,35.938269],[139.029901,35.938542],[139.028869,35.939283]]]},"properties":{"id":"geology_line_314","source":"産業技術総合研究所 地質調査総合センター「20万分の1日本シームレス地質図V2」"}},{"type":"Feature","geometry":{"type":"MultiLineString","coordinates":[[[139.151942,35.928221],[139.154869,35.926021],[139.156139,35.92492],[139.158709,35.923239],[139.160137,35.922092],[139.161889,35.921308],[139.162826,35.921082],[139.165191,35.920528],[139.168039,35.920282]]]},"properties":{"id":"geology_line_315","source":"産業技術総合研究所 地質調査総合センター「20万分の1日本シームレス地質図V2」"}},{"type":"Feature","geometry":{"type":"MultiLineString","coordinates":[[[139.108231,36.002163],[139.109243,36.002217],[139.111338,36.002577],[139.112287,36.002708],[139.11357,36.002738]]]},"properties":{"id":"geology_line_316","source":"産業技術総合研究所 地質調査総合センター「20万分の1日本シームレス地質図V2」"}},{"type":"Feature","geometry":{"type":"MultiLineString","coordinates":[[[139.12308,36.014307],[139.12282,36.015207],[139.12274,36.016565],[139.12232,36.016566],[139.12132,36.015482],[139.12099,36.014216],[139.1195,36.012916],[139.11939,36.012091]]]},"properties":{"id":"geology_line_317","source":"産業技術総合研究所 地質調査総合センター「20万分の1日本シームレス地質図V2」"}},{"type":"Feature","geometry":{"type":"MultiLineString","coordinates":[[[139.108402,36.022699],[139.107732,36.021882],[139.107672,36.020799]]]},"properties":{"id":"geology_line_318","source":"産業技術総合研究所 地質調査総合センター「20万分の1日本シームレス地質図V2」"}},{"type":"Feature","geometry":{"type":"MultiLineString","coordinates":[[[139.04312,36.060221],[139.04178,36.057697],[139.04089,36.056797],[139.03867,36.056705],[139.03755,36.056072],[139.03633,36.054814]]]},"properties":{"id":"geology_line_319","source":"産業技術総合研究所 地質調査総合センター「20万分の1日本シームレス地質図V2」"}},{"type":"Feature","geometry":{"type":"MultiLineString","coordinates":[[[139.106008,35.993593],[139.106928,35.994748],[139.107542,35.995427],[139.1099,35.99706],[139.110823,35.997604],[139.112055,35.998082],[139.113595,35.998629]]]},"properties":{"id":"geology_line_320","source":"産業技術総合研究所 地質調査総合センター「20万分の1日本シームレス地質図V2」"}},{"type":"Feature","geometry":{"type":"MultiLineString","coordinates":[[[139.178123,35.954309],[139.175958,35.956133],[139.174411,35.957619],[139.174513,35.95789],[139.175438,35.957892],[139.177393,35.957288],[139.177804,35.957153],[139.179864,35.955871],[139.181824,35.953844],[139.182753,35.952831],[139.182755,35.952153],[139.180594,35.952825],[139.178123,35.954309]]]},"properties":{"id":"geology_line_321","source":"産業技術総合研究所 地質調査総合センター「20万分の1日本シームレス地質図V2」"}},{"type":"Feature","geometry":{"type":"MultiLineString","coordinates":[[[139.036776,35.979677],[139.035851,35.979674],[139.035338,35.979469],[139.034106,35.979193],[139.033901,35.979057],[139.033597,35.978176],[139.033193,35.976887],[139.030522,35.976471],[139.03042,35.976335],[139.02919,35.975586],[139.028682,35.974568],[139.028683,35.974432],[139.029303,35.97369],[139.029719,35.972878],[139.029309,35.972538],[139.027253,35.972531],[139.026828,35.972082],[139.027058,35.970701],[139.024797,35.970557],[139.02413,35.970258],[139.023568,35.969672],[139.022957,35.968654],[139.023168,35.967639],[139.023892,35.966897],[139.025436,35.966496],[139.025847,35.966498],[139.027283,35.967045],[139.027384,35.967384],[139.028305,35.968065],[139.02851,35.968201],[139.030565,35.968412],[139.03077,35.968548],[139.033125,35.97025],[139.033433,35.970251],[139.035386,35.970394],[139.035693,35.970598],[139.036411,35.970872],[139.037125,35.972025],[139.037124,35.972161],[139.038972,35.972574],[139.040204,35.972917],[139.041537,35.973599],[139.042973,35.974079],[139.044204,35.97476]]]},"properties":{"id":"geology_line_322","source":"産業技術総合研究所 地質調査総合センター「20万分の1日本シームレス地質図V2」"}},{"type":"Feature","geometry":{"type":"MultiLineString","coordinates":[[[139.077987,36.059679],[139.077657,36.057604],[139.077317,36.056613],[139.076657,36.056521],[139.076207,36.056704]]]},"properties":{"id":"geology_line_323","source":"産業技術総合研究所 地質調査総合センター「20万分の1日本シームレス地質図V2」"}},{"type":"Feature","geometry":{"type":"MultiLineString","coordinates":[[[139.165558,35.951371],[139.1657,35.950485],[139.16735,35.948931],[139.168175,35.948188],[139.169308,35.947514],[139.171059,35.946367]]]},"properties":{"id":"geology_line_324","source":"産業技術総合研究所 地質調査総合センター「20万分の1日本シームレス地質図V2」"}},{"type":"Feature","geometry":{"type":"MultiLineString","coordinates":[[[139.025999,36.006877],[139.026389,36.006769]]]},"properties":{"id":"geology_line_325","source":"産業技術総合研究所 地質調査総合センター「20万分の1日本シームレス地質図V2」"}}]}