{"type":"FeatureCollection","features":[{"type":"Feature","geometry":{"type":"Polygon","coordinates":[[[139.0425,35.9225],[139.045,35.9225],[139.045,35.925],[139.0425,35.925],[139.0425,35.9225]]]},"properties":{"cell_id":"g_0_0","score":0.384,"twi":6.07,"hand":93.6,"dist_to_boundary":139,"curvature":-0.0027,"spring_kde":0}},{"type":"Feature","geometry":{"type":"Polygon","coordinates":[[[139.045,35.9225],[139.0475,35.9225],[139.0475,35.925],[139.045,35.925],[139.045,35.9225]]]},"properties":{"cell_id":"g_1_0","score":0.43,"twi":6.23,"hand":76.1,"dist_to_boundary":61,"curvature":-0.0002,"spring_kde":0}},{"type":"Feature","geometry":{"type":"Polygon","coordinates":[[[139.0475,35.9225],[139.05,35.9225],[139.05,35.925],[139.0475,35.925],[139.0475,35.9225]]]},"properties":{"cell_id":"g_2_0","score":0.4,"twi":6.11,"hand":91.3,"dist_to_boundary":69,"curvature":-0.0043,"spring_kde":0}},{"type":"Feature","geometry":{"type":"Polygon","coordinates":[[[139.05,35.9225],[139.0525,35.9225],[139.0525,35.925],[139.05,35.925],[139.05,35.9225]]]},"properties":{"cell_id":"g_3_0","score":0.31,"twi":6.11,"hand":144.3,"dist_to_boundary":57,"curvature":-0.0066,"spring_kde":0}},{"type":"Feature","geometry":{"type":"Polygon","coordinates":[[[139.0525,35.9225],[139.055,35.9225],[139.055,35.925],[139.0525,35.925],[139.0525,35.9225]]]},"properties":{"cell_id":"g_4_0","score":0.48,"twi":6.26,"hand":46,"dist_to_boundary":215,"curvature":0.0066,"spring_kde":0}},{"type":"Feature","geometry":{"type":"Polygon","coordinates":[[[139.055,35.9225],[139.0575,35.9225],[139.0575,35.925],[139.055,35.925],[139.055,35.9225]]]},"properties":{"cell_id":"g_5_0","score":0.428,"twi":6.13,"hand":64.5,"dist_to_boundary":385,"curvature":0.0034,"spring_kde":0}},{"type":"Feature","geometry":{"type":"Polygon","coordinates":[[[139.0575,35.9225],[139.06,35.9225],[139.06,35.925],[139.0575,35.925],[139.0575,35.9225]]]},"properties":{"cell_id":"g_6_0","score":0.344,"twi":5.83,"hand":107.4,"dist_to_boundary":351,"curvature":-0.0061,"spring_kde":0}},{"type":"Feature","geometry":{"type":"Polygon","coordinates":[[[139.06,35.9225],[139.0625,35.9225],[139.0625,35.925],[139.06,35.925],[139.06,35.9225]]]},"properties":{"cell_id":"g_7_0","score":0.364,"twi":6.53,"hand":120.2,"dist_to_boundary":151,"curvature":-0.0003,"spring_kde":0.001}},{"type":"Feature","geometry":{"type":"Polygon","coordinates":[[[139.0625,35.9225],[139.065,35.9225],[139.065,35.925],[139.0625,35.925],[139.0625,35.9225]]]},"properties":{"cell_id":"g_8_0","score":0.502,"twi":6.57,"hand":45.4,"dist_to_boundary":44,"curvature":0.0032,"spring_kde":0.001}},{"type":"Feature","geometry":{"type":"Polygon","coordinates":[[[139.065,35.9225],[139.0675,35.9225],[139.0675,35.925],[139.065,35.925],[139.065,35.9225]]]},"properties":{"cell_id":"g_9_0","score":0.527,"twi":6.43,"hand":34.1,"dist_to_boundary":22,"curvature":0.0012,"spring_kde":0.002}},{"type":"Feature","geometry":{"type":"Polygon","coordinates":[[[139.0675,35.9225],[139.07,35.9225],[139.07,35.925],[139.0675,35.925],[139.0675,35.9225]]]},"properties":{"cell_id":"g_10_0","score":0.507,"twi":6.4,"hand":50.1,"dist_to_boundary":148,"curvature":0.004,"spring_kde":0.003}},{"type":"Feature","geometry":{"type":"Polygon","coordinates":[[[139.07,35.9225],[139.0725,35.9225],[139.0725,35.925],[139.07,35.925],[139.07,35.9225]]]},"properties":{"cell_id":"g_11_0","score":0.373,"twi":6.3,"hand":102.8,"dist_to_boundary":275,"curvature":-0.0061,"spring_kde":0.003}},{"type":"Feature","geometry":{"type":"Polygon","coordinates":[[[139.0725,35.9225],[139.075,35.9225],[139.075,35.925],[139.0725,35.925],[139.0725,35.9225]]]},"properties":{"cell_id":"g_12_0","score":0.269,"twi":5.8,"hand":156.1,"dist_to_boundary":264,"curvature":-0.0063,"spring_kde":0.003}},{"type":"Feature","geometry":{"type":"Polygon","coordinates":[[[139.075,35.9225],[139.0775,35.9225],[139.0775,35.925],[139.075,35.925],[139.075,35.9225]]]},"properties":{"cell_id":"g_13_0","score":0.418,"twi":6.08,"hand":80.3,"dist_to_boundary":47,"curvature":-0.0018,"spring_kde":0.002}},{"type":"Feature","geometry":{"type":"Polygon","coordinates":[[[139.0775,35.9225],[139.08,35.9225],[139.08,35.925],[139.0775,35.925],[139.0775,35.9225]]]},"properties":{"cell_id":"g_14_0","score":0.419,"twi":5.52,"hand":74.5,"dist_to_boundary":155,"curvature":-0.0062,"spring_kde":0.001}},{"type":"Feature","geometry":{"type":"Polygon","coordinates":[[[139.08,35.9225],[139.0825,35.9225],[139.0825,35.925],[139.08,35.925],[139.08,35.9225]]]},"properties":{"cell_id":"g_15_0","score":0.566,"twi":6.53,"hand":23.1,"dist_to_boundary":3,"curvature":0.0048,"spring_kde":0.001}},{"type":"Feature","geometry":{"type":"Polygon","coordinates":[[[139.0825,35.9225],[139.085,35.9225],[139.085,35.925],[139.0825,35.925],[139.0825,35.9225]]]},"properties":{"cell_id":"g_16_0","score":0.518,"twi":6.51,"hand":29.7,"dist_to_boundary":159,"curvature":0.0037,"spring_kde":0}},{"type":"Feature","geometry":{"type":"Polygon","coordinates":[[[139.085,35.9225],[139.0875,35.9225],[139.0875,35.925],[139.085,35.925],[139.085,35.9225]]]},"properties":{"cell_id":"g_17_0","score":0.516,"twi":6.45,"hand":33.7,"dist_to_boundary":54,"curvature":0.003,"spring_kde":0}},{"type":"Feature","geometry":{"type":"Polygon","coordinates":[[[139.0875,35.9225],[139.09,35.9225],[139.09,35.925],[139.0875,35.925],[139.0875,35.9225]]]},"properties":{"cell_id":"g_18_0","score":0.428,"twi":6.01,"hand":75.9,"dist_to_boundary":68,"curvature":0.0004,"spring_kde":0}},{"type":"Feature","geometry":{"type":"Polygon","coordinates":[[[139.09,35.9225],[139.0925,35.9225],[139.0925,35.925],[139.09,35.925],[139.09,35.9225]]]},"properties":{"cell_id":"g_19_0","score":0.437,"twi":6.16,"hand":66.4,"dist_to_boundary":189,"curvature":0.0028,"spring_kde":0}},{"type":"Feature","geometry":{"type":"Polygon","coordinates":[[[139.0925,35.9225],[139.095,35.9225],[139.095,35.925],[139.0925,35.925],[139.0925,35.9225]]]},"properties":{"cell_id":"g_20_0","score":0.357,"twi":5.9,"hand":99,"dist_to_boundary":311,"curvature":-0.0009,"spring_kde":0}},{"type":"Feature","geometry":{"type":"Polygon","coordinates":[[[139.095,35.9225],[139.0975,35.9225],[139.0975,35.925],[139.095,35.925],[139.095,35.9225]]]},"properties":{"cell_id":"g_21_0","score":0.317,"twi":5.98,"hand":114.3,"dist_to_boundary":433,"curvature":-0.0059,"spring_kde":0}},{"type":"Feature","geometry":{"type":"Polygon","coordinates":[[[139.0975,35.9225],[139.1,35.9225],[139.1,35.925],[139.0975,35.925],[139.0975,35.9225]]]},"properties":{"cell_id":"g_22_0","score":0.379,"twi":5.83,"hand":72.7,"dist_to_boundary":488,"curvature":-0.0007,"spring_kde":0}},{"type":"Feature","geometry":{"type":"Polygon","coordinates":[[[139.1,35.9225],[139.1025,35.9225],[139.1025,35.925],[139.1,35.925],[139.1,35.9225]]]},"properties":{"cell_id":"g_23_0","score":0.444,"twi":6.35,"hand":45.2,"dist_to_boundary":523,"curvature":0.0049,"spring_kde":0}},{"type":"Feature","geometry":{"type":"Polygon","coordinates":[[[139.1025,35.9225],[139.105,35.9225],[139.105,35.925],[139.1025,35.925],[139.1025,35.9225]]]},"properties":{"cell_id":"g_24_0","score":0.288,"twi":6.05,"hand":121.8,"dist_to_boundary":635,"curvature":-0.0061,"spring_kde":0}},{"type":"Feature","geometry":{"type":"Polygon","coordinates":[[[139.105,35.9225],[139.1075,35.9225],[139.1075,35.925],[139.105,35.925],[139.105,35.9225]]]},"properties":{"cell_id":"g_25_0","score":0.359,"twi":6.17,"hand":73.5,"dist_to_boundary":756,"curvature":-0.0013,"spring_kde":0}},{"type":"Feature","geometry":{"type":"Polygon","coordinates":[[[139.1075,35.9225],[139.11,35.9225],[139.11,35.925],[139.1075,35.925],[139.1075,35.9225]]]},"properties":{"cell_id":"g_26_0","score":0.368,"twi":6.27,"hand":68.4,"dist_to_boundary":795,"curvature":0.0015,"spring_kde":0}},{"type":"Feature","geometry":{"type":"Polygon","coordinates":[[[139.11,35.9225],[139.1125,35.9225],[139.1125,35.925],[139.11,35.925],[139.11,35.9225]]]},"properties":{"cell_id":"g_27_0","score":0.375,"twi":6.72,"hand":72.1,"dist_to_boundary":867,"curvature":0.0015,"spring_kde":0}},{"type":"Feature","geometry":{"type":"Polygon","coordinates":[[[139.1125,35.9225],[139.115,35.9225],[139.115,35.925],[139.1125,35.925],[139.1125,35.9225]]]},"properties":{"cell_id":"g_28_0","score":0.374,"twi":6.2,"hand":73.3,"dist_to_boundary":645,"curvature":0.0003,"spring_kde":0}},{"type":"Feature","geometry":{"type":"Polygon","coordinates":[[[139.115,35.9225],[139.1175,35.9225],[139.1175,35.925],[139.115,35.925],[139.115,35.9225]]]},"properties":{"cell_id":"g_29_0","score":0.365,"twi":6.01,"hand":84.7,"dist_to_boundary":423,"curvature":-0.0054,"spring_kde":0}},{"type":"Feature","geometry":{"type":"Polygon","coordinates":[[[139.1175,35.9225],[139.12,35.9225],[139.12,35.925],[139.1175,35.925],[139.1175,35.9225]]]},"properties":{"cell_id":"g_30_0","score":0.457,"twi":6.17,"hand":52.1,"dist_to_boundary":201,"curvature":0.0025,"spring_kde":0}},{"type":"Feature","geometry":{"type":"Polygon","coordinates":[[[139.12,35.9225],[139.1225,35.9225],[139.1225,35.925],[139.12,35.925],[139.12,35.9225]]]},"properties":{"cell_id":"g_31_0","score":0.468,"twi":6.15,"hand":56.1,"dist_to_boundary":21,"curvature":0.0013,"spring_kde":0}},{"type":"Feature","geometry":{"type":"Polygon","coordinates":[[[139.1225,35.9225],[139.125,35.9225],[139.125,35.925],[139.1225,35.925],[139.1225,35.9225]]]},"properties":{"cell_id":"g_32_0","score":0.487,"twi":6.64,"hand":43.9,"dist_to_boundary":242,"curvature":0.0045,"spring_kde":0}},{"type":"Feature","geometry":{"type":"Polygon","coordinates":[[[139.125,35.9225],[139.1275,35.9225],[139.1275,35.925],[139.125,35.925],[139.125,35.9225]]]},"properties":{"cell_id":"g_33_0","score":0.443,"twi":6.67,"hand":57.9,"dist_to_boundary":462,"curvature":0.0005,"spring_kde":0}},{"type":"Feature","geometry":{"type":"Polygon","coordinates":[[[139.1275,35.9225],[139.13,35.9225],[139.13,35.925],[139.1275,35.925],[139.1275,35.9225]]]},"properties":{"cell_id":"g_34_0","score":0.483,"twi":6.44,"hand":33.1,"dist_to_boundary":449,"curvature":0.003,"spring_kde":0}},{"type":"Feature","geometry":{"type":"Polygon","coordinates":[[[139.13,35.9225],[139.1325,35.9225],[139.1325,35.925],[139.13,35.925],[139.13,35.9225]]]},"properties":{"cell_id":"g_35_0","score":0.423,"twi":6.1,"hand":61.6,"dist_to_boundary":322,"curvature":-0.0008,"spring_kde":0}},{"type":"Feature","geometry":{"type":"Polygon","coordinates":[[[139.1325,35.9225],[139.135,35.9225],[139.135,35.925],[139.1325,35.925],[139.1325,35.9225]]]},"properties":{"cell_id":"g_36_0","score":0.428,"twi":6.16,"hand":71.9,"dist_to_boundary":195,"curvature":0.0005,"spring_kde":0}},{"type":"Feature","geometry":{"type":"Polygon","coordinates":[[[139.135,35.9225],[139.1375,35.9225],[139.1375,35.925],[139.135,35.925],[139.135,35.9225]]]},"properties":{"cell_id":"g_37_0","score":0.434,"twi":6.06,"hand":71.6,"dist_to_boundary":64,"curvature":-0.0015,"spring_kde":0.001}},{"type":"Feature","geometry":{"type":"Polygon","coordinates":[[[139.1375,35.9225],[139.14,35.9225],[139.14,35.925],[139.1375,35.925],[139.1375,35.9225]]]},"properties":{"cell_id":"g_38_0","score":0.395,"twi":6.82,"hand":117.9,"dist_to_boundary":35,"curvature":0,"spring_kde":0.002}},{"type":"Feature","geometry":{"type":"Polygon","coordinates":[[[139.14,35.9225],[139.1425,35.9225],[139.1425,35.925],[139.14,35.925],[139.14,35.9225]]]},"properties":{"cell_id":"g_39_0","score":0.347,"twi":5.89,"hand":117.4,"dist_to_boundary":90,"curvature":-0.0053,"spring_kde":0.003}},{"type":"Feature","geometry":{"type":"Polygon","coordinates":[[[139.1425,35.9225],[139.145,35.9225],[139.145,35.925],[139.1425,35.925],[139.1425,35.9225]]]},"properties":{"cell_id":"g_40_0","score":0.398,"twi":6.05,"hand":86.3,"dist_to_boundary":142,"curvature":-0.0019,"spring_kde":0.005}},{"type":"Feature","geometry":{"type":"Polygon","coordinates":[[[139.145,35.9225],[139.1475,35.9225],[139.1475,35.925],[139.145,35.925],[139.145,35.9225]]]},"properties":{"cell_id":"g_41_0","score":0.457,"twi":6.3,"hand":57.3,"dist_to_boundary":78,"curvature":0.0002,"spring_kde":0.005}},{"type":"Feature","geometry":{"type":"Polygon","coordinates":[[[139.1475,35.9225],[139.15,35.9225],[139.15,35.925],[139.1475,35.925],[139.1475,35.9225]]]},"properties":{"cell_id":"g_42_0","score":0.556,"twi":6.46,"hand":17.1,"dist_to_boundary":6,"curvature":0.004,"spring_kde":0.005}},{"type":"Feature","geometry":{"type":"Polygon","coordinates":[[[139.15,35.9225],[139.1525,35.9225],[139.1525,35.925],[139.15,35.925],[139.15,35.9225]]]},"properties":{"cell_id":"g_43_0","score":0.549,"twi":6.51,"hand":22,"dist_to_boundary":13,"curvature":-0.0002,"spring_kde":0.004}},{"type":"Feature","geometry":{"type":"Polygon","coordinates":[[[139.1525,35.9225],[139.155,35.9225],[139.155,35.925],[139.1525,35.925],[139.1525,35.9225]]]},"properties":{"cell_id":"g_44_0","score":0.468,"twi":6.3,"hand":48.4,"dist_to_boundary":211,"curvature":0.0014,"spring_kde":0.002}},{"type":"Feature","geometry":{"type":"Polygon","coordinates":[[[139.155,35.9225],[139.1575,35.9225],[139.1575,35.925],[139.155,35.925],[139.155,35.9225]]]},"properties":{"cell_id":"g_45_0","score":0.402,"twi":5.95,"hand":95.8,"dist_to_boundary":95,"curvature":-0.0012,"spring_kde":0.001}},{"type":"Feature","geometry":{"type":"Polygon","coordinates":[[[139.0425,35.925],[139.045,35.925],[139.045,35.9275],[139.0425,35.9275],[139.0425,35.925]]]},"properties":{"cell_id":"g_0_1","score":0.446,"twi":6.2,"hand":58.6,"dist_to_boundary":193,"curvature":0.0016,"spring_kde":0}},{"type":"Feature","geometry":{"type":"Polygon","coordinates":[[[139.045,35.925],[139.0475,35.925],[139.0475,35.9275],[139.045,35.9275],[139.045,35.925]]]},"properties":{"cell_id":"g_1_1","score":0.445,"twi":6.29,"hand":61.1,"dist_to_boundary":164,"curvature":0.0004,"spring_kde":0}},{"type":"Feature","geometry":{"type":"Polygon","coordinates":[[[139.0475,35.925],[139.05,35.925],[139.05,35.9275],[139.0475,35.9275],[139.0475,35.925]]]},"properties":{"cell_id":"g_2_1","score":0.471,"twi":6.22,"hand":42.7,"dist_to_boundary":194,"curvature":0.0018,"spring_kde":0}},{"type":"Feature","geometry":{"type":"Polygon","coordinates":[[[139.05,35.925],[139.0525,35.925],[139.0525,35.9275],[139.05,35.9275],[139.05,35.925]]]},"properties":{"cell_id":"g_3_1","score":0.486,"twi":6.64,"hand":47.3,"dist_to_boundary":286,"curvature":0.0034,"spring_kde":0}},{"type":"Feature","geometry":{"type":"Polygon","coordinates":[[[139.0525,35.925],[139.055,35.925],[139.055,35.9275],[139.0525,35.9275],[139.0525,35.925]]]},"properties":{"cell_id":"g_4_1","score":0.468,"twi":6.46,"hand":46.7,"dist_to_boundary":412,"curvature":0.0027,"spring_kde":0}},{"type":"Feature","geometry":{"type":"Polygon","coordinates":[[[139.055,35.925],[139.0575,35.925],[139.0575,35.9275],[139.055,35.9275],[139.055,35.925]]]},"properties":{"cell_id":"g_5_1","score":0.355,"twi":5.93,"hand":85.7,"dist_to_boundary":569,"curvature":-0.0016,"spring_kde":0}},{"type":"Feature","geometry":{"type":"Polygon","coordinates":[[[139.0575,35.925],[139.06,35.925],[139.06,35.9275],[139.0575,35.9275],[139.0575,35.925]]]},"properties":{"cell_id":"g_6_1","score":0.365,"twi":6.1,"hand":94.5,"dist_to_boundary":363,"curvature":-0.0044,"spring_kde":0}},{"type":"Feature","geometry":{"type":"Polygon","coordinates":[[[139.06,35.925],[139.0625,35.925],[139.0625,35.9275],[139.06,35.9275],[139.06,35.925]]]},"properties":{"cell_id":"g_7_1","score":0.332,"twi":6.15,"hand":124.4,"dist_to_boundary":186,"curvature":-0.0059,"spring_kde":0}},{"type":"Feature","geometry":{"type":"Polygon","coordinates":[[[139.0625,35.925],[139.065,35.925],[139.065,35.9275],[139.0625,35.9275],[139.0625,35.925]]]},"properties":{"cell_id":"g_8_1","score":0.414,"twi":5.87,"hand":87.1,"dist_to_boundary":162,"curvature":0.0006,"spring_kde":0}},{"type":"Feature","geometry":{"type":"Polygon","coordinates":[[[139.065,35.925],[139.0675,35.925],[139.0675,35.9275],[139.065,35.9275],[139.065,35.925]]]},"properties":{"cell_id":"g_9_1","score":0.339,"twi":5.58,"hand":113.4,"dist_to_boundary":265,"curvature":-0.0072,"spring_kde":0}},{"type":"Feature","geometry":{"type":"Polygon","coordinates":[[[139.0675,35.925],[139.07,35.925],[139.07,35.9275],[139.0675,35.9275],[139.0675,35.925]]]},"properties":{"cell_id":"g_10_1","score":0.535,"twi":6.15,"hand":24.3,"dist_to_boundary":377,"curvature":0.0084,"spring_kde":0}},{"type":"Feature","geometry":{"type":"Polygon","coordinates":[[[139.07,35.925],[139.0725,35.925],[139.0725,35.9275],[139.07,35.9275],[139.07,35.925]]]},"properties":{"cell_id":"g_11_1","score":0.451,"twi":5.7,"hand":52.5,"dist_to_boundary":460,"curvature":0.0071,"spring_kde":0}},{"type":"Feature","geometry":{"type":"Polygon","coordinates":[[[139.0725,35.925],[139.075,35.925],[139.075,35.9275],[139.0725,35.9275],[139.0725,35.925]]]},"properties":{"cell_id":"g_12_1","score":0.339,"twi":5.61,"hand":117.1,"dist_to_boundary":234,"curvature":-0.0071,"spring_kde":0}},{"type":"Feature","geometry":{"type":"Polygon","coordinates":[[[139.075,35.925],[139.0775,35.925],[139.0775,35.9275],[139.075,35.9275],[139.075,35.925]]]},"properties":{"cell_id":"g_13_1","score":0.46,"twi":5.85,"hand":62.6,"dist_to_boundary":10,"curvature":0.0007,"spring_kde":0}},{"type":"Feature","geometry":{"type":"Polygon","coordinates":[[[139.0775,35.925],[139.08,35.925],[139.08,35.9275],[139.0775,35.9275],[139.0775,35.925]]]},"properties":{"cell_id":"g_14_1","score":0.519,"twi":6.35,"hand":35.6,"dist_to_boundary":69,"curvature":0.0051,"spring_kde":0}},{"type":"Feature","geometry":{"type":"Polygon","coordinates":[[[139.08,35.925],[139.0825,35.925],[139.0825,35.9275],[139.08,35.9275],[139.08,35.925]]]},"properties":{"cell_id":"g_15_1","score":0.514,"twi":6.65,"hand":36.4,"dist_to_boundary":112,"curvature":0.0025,"spring_kde":0}},{"type":"Feature","geometry":{"type":"Polygon","coordinates":[[[139.0825,35.925],[139.085,35.925],[139.085,35.9275],[139.0825,35.9275],[139.0825,35.925]]]},"properties":{"cell_id":"g_16_1","score":0.435,"twi":6.37,"hand":79.1,"dist_to_boundary":28,"curvature":-0.0012,"spring_kde":0}},{"type":"Feature","geometry":{"type":"Polygon","coordinates":[[[139.085,35.925],[139.0875,35.925],[139.0875,35.9275],[139.085,35.9275],[139.085,35.925]]]},"properties":{"cell_id":"g_17_1","score":0.406,"twi":5.94,"hand":84.5,"dist_to_boundary":168,"curvature":0.001,"spring_kde":0}},{"type":"Feature","geometry":{"type":"Polygon","coordinates":[[[139.0875,35.925],[139.09,35.925],[139.09,35.9275],[139.0875,35.9275],[139.0875,35.925]]]},"properties":{"cell_id":"g_18_1","score":0.466,"twi":5.82,"hand":58.5,"dist_to_boundary":301,"curvature":0.0031,"spring_kde":0}},{"type":"Feature","geometry":{"type":"Polygon","coordinates":[[[139.09,35.925],[139.0925,35.925],[139.0925,35.9275],[139.09,35.9275],[139.09,35.925]]]},"properties":{"cell_id":"g_19_1","score":0.385,"twi":5.72,"hand":74.7,"dist_to_boundary":422,"curvature":-0.0034,"spring_kde":0}},{"type":"Feature","geometry":{"type":"Polygon","coordinates":[[[139.0925,35.925],[139.095,35.925],[139.095,35.9275],[139.0925,35.9275],[139.0925,35.925]]]},"properties":{"cell_id":"g_20_1","score":0.383,"twi":5.99,"hand":68.6,"dist_to_boundary":544,"curvature":-0.0056,"spring_kde":0}},{"type":"Feature","geometry":{"type":"Polygon","coordinates":[[[139.095,35.925],[139.0975,35.925],[139.0975,35.9275],[139.095,35.9275],[139.095,35.925]]]},"properties":{"cell_id":"g_21_1","score":0.409,"twi":6.37,"hand":53.9,"dist_to_boundary":666,"curvature":0.0018,"spring_kde":0}},{"type":"Feature","geometry":{"type":"Polygon","coordinates":[[[139.0975,35.925],[139.1,35.925],[139.1,35.9275],[139.0975,35.9275],[139.0975,35.925]]]},"properties":{"cell_id":"g_22_1","score":0.315,"twi":6.1,"hand":96.9,"dist_to_boundary":764,"curvature":-0.0032,"spring_kde":0}},{"type":"Feature","geometry":{"type":"Polygon","coordinates":[[[139.1,35.925],[139.1025,35.925],[139.1025,35.9275],[139.1,35.9275],[139.1,35.925]]]},"properties":{"cell_id":"g_23_1","score":0.377,"twi":6.29,"hand":67,"dist_to_boundary":789,"curvature":0.0023,"spring_kde":0}},{"type":"Feature","geometry":{"type":"Polygon","coordinates":[[[139.1025,35.925],[139.105,35.925],[139.105,35.9275],[139.1025,35.9275],[139.1025,35.925]]]},"properties":{"cell_id":"g_24_1","score":0.308,"twi":5.76,"hand":92.2,"dist_to_boundary":867,"curvature":-0.0041,"spring_kde":0}},{"type":"Feature","geometry":{"type":"Polygon","coordinates":[[[139.105,35.925],[139.1075,35.925],[139.1075,35.9275],[139.105,35.9275],[139.105,35.925]]]},"properties":{"cell_id":"g_25_1","score":0.389,"twi":6.27,"hand":54.7,"dist_to_boundary":992,"curvature":0.0054,"spring_kde":0}},{"type":"Feature","geometry":{"type":"Polygon","coordinates":[[[139.1075,35.925],[139.11,35.925],[139.11,35.9275],[139.1075,35.9275],[139.1075,35.925]]]},"properties":{"cell_id":"g_26_1","score":0.406,"twi":6.46,"hand":38,"dist_to_boundary":1043,"curvature":0.0036,"spring_kde":0}},{"type":"Feature","geometry":{"type":"Polygon","coordinates":[[[139.11,35.925],[139.1125,35.925],[139.1125,35.9275],[139.11,35.9275],[139.11,35.925]]]},"properties":{"cell_id":"g_27_1","score":0.42,"twi":6.55,"hand":42.2,"dist_to_boundary":820,"curvature":0.0037,"spring_kde":0}},{"type":"Feature","geometry":{"type":"Polygon","coordinates":[[[139.1125,35.925],[139.115,35.925],[139.115,35.9275],[139.1125,35.9275],[139.1125,35.925]]]},"properties":{"cell_id":"g_28_1","score":0.464,"twi":6.55,"hand":37.9,"dist_to_boundary":598,"curvature":0.0041,"spring_kde":0}},{"type":"Feature","geometry":{"type":"Polygon","coordinates":[[[139.115,35.925],[139.1175,35.925],[139.1175,35.9275],[139.115,35.9275],[139.115,35.925]]]},"properties":{"cell_id":"g_29_1","score":0.461,"twi":6.31,"hand":44.7,"dist_to_boundary":376,"curvature":0.0045,"spring_kde":0}},{"type":"Feature","geometry":{"type":"Polygon","coordinates":[[[139.1175,35.925],[139.12,35.925],[139.12,35.9275],[139.1175,35.9275],[139.1175,35.925]]]},"properties":{"cell_id":"g_30_1","score":0.505,"twi":6.59,"hand":39.6,"dist_to_boundary":154,"curvature":0.0035,"spring_kde":0}},{"type":"Feature","geometry":{"type":"Polygon","coordinates":[[[139.12,35.925],[139.1225,35.925],[139.1225,35.9275],[139.12,35.9275],[139.12,35.925]]]},"properties":{"cell_id":"g_31_1","score":0.465,"twi":6.4,"hand":60.7,"dist_to_boundary":68,"curvature":0.002,"spring_kde":0}},{"type":"Feature","geometry":{"type":"Polygon","coordinates":[[[139.1225,35.925],[139.125,35.925],[139.125,35.9275],[139.1225,35.9275],[139.1225,35.925]]]},"properties":{"cell_id":"g_32_1","score":0.363,"twi":6.18,"hand":97.5,"dist_to_boundary":290,"curvature":-0.0045,"spring_kde":0}},{"type":"Feature","geometry":{"type":"Polygon","coordinates":[[[139.125,35.925],[139.1275,35.925],[139.1275,35.9275],[139.125,35.9275],[139.125,35.925]]]},"properties":{"cell_id":"g_33_1","score":0.453,"twi":6.34,"hand":55.2,"dist_to_boundary":348,"curvature":0.0022,"spring_kde":0}},{"type":"Feature","geometry":{"type":"Polygon","coordinates":[[[139.1275,35.925],[139.13,35.925],[139.13,35.9275],[139.1275,35.9275],[139.1275,35.925]]]},"properties":{"cell_id":"g_34_1","score":0.443,"twi":5.98,"hand":57.3,"dist_to_boundary":220,"curvature":-0.0037,"spring_kde":0}},{"type":"Feature","geometry":{"type":"Polygon","coordinates":[[[139.13,35.925],[139.1325,35.925],[139.1325,35.9275],[139.13,35.9275],[139.13,35.925]]]},"properties":{"cell_id":"g_35_1","score":0.498,"twi":6.41,"hand":42.6,"dist_to_boundary":93,"curvature":0.0036,"spring_kde":0}},{"type":"Feature","geometry":{"type":"Polygon","coordinates":[[[139.1325,35.925],[139.135,35.925],[139.135,35.9275],[139.1325,35.9275],[139.1325,35.925]]]},"properties":{"cell_id":"g_36_1","score":0.449,"twi":6.38,"hand":70.6,"dist_to_boundary":34,"curvature":0.0006,"spring_kde":0}},{"type":"Feature","geometry":{"type":"Polygon","coordinates":[[[139.135,35.925],[139.1375,35.925],[139.1375,35.9275],[139.135,35.9275],[139.135,35.925]]]},"properties":{"cell_id":"g_37_1","score":0.362,"twi":6.1,"hand":113.3,"dist_to_boundary":62,"curvature":-0.0047,"spring_kde":0}},{"type":"Feature","geometry":{"type":"Polygon","coordinates":[[[139.1375,35.925],[139.14,35.925],[139.14,35.9275],[139.1375,35.9275],[139.1375,35.925]]]},"properties":{"cell_id":"g_38_1","score":0.401,"twi":5.96,"hand":83.1,"dist_to_boundary":98,"curvature":-0.0033,"spring_kde":0}},{"type":"Feature","geometry":{"type":"Polygon","coordinates":[[[139.14,35.925],[139.1425,35.925],[139.1425,35.9275],[139.14,35.9275],[139.14,35.925]]]},"properties":{"cell_id":"g_39_1","score":0.472,"twi":6.12,"hand":56.9,"dist_to_boundary":3,"curvature":0.0034,"spring_kde":0.001}},{"type":"Feature","geometry":{"type":"Polygon","coordinates":[[[139.1425,35.925],[139.145,35.925],[139.145,35.9275],[139.1425,35.9275],[139.1425,35.925]]]},"properties":{"cell_id":"g_40_1","score":0.48,"twi":6.11,"hand":48.9,"dist_to_boundary":114,"curvature":0.0012,"spring_kde":0.001}},{"type":"Feature","geometry":{"type":"Polygon","coordinates":[[[139.145,35.925],[139.1475,35.925],[139.1475,35.9275],[139.145,35.9275],[139.145,35.925]]]},"properties":{"cell_id":"g_41_1","score":0.483,"twi":6.1,"hand":42.2,"dist_to_boundary":187,"curvature":0.0019,"spring_kde":0.001}},{"type":"Feature","geometry":{"type":"Polygon","coordinates":[[[139.1475,35.925],[139.15,35.925],[139.15,35.9275],[139.1475,35.9275],[139.1475,35.925]]]},"properties":{"cell_id":"g_42_1","score":0.529,"twi":6.33,"hand":22.1,"dist_to_boundary":151,"curvature":0.001,"spring_kde":0.001}},{"type":"Feature","geometry":{"type":"Polygon","coordinates":[[[139.15,35.925],[139.1525,35.925],[139.1525,35.9275],[139.15,35.9275],[139.15,35.925]]]},"properties":{"cell_id":"g_43_1","score":0.55,"twi":6.55,"hand":23.7,"dist_to_boundary":38,"curvature":0.0025,"spring_kde":0.001}},{"type":"Feature","geometry":{"type":"Polygon","coordinates":[[[139.1525,35.925],[139.155,35.925],[139.155,35.9275],[139.1525,35.9275],[139.1525,35.925]]]},"properties":{"cell_id":"g_44_1","score":0.506,"twi":5.8,"hand":32.7,"dist_to_boundary":50,"curvature":-0.0003,"spring_kde":0}},{"type":"Feature","geometry":{"type":"Polygon","coordinates":[[[139.155,35.925],[139.1575,35.925],[139.1575,35.9275],[139.155,35.9275],[139.155,35.925]]]},"properties":{"cell_id":"g_45_1","score":0.445,"twi":5.74,"hand":61.9,"dist_to_boundary":108,"curvature":-0.0021,"spring_kde":0}},{"type":"Feature","geometry":{"type":"Polygon","coordinates":[[[139.0425,35.9275],[139.045,35.9275],[139.045,35.93],[139.0425,35.93],[139.0425,35.9275]]]},"properties":{"cell_id":"g_0_2","score":0.418,"twi":6.33,"hand":60.9,"dist_to_boundary":456,"curvature":0,"spring_kde":0}},{"type":"Feature","geometry":{"type":"Polygon","coordinates":[[[139.045,35.9275],[139.0475,35.9275],[139.0475,35.93],[139.045,35.93],[139.045,35.9275]]]},"properties":{"cell_id":"g_1_2","score":0.455,"twi":6.29,"hand":40.1,"dist_to_boundary":440,"curvature":0.0053,"spring_kde":0}},{"type":"Feature","geometry":{"type":"Polygon","coordinates":[[[139.0475,35.9275],[139.05,35.9275],[139.05,35.93],[139.0475,35.93],[139.0475,35.9275]]]},"properties":{"cell_id":"g_2_2","score":0.44,"twi":6.15,"hand":56.6,"dist_to_boundary":463,"curvature":0.002,"spring_kde":0}},{"type":"Feature","geometry":{"type":"Polygon","coordinates":[[[139.05,35.9275],[139.0525,35.9275],[139.0525,35.93],[139.05,35.93],[139.05,35.9275]]]},"properties":{"cell_id":"g_3_2","score":0.534,"twi":7.11,"hand":25,"dist_to_boundary":524,"curvature":0.0052,"spring_kde":0}},{"type":"Feature","geometry":{"type":"Polygon","coordinates":[[[139.0525,35.9275],[139.055,35.9275],[139.055,35.93],[139.0525,35.93],[139.0525,35.9275]]]},"properties":{"cell_id":"g_4_2","score":0.459,"twi":6.21,"hand":36.5,"dist_to_boundary":642,"curvature":0.0014,"spring_kde":0}},{"type":"Feature","geometry":{"type":"Polygon","coordinates":[[[139.055,35.9275],[139.0575,35.9275],[139.0575,35.93],[139.055,35.93],[139.055,35.9275]]]},"properties":{"cell_id":"g_5_2","score":0.435,"twi":6.09,"hand":45.3,"dist_to_boundary":702,"curvature":0.0052,"spring_kde":0}},{"type":"Feature","geometry":{"type":"Polygon","coordinates":[[[139.0575,35.9275],[139.06,35.9275],[139.06,35.93],[139.0575,35.93],[139.0575,35.9275]]]},"properties":{"cell_id":"g_6_2","score":0.405,"twi":5.68,"hand":63.9,"dist_to_boundary":542,"curvature":0.0002,"spring_kde":0}},{"type":"Feature","geometry":{"type":"Polygon","coordinates":[[[139.06,35.9275],[139.0625,35.9275],[139.0625,35.93],[139.06,35.93],[139.06,35.9275]]]},"properties":{"cell_id":"g_7_2","score":0.371,"twi":6.04,"hand":80.5,"dist_to_boundary":443,"curvature":-0.0035,"spring_kde":0}},{"type":"Feature","geometry":{"type":"Polygon","coordinates":[[[139.0625,35.9275],[139.065,35.9275],[139.065,35.93],[139.0625,35.93],[139.0625,35.9275]]]},"properties":{"cell_id":"g_8_2","score":0.41,"twi":6.1,"hand":58.7,"dist_to_boundary":434,"curvature":-0.0015,"spring_kde":0}},{"type":"Feature","geometry":{"type":"Polygon","coordinates":[[[139.065,35.9275],[139.0675,35.9275],[139.0675,35.93],[139.065,35.93],[139.065,35.9275]]]},"properties":{"cell_id":"g_9_2","score":0.498,"twi":6.82,"hand":29.9,"dist_to_boundary":508,"curvature":0.0065,"spring_kde":0}},{"type":"Feature","geometry":{"type":"Polygon","coordinates":[[[139.0675,35.9275],[139.07,35.9275],[139.07,35.93],[139.0675,35.93],[139.0675,35.9275]]]},"properties":{"cell_id":"g_10_2","score":0.449,"twi":6.54,"hand":51.4,"dist_to_boundary":550,"curvature":0.0027,"spring_kde":0}},{"type":"Feature","geometry":{"type":"Polygon","coordinates":[[[139.07,35.9275],[139.0725,35.9275],[139.0725,35.93],[139.07,35.93],[139.07,35.9275]]]},"properties":{"cell_id":"g_11_2","score":0.431,"twi":6.06,"hand":55.9,"dist_to_boundary":420,"curvature":-0.0012,"spring_kde":0}},{"type":"Feature","geometry":{"type":"Polygon","coordinates":[[[139.0725,35.9275],[139.075,35.9275],[139.075,35.93],[139.0725,35.93],[139.0725,35.9275]]]},"properties":{"cell_id":"g_12_2","score":0.411,"twi":5.98,"hand":68.9,"dist_to_boundary":289,"curvature":-0.0007,"spring_kde":0}},{"type":"Feature","geometry":{"type":"Polygon","coordinates":[[[139.075,35.9275],[139.0775,35.9275],[139.0775,35.93],[139.075,35.93],[139.075,35.9275]]]},"properties":{"cell_id":"g_13_2","score":0.481,"twi":6.27,"hand":44,"dist_to_boundary":158,"curvature":0.0034,"spring_kde":0}},{"type":"Feature","geometry":{"type":"Polygon","coordinates":[[[139.0775,35.9275],[139.08,35.9275],[139.08,35.93],[139.0775,35.93],[139.0775,35.9275]]]},"properties":{"cell_id":"g_14_2","score":0.347,"twi":5.99,"hand":122.7,"dist_to_boundary":24,"curvature":-0.0077,"spring_kde":0}},{"type":"Feature","geometry":{"type":"Polygon","coordinates":[[[139.08,35.9275],[139.0825,35.9275],[139.0825,35.93],[139.08,35.93],[139.08,35.9275]]]},"properties":{"cell_id":"g_15_2","score":0.508,"twi":6.58,"hand":49.2,"dist_to_boundary":33,"curvature":0.0042,"spring_kde":0}},{"type":"Feature","geometry":{"type":"Polygon","coordinates":[[[139.0825,35.9275],[139.085,35.9275],[139.085,35.93],[139.0825,35.93],[139.0825,35.9275]]]},"properties":{"cell_id":"g_16_2","score":0.446,"twi":6.17,"hand":74.8,"dist_to_boundary":225,"curvature":0.0054,"spring_kde":0}},{"type":"Feature","geometry":{"type":"Polygon","coordinates":[[[139.085,35.9275],[139.0875,35.9275],[139.0875,35.93],[139.085,35.93],[139.085,35.9275]]]},"properties":{"cell_id":"g_17_2","score":0.28,"twi":5.75,"hand":140.5,"dist_to_boundary":385,"curvature":-0.0058,"spring_kde":0}},{"type":"Feature","geometry":{"type":"Polygon","coordinates":[[[139.0875,35.9275],[139.09,35.9275],[139.09,35.93],[139.0875,35.93],[139.0875,35.9275]]]},"properties":{"cell_id":"g_18_2","score":0.329,"twi":5.87,"hand":114.2,"dist_to_boundary":525,"curvature":-0.0059,"spring_kde":0}},{"type":"Feature","geometry":{"type":"Polygon","coordinates":[[[139.09,35.9275],[139.0925,35.9275],[139.0925,35.93],[139.09,35.93],[139.09,35.9275]]]},"properties":{"cell_id":"g_19_2","score":0.421,"twi":6.23,"hand":56.5,"dist_to_boundary":655,"curvature":0.0014,"spring_kde":0}},{"type":"Feature","geometry":{"type":"Polygon","coordinates":[[[139.0925,35.9275],[139.095,35.9275],[139.095,35.93],[139.0925,35.93],[139.0925,35.9275]]]},"properties":{"cell_id":"g_20_2","score":0.328,"twi":6.3,"hand":103.6,"dist_to_boundary":777,"curvature":0.0003,"spring_kde":0}},{"type":"Feature","geometry":{"type":"Polygon","coordinates":[[[139.095,35.9275],[139.0975,35.9275],[139.0975,35.93],[139.095,35.93],[139.095,35.9275]]]},"properties":{"cell_id":"g_21_2","score":0.346,"twi":6.2,"hand":78.4,"dist_to_boundary":898,"curvature":-0.0021,"spring_kde":0}},{"type":"Feature","geometry":{"type":"Polygon","coordinates":[[[139.0975,35.9275],[139.1,35.9275],[139.1,35.93],[139.0975,35.93],[139.0975,35.9275]]]},"properties":{"cell_id":"g_22_2","score":0.314,"twi":5.71,"hand":90.6,"dist_to_boundary":1020,"curvature":-0.0011,"spring_kde":0}},{"type":"Feature","geometry":{"type":"Polygon","coordinates":[[[139.1,35.9275],[139.1025,35.9275],[139.1025,35.93],[139.1,35.93],[139.1,35.9275]]]},"properties":{"cell_id":"g_23_2","score":0.244,"twi":5.79,"hand":121.2,"dist_to_boundary":1060,"curvature":-0.0079,"spring_kde":0}},{"type":"Feature","geometry":{"type":"Polygon","coordinates":[[[139.1025,35.9275],[139.105,35.9275],[139.105,35.93],[139.1025,35.93],[139.1025,35.9275]]]},"properties":{"cell_id":"g_24_2","score":0.327,"twi":6.46,"hand":77.6,"dist_to_boundary":1120,"curvature":0.0013,"spring_kde":0}},{"type":"Feature","geometry":{"type":"Polygon","coordinates":[[[139.105,35.9275],[139.1075,35.9275],[139.1075,35.93],[139.105,35.93],[139.105,35.9275]]]},"properties":{"cell_id":"g_25_2","score":0.234,"twi":6.19,"hand":118.1,"dist_to_boundary":1219,"curvature":-0.0052,"spring_kde":0}},{"type":"Feature","geometry":{"type":"Polygon","coordinates":[[[139.1075,35.9275],[139.11,35.9275],[139.11,35.93],[139.1075,35.93],[139.1075,35.9275]]]},"properties":{"cell_id":"g_26_2","score":0.267,"twi":6.41,"hand":117.4,"dist_to_boundary":1000,"curvature":-0.0051,"spring_kde":0}},{"type":"Feature","geometry":{"type":"Polygon","coordinates":[[[139.11,35.9275],[139.1125,35.9275],[139.1125,35.93],[139.11,35.93],[139.11,35.9275]]]},"properties":{"cell_id":"g_27_2","score":0.266,"twi":6.17,"hand":129.2,"dist_to_boundary":777,"curvature":-0.0044,"spring_kde":0}},{"type":"Feature","geometry":{"type":"Polygon","coordinates":[[[139.1125,35.9275],[139.115,35.9275],[139.115,35.93],[139.1125,35.93],[139.1125,35.9275]]]},"properties":{"cell_id":"g_28_2","score":0.376,"twi":6.66,"hand":89.7,"dist_to_boundary":554,"curvature":0.0035,"spring_kde":0}},{"type":"Feature","geometry":{"type":"Polygon","coordinates":[[[139.115,35.9275],[139.1175,35.9275],[139.1175,35.93],[139.115,35.93],[139.115,35.9275]]]},"properties":{"cell_id":"g_29_2","score":0.366,"twi":6.55,"hand":106.8,"dist_to_boundary":332,"curvature":-0.0005,"spring_kde":0}},{"type":"Feature","geometry":{"type":"Polygon","coordinates":[[[139.1175,35.9275],[139.12,35.9275],[139.12,35.93],[139.1175,35.93],[139.1175,35.9275]]]},"properties":{"cell_id":"g_30_2","score":0.346,"twi":6.37,"hand":129.6,"dist_to_boundary":109,"curvature":-0.003,"spring_kde":0}},{"type":"Feature","geometry":{"type":"Polygon","coordinates":[[[139.12,35.9275],[139.1225,35.9275],[139.1225,35.93],[139.12,35.93],[139.12,35.9275]]]},"properties":{"cell_id":"g_31_2","score":0.365,"twi":5.87,"hand":103.1,"dist_to_boundary":113,"curvature":-0.0085,"spring_kde":0}},{"type":"Feature","geometry":{"type":"Polygon","coordinates":[[[139.1225,35.9275],[139.125,35.9275],[139.125,35.93],[139.1225,35.93],[139.1225,35.9275]]]},"properties":{"cell_id":"g_32_2","score":0.417,"twi":5.89,"hand":72.8,"dist_to_boundary":255,"curvature":0.0007,"spring_kde":0}},{"type":"Feature","geometry":{"type":"Polygon","coordinates":[[[139.125,35.9275],[139.1275,35.9275],[139.1275,35.93],[139.125,35.93],[139.125,35.9275]]]},"properties":{"cell_id":"g_33_2","score":0.545,"twi":6.64,"hand":28.1,"dist_to_boundary":123,"curvature":0.0053,"spring_kde":0}},{"type":"Feature","geometry":{"type":"Polygon","coordinates":[[[139.1275,35.9275],[139.13,35.9275],[139.13,35.93],[139.1275,35.93],[139.1275,35.9275]]]},"properties":{"cell_id":"g_34_2","score":0.488,"twi":6.08,"hand":44.8,"dist_to_boundary":8,"curvature":0.0003,"spring_kde":0}},{"type":"Feature","geometry":{"type":"Polygon","coordinates":[[[139.13,35.9275],[139.1325,35.9275],[139.1325,35.93],[139.13,35.93],[139.13,35.9275]]]},"properties":{"cell_id":"g_35_2","score":0.39,"twi":6.09,"hand":102.8,"dist_to_boundary":6,"curvature":-0.0045,"spring_kde":0}},{"type":"Feature","geometry":{"type":"Polygon","coordinates":[[[139.1325,35.9275],[139.135,35.9275],[139.135,35.93],[139.1325,35.93],[139.1325,35.9275]]]},"properties":{"cell_id":"g_36_2","score":0.366,"twi":6.31,"hand":109.8,"dist_to_boundary":137,"curvature":-0.0035,"spring_kde":0}},{"type":"Feature","geometry":{"type":"Polygon","coordinates":[[[139.135,35.9275],[139.1375,35.9275],[139.1375,35.93],[139.135,35.93],[139.135,35.9275]]]},"properties":{"cell_id":"g_37_2","score":0.458,"twi":5.99,"hand":59.3,"dist_to_boundary":10,"curvature":-0.0011,"spring_kde":0}},{"type":"Feature","geometry":{"type":"Polygon","coordinates":[[[139.1375,35.9275],[139.14,35.9275],[139.14,35.93],[139.1375,35.93],[139.1375,35.9275]]]},"properties":{"cell_id":"g_38_2","score":0.506,"twi":6.3,"hand":40.2,"dist_to_boundary":66,"curvature":0.0029,"spring_kde":0}},{"type":"Feature","geometry":{"type":"Polygon","coordinates":[[[139.14,35.9275],[139.1425,35.9275],[139.1425,35.93],[139.14,35.93],[139.14,35.9275]]]},"properties":{"cell_id":"g_39_2","score":0.506,"twi":6.33,"hand":42.2,"dist_to_boundary":11,"curvature":0.0015,"spring_kde":0}},{"type":"Feature","geometry":{"type":"Polygon","coordinates":[[[139.1425,35.9275],[139.145,35.9275],[139.145,35.93],[139.1425,35.93],[139.1425,35.9275]]]},"properties":{"cell_id":"g_40_2","score":0.425,"twi":6.11,"hand":78,"dist_to_boundary":33,"curvature":-0.0005,"spring_kde":0}},{"type":"Feature","geometry":{"type":"Polygon","coordinates":[[[139.145,35.9275],[139.1475,35.9275],[139.1475,35.93],[139.145,35.93],[139.145,35.9275]]]},"properties":{"cell_id":"g_41_2","score":0.445,"twi":6.69,"hand":81.2,"dist_to_boundary":82,"curvature":-0.0006,"spring_kde":0}},{"type":"Feature","geometry":{"type":"Polygon","coordinates":[[[139.1475,35.9275],[139.15,35.9275],[139.15,35.93],[139.1475,35.93],[139.1475,35.9275]]]},"properties":{"cell_id":"g_42_2","score":0.43,"twi":6.09,"hand":72.6,"dist_to_boundary":86,"curvature":-0.0016,"spring_kde":0}},{"type":"Feature","geometry":{"type":"Polygon","coordinates":[[[139.15,35.9275],[139.1525,35.9275],[139.1525,35.93],[139.15,35.93],[139.15,35.9275]]]},"properties":{"cell_id":"g_43_2","score":0.483,"twi":6.19,"hand":51.7,"dist_to_boundary":6,"curvature":0.0025,"spring_kde":0}},{"type":"Feature","geometry":{"type":"Polygon","coordinates":[[[139.1525,35.9275],[139.155,35.9275],[139.155,35.93],[139.1525,35.93],[139.1525,35.9275]]]},"properties":{"cell_id":"g_44_2","score":0.441,"twi":5.95,"hand":58.9,"dist_to_boundary":153,"curvature":-0.0007,"spring_kde":0}},{"type":"Feature","geometry":{"type":"Polygon","coordinates":[[[139.155,35.9275],[139.1575,35.9275],[139.1575,35.93],[139.155,35.93],[139.155,35.9275]]]},"properties":{"cell_id":"g_45_2","score":0.459,"twi":5.8,"hand":48.1,"dist_to_boundary":181,"curvature":-0.0005,"spring_kde":0}},{"type":"Feature","geometry":{"type":"Polygon","coordinates":[[[139.0425,35.93],[139.045,35.93],[139.045,35.9325],[139.0425,35.9325],[139.0425,35.93]]]},"properties":{"cell_id":"g_0_3","score":0.406,"twi":6.73,"hand":58.5,"dist_to_boundary":729,"curvature":0.0027,"spring_kde":0}},{"type":"Feature","geometry":{"type":"Polygon","coordinates":[[[139.045,35.93],[139.0475,35.93],[139.0475,35.9325],[139.045,35.9325],[139.045,35.93]]]},"properties":{"cell_id":"g_1_3","score":0.345,"twi":6.19,"hand":85.8,"dist_to_boundary":716,"curvature":-0.0004,"spring_kde":0}},{"type":"Feature","geometry":{"type":"Polygon","coordinates":[[[139.0475,35.93],[139.05,35.93],[139.05,35.9325],[139.0475,35.9325],[139.0475,35.93]]]},"properties":{"cell_id":"g_2_3","score":0.348,"twi":6.01,"hand":91.1,"dist_to_boundary":731,"curvature":-0.0001,"spring_kde":0}},{"type":"Feature","geometry":{"type":"Polygon","coordinates":[[[139.05,35.93],[139.0525,35.93],[139.0525,35.9325],[139.05,35.9325],[139.05,35.93]]]},"properties":{"cell_id":"g_3_3","score":0.347,"twi":5.98,"hand":81.8,"dist_to_boundary":785,"curvature":0.0023,"spring_kde":0}},{"type":"Feature","geometry":{"type":"Polygon","coordinates":[[[139.0525,35.93],[139.055,35.93],[139.055,35.9325],[139.0525,35.9325],[139.0525,35.93]]]},"properties":{"cell_id":"g_4_3","score":0.357,"twi":6.07,"hand":71,"dist_to_boundary":873,"curvature":-0.0016,"spring_kde":0}},{"type":"Feature","geometry":{"type":"Polygon","coordinates":[[[139.055,35.93],[139.0575,35.93],[139.0575,35.9325],[139.055,35.9325],[139.055,35.93]]]},"properties":{"cell_id":"g_5_3","score":0.405,"twi":6.19,"hand":51.2,"dist_to_boundary":899,"curvature":0.0031,"spring_kde":0}},{"type":"Feature","geometry":{"type":"Polygon","coordinates":[[[139.0575,35.93],[139.06,35.93],[139.06,35.9325],[139.0575,35.9325],[139.0575,35.93]]]},"properties":{"cell_id":"g_6_3","score":0.509,"twi":6.54,"hand":8.8,"dist_to_boundary":780,"curvature":0.0067,"spring_kde":0}},{"type":"Feature","geometry":{"type":"Polygon","coordinates":[[[139.06,35.93],[139.0625,35.93],[139.0625,35.9325],[139.06,35.9325],[139.06,35.93]]]},"properties":{"cell_id":"g_7_3","score":0.434,"twi":6.46,"hand":43.7,"dist_to_boundary":715,"curvature":-0.0008,"spring_kde":0}},{"type":"Feature","geometry":{"type":"Polygon","coordinates":[[[139.0625,35.93],[139.065,35.93],[139.065,35.9325],[139.0625,35.9325],[139.0625,35.93]]]},"properties":{"cell_id":"g_8_3","score":0.54,"twi":7.52,"hand":17.1,"dist_to_boundary":586,"curvature":0.0024,"spring_kde":0}},{"type":"Feature","geometry":{"type":"Polygon","coordinates":[[[139.065,35.93],[139.0675,35.93],[139.0675,35.9325],[139.065,35.9325],[139.065,35.93]]]},"properties":{"cell_id":"g_9_3","score":0.471,"twi":6.6,"hand":44.3,"dist_to_boundary":456,"curvature":0.005,"spring_kde":0}},{"type":"Feature","geometry":{"type":"Polygon","coordinates":[[[139.0675,35.93],[139.07,35.93],[139.07,35.9325],[139.0675,35.9325],[139.0675,35.93]]]},"properties":{"cell_id":"g_10_3","score":0.408,"twi":6.17,"hand":63.4,"dist_to_boundary":325,"curvature":-0.0049,"spring_kde":0}},{"type":"Feature","geometry":{"type":"Polygon","coordinates":[[[139.07,35.93],[139.0725,35.93],[139.0725,35.9325],[139.07,35.9325],[139.07,35.93]]]},"properties":{"cell_id":"g_11_3","score":0.411,"twi":6.14,"hand":72.3,"dist_to_boundary":195,"curvature":-0.0007,"spring_kde":0}},{"type":"Feature","geometry":{"type":"Polygon","coordinates":[[[139.0725,35.93],[139.075,35.93],[139.075,35.9325],[139.0725,35.9325],[139.0725,35.93]]]},"properties":{"cell_id":"g_12_3","score":0.467,"twi":6.04,"hand":48.1,"dist_to_boundary":64,"curvature":-0.0032,"spring_kde":0}},{"type":"Feature","geometry":{"type":"Polygon","coordinates":[[[139.075,35.93],[139.0775,35.93],[139.0775,35.9325],[139.075,35.9325],[139.075,35.93]]]},"properties":{"cell_id":"g_13_3","score":0.502,"twi":6.34,"hand":40,"dist_to_boundary":67,"curvature":0.0001,"spring_kde":0}},{"type":"Feature","geometry":{"type":"Polygon","coordinates":[[[139.0775,35.93],[139.08,35.93],[139.08,35.9325],[139.0775,35.9325],[139.0775,35.93]]]},"properties":{"cell_id":"g_14_3","score":0.471,"twi":6.1,"hand":54,"dist_to_boundary":14,"curvature":0.0008,"spring_kde":0}},{"type":"Feature","geometry":{"type":"Polygon","coordinates":[[[139.08,35.93],[139.0825,35.93],[139.0825,35.9325],[139.08,35.9325],[139.08,35.93]]]},"properties":{"cell_id":"g_15_3","score":0.417,"twi":5.89,"hand":69.1,"dist_to_boundary":196,"curvature":-0.0029,"spring_kde":0}},{"type":"Feature","geometry":{"type":"Polygon","coordinates":[[[139.0825,35.93],[139.085,35.93],[139.085,35.9325],[139.0825,35.9325],[139.0825,35.93]]]},"properties":{"cell_id":"g_16_3","score":0.464,"twi":5.99,"hand":49.6,"dist_to_boundary":377,"curvature":0.0002,"spring_kde":0}},{"type":"Feature","geometry":{"type":"Polygon","coordinates":[[[139.085,35.93],[139.0875,35.93],[139.0875,35.9325],[139.085,35.9325],[139.085,35.93]]]},"properties":{"cell_id":"g_17_3","score":0.484,"twi":6.24,"hand":33.3,"dist_to_boundary":562,"curvature":0.0025,"spring_kde":0}},{"type":"Feature","geometry":{"type":"Polygon","coordinates":[[[139.0875,35.93],[139.09,35.93],[139.09,35.9325],[139.0875,35.9325],[139.0875,35.93]]]},"properties":{"cell_id":"g_18_3","score":0.453,"twi":6.21,"hand":34.1,"dist_to_boundary":742,"curvature":0.0049,"spring_kde":0}},{"type":"Feature","geometry":{"type":"Polygon","coordinates":[[[139.09,35.93],[139.0925,35.93],[139.0925,35.9325],[139.09,35.9325],[139.09,35.93]]]},"properties":{"cell_id":"g_19_3","score":0.427,"twi":6.42,"hand":43.3,"dist_to_boundary":881,"curvature":0.006,"spring_kde":0}},{"type":"Feature","geometry":{"type":"Polygon","coordinates":[[[139.0925,35.93],[139.095,35.93],[139.095,35.9325],[139.0925,35.9325],[139.0925,35.93]]]},"properties":{"cell_id":"g_20_3","score":0.36,"twi":6.04,"hand":67.7,"dist_to_boundary":1009,"curvature":0.0007,"spring_kde":0}},{"type":"Feature","geometry":{"type":"Polygon","coordinates":[[[139.095,35.93],[139.0975,35.93],[139.0975,35.9325],[139.095,35.9325],[139.095,35.93]]]},"properties":{"cell_id":"g_21_3","score":0.334,"twi":5.99,"hand":74.3,"dist_to_boundary":1131,"curvature":0.0013,"spring_kde":0}},{"type":"Feature","geometry":{"type":"Polygon","coordinates":[[[139.0975,35.93],[139.1,35.93],[139.1,35.9325],[139.0975,35.9325],[139.0975,35.93]]]},"properties":{"cell_id":"g_22_3","score":0.264,"twi":5.73,"hand":102.7,"dist_to_boundary":1253,"curvature":-0.0069,"spring_kde":0}},{"type":"Feature","geometry":{"type":"Polygon","coordinates":[[[139.1,35.93],[139.1025,35.93],[139.1025,35.9325],[139.1,35.9325],[139.1,35.93]]]},"properties":{"cell_id":"g_23_3","score":0.33,"twi":6.15,"hand":61.1,"dist_to_boundary":1333,"curvature":0.0033,"spring_kde":0}},{"type":"Feature","geometry":{"type":"Polygon","coordinates":[[[139.1025,35.93],[139.105,35.93],[139.105,35.9325],[139.1025,35.9325],[139.1025,35.93]]]},"properties":{"cell_id":"g_24_3","score":0.398,"twi":6.18,"hand":31.6,"dist_to_boundary":1381,"curvature":0.0082,"spring_kde":0}},{"type":"Feature","geometry":{"type":"Polygon","coordinates":[[[139.105,35.93],[139.1075,35.93],[139.1075,35.9325],[139.105,35.9325],[139.105,35.93]]]},"properties":{"cell_id":"g_25_3","score":0.301,"twi":5.9,"hand":76.1,"dist_to_boundary":1174,"curvature":-0.0021,"spring_kde":0}},{"type":"Feature","geometry":{"type":"Polygon","coordinates":[[[139.1075,35.93],[139.11,35.93],[139.11,35.9325],[139.1075,35.9325],[139.1075,35.93]]]},"properties":{"cell_id":"g_26_3","score":0.349,"twi":6.16,"hand":67.2,"dist_to_boundary":953,"curvature":-0.0009,"spring_kde":0}},{"type":"Feature","geometry":{"type":"Polygon","coordinates":[[[139.11,35.93],[139.1125,35.93],[139.1125,35.9325],[139.11,35.9325],[139.11,35.93]]]},"properties":{"cell_id":"g_27_3","score":0.348,"twi":6.06,"hand":110.2,"dist_to_boundary":731,"curvature":0.0026,"spring_kde":0}},{"type":"Feature","geometry":{"type":"Polygon","coordinates":[[[139.1125,35.93],[139.115,35.93],[139.115,35.9325],[139.1125,35.9325],[139.1125,35.93]]]},"properties":{"cell_id":"g_28_3","score":0.338,"twi":5.85,"hand":108.8,"dist_to_boundary":509,"curvature":-0.006,"spring_kde":0}},{"type":"Feature","geometry":{"type":"Polygon","coordinates":[[[139.115,35.93],[139.1175,35.93],[139.1175,35.9325],[139.115,35.9325],[139.115,35.93]]]},"properties":{"cell_id":"g_29_3","score":0.34,"twi":5.96,"hand":118.2,"dist_to_boundary":288,"curvature":-0.0071,"spring_kde":0}},{"type":"Feature","geometry":{"type":"Polygon","coordinates":[[[139.1175,35.93],[139.12,35.93],[139.12,35.9325],[139.1175,35.9325],[139.1175,35.93]]]},"properties":{"cell_id":"g_30_3","score":0.421,"twi":6.01,"hand":81,"dist_to_boundary":66,"curvature":-0.0026,"spring_kde":0}},{"type":"Feature","geometry":{"type":"Polygon","coordinates":[[[139.12,35.93],[139.1225,35.93],[139.1225,35.9325],[139.12,35.9325],[139.12,35.93]]]},"properties":{"cell_id":"g_31_3","score":0.499,"twi":6.18,"hand":40.8,"dist_to_boundary":157,"curvature":0.0051,"spring_kde":0}},{"type":"Feature","geometry":{"type":"Polygon","coordinates":[[[139.1225,35.93],[139.125,35.93],[139.125,35.9325],[139.1225,35.9325],[139.1225,35.93]]]},"properties":{"cell_id":"g_32_3","score":0.507,"twi":6.49,"hand":40.8,"dist_to_boundary":32,"curvature":0.005,"spring_kde":0}},{"type":"Feature","geometry":{"type":"Polygon","coordinates":[[[139.125,35.93],[139.1275,35.93],[139.1275,35.9325],[139.125,35.9325],[139.125,35.93]]]},"properties":{"cell_id":"g_33_3","score":0.482,"twi":6,"hand":42.6,"dist_to_boundary":22,"curvature":-0.0014,"spring_kde":0}},{"type":"Feature","geometry":{"type":"Polygon","coordinates":[[[139.1275,35.93],[139.13,35.93],[139.13,35.9325],[139.1275,35.9325],[139.1275,35.93]]]},"properties":{"cell_id":"g_34_3","score":0.509,"twi":6.34,"hand":36,"dist_to_boundary":99,"curvature":0.0053,"spring_kde":0}},{"type":"Feature","geometry":{"type":"Polygon","coordinates":[[[139.13,35.93],[139.1325,35.93],[139.1325,35.9325],[139.13,35.9325],[139.13,35.93]]]},"properties":{"cell_id":"g_35_3","score":0.49,"twi":6.39,"hand":46.9,"dist_to_boundary":53,"curvature":0.0027,"spring_kde":0}},{"type":"Feature","geometry":{"type":"Polygon","coordinates":[[[139.1325,35.93],[139.135,35.93],[139.135,35.9325],[139.1325,35.9325],[139.1325,35.93]]]},"properties":{"cell_id":"g_36_3","score":0.415,"twi":6.3,"hand":89.2,"dist_to_boundary":38,"curvature":-0.0022,"spring_kde":0}},{"type":"Feature","geometry":{"type":"Polygon","coordinates":[[[139.135,35.93],[139.1375,35.93],[139.1375,35.9325],[139.135,35.9325],[139.135,35.93]]]},"properties":{"cell_id":"g_37_3","score":0.413,"twi":6.22,"hand":77.3,"dist_to_boundary":118,"curvature":-0.0019,"spring_kde":0}},{"type":"Feature","geometry":{"type":"Polygon","coordinates":[[[139.1375,35.93],[139.14,35.93],[139.14,35.9325],[139.1375,35.9325],[139.1375,35.93]]]},"properties":{"cell_id":"g_38_3","score":0.405,"twi":6.12,"hand":81.1,"dist_to_boundary":142,"curvature":-0.0024,"spring_kde":0}},{"type":"Feature","geometry":{"type":"Polygon","coordinates":[[[139.14,35.93],[139.1425,35.93],[139.1425,35.9325],[139.14,35.9325],[139.14,35.93]]]},"properties":{"cell_id":"g_39_3","score":0.374,"twi":5.94,"hand":104.8,"dist_to_boundary":65,"curvature":-0.0063,"spring_kde":0}},{"type":"Feature","geometry":{"type":"Polygon","coordinates":[[[139.1425,35.93],[139.145,35.93],[139.145,35.9325],[139.1425,35.9325],[139.1425,35.93]]]},"properties":{"cell_id":"g_40_3","score":0.426,"twi":6.15,"hand":81.7,"dist_to_boundary":15,"curvature":-0.0032,"spring_kde":0}},{"type":"Feature","geometry":{"type":"Polygon","coordinates":[[[139.145,35.93],[139.1475,35.93],[139.1475,35.9325],[139.145,35.9325],[139.145,35.93]]]},"properties":{"cell_id":"g_41_3","score":0.458,"twi":5.99,"hand":58.7,"dist_to_boundary":16,"curvature":-0.0023,"spring_kde":0}},{"type":"Feature","geometry":{"type":"Polygon","coordinates":[[[139.1475,35.93],[139.15,35.93],[139.15,35.9325],[139.1475,35.9325],[139.1475,35.93]]]},"properties":{"cell_id":"g_42_3","score":0.483,"twi":6.07,"hand":41.5,"dist_to_boundary":86,"curvature":0.0008,"spring_kde":0}},{"type":"Feature","geometry":{"type":"Polygon","coordinates":[[[139.15,35.93],[139.1525,35.93],[139.1525,35.9325],[139.15,35.9325],[139.15,35.93]]]},"properties":{"cell_id":"g_43_3","score":0.55,"twi":6.69,"hand":21.3,"dist_to_boundary":109,"curvature":0.0016,"spring_kde":0}},{"type":"Feature","geometry":{"type":"Polygon","coordinates":[[[139.1525,35.93],[139.155,35.93],[139.155,35.9325],[139.1525,35.9325],[139.1525,35.93]]]},"properties":{"cell_id":"g_44_3","score":0.482,"twi":6.07,"hand":35.9,"dist_to_boundary":114,"curvature":-0.0035,"spring_kde":0}},{"type":"Feature","geometry":{"type":"Polygon","coordinates":[[[139.155,35.93],[139.1575,35.93],[139.1575,35.9325],[139.155,35.9325],[139.155,35.93]]]},"properties":{"cell_id":"g_45_3","score":0.527,"twi":6.05,"hand":28.6,"dist_to_boundary":24,"curvature":0.0028,"spring_kde":0}},{"type":"Feature","geometry":{"type":"Polygon","coordinates":[[[139.0425,35.9325],[139.045,35.9325],[139.045,35.935],[139.0425,35.935],[139.0425,35.9325]]]},"properties":{"cell_id":"g_0_4","score":0.254,"twi":5.85,"hand":114,"dist_to_boundary":1004,"curvature":-0.0044,"spring_kde":0}},{"type":"Feature","geometry":{"type":"Polygon","coordinates":[[[139.045,35.9325],[139.0475,35.9325],[139.0475,35.935],[139.045,35.935],[139.045,35.9325]]]},"properties":{"cell_id":"g_1_4","score":0.21,"twi":6.11,"hand":144.2,"dist_to_boundary":992,"curvature":-0.0044,"spring_kde":0}},{"type":"Feature","geometry":{"type":"Polygon","coordinates":[[[139.0475,35.9325],[139.05,35.9325],[139.05,35.935],[139.0475,35.935],[139.0475,35.9325]]]},"properties":{"cell_id":"g_2_4","score":0.216,"twi":6.13,"hand":145.5,"dist_to_boundary":976,"curvature":-0.0047,"spring_kde":0}},{"type":"Feature","geometry":{"type":"Polygon","coordinates":[[[139.05,35.9325],[139.0525,35.9325],[139.0525,35.935],[139.05,35.935],[139.05,35.9325]]]},"properties":{"cell_id":"g_3_4","score":0.235,"twi":6.46,"hand":146,"dist_to_boundary":917,"curvature":-0.0056,"spring_kde":0}},{"type":"Feature","geometry":{"type":"Polygon","coordinates":[[[139.0525,35.9325],[139.055,35.9325],[139.055,35.935],[139.0525,35.935],[139.0525,35.9325]]]},"properties":{"cell_id":"g_4_4","score":0.326,"twi":6.53,"hand":93.1,"dist_to_boundary":842,"curvature":-0.0015,"spring_kde":0}},{"type":"Feature","geometry":{"type":"Polygon","coordinates":[[[139.055,35.9325],[139.0575,35.9325],[139.0575,35.935],[139.055,35.935],[139.055,35.9325]]]},"properties":{"cell_id":"g_5_4","score":0.278,"twi":6.1,"hand":120.4,"dist_to_boundary":739,"curvature":-0.0059,"spring_kde":0}},{"type":"Feature","geometry":{"type":"Polygon","coordinates":[[[139.0575,35.9325],[139.06,35.9325],[139.06,35.935],[139.0575,35.935],[139.0575,35.9325]]]},"properties":{"cell_id":"g_6_4","score":0.432,"twi":6.62,"hand":60.5,"dist_to_boundary":622,"curvature":0.0003,"spring_kde":0}},{"type":"Feature","geometry":{"type":"Polygon","coordinates":[[[139.06,35.9325],[139.0625,35.9325],[139.0625,35.935],[139.06,35.935],[139.06,35.9325]]]},"properties":{"cell_id":"g_7_4","score":0.537,"twi":7.94,"hand":41.9,"dist_to_boundary":491,"curvature":0.0012,"spring_kde":0}},{"type":"Feature","geometry":{"type":"Polygon","coordinates":[[[139.0625,35.9325],[139.065,35.9325],[139.065,35.935],[139.0625,35.935],[139.0625,35.9325]]]},"properties":{"cell_id":"g_8_4","score":0.45,"twi":6.28,"hand":47.8,"dist_to_boundary":361,"curvature":-0.0004,"spring_kde":0}},{"type":"Feature","geometry":{"type":"Polygon","coordinates":[[[139.065,35.9325],[139.0675,35.9325],[139.0675,35.935],[139.065,35.935],[139.065,35.9325]]]},"properties":{"cell_id":"g_9_4","score":0.401,"twi":5.89,"hand":79.7,"dist_to_boundary":230,"curvature":-0.0047,"spring_kde":0}},{"type":"Feature","geometry":{"type":"Polygon","coordinates":[[[139.0675,35.9325],[139.07,35.9325],[139.07,35.935],[139.0675,35.935],[139.0675,35.9325]]]},"properties":{"cell_id":"g_10_4","score":0.47,"twi":6.12,"hand":52.9,"dist_to_boundary":100,"curvature":0.0016,"spring_kde":0}},{"type":"Feature","geometry":{"type":"Polygon","coordinates":[[[139.07,35.9325],[139.0725,35.9325],[139.0725,35.935],[139.07,35.935],[139.07,35.9325]]]},"properties":{"cell_id":"g_11_4","score":0.521,"twi":6.28,"hand":33.3,"dist_to_boundary":31,"curvature":0.0025,"spring_kde":0}},{"type":"Feature","geometry":{"type":"Polygon","coordinates":[[[139.0725,35.9325],[139.075,35.9325],[139.075,35.935],[139.0725,35.935],[139.0725,35.9325]]]},"properties":{"cell_id":"g_12_4","score":0.43,"twi":6.22,"hand":66.1,"dist_to_boundary":161,"curvature":-0.0012,"spring_kde":0}},{"type":"Feature","geometry":{"type":"Polygon","coordinates":[[[139.075,35.9325],[139.0775,35.9325],[139.0775,35.935],[139.075,35.935],[139.075,35.9325]]]},"properties":{"cell_id":"g_13_4","score":0.433,"twi":6.09,"hand":76.7,"dist_to_boundary":27,"curvature":-0.0004,"spring_kde":0}},{"type":"Feature","geometry":{"type":"Polygon","coordinates":[[[139.0775,35.9325],[139.08,35.9325],[139.08,35.935],[139.0775,35.935],[139.0775,35.9325]]]},"properties":{"cell_id":"g_14_4","score":0.473,"twi":6.29,"hand":52.9,"dist_to_boundary":170,"curvature":0.0057,"spring_kde":0}},{"type":"Feature","geometry":{"type":"Polygon","coordinates":[[[139.08,35.9325],[139.0825,35.9325],[139.0825,35.935],[139.08,35.935],[139.08,35.9325]]]},"properties":{"cell_id":"g_15_4","score":0.429,"twi":5.98,"hand":56.9,"dist_to_boundary":359,"curvature":0.0007,"spring_kde":0}},{"type":"Feature","geometry":{"type":"Polygon","coordinates":[[[139.0825,35.9325],[139.085,35.9325],[139.085,35.935],[139.0825,35.935],[139.0825,35.9325]]]},"properties":{"cell_id":"g_16_4","score":0.422,"twi":6.23,"hand":50.7,"dist_to_boundary":541,"curvature":0.0032,"spring_kde":0}},{"type":"Feature","geometry":{"type":"Polygon","coordinates":[[[139.085,35.9325],[139.0875,35.9325],[139.0875,35.935],[139.085,35.935],[139.085,35.9325]]]},"properties":{"cell_id":"g_17_4","score":0.395,"twi":5.93,"hand":54.5,"dist_to_boundary":722,"curvature":0.001,"spring_kde":0}},{"type":"Feature","geometry":{"type":"Polygon","coordinates":[[[139.0875,35.9325],[139.09,35.9325],[139.09,35.935],[139.0875,35.935],[139.0875,35.9325]]]},"properties":{"cell_id":"g_18_4","score":0.4,"twi":5.84,"hand":44.2,"dist_to_boundary":903,"curvature":0.0022,"spring_kde":0}},{"type":"Feature","geometry":{"type":"Polygon","coordinates":[[[139.09,35.9325],[139.0925,35.9325],[139.0925,35.935],[139.09,35.935],[139.09,35.9325]]]},"properties":{"cell_id":"g_19_4","score":0.278,"twi":5.67,"hand":96.1,"dist_to_boundary":1090,"curvature":-0.0041,"spring_kde":0}},{"type":"Feature","geometry":{"type":"Polygon","coordinates":[[[139.0925,35.9325],[139.095,35.9325],[139.095,35.935],[139.0925,35.935],[139.0925,35.9325]]]},"properties":{"cell_id":"g_20_4","score":0.355,"twi":6.02,"hand":60.4,"dist_to_boundary":1238,"curvature":0.0056,"spring_kde":0}},{"type":"Feature","geometry":{"type":"Polygon","coordinates":[[[139.095,35.9325],[139.0975,35.9325],[139.0975,35.935],[139.095,35.935],[139.095,35.9325]]]},"properties":{"cell_id":"g_21_4","score":0.294,"twi":5.44,"hand":106.5,"dist_to_boundary":1275,"curvature":0.0038,"spring_kde":0}},{"type":"Feature","geometry":{"type":"Polygon","coordinates":[[[139.0975,35.9325],[139.1,35.9325],[139.1,35.935],[139.0975,35.935],[139.0975,35.9325]]]},"properties":{"cell_id":"g_22_4","score":0.271,"twi":5.42,"hand":103,"dist_to_boundary":1276,"curvature":-0.0072,"spring_kde":0}},{"type":"Feature","geometry":{"type":"Polygon","coordinates":[[[139.1,35.9325],[139.1025,35.9325],[139.1025,35.935],[139.1,35.935],[139.1,35.9325]]]},"properties":{"cell_id":"g_23_4","score":0.279,"twi":5.51,"hand":91.5,"dist_to_boundary":1293,"curvature":-0.0051,"spring_kde":0}},{"type":"Feature","geometry":{"type":"Polygon","coordinates":[[[139.1025,35.9325],[139.105,35.9325],[139.105,35.935],[139.1025,35.935],[139.1025,35.9325]]]},"properties":{"cell_id":"g_24_4","score":0.318,"twi":5.33,"hand":92,"dist_to_boundary":1201,"curvature":-0.0054,"spring_kde":0}},{"type":"Feature","geometry":{"type":"Polygon","coordinates":[[[139.105,35.9325],[139.1075,35.9325],[139.1075,35.935],[139.105,35.935],[139.105,35.9325]]]},"properties":{"cell_id":"g_25_4","score":0.415,"twi":5.95,"hand":41,"dist_to_boundary":1038,"curvature":0.0039,"spring_kde":0}},{"type":"Feature","geometry":{"type":"Polygon","coordinates":[[[139.1075,35.9325],[139.11,35.9325],[139.11,35.935],[139.1075,35.935],[139.1075,35.9325]]]},"properties":{"cell_id":"g_26_4","score":0.422,"twi":6.12,"hand":41.3,"dist_to_boundary":881,"curvature":0.0034,"spring_kde":0}},{"type":"Feature","geometry":{"type":"Polygon","coordinates":[[[139.11,35.9325],[139.1125,35.9325],[139.1125,35.935],[139.11,35.935],[139.11,35.9325]]]},"properties":{"cell_id":"g_27_4","score":0.379,"twi":5.56,"hand":85.9,"dist_to_boundary":686,"curvature":-0.0031,"spring_kde":0}},{"type":"Feature","geometry":{"type":"Polygon","coordinates":[[[139.1125,35.9325],[139.115,35.9325],[139.115,35.935],[139.1125,35.935],[139.1125,35.9325]]]},"properties":{"cell_id":"g_28_4","score":0.414,"twi":5.81,"hand":68.1,"dist_to_boundary":462,"curvature":0.0019,"spring_kde":0}},{"type":"Feature","geometry":{"type":"Polygon","coordinates":[[[139.115,35.9325],[139.1175,35.9325],[139.1175,35.935],[139.115,35.935],[139.115,35.9325]]]},"properties":{"cell_id":"g_29_4","score":0.372,"twi":6.02,"hand":98.7,"dist_to_boundary":238,"curvature":-0.003,"spring_kde":0}},{"type":"Feature","geometry":{"type":"Polygon","coordinates":[[[139.1175,35.9325],[139.12,35.9325],[139.12,35.935],[139.1175,35.935],[139.1175,35.9325]]]},"properties":{"cell_id":"g_30_4","score":0.475,"twi":6.36,"hand":55.1,"dist_to_boundary":16,"curvature":0.0027,"spring_kde":0}},{"type":"Feature","geometry":{"type":"Polygon","coordinates":[[[139.12,35.9325],[139.1225,35.9325],[139.1225,35.935],[139.12,35.935],[139.12,35.9325]]]},"properties":{"cell_id":"g_31_4","score":0.431,"twi":6.07,"hand":74.7,"dist_to_boundary":18,"curvature":-0.0019,"spring_kde":0}},{"type":"Feature","geometry":{"type":"Polygon","coordinates":[[[139.1225,35.9325],[139.125,35.9325],[139.125,35.935],[139.1225,35.935],[139.1225,35.9325]]]},"properties":{"cell_id":"g_32_4","score":0.399,"twi":6.01,"hand":85.4,"dist_to_boundary":99,"curvature":-0.0018,"spring_kde":0}},{"type":"Feature","geometry":{"type":"Polygon","coordinates":[[[139.125,35.9325],[139.1275,35.9325],[139.1275,35.935],[139.125,35.935],[139.125,35.9325]]]},"properties":{"cell_id":"g_33_4","score":0.431,"twi":6.03,"hand":76,"dist_to_boundary":16,"curvature":0.0005,"spring_kde":0}},{"type":"Feature","geometry":{"type":"Polygon","coordinates":[[[139.1275,35.9325],[139.13,35.9325],[139.13,35.935],[139.1275,35.935],[139.1275,35.9325]]]},"properties":{"cell_id":"g_34_4","score":0.457,"twi":6.06,"hand":53.3,"dist_to_boundary":92,"curvature":0.0001,"spring_kde":0}},{"type":"Feature","geometry":{"type":"Polygon","coordinates":[[[139.13,35.9325],[139.1325,35.9325],[139.1325,35.935],[139.13,35.935],[139.13,35.9325]]]},"properties":{"cell_id":"g_35_4","score":0.402,"twi":5.91,"hand":89.3,"dist_to_boundary":117,"curvature":-0.0011,"spring_kde":0}},{"type":"Feature","geometry":{"type":"Polygon","coordinates":[[[139.1325,35.9325],[139.135,35.9325],[139.135,35.935],[139.1325,35.935],[139.1325,35.9325]]]},"properties":{"cell_id":"g_36_4","score":0.443,"twi":6.27,"hand":68.1,"dist_to_boundary":38,"curvature":-0.0009,"spring_kde":0}},{"type":"Feature","geometry":{"type":"Polygon","coordinates":[[[139.135,35.9325],[139.1375,35.9325],[139.1375,35.935],[139.135,35.935],[139.135,35.9325]]]},"properties":{"cell_id":"g_37_4","score":0.49,"twi":6.33,"hand":45.7,"dist_to_boundary":40,"curvature":0.0047,"spring_kde":0}},{"type":"Feature","geometry":{"type":"Polygon","coordinates":[[[139.1375,35.9325],[139.14,35.9325],[139.14,35.935],[139.1375,35.935],[139.1375,35.9325]]]},"properties":{"cell_id":"g_38_4","score":0.524,"twi":6.26,"hand":27.4,"dist_to_boundary":13,"curvature":0.0074,"spring_kde":0}},{"type":"Feature","geometry":{"type":"Polygon","coordinates":[[[139.14,35.9325],[139.1425,35.9325],[139.1425,35.935],[139.14,35.935],[139.14,35.9325]]]},"properties":{"cell_id":"g_39_4","score":0.446,"twi":5.72,"hand":52.2,"dist_to_boundary":89,"curvature":-0.0051,"spring_kde":0}},{"type":"Feature","geometry":{"type":"Polygon","coordinates":[[[139.1425,35.9325],[139.145,35.9325],[139.145,35.935],[139.1425,35.935],[139.1425,35.9325]]]},"properties":{"cell_id":"g_40_4","score":0.496,"twi":5.98,"hand":34.4,"dist_to_boundary":5,"curvature":-0.0001,"spring_kde":0}},{"type":"Feature","geometry":{"type":"Polygon","coordinates":[[[139.145,35.9325],[139.1475,35.9325],[139.1475,35.935],[139.145,35.935],[139.145,35.9325]]]},"properties":{"cell_id":"g_41_4","score":0.47,"twi":6.17,"hand":53,"dist_to_boundary":65,"curvature":0.002,"spring_kde":0}},{"type":"Feature","geometry":{"type":"Polygon","coordinates":[[[139.1475,35.9325],[139.15,35.9325],[139.15,35.935],[139.1475,35.935],[139.1475,35.9325]]]},"properties":{"cell_id":"g_42_4","score":0.504,"twi":6.23,"hand":32.4,"dist_to_boundary":113,"curvature":0.0038,"spring_kde":0}},{"type":"Feature","geometry":{"type":"Polygon","coordinates":[[[139.15,35.9325],[139.1525,35.9325],[139.1525,35.935],[139.15,35.935],[139.15,35.9325]]]},"properties":{"cell_id":"g_43_4","score":0.517,"twi":6.32,"hand":23.1,"dist_to_boundary":150,"curvature":0.0004,"spring_kde":0}},{"type":"Feature","geometry":{"type":"Polygon","coordinates":[[[139.1525,35.9325],[139.155,35.9325],[139.155,35.935],[139.1525,35.935],[139.1525,35.9325]]]},"properties":{"cell_id":"g_44_4","score":0.562,"twi":6.77,"hand":14.9,"dist_to_boundary":67,"curvature":0.0026,"spring_kde":0}},{"type":"Feature","geometry":{"type":"Polygon","coordinates":[[[139.155,35.9325],[139.1575,35.9325],[139.1575,35.935],[139.155,35.935],[139.155,35.9325]]]},"properties":{"cell_id":"g_45_4","score":0.502,"twi":6.07,"hand":26.1,"dist_to_boundary":223,"curvature":0.0015,"spring_kde":0}},{"type":"Feature","geometry":{"type":"Polygon","coordinates":[[[139.0425,35.935],[139.045,35.935],[139.045,35.9375],[139.0425,35.9375],[139.0425,35.935]]]},"properties":{"cell_id":"g_0_5","score":0.354,"twi":6.09,"hand":63.7,"dist_to_boundary":874,"curvature":-0.0016,"spring_kde":0}},{"type":"Feature","geometry":{"type":"Polygon","coordinates":[[[139.045,35.935],[139.0475,35.935],[139.0475,35.9375],[139.045,35.9375],[139.045,35.935]]]},"properties":{"cell_id":"g_1_5","score":0.302,"twi":6.55,"hand":113.9,"dist_to_boundary":779,"curvature":-0.0038,"spring_kde":0}},{"type":"Feature","geometry":{"type":"Polygon","coordinates":[[[139.0475,35.935],[139.05,35.935],[139.05,35.9375],[139.0475,35.9375],[139.0475,35.935]]]},"properties":{"cell_id":"g_2_5","score":0.417,"twi":6.7,"hand":52.4,"dist_to_boundary":710,"curvature":0.0017,"spring_kde":0}},{"type":"Feature","geometry":{"type":"Polygon","coordinates":[[[139.05,35.935],[139.0525,35.935],[139.0525,35.9375],[139.05,35.9375],[139.05,35.935]]]},"properties":{"cell_id":"g_3_5","score":0.354,"twi":6.54,"hand":98.8,"dist_to_boundary":651,"curvature":0,"spring_kde":0}},{"type":"Feature","geometry":{"type":"Polygon","coordinates":[[[139.0525,35.935],[139.055,35.935],[139.055,35.9375],[139.0525,35.9375],[139.0525,35.935]]]},"properties":{"cell_id":"g_4_5","score":0.289,"twi":6.45,"hand":135.4,"dist_to_boundary":592,"curvature":-0.0045,"spring_kde":0}},{"type":"Feature","geometry":{"type":"Polygon","coordinates":[[[139.055,35.935],[139.0575,35.935],[139.0575,35.9375],[139.055,35.9375],[139.055,35.935]]]},"properties":{"cell_id":"g_5_5","score":0.471,"twi":6.76,"hand":44.8,"dist_to_boundary":492,"curvature":0.0027,"spring_kde":0}},{"type":"Feature","geometry":{"type":"Polygon","coordinates":[[[139.0575,35.935],[139.06,35.935],[139.06,35.9375],[139.0575,35.9375],[139.0575,35.935]]]},"properties":{"cell_id":"g_6_5","score":0.566,"twi":7.79,"hand":26.2,"dist_to_boundary":390,"curvature":0.0051,"spring_kde":0}},{"type":"Feature","geometry":{"type":"Polygon","coordinates":[[[139.06,35.935],[139.0625,35.935],[139.0625,35.9375],[139.06,35.9375],[139.06,35.935]]]},"properties":{"cell_id":"g_7_5","score":0.582,"twi":7.89,"hand":26.6,"dist_to_boundary":266,"curvature":0.0042,"spring_kde":0}},{"type":"Feature","geometry":{"type":"Polygon","coordinates":[[[139.0625,35.935],[139.065,35.935],[139.065,35.9375],[139.0625,35.9375],[139.0625,35.935]]]},"properties":{"cell_id":"g_8_5","score":0.544,"twi":7.12,"hand":30.1,"dist_to_boundary":136,"curvature":0.0033,"spring_kde":0}},{"type":"Feature","geometry":{"type":"Polygon","coordinates":[[[139.065,35.935],[139.0675,35.935],[139.0675,35.9375],[139.065,35.9375],[139.065,35.935]]]},"properties":{"cell_id":"g_9_5","score":0.52,"twi":6.36,"hand":36.4,"dist_to_boundary":5,"curvature":0.0055,"spring_kde":0}},{"type":"Feature","geometry":{"type":"Polygon","coordinates":[[[139.0675,35.935],[139.07,35.935],[139.07,35.9375],[139.0675,35.9375],[139.0675,35.935]]]},"properties":{"cell_id":"g_10_5","score":0.48,"twi":6.32,"hand":49.6,"dist_to_boundary":126,"curvature":0.0011,"spring_kde":0}},{"type":"Feature","geometry":{"type":"Polygon","coordinates":[[[139.07,35.935],[139.0725,35.935],[139.0725,35.9375],[139.07,35.9375],[139.07,35.935]]]},"properties":{"cell_id":"g_11_5","score":0.373,"twi":6.22,"hand":103.3,"dist_to_boundary":159,"curvature":-0.0048,"spring_kde":0}},{"type":"Feature","geometry":{"type":"Polygon","coordinates":[[[139.0725,35.935],[139.075,35.935],[139.075,35.9375],[139.0725,35.9375],[139.0725,35.935]]]},"properties":{"cell_id":"g_12_5","score":0.465,"twi":6.03,"hand":65.4,"dist_to_boundary":31,"curvature":0.0065,"spring_kde":0}},{"type":"Feature","geometry":{"type":"Polygon","coordinates":[[[139.075,35.935],[139.0775,35.935],[139.0775,35.9375],[139.075,35.9375],[139.075,35.935]]]},"properties":{"cell_id":"g_13_5","score":0.309,"twi":5.68,"hand":147.3,"dist_to_boundary":130,"curvature":-0.0056,"spring_kde":0}},{"type":"Feature","geometry":{"type":"Polygon","coordinates":[[[139.0775,35.935],[139.08,35.935],[139.08,35.9375],[139.0775,35.9375],[139.0775,35.935]]]},"properties":{"cell_id":"g_14_5","score":0.406,"twi":6.23,"hand":79.2,"dist_to_boundary":315,"curvature":-0.0017,"spring_kde":0}},{"type":"Feature","geometry":{"type":"Polygon","coordinates":[[[139.08,35.935],[139.0825,35.935],[139.0825,35.9375],[139.08,35.9375],[139.08,35.935]]]},"properties":{"cell_id":"g_15_5","score":0.388,"twi":5.88,"hand":76,"dist_to_boundary":501,"curvature":0.0033,"spring_kde":0}},{"type":"Feature","geometry":{"type":"Polygon","coordinates":[[[139.0825,35.935],[139.085,35.935],[139.085,35.9375],[139.0825,35.9375],[139.0825,35.935]]]},"properties":{"cell_id":"g_16_5","score":0.377,"twi":5.79,"hand":80.2,"dist_to_boundary":698,"curvature":0.0055,"spring_kde":0}},{"type":"Feature","geometry":{"type":"Polygon","coordinates":[[[139.085,35.935],[139.0875,35.935],[139.0875,35.9375],[139.085,35.9375],[139.085,35.935]]]},"properties":{"cell_id":"g_17_5","score":0.287,"twi":5.74,"hand":105.6,"dist_to_boundary":886,"curvature":-0.0058,"spring_kde":0}},{"type":"Feature","geometry":{"type":"Polygon","coordinates":[[[139.0875,35.935],[139.09,35.935],[139.09,35.9375],[139.0875,35.9375],[139.0875,35.935]]]},"properties":{"cell_id":"g_18_5","score":0.235,"twi":5.63,"hand":137.5,"dist_to_boundary":1068,"curvature":-0.0026,"spring_kde":0}},{"type":"Feature","geometry":{"type":"Polygon","coordinates":[[[139.09,35.935],[139.0925,35.935],[139.0925,35.9375],[139.09,35.9375],[139.09,35.935]]]},"properties":{"cell_id":"g_19_5","score":0.301,"twi":5.37,"hand":102.8,"dist_to_boundary":1111,"curvature":-0.005,"spring_kde":0}},{"type":"Feature","geometry":{"type":"Polygon","coordinates":[[[139.0925,35.935],[139.095,35.935],[139.095,35.9375],[139.0925,35.9375],[139.0925,35.935]]]},"properties":{"cell_id":"g_20_5","score":0.299,"twi":5.7,"hand":98.5,"dist_to_boundary":1032,"curvature":-0.0003,"spring_kde":0}},{"type":"Feature","geometry":{"type":"Polygon","coordinates":[[[139.095,35.935],[139.0975,35.935],[139.0975,35.9375],[139.095,35.9375],[139.095,35.935]]]},"properties":{"cell_id":"g_21_5","score":0.242,"twi":5.65,"hand":135.7,"dist_to_boundary":999,"curvature":-0.0098,"spring_kde":0}},{"type":"Feature","geometry":{"type":"Polygon","coordinates":[[[139.0975,35.935],[139.1,35.935],[139.1,35.9375],[139.0975,35.9375],[139.0975,35.935]]]},"properties":{"cell_id":"g_22_5","score":0.333,"twi":5.9,"hand":79.6,"dist_to_boundary":1000,"curvature":-0.0005,"spring_kde":0}},{"type":"Feature","geometry":{"type":"Polygon","coordinates":[[[139.1,35.935],[139.1025,35.935],[139.1025,35.9375],[139.1,35.9375],[139.1,35.935]]]},"properties":{"cell_id":"g_23_5","score":0.407,"twi":6.04,"hand":48.1,"dist_to_boundary":1017,"curvature":0.0056,"spring_kde":0}},{"type":"Feature","geometry":{"type":"Polygon","coordinates":[[[139.1025,35.935],[139.105,35.935],[139.105,35.9375],[139.1025,35.9375],[139.1025,35.935]]]},"properties":{"cell_id":"g_24_5","score":0.265,"twi":5.61,"hand":108.3,"dist_to_boundary":1005,"curvature":-0.0049,"spring_kde":0}},{"type":"Feature","geometry":{"type":"Polygon","coordinates":[[[139.105,35.935],[139.1075,35.935],[139.1075,35.9375],[139.105,35.9375],[139.105,35.935]]]},"properties":{"cell_id":"g_25_5","score":0.376,"twi":5.77,"hand":62.3,"dist_to_boundary":847,"curvature":0.0013,"spring_kde":0}},{"type":"Feature","geometry":{"type":"Polygon","coordinates":[[[139.1075,35.935],[139.11,35.935],[139.11,35.9375],[139.1075,35.9375],[139.1075,35.935]]]},"properties":{"cell_id":"g_26_5","score":0.339,"twi":5.67,"hand":96.3,"dist_to_boundary":684,"curvature":-0.003,"spring_kde":0}},{"type":"Feature","geometry":{"type":"Polygon","coordinates":[[[139.11,35.935],[139.1125,35.935],[139.1125,35.9375],[139.11,35.9375],[139.11,35.935]]]},"properties":{"cell_id":"g_27_5","score":0.447,"twi":6,"hand":49.8,"dist_to_boundary":525,"curvature":0.0033,"spring_kde":0}},{"type":"Feature","geometry":{"type":"Polygon","coordinates":[[[139.1125,35.935],[139.115,35.935],[139.115,35.9375],[139.1125,35.9375],[139.1125,35.935]]]},"properties":{"cell_id":"g_28_5","score":0.448,"twi":6.07,"hand":56.6,"dist_to_boundary":385,"curvature":0.004,"spring_kde":0}},{"type":"Feature","geometry":{"type":"Polygon","coordinates":[[[139.115,35.935],[139.1175,35.935],[139.1175,35.9375],[139.115,35.9375],[139.115,35.935]]]},"properties":{"cell_id":"g_29_5","score":0.37,"twi":6.38,"hand":105.3,"dist_to_boundary":214,"curvature":-0.0018,"spring_kde":0}},{"type":"Feature","geometry":{"type":"Polygon","coordinates":[[[139.1175,35.935],[139.12,35.935],[139.12,35.9375],[139.1175,35.9375],[139.1175,35.935]]]},"properties":{"cell_id":"g_30_5","score":0.511,"twi":6.29,"hand":38,"dist_to_boundary":11,"curvature":0.0033,"spring_kde":0}},{"type":"Feature","geometry":{"type":"Polygon","coordinates":[[[139.12,35.935],[139.1225,35.935],[139.1225,35.9375],[139.12,35.9375],[139.12,35.935]]]},"properties":{"cell_id":"g_31_5","score":0.514,"twi":6.3,"hand":43.6,"dist_to_boundary":11,"curvature":0.0051,"spring_kde":0}},{"type":"Feature","geometry":{"type":"Polygon","coordinates":[[[139.1225,35.935],[139.125,35.935],[139.125,35.9375],[139.1225,35.9375],[139.1225,35.935]]]},"properties":{"cell_id":"g_32_5","score":0.405,"twi":5.63,"hand":99.3,"dist_to_boundary":110,"curvature":-0.0015,"spring_kde":0}},{"type":"Feature","geometry":{"type":"Polygon","coordinates":[[[139.125,35.935],[139.1275,35.935],[139.1275,35.9375],[139.125,35.9375],[139.125,35.935]]]},"properties":{"cell_id":"g_33_5","score":0.342,"twi":5.92,"hand":124.3,"dist_to_boundary":25,"curvature":-0.0067,"spring_kde":0}},{"type":"Feature","geometry":{"type":"Polygon","coordinates":[[[139.1275,35.935],[139.13,35.935],[139.13,35.9375],[139.1275,35.9375],[139.1275,35.935]]]},"properties":{"cell_id":"g_34_5","score":0.395,"twi":5.88,"hand":89,"dist_to_boundary":62,"curvature":-0.0046,"spring_kde":0}},{"type":"Feature","geometry":{"type":"Polygon","coordinates":[[[139.13,35.935],[139.1325,35.935],[139.1325,35.9375],[139.13,35.9375],[139.13,35.935]]]},"properties":{"cell_id":"g_35_5","score":0.419,"twi":6.06,"hand":72.1,"dist_to_boundary":141,"curvature":-0.0014,"spring_kde":0}},{"type":"Feature","geometry":{"type":"Polygon","coordinates":[[[139.1325,35.935],[139.135,35.935],[139.135,35.9375],[139.1325,35.9375],[139.1325,35.935]]]},"properties":{"cell_id":"g_36_5","score":0.463,"twi":6.23,"hand":51,"dist_to_boundary":105,"curvature":-0.0012,"spring_kde":0}},{"type":"Feature","geometry":{"type":"Polygon","coordinates":[[[139.135,35.935],[139.1375,35.935],[139.1375,35.9375],[139.135,35.9375],[139.135,35.935]]]},"properties":{"cell_id":"g_37_5","score":0.465,"twi":6.17,"hand":51,"dist_to_boundary":31,"curvature":-0.0016,"spring_kde":0}},{"type":"Feature","geometry":{"type":"Polygon","coordinates":[[[139.1375,35.935],[139.14,35.935],[139.14,35.9375],[139.1375,35.9375],[139.1375,35.935]]]},"properties":{"cell_id":"g_38_5","score":0.473,"twi":6.07,"hand":46.8,"dist_to_boundary":14,"curvature":0.0014,"spring_kde":0}},{"type":"Feature","geometry":{"type":"Polygon","coordinates":[[[139.14,35.935],[139.1425,35.935],[139.1425,35.9375],[139.14,35.9375],[139.14,35.935]]]},"properties":{"cell_id":"g_39_5","score":0.489,"twi":6.29,"hand":39.1,"dist_to_boundary":144,"curvature":0.0038,"spring_kde":0}},{"type":"Feature","geometry":{"type":"Polygon","coordinates":[[[139.1425,35.935],[139.145,35.935],[139.145,35.9375],[139.1425,35.9375],[139.1425,35.935]]]},"properties":{"cell_id":"g_40_5","score":0.489,"twi":6.26,"hand":33.7,"dist_to_boundary":259,"curvature":0.0041,"spring_kde":0}},{"type":"Feature","geometry":{"type":"Polygon","coordinates":[[[139.145,35.935],[139.1475,35.935],[139.1475,35.9375],[139.145,35.9375],[139.145,35.935]]]},"properties":{"cell_id":"g_41_5","score":0.432,"twi":6.06,"hand":54.9,"dist_to_boundary":335,"curvature":-0.0017,"spring_kde":0}},{"type":"Feature","geometry":{"type":"Polygon","coordinates":[[[139.1475,35.935],[139.15,35.935],[139.15,35.9375],[139.1475,35.9375],[139.1475,35.935]]]},"properties":{"cell_id":"g_42_5","score":0.443,"twi":5.95,"hand":43.3,"dist_to_boundary":384,"curvature":-0.0002,"spring_kde":0}},{"type":"Feature","geometry":{"type":"Polygon","coordinates":[[[139.15,35.935],[139.1525,35.935],[139.1525,35.9375],[139.15,35.9375],[139.15,35.935]]]},"properties":{"cell_id":"g_43_5","score":0.466,"twi":5.96,"hand":41.7,"dist_to_boundary":185,"curvature":-0.0004,"spring_kde":0}},{"type":"Feature","geometry":{"type":"Polygon","coordinates":[[[139.1525,35.935],[139.155,35.935],[139.155,35.9375],[139.1525,35.9375],[139.1525,35.935]]]},"properties":{"cell_id":"g_44_5","score":0.547,"twi":6.75,"hand":23.7,"dist_to_boundary":38,"curvature":0.0005,"spring_kde":0}},{"type":"Feature","geometry":{"type":"Polygon","coordinates":[[[139.155,35.935],[139.1575,35.935],[139.1575,35.9375],[139.155,35.9375],[139.155,35.935]]]},"properties":{"cell_id":"g_45_5","score":0.532,"twi":6.04,"hand":27.1,"dist_to_boundary":21,"curvature":0.0025,"spring_kde":0}},{"type":"Feature","geometry":{"type":"Polygon","coordinates":[[[139.0425,35.9375],[139.045,35.9375],[139.045,35.94],[139.0425,35.94],[139.0425,35.9375]]]},"properties":{"cell_id":"g_0_6","score":0.413,"twi":6.4,"hand":55,"dist_to_boundary":621,"curvature":0.004,"spring_kde":0}},{"type":"Feature","geometry":{"type":"Polygon","coordinates":[[[139.045,35.9375],[139.0475,35.9375],[139.0475,35.94],[139.045,35.94],[139.045,35.9375]]]},"properties":{"cell_id":"g_1_6","score":0.337,"twi":6.34,"hand":100.2,"dist_to_boundary":531,"curvature":-0.0018,"spring_kde":0}},{"type":"Feature","geometry":{"type":"Polygon","coordinates":[[[139.0475,35.9375],[139.05,35.9375],[139.05,35.94],[139.0475,35.94],[139.0475,35.9375]]]},"properties":{"cell_id":"g_2_6","score":0.433,"twi":7.05,"hand":68.8,"dist_to_boundary":446,"curvature":0.0037,"spring_kde":0}},{"type":"Feature","geometry":{"type":"Polygon","coordinates":[[[139.05,35.9375],[139.0525,35.9375],[139.0525,35.94],[139.05,35.94],[139.05,35.9375]]]},"properties":{"cell_id":"g_3_6","score":0.431,"twi":6.67,"hand":64.8,"dist_to_boundary":384,"curvature":0.0039,"spring_kde":0}},{"type":"Feature","geometry":{"type":"Polygon","coordinates":[[[139.0525,35.9375],[139.055,35.9375],[139.055,35.94],[139.0525,35.94],[139.0525,35.9375]]]},"properties":{"cell_id":"g_4_6","score":0.48,"twi":6.74,"hand":50.5,"dist_to_boundary":325,"curvature":0.0038,"spring_kde":0}},{"type":"Feature","geometry":{"type":"Polygon","coordinates":[[[139.055,35.9375],[139.0575,35.9375],[139.0575,35.94],[139.055,35.94],[139.055,35.9375]]]},"properties":{"cell_id":"g_5_6","score":0.601,"twi":7.64,"hand":11.1,"dist_to_boundary":247,"curvature":0.0018,"spring_kde":0}},{"type":"Feature","geometry":{"type":"Polygon","coordinates":[[[139.0575,35.9375],[139.06,35.9375],[139.06,35.94],[139.0575,35.94],[139.0575,35.9375]]]},"properties":{"cell_id":"g_6_6","score":0.604,"twi":7.72,"hand":16,"dist_to_boundary":144,"curvature":0.0032,"spring_kde":0}},{"type":"Feature","geometry":{"type":"Polygon","coordinates":[[[139.06,35.9375],[139.0625,35.9375],[139.0625,35.94],[139.06,35.94],[139.06,35.9375]]]},"properties":{"cell_id":"g_7_6","score":0.492,"twi":6.6,"hand":52.5,"dist_to_boundary":37,"curvature":-0.0011,"spring_kde":0}},{"type":"Feature","geometry":{"type":"Polygon","coordinates":[[[139.0625,35.9375],[139.065,35.9375],[139.065,35.94],[139.0625,35.94],[139.0625,35.9375]]]},"properties":{"cell_id":"g_8_6","score":0.464,"twi":6.37,"hand":51.3,"dist_to_boundary":90,"curvature":-0.0042,"spring_kde":0}},{"type":"Feature","geometry":{"type":"Polygon","coordinates":[[[139.065,35.9375],[139.0675,35.9375],[139.0675,35.94],[139.065,35.94],[139.065,35.9375]]]},"properties":{"cell_id":"g_9_6","score":0.452,"twi":6.61,"hand":63.9,"dist_to_boundary":203,"curvature":-0.0013,"spring_kde":0}},{"type":"Feature","geometry":{"type":"Polygon","coordinates":[[[139.0675,35.9375],[139.07,35.9375],[139.07,35.94],[139.0675,35.94],[139.0675,35.9375]]]},"properties":{"cell_id":"g_10_6","score":0.407,"twi":6.48,"hand":96,"dist_to_boundary":39,"curvature":0,"spring_kde":0}},{"type":"Feature","geometry":{"type":"Polygon","coordinates":[[[139.07,35.9375],[139.0725,35.9375],[139.0725,35.94],[139.07,35.94],[139.07,35.9375]]]},"properties":{"cell_id":"g_11_6","score":0.315,"twi":6.12,"hand":144.2,"dist_to_boundary":83,"curvature":-0.0058,"spring_kde":0}},{"type":"Feature","geometry":{"type":"Polygon","coordinates":[[[139.0725,35.9375],[139.075,35.9375],[139.075,35.94],[139.0725,35.94],[139.0725,35.9375]]]},"properties":{"cell_id":"g_12_6","score":0.392,"twi":5.87,"hand":91.4,"dist_to_boundary":194,"curvature":-0.0018,"spring_kde":0}},{"type":"Feature","geometry":{"type":"Polygon","coordinates":[[[139.075,35.9375],[139.0775,35.9375],[139.0775,35.94],[139.075,35.94],[139.075,35.9375]]]},"properties":{"cell_id":"g_13_6","score":0.389,"twi":6.12,"hand":86.6,"dist_to_boundary":324,"curvature":0.0006,"spring_kde":0}},{"type":"Feature","geometry":{"type":"Polygon","coordinates":[[[139.0775,35.9375],[139.08,35.9375],[139.08,35.94],[139.0775,35.94],[139.0775,35.9375]]]},"properties":{"cell_id":"g_14_6","score":0.323,"twi":5.66,"hand":111,"dist_to_boundary":484,"curvature":-0.0079,"spring_kde":0}},{"type":"Feature","geometry":{"type":"Polygon","coordinates":[[[139.08,35.9375],[139.0825,35.9375],[139.0825,35.94],[139.08,35.94],[139.08,35.9375]]]},"properties":{"cell_id":"g_15_6","score":0.328,"twi":5.54,"hand":97.8,"dist_to_boundary":657,"curvature":-0.0027,"spring_kde":0}},{"type":"Feature","geometry":{"type":"Polygon","coordinates":[[[139.0825,35.9375],[139.085,35.9375],[139.085,35.94],[139.0825,35.94],[139.0825,35.9375]]]},"properties":{"cell_id":"g_16_6","score":0.337,"twi":5.73,"hand":79.5,"dist_to_boundary":843,"curvature":-0.004,"spring_kde":0}},{"type":"Feature","geometry":{"type":"Polygon","coordinates":[[[139.085,35.9375],[139.0875,35.9375],[139.0875,35.94],[139.085,35.94],[139.085,35.9375]]]},"properties":{"cell_id":"g_17_6","score":0.346,"twi":5.98,"hand":68.3,"dist_to_boundary":1029,"curvature":0.0026,"spring_kde":0}},{"type":"Feature","geometry":{"type":"Polygon","coordinates":[[[139.0875,35.9375],[139.09,35.9375],[139.09,35.94],[139.0875,35.94],[139.0875,35.9375]]]},"properties":{"cell_id":"g_18_6","score":0.289,"twi":5.59,"hand":105,"dist_to_boundary":1012,"curvature":-0.0041,"spring_kde":0}},{"type":"Feature","geometry":{"type":"Polygon","coordinates":[[[139.09,35.9375],[139.0925,35.9375],[139.0925,35.94],[139.09,35.94],[139.09,35.9375]]]},"properties":{"cell_id":"g_19_6","score":0.401,"twi":5.97,"hand":52.1,"dist_to_boundary":871,"curvature":0.0037,"spring_kde":0}},{"type":"Feature","geometry":{"type":"Polygon","coordinates":[[[139.0925,35.9375],[139.095,35.9375],[139.095,35.94],[139.0925,35.94],[139.0925,35.9375]]]},"properties":{"cell_id":"g_20_6","score":0.364,"twi":6.08,"hand":73.5,"dist_to_boundary":768,"curvature":-0.0015,"spring_kde":0}},{"type":"Feature","geometry":{"type":"Polygon","coordinates":[[[139.095,35.9375],[139.0975,35.9375],[139.0975,35.94],[139.095,35.94],[139.095,35.9375]]]},"properties":{"cell_id":"g_21_6","score":0.334,"twi":6.01,"hand":89.7,"dist_to_boundary":722,"curvature":-0.0035,"spring_kde":0}},{"type":"Feature","geometry":{"type":"Polygon","coordinates":[[[139.0975,35.9375],[139.1,35.9375],[139.1,35.94],[139.0975,35.94],[139.0975,35.9375]]]},"properties":{"cell_id":"g_22_6","score":0.416,"twi":6,"hand":57.4,"dist_to_boundary":724,"curvature":0.0062,"spring_kde":0}},{"type":"Feature","geometry":{"type":"Polygon","coordinates":[[[139.1,35.9375],[139.1025,35.9375],[139.1025,35.94],[139.1,35.94],[139.1,35.9375]]]},"properties":{"cell_id":"g_23_6","score":0.427,"twi":5.69,"hand":58.1,"dist_to_boundary":742,"curvature":0.0017,"spring_kde":0}},{"type":"Feature","geometry":{"type":"Polygon","coordinates":[[[139.1025,35.9375],[139.105,35.9375],[139.105,35.94],[139.1025,35.94],[139.1025,35.9375]]]},"properties":{"cell_id":"g_24_6","score":0.405,"twi":6.03,"hand":56,"dist_to_boundary":769,"curvature":0.0035,"spring_kde":0}},{"type":"Feature","geometry":{"type":"Polygon","coordinates":[[[139.105,35.9375],[139.1075,35.9375],[139.1075,35.94],[139.105,35.94],[139.105,35.9375]]]},"properties":{"cell_id":"g_25_6","score":0.424,"twi":6.11,"hand":46.5,"dist_to_boundary":650,"curvature":0.0016,"spring_kde":0}},{"type":"Feature","geometry":{"type":"Polygon","coordinates":[[[139.1075,35.9375],[139.11,35.9375],[139.11,35.94],[139.1075,35.94],[139.1075,35.9375]]]},"properties":{"cell_id":"g_26_6","score":0.449,"twi":6.21,"hand":48.7,"dist_to_boundary":494,"curvature":0.0041,"spring_kde":0}},{"type":"Feature","geometry":{"type":"Polygon","coordinates":[[[139.11,35.9375],[139.1125,35.9375],[139.1125,35.94],[139.11,35.94],[139.11,35.9375]]]},"properties":{"cell_id":"g_27_6","score":0.426,"twi":5.89,"hand":56.2,"dist_to_boundary":330,"curvature":-0.0021,"spring_kde":0}},{"type":"Feature","geometry":{"type":"Polygon","coordinates":[[[139.1125,35.9375],[139.115,35.9375],[139.115,35.94],[139.1125,35.94],[139.1125,35.9375]]]},"properties":{"cell_id":"g_28_6","score":0.457,"twi":6.1,"hand":57.5,"dist_to_boundary":169,"curvature":0.0009,"spring_kde":0}},{"type":"Feature","geometry":{"type":"Polygon","coordinates":[[[139.115,35.9375],[139.1175,35.9375],[139.1175,35.94],[139.115,35.94],[139.115,35.9375]]]},"properties":{"cell_id":"g_29_6","score":0.493,"twi":6.28,"hand":48.2,"dist_to_boundary":39,"curvature":0.0016,"spring_kde":0}},{"type":"Feature","geometry":{"type":"Polygon","coordinates":[[[139.1175,35.9375],[139.12,35.9375],[139.12,35.94],[139.1175,35.94],[139.1175,35.9375]]]},"properties":{"cell_id":"g_30_6","score":0.522,"twi":6.38,"hand":30.7,"dist_to_boundary":42,"curvature":0.0018,"spring_kde":0}},{"type":"Feature","geometry":{"type":"Polygon","coordinates":[[[139.12,35.9375],[139.1225,35.9375],[139.1225,35.94],[139.12,35.94],[139.12,35.9375]]]},"properties":{"cell_id":"g_31_6","score":0.464,"twi":5.82,"hand":59.7,"dist_to_boundary":20,"curvature":-0.0028,"spring_kde":0}},{"type":"Feature","geometry":{"type":"Polygon","coordinates":[[[139.1225,35.9375],[139.125,35.9375],[139.125,35.94],[139.1225,35.94],[139.1225,35.9375]]]},"properties":{"cell_id":"g_32_6","score":0.421,"twi":6.02,"hand":80.1,"dist_to_boundary":127,"curvature":0.0022,"spring_kde":0}},{"type":"Feature","geometry":{"type":"Polygon","coordinates":[[[139.125,35.9375],[139.1275,35.9375],[139.1275,35.94],[139.125,35.94],[139.125,35.9375]]]},"properties":{"cell_id":"g_33_6","score":0.433,"twi":6.03,"hand":64.3,"dist_to_boundary":225,"curvature":0.0026,"spring_kde":0}},{"type":"Feature","geometry":{"type":"Polygon","coordinates":[[[139.1275,35.9375],[139.13,35.9375],[139.13,35.94],[139.1275,35.94],[139.1275,35.9375]]]},"properties":{"cell_id":"g_34_6","score":0.38,"twi":5.97,"hand":96.5,"dist_to_boundary":113,"curvature":-0.0046,"spring_kde":0}},{"type":"Feature","geometry":{"type":"Polygon","coordinates":[[[139.13,35.9375],[139.1325,35.9375],[139.1325,35.94],[139.13,35.94],[139.13,35.9375]]]},"properties":{"cell_id":"g_35_6","score":0.428,"twi":6.29,"hand":81.8,"dist_to_boundary":4,"curvature":-0.0017,"spring_kde":0}},{"type":"Feature","geometry":{"type":"Polygon","coordinates":[[[139.1325,35.9375],[139.135,35.9375],[139.135,35.94],[139.1325,35.94],[139.1325,35.9375]]]},"properties":{"cell_id":"g_36_6","score":0.433,"twi":6.49,"hand":81.9,"dist_to_boundary":23,"curvature":-0.0022,"spring_kde":0}},{"type":"Feature","geometry":{"type":"Polygon","coordinates":[[[139.135,35.9375],[139.1375,35.9375],[139.1375,35.94],[139.135,35.94],[139.135,35.9375]]]},"properties":{"cell_id":"g_37_6","score":0.431,"twi":6.01,"hand":63.4,"dist_to_boundary":111,"curvature":-0.0033,"spring_kde":0}},{"type":"Feature","geometry":{"type":"Polygon","coordinates":[[[139.1375,35.9375],[139.14,35.9375],[139.14,35.94],[139.1375,35.94],[139.1375,35.9375]]]},"properties":{"cell_id":"g_38_6","score":0.403,"twi":5.9,"hand":70.9,"dist_to_boundary":241,"curvature":-0.0027,"spring_kde":0}},{"type":"Feature","geometry":{"type":"Polygon","coordinates":[[[139.14,35.9375],[139.1425,35.9375],[139.1425,35.94],[139.14,35.94],[139.14,35.9375]]]},"properties":{"cell_id":"g_39_6","score":0.388,"twi":5.91,"hand":78.4,"dist_to_boundary":370,"curvature":-0.0015,"spring_kde":0}},{"type":"Feature","geometry":{"type":"Polygon","coordinates":[[[139.1425,35.9375],[139.145,35.9375],[139.145,35.94],[139.1425,35.94],[139.1425,35.9375]]]},"properties":{"cell_id":"g_40_6","score":0.37,"twi":5.77,"hand":84.3,"dist_to_boundary":498,"curvature":0.0004,"spring_kde":0}},{"type":"Feature","geometry":{"type":"Polygon","coordinates":[[[139.145,35.9375],[139.1475,35.9375],[139.1475,35.94],[139.145,35.94],[139.145,35.9375]]]},"properties":{"cell_id":"g_41_6","score":0.388,"twi":5.53,"hand":66.8,"dist_to_boundary":602,"curvature":-0.0059,"spring_kde":0}},{"type":"Feature","geometry":{"type":"Polygon","coordinates":[[[139.1475,35.9375],[139.15,35.9375],[139.15,35.94],[139.1475,35.94],[139.1475,35.9375]]]},"properties":{"cell_id":"g_42_6","score":0.452,"twi":6,"hand":36.4,"dist_to_boundary":444,"curvature":0.0009,"spring_kde":0}},{"type":"Feature","geometry":{"type":"Polygon","coordinates":[[[139.15,35.9375],[139.1525,35.9375],[139.1525,35.94],[139.15,35.94],[139.15,35.9375]]]},"properties":{"cell_id":"g_43_6","score":0.418,"twi":5.81,"hand":62.4,"dist_to_boundary":221,"curvature":-0.0051,"spring_kde":0}},{"type":"Feature","geometry":{"type":"Polygon","coordinates":[[[139.1525,35.9375],[139.155,35.9375],[139.155,35.94],[139.1525,35.94],[139.1525,35.9375]]]},"properties":{"cell_id":"g_44_6","score":0.544,"twi":6.29,"hand":21.5,"dist_to_boundary":3,"curvature":0.001,"spring_kde":0}},{"type":"Feature","geometry":{"type":"Polygon","coordinates":[[[139.155,35.9375],[139.1575,35.9375],[139.1575,35.94],[139.155,35.94],[139.155,35.9375]]]},"properties":{"cell_id":"g_45_6","score":0.525,"twi":6.23,"hand":24,"dist_to_boundary":168,"curvature":0.0017,"spring_kde":0}},{"type":"Feature","geometry":{"type":"Polygon","coordinates":[[[139.0425,35.94],[139.045,35.94],[139.045,35.9425],[139.0425,35.9425],[139.0425,35.94]]]},"properties":{"cell_id":"g_0_7","score":0.343,"twi":6.28,"hand":105.9,"dist_to_boundary":383,"curvature":-0.0038,"spring_kde":0}},{"type":"Feature","geometry":{"type":"Polygon","coordinates":[[[139.045,35.94],[139.0475,35.94],[139.0475,35.9425],[139.045,35.9425],[139.045,35.94]]]},"properties":{"cell_id":"g_1_7","score":0.349,"twi":6.19,"hand":110.5,"dist_to_boundary":277,"curvature":-0.0026,"spring_kde":0}},{"type":"Feature","geometry":{"type":"Polygon","coordinates":[[[139.0475,35.94],[139.05,35.94],[139.05,35.9425],[139.0475,35.9425],[139.0475,35.94]]]},"properties":{"cell_id":"g_2_7","score":0.331,"twi":6.01,"hand":115.3,"dist_to_boundary":182,"curvature":-0.0048,"spring_kde":0}},{"type":"Feature","geometry":{"type":"Polygon","coordinates":[[[139.05,35.94],[139.0525,35.94],[139.0525,35.9425],[139.05,35.9425],[139.05,35.94]]]},"properties":{"cell_id":"g_3_7","score":0.302,"twi":6.05,"hand":143.3,"dist_to_boundary":117,"curvature":-0.0068,"spring_kde":0}},{"type":"Feature","geometry":{"type":"Polygon","coordinates":[[[139.0525,35.94],[139.055,35.94],[139.055,35.9425],[139.0525,35.9425],[139.0525,35.94]]]},"properties":{"cell_id":"g_4_7","score":0.429,"twi":5.99,"hand":72.2,"dist_to_boundary":58,"curvature":-0.0031,"spring_kde":0.001}},{"type":"Feature","geometry":{"type":"Polygon","coordinates":[[[139.055,35.94],[139.0575,35.94],[139.0575,35.9425],[139.055,35.9425],[139.055,35.94]]]},"properties":{"cell_id":"g_5_7","score":0.62,"twi":7.44,"hand":15.7,"dist_to_boundary":1,"curvature":0.0035,"spring_kde":0.001}},{"type":"Feature","geometry":{"type":"Polygon","coordinates":[[[139.0575,35.94],[139.06,35.94],[139.06,35.9425],[139.0575,35.9425],[139.0575,35.94]]]},"properties":{"cell_id":"g_6_7","score":0.57,"twi":7.15,"hand":22.4,"dist_to_boundary":102,"curvature":0.0015,"spring_kde":0.001}},{"type":"Feature","geometry":{"type":"Polygon","coordinates":[[[139.06,35.94],[139.0625,35.94],[139.0625,35.9425],[139.06,35.9425],[139.06,35.94]]]},"properties":{"cell_id":"g_7_7","score":0.47,"twi":6.34,"hand":57.7,"dist_to_boundary":155,"curvature":-0.0017,"spring_kde":0.001}},{"type":"Feature","geometry":{"type":"Polygon","coordinates":[[[139.0625,35.94],[139.065,35.94],[139.065,35.9425],[139.0625,35.9425],[139.0625,35.94]]]},"properties":{"cell_id":"g_8_7","score":0.517,"twi":6.57,"hand":39,"dist_to_boundary":63,"curvature":0.0037,"spring_kde":0.001}},{"type":"Feature","geometry":{"type":"Polygon","coordinates":[[[139.065,35.94],[139.0675,35.94],[139.0675,35.9425],[139.065,35.9425],[139.065,35.94]]]},"properties":{"cell_id":"g_9_7","score":0.447,"twi":6.33,"hand":68.7,"dist_to_boundary":31,"curvature":-0.0005,"spring_kde":0}},{"type":"Feature","geometry":{"type":"Polygon","coordinates":[[[139.0675,35.94],[139.07,35.94],[139.07,35.9425],[139.0675,35.9425],[139.0675,35.94]]]},"properties":{"cell_id":"g_10_7","score":0.421,"twi":6.15,"hand":78.3,"dist_to_boundary":151,"curvature":0.001,"spring_kde":0}},{"type":"Feature","geometry":{"type":"Polygon","coordinates":[[[139.07,35.94],[139.0725,35.94],[139.0725,35.9425],[139.07,35.9425],[139.07,35.94]]]},"properties":{"cell_id":"g_11_7","score":0.475,"twi":6.29,"hand":49.4,"dist_to_boundary":315,"curvature":0.0041,"spring_kde":0}},{"type":"Feature","geometry":{"type":"Polygon","coordinates":[[[139.0725,35.94],[139.075,35.94],[139.075,35.9425],[139.0725,35.9425],[139.0725,35.94]]]},"properties":{"cell_id":"g_12_7","score":0.462,"twi":6.02,"hand":37.8,"dist_to_boundary":434,"curvature":0.0063,"spring_kde":0}},{"type":"Feature","geometry":{"type":"Polygon","coordinates":[[[139.075,35.94],[139.0775,35.94],[139.0775,35.9425],[139.075,35.9425],[139.075,35.94]]]},"properties":{"cell_id":"g_13_7","score":0.291,"twi":5.94,"hand":123.5,"dist_to_boundary":546,"curvature":-0.0047,"spring_kde":0}},{"type":"Feature","geometry":{"type":"Polygon","coordinates":[[[139.0775,35.94],[139.08,35.94],[139.08,35.9425],[139.0775,35.9425],[139.0775,35.94]]]},"properties":{"cell_id":"g_14_7","score":0.389,"twi":5.91,"hand":60.6,"dist_to_boundary":679,"curvature":-0.0012,"spring_kde":0}},{"type":"Feature","geometry":{"type":"Polygon","coordinates":[[[139.08,35.94],[139.0825,35.94],[139.0825,35.9425],[139.08,35.9425],[139.08,35.94]]]},"properties":{"cell_id":"g_15_7","score":0.437,"twi":6.04,"hand":25.9,"dist_to_boundary":838,"curvature":0.0043,"spring_kde":0}},{"type":"Feature","geometry":{"type":"Polygon","coordinates":[[[139.0825,35.94],[139.085,35.94],[139.085,35.9425],[139.0825,35.9425],[139.0825,35.94]]]},"properties":{"cell_id":"g_16_7","score":0.333,"twi":5.73,"hand":71,"dist_to_boundary":1003,"curvature":-0.0024,"spring_kde":0}},{"type":"Feature","geometry":{"type":"Polygon","coordinates":[[[139.085,35.94],[139.0875,35.94],[139.0875,35.9425],[139.085,35.9425],[139.085,35.94]]]},"properties":{"cell_id":"g_17_7","score":0.405,"twi":6.25,"hand":40.6,"dist_to_boundary":975,"curvature":0.0052,"spring_kde":0}},{"type":"Feature","geometry":{"type":"Polygon","coordinates":[[[139.0875,35.94],[139.09,35.94],[139.09,35.9425],[139.0875,35.9425],[139.0875,35.94]]]},"properties":{"cell_id":"g_18_7","score":0.296,"twi":5.46,"hand":106.6,"dist_to_boundary":803,"curvature":-0.007,"spring_kde":0}},{"type":"Feature","geometry":{"type":"Polygon","coordinates":[[[139.09,35.94],[139.0925,35.94],[139.0925,35.9425],[139.09,35.9425],[139.09,35.94]]]},"properties":{"cell_id":"g_19_7","score":0.441,"twi":6.17,"hand":38.8,"dist_to_boundary":655,"curvature":0.0001,"spring_kde":0}},{"type":"Feature","geometry":{"type":"Polygon","coordinates":[[[139.0925,35.94],[139.095,35.94],[139.095,35.9425],[139.0925,35.9425],[139.0925,35.94]]]},"properties":{"cell_id":"g_20_7","score":0.445,"twi":6.2,"hand":40.4,"dist_to_boundary":517,"curvature":0.0024,"spring_kde":0}},{"type":"Feature","geometry":{"type":"Polygon","coordinates":[[[139.095,35.94],[139.0975,35.94],[139.0975,35.9425],[139.095,35.9425],[139.095,35.94]]]},"properties":{"cell_id":"g_21_7","score":0.414,"twi":6.06,"hand":59.6,"dist_to_boundary":446,"curvature":-0.0001,"spring_kde":0}},{"type":"Feature","geometry":{"type":"Polygon","coordinates":[[[139.0975,35.94],[139.1,35.94],[139.1,35.9425],[139.0975,35.9425],[139.0975,35.94]]]},"properties":{"cell_id":"g_22_7","score":0.357,"twi":6.04,"hand":91.6,"dist_to_boundary":448,"curvature":-0.0043,"spring_kde":0}},{"type":"Feature","geometry":{"type":"Polygon","coordinates":[[[139.1,35.94],[139.1025,35.94],[139.1025,35.9425],[139.1,35.9425],[139.1,35.94]]]},"properties":{"cell_id":"g_23_7","score":0.395,"twi":6.13,"hand":69.1,"dist_to_boundary":468,"curvature":0,"spring_kde":0}},{"type":"Feature","geometry":{"type":"Polygon","coordinates":[[[139.1025,35.94],[139.105,35.94],[139.105,35.9425],[139.1025,35.9425],[139.1025,35.94]]]},"properties":{"cell_id":"g_24_7","score":0.369,"twi":5.9,"hand":75.4,"dist_to_boundary":492,"curvature":-0.0059,"spring_kde":0}},{"type":"Feature","geometry":{"type":"Polygon","coordinates":[[[139.105,35.94],[139.1075,35.94],[139.1075,35.9425],[139.105,35.9425],[139.105,35.94]]]},"properties":{"cell_id":"g_25_7","score":0.398,"twi":6.1,"hand":66.3,"dist_to_boundary":419,"curvature":-0.001,"spring_kde":0}},{"type":"Feature","geometry":{"type":"Polygon","coordinates":[[[139.1075,35.94],[139.11,35.94],[139.11,35.9425],[139.1075,35.9425],[139.1075,35.94]]]},"properties":{"cell_id":"g_26_7","score":0.449,"twi":6.22,"hand":52.5,"dist_to_boundary":294,"curvature":-0.0017,"spring_kde":0}},{"type":"Feature","geometry":{"type":"Polygon","coordinates":[[[139.11,35.94],[139.1125,35.94],[139.1125,35.9425],[139.11,35.9425],[139.11,35.94]]]},"properties":{"cell_id":"g_27_7","score":0.536,"twi":6.69,"hand":28.4,"dist_to_boundary":140,"curvature":0.0022,"spring_kde":0}},{"type":"Feature","geometry":{"type":"Polygon","coordinates":[[[139.1125,35.94],[139.115,35.94],[139.115,35.9425],[139.1125,35.9425],[139.1125,35.94]]]},"properties":{"cell_id":"g_28_7","score":0.572,"twi":6.89,"hand":23.1,"dist_to_boundary":24,"curvature":0.0035,"spring_kde":0}},{"type":"Feature","geometry":{"type":"Polygon","coordinates":[[[139.115,35.94],[139.1175,35.94],[139.1175,35.9425],[139.115,35.9425],[139.115,35.94]]]},"properties":{"cell_id":"g_29_7","score":0.566,"twi":6.98,"hand":16.6,"dist_to_boundary":152,"curvature":0.0045,"spring_kde":0}},{"type":"Feature","geometry":{"type":"Polygon","coordinates":[[[139.1175,35.94],[139.12,35.94],[139.12,35.9425],[139.1175,35.9425],[139.1175,35.94]]]},"properties":{"cell_id":"g_30_7","score":0.487,"twi":6.72,"hand":53.2,"dist_to_boundary":73,"curvature":0.0016,"spring_kde":0}},{"type":"Feature","geometry":{"type":"Polygon","coordinates":[[[139.12,35.94],[139.1225,35.94],[139.1225,35.9425],[139.12,35.9425],[139.12,35.94]]]},"properties":{"cell_id":"g_31_7","score":0.403,"twi":6.15,"hand":80.2,"dist_to_boundary":255,"curvature":-0.0006,"spring_kde":0}},{"type":"Feature","geometry":{"type":"Polygon","coordinates":[[[139.1225,35.94],[139.125,35.94],[139.125,35.9425],[139.1225,35.9425],[139.1225,35.94]]]},"properties":{"cell_id":"g_32_7","score":0.412,"twi":6.03,"hand":75,"dist_to_boundary":205,"curvature":-0.0033,"spring_kde":0}},{"type":"Feature","geometry":{"type":"Polygon","coordinates":[[[139.125,35.94],[139.1275,35.94],[139.1275,35.9425],[139.125,35.9425],[139.125,35.94]]]},"properties":{"cell_id":"g_33_7","score":0.403,"twi":6.01,"hand":100.7,"dist_to_boundary":24,"curvature":0.0005,"spring_kde":0}},{"type":"Feature","geometry":{"type":"Polygon","coordinates":[[[139.1275,35.94],[139.13,35.94],[139.13,35.9425],[139.1275,35.9425],[139.1275,35.94]]]},"properties":{"cell_id":"g_34_7","score":0.391,"twi":6.02,"hand":99.4,"dist_to_boundary":1,"curvature":-0.0018,"spring_kde":0}},{"type":"Feature","geometry":{"type":"Polygon","coordinates":[[[139.13,35.94],[139.1325,35.94],[139.1325,35.9425],[139.13,35.9425],[139.13,35.94]]]},"properties":{"cell_id":"g_35_7","score":0.514,"twi":6.49,"hand":29.4,"dist_to_boundary":103,"curvature":0.0054,"spring_kde":0}},{"type":"Feature","geometry":{"type":"Polygon","coordinates":[[[139.1325,35.94],[139.135,35.94],[139.135,35.9425],[139.1325,35.9425],[139.1325,35.94]]]},"properties":{"cell_id":"g_36_7","score":0.48,"twi":6.38,"hand":41,"dist_to_boundary":206,"curvature":0.0048,"spring_kde":0}},{"type":"Feature","geometry":{"type":"Polygon","coordinates":[[[139.135,35.94],[139.1375,35.94],[139.1375,35.9425],[139.135,35.9425],[139.135,35.94]]]},"properties":{"cell_id":"g_37_7","score":0.414,"twi":6.07,"hand":59.4,"dist_to_boundary":333,"curvature":-0.0035,"spring_kde":0}},{"type":"Feature","geometry":{"type":"Polygon","coordinates":[[[139.1375,35.94],[139.14,35.94],[139.14,35.9425],[139.1375,35.9425],[139.1375,35.94]]]},"properties":{"cell_id":"g_38_7","score":0.444,"twi":6.09,"hand":38.7,"dist_to_boundary":467,"curvature":0.0024,"spring_kde":0}},{"type":"Feature","geometry":{"type":"Polygon","coordinates":[[[139.14,35.94],[139.1425,35.94],[139.1425,35.9425],[139.14,35.9425],[139.14,35.94]]]},"properties":{"cell_id":"g_39_7","score":0.418,"twi":5.81,"hand":55.6,"dist_to_boundary":597,"curvature":0.0024,"spring_kde":0}},{"type":"Feature","geometry":{"type":"Polygon","coordinates":[[[139.1425,35.94],[139.145,35.94],[139.145,35.9425],[139.1425,35.9425],[139.1425,35.94]]]},"properties":{"cell_id":"g_40_7","score":0.334,"twi":5.77,"hand":83.7,"dist_to_boundary":726,"curvature":-0.0041,"spring_kde":0}},{"type":"Feature","geometry":{"type":"Polygon","coordinates":[[[139.145,35.94],[139.1475,35.94],[139.1475,35.9425],[139.145,35.9425],[139.145,35.94]]]},"properties":{"cell_id":"g_41_7","score":0.427,"twi":6.2,"hand":36.9,"dist_to_boundary":698,"curvature":0.004,"spring_kde":0}},{"type":"Feature","geometry":{"type":"Polygon","coordinates":[[[139.1475,35.94],[139.15,35.94],[139.15,35.9425],[139.1475,35.9425],[139.1475,35.94]]]},"properties":{"cell_id":"g_42_7","score":0.471,"twi":6.17,"hand":28.1,"dist_to_boundary":474,"curvature":0.0039,"spring_kde":0}},{"type":"Feature","geometry":{"type":"Polygon","coordinates":[[[139.15,35.94],[139.1525,35.94],[139.1525,35.9425],[139.15,35.9425],[139.15,35.94]]]},"properties":{"cell_id":"g_43_7","score":0.515,"twi":6.35,"hand":25,"dist_to_boundary":250,"curvature":0.0033,"spring_kde":0}},{"type":"Feature","geometry":{"type":"Polygon","coordinates":[[[139.1525,35.94],[139.155,35.94],[139.155,35.9425],[139.1525,35.9425],[139.1525,35.94]]]},"properties":{"cell_id":"g_44_7","score":0.553,"twi":6.48,"hand":20.3,"dist_to_boundary":26,"curvature":0.0016,"spring_kde":0}},{"type":"Feature","geometry":{"type":"Polygon","coordinates":[[[139.155,35.94],[139.1575,35.94],[139.1575,35.9425],[139.155,35.9425],[139.155,35.94]]]},"properties":{"cell_id":"g_45_7","score":0.536,"twi":6.06,"hand":24.4,"dist_to_boundary":52,"curvature":0.0038,"spring_kde":0}},{"type":"Feature","geometry":{"type":"Polygon","coordinates":[[[139.0425,35.9425],[139.045,35.9425],[139.045,35.945],[139.0425,35.945],[139.0425,35.9425]]]},"properties":{"cell_id":"g_0_8","score":0.38,"twi":6.21,"hand":98.5,"dist_to_boundary":145,"curvature":-0.0032,"spring_kde":0}},{"type":"Feature","geometry":{"type":"Polygon","coordinates":[[[139.045,35.9425],[139.0475,35.9425],[139.0475,35.945],[139.045,35.945],[139.045,35.9425]]]},"properties":{"cell_id":"g_1_8","score":0.449,"twi":5.94,"hand":64.6,"dist_to_boundary":30,"curvature":0.0011,"spring_kde":0.001}},{"type":"Feature","geometry":{"type":"Polygon","coordinates":[[[139.0475,35.9425],[139.05,35.9425],[139.05,35.945],[139.0475,35.945],[139.0475,35.9425]]]},"properties":{"cell_id":"g_2_8","score":0.447,"twi":6.24,"hand":64.5,"dist_to_boundary":62,"curvature":-0.0003,"spring_kde":0.001}},{"type":"Feature","geometry":{"type":"Polygon","coordinates":[[[139.05,35.9425],[139.0525,35.9425],[139.0525,35.945],[139.05,35.945],[139.05,35.9425]]]},"properties":{"cell_id":"g_3_8","score":0.432,"twi":6.39,"hand":74.8,"dist_to_boundary":148,"curvature":0.0002,"spring_kde":0.003}},{"type":"Feature","geometry":{"type":"Polygon","coordinates":[[[139.0525,35.9425],[139.055,35.9425],[139.055,35.945],[139.0525,35.945],[139.0525,35.9425]]]},"properties":{"cell_id":"g_4_8","score":0.448,"twi":6.3,"hand":65.2,"dist_to_boundary":199,"curvature":0.0008,"spring_kde":0.004}},{"type":"Feature","geometry":{"type":"Polygon","coordinates":[[[139.055,35.9425],[139.0575,35.9425],[139.0575,35.945],[139.055,35.945],[139.055,35.9425]]]},"properties":{"cell_id":"g_5_8","score":0.657,"twi":8.48,"hand":8.3,"dist_to_boundary":107,"curvature":0.0044,"spring_kde":0.005}},{"type":"Feature","geometry":{"type":"Polygon","coordinates":[[[139.0575,35.9425],[139.06,35.9425],[139.06,35.945],[139.0575,35.945],[139.0575,35.9425]]]},"properties":{"cell_id":"g_6_8","score":0.548,"twi":6.95,"hand":36.6,"dist_to_boundary":13,"curvature":0,"spring_kde":0.005}},{"type":"Feature","geometry":{"type":"Polygon","coordinates":[[[139.06,35.9425],[139.0625,35.9425],[139.0625,35.945],[139.06,35.945],[139.06,35.9425]]]},"properties":{"cell_id":"g_7_8","score":0.539,"twi":7.19,"hand":40.8,"dist_to_boundary":93,"curvature":-0.0003,"spring_kde":0.004}},{"type":"Feature","geometry":{"type":"Polygon","coordinates":[[[139.0625,35.9425],[139.065,35.9425],[139.065,35.945],[139.0625,35.945],[139.0625,35.9425]]]},"properties":{"cell_id":"g_8_8","score":0.46,"twi":6.55,"hand":53.4,"dist_to_boundary":190,"curvature":-0.0051,"spring_kde":0.003}},{"type":"Feature","geometry":{"type":"Polygon","coordinates":[[[139.065,35.9425],[139.0675,35.9425],[139.0675,35.945],[139.065,35.945],[139.065,35.9425]]]},"properties":{"cell_id":"g_9_8","score":0.516,"twi":6.62,"hand":29.5,"dist_to_boundary":280,"curvature":0.0053,"spring_kde":0.002}},{"type":"Feature","geometry":{"type":"Polygon","coordinates":[[[139.0675,35.9425],[139.07,35.9425],[139.07,35.945],[139.0675,35.945],[139.0675,35.9425]]]},"properties":{"cell_id":"g_10_8","score":0.461,"twi":6.27,"hand":40.7,"dist_to_boundary":384,"curvature":0.0027,"spring_kde":0.001}},{"type":"Feature","geometry":{"type":"Polygon","coordinates":[[[139.07,35.9425],[139.0725,35.9425],[139.0725,35.945],[139.07,35.945],[139.07,35.9425]]]},"properties":{"cell_id":"g_11_8","score":0.388,"twi":6.2,"hand":69.8,"dist_to_boundary":507,"curvature":0.0006,"spring_kde":0}},{"type":"Feature","geometry":{"type":"Polygon","coordinates":[[[139.0725,35.9425],[139.075,35.9425],[139.075,35.945],[139.0725,35.945],[139.0725,35.9425]]]},"properties":{"cell_id":"g_12_8","score":0.259,"twi":5.93,"hand":131.7,"dist_to_boundary":668,"curvature":-0.006,"spring_kde":0}},{"type":"Feature","geometry":{"type":"Polygon","coordinates":[[[139.075,35.9425],[139.0775,35.9425],[139.0775,35.945],[139.075,35.945],[139.075,35.9425]]]},"properties":{"cell_id":"g_13_8","score":0.326,"twi":6.06,"hand":94.2,"dist_to_boundary":785,"curvature":-0.0012,"spring_kde":0}},{"type":"Feature","geometry":{"type":"Polygon","coordinates":[[[139.0775,35.9425],[139.08,35.9425],[139.08,35.945],[139.0775,35.945],[139.0775,35.9425]]]},"properties":{"cell_id":"g_14_8","score":0.4,"twi":6.28,"hand":41.4,"dist_to_boundary":899,"curvature":0.0008,"spring_kde":0}},{"type":"Feature","geometry":{"type":"Polygon","coordinates":[[[139.08,35.9425],[139.0825,35.9425],[139.0825,35.945],[139.08,35.945],[139.08,35.9425]]]},"properties":{"cell_id":"g_15_8","score":0.417,"twi":6.23,"hand":29.3,"dist_to_boundary":1035,"curvature":0.0037,"spring_kde":0}},{"type":"Feature","geometry":{"type":"Polygon","coordinates":[[[139.0825,35.9425],[139.085,35.9425],[139.085,35.945],[139.0825,35.945],[139.0825,35.9425]]]},"properties":{"cell_id":"g_16_8","score":0.289,"twi":5.76,"hand":97,"dist_to_boundary":995,"curvature":-0.0042,"spring_kde":0}},{"type":"Feature","geometry":{"type":"Polygon","coordinates":[[[139.085,35.9425],[139.0875,35.9425],[139.0875,35.945],[139.085,35.945],[139.085,35.9425]]]},"properties":{"cell_id":"g_17_8","score":0.386,"twi":6.03,"hand":61.6,"dist_to_boundary":807,"curvature":0.0049,"spring_kde":0}},{"type":"Feature","geometry":{"type":"Polygon","coordinates":[[[139.0875,35.9425],[139.09,35.9425],[139.09,35.945],[139.0875,35.945],[139.0875,35.9425]]]},"properties":{"cell_id":"g_18_8","score":0.438,"twi":6.05,"hand":42.9,"dist_to_boundary":629,"curvature":0.0004,"spring_kde":0}},{"type":"Feature","geometry":{"type":"Polygon","coordinates":[[[139.09,35.9425],[139.0925,35.9425],[139.0925,35.945],[139.09,35.945],[139.09,35.9425]]]},"properties":{"cell_id":"g_19_8","score":0.471,"twi":6.26,"hand":36.8,"dist_to_boundary":450,"curvature":0.0045,"spring_kde":0}},{"type":"Feature","geometry":{"type":"Polygon","coordinates":[[[139.0925,35.9425],[139.095,35.9425],[139.095,35.945],[139.0925,35.945],[139.0925,35.9425]]]},"properties":{"cell_id":"g_20_8","score":0.438,"twi":5.85,"hand":51.3,"dist_to_boundary":298,"curvature":-0.0013,"spring_kde":0}},{"type":"Feature","geometry":{"type":"Polygon","coordinates":[[[139.095,35.9425],[139.0975,35.9425],[139.0975,35.945],[139.095,35.945],[139.095,35.9425]]]},"properties":{"cell_id":"g_21_8","score":0.373,"twi":5.94,"hand":94.9,"dist_to_boundary":173,"curvature":-0.0037,"spring_kde":0}},{"type":"Feature","geometry":{"type":"Polygon","coordinates":[[[139.0975,35.9425],[139.1,35.9425],[139.1,35.945],[139.0975,35.945],[139.0975,35.9425]]]},"properties":{"cell_id":"g_22_8","score":0.46,"twi":6.31,"hand":54.5,"dist_to_boundary":172,"curvature":0.0028,"spring_kde":0}},{"type":"Feature","geometry":{"type":"Polygon","coordinates":[[[139.1,35.9425],[139.1025,35.9425],[139.1025,35.945],[139.1,35.945],[139.1,35.9425]]]},"properties":{"cell_id":"g_23_8","score":0.519,"twi":6.39,"hand":25.9,"dist_to_boundary":193,"curvature":0.0037,"spring_kde":0}},{"type":"Feature","geometry":{"type":"Polygon","coordinates":[[[139.1025,35.9425],[139.105,35.9425],[139.105,35.945],[139.1025,35.945],[139.1025,35.9425]]]},"properties":{"cell_id":"g_24_8","score":0.506,"twi":6.58,"hand":36.7,"dist_to_boundary":216,"curvature":0.0029,"spring_kde":0}},{"type":"Feature","geometry":{"type":"Polygon","coordinates":[[[139.105,35.9425],[139.1075,35.9425],[139.1075,35.945],[139.105,35.945],[139.105,35.9425]]]},"properties":{"cell_id":"g_25_8","score":0.524,"twi":6.9,"hand":38.6,"dist_to_boundary":176,"curvature":0.0065,"spring_kde":0}},{"type":"Feature","geometry":{"type":"Polygon","coordinates":[[[139.1075,35.9425],[139.11,35.9425],[139.11,35.945],[139.1075,35.945],[139.1075,35.9425]]]},"properties":{"cell_id":"g_26_8","score":0.484,"twi":7.07,"hand":73.6,"dist_to_boundary":67,"curvature":0.0019,"spring_kde":0}},{"type":"Feature","geometry":{"type":"Polygon","coordinates":[[[139.11,35.9425],[139.1125,35.9425],[139.1125,35.945],[139.11,35.945],[139.11,35.9425]]]},"properties":{"cell_id":"g_27_8","score":0.423,"twi":6.55,"hand":88.1,"dist_to_boundary":62,"curvature":-0.0012,"spring_kde":0}},{"type":"Feature","geometry":{"type":"Polygon","coordinates":[[[139.1125,35.9425],[139.115,35.9425],[139.115,35.945],[139.1125,35.945],[139.1125,35.9425]]]},"properties":{"cell_id":"g_28_8","score":0.389,"twi":5.97,"hand":82.1,"dist_to_boundary":214,"curvature":-0.0044,"spring_kde":0}},{"type":"Feature","geometry":{"type":"Polygon","coordinates":[[[139.115,35.9425],[139.1175,35.9425],[139.1175,35.945],[139.115,35.945],[139.115,35.9425]]]},"properties":{"cell_id":"g_29_8","score":0.558,"twi":7.03,"hand":24.5,"dist_to_boundary":140,"curvature":0.0046,"spring_kde":0}},{"type":"Feature","geometry":{"type":"Polygon","coordinates":[[[139.1175,35.9425],[139.12,35.9425],[139.12,35.945],[139.1175,35.945],[139.1175,35.9425]]]},"properties":{"cell_id":"g_30_8","score":0.467,"twi":6.38,"hand":54.4,"dist_to_boundary":84,"curvature":0.0003,"spring_kde":0}},{"type":"Feature","geometry":{"type":"Polygon","coordinates":[[[139.12,35.9425],[139.1225,35.9425],[139.1225,35.945],[139.12,35.945],[139.12,35.9425]]]},"properties":{"cell_id":"g_31_8","score":0.443,"twi":6.33,"hand":59.3,"dist_to_boundary":309,"curvature":0.0055,"spring_kde":0}},{"type":"Feature","geometry":{"type":"Polygon","coordinates":[[[139.1225,35.9425],[139.125,35.9425],[139.125,35.945],[139.1225,35.945],[139.1225,35.9425]]]},"properties":{"cell_id":"g_32_8","score":0.411,"twi":6.05,"hand":80.2,"dist_to_boundary":231,"curvature":0.0027,"spring_kde":0}},{"type":"Feature","geometry":{"type":"Polygon","coordinates":[[[139.125,35.9425],[139.1275,35.9425],[139.1275,35.945],[139.125,35.945],[139.125,35.9425]]]},"properties":{"cell_id":"g_33_8","score":0.365,"twi":5.93,"hand":111.3,"dist_to_boundary":136,"curvature":-0.0004,"spring_kde":0}},{"type":"Feature","geometry":{"type":"Polygon","coordinates":[[[139.1275,35.9425],[139.13,35.9425],[139.13,35.945],[139.1275,35.945],[139.1275,35.9425]]]},"properties":{"cell_id":"g_34_8","score":0.324,"twi":5.78,"hand":116.6,"dist_to_boundary":241,"curvature":-0.0088,"spring_kde":0}},{"type":"Feature","geometry":{"type":"Polygon","coordinates":[[[139.13,35.9425],[139.1325,35.9425],[139.1325,35.945],[139.13,35.945],[139.13,35.9425]]]},"properties":{"cell_id":"g_35_8","score":0.399,"twi":5.99,"hand":72.6,"dist_to_boundary":308,"curvature":-0.0029,"spring_kde":0}},{"type":"Feature","geometry":{"type":"Polygon","coordinates":[[[139.1325,35.9425],[139.135,35.9425],[139.135,35.945],[139.1325,35.945],[139.1325,35.9425]]]},"properties":{"cell_id":"g_36_8","score":0.47,"twi":6.16,"hand":31.9,"dist_to_boundary":396,"curvature":0.0028,"spring_kde":0}},{"type":"Feature","geometry":{"type":"Polygon","coordinates":[[[139.135,35.9425],[139.1375,35.9425],[139.1375,35.945],[139.135,35.945],[139.135,35.9425]]]},"properties":{"cell_id":"g_37_8","score":0.423,"twi":6.33,"hand":51.3,"dist_to_boundary":561,"curvature":0.0002,"spring_kde":0}},{"type":"Feature","geometry":{"type":"Polygon","coordinates":[[[139.1375,35.9425],[139.14,35.9425],[139.14,35.945],[139.1375,35.945],[139.1375,35.9425]]]},"properties":{"cell_id":"g_38_8","score":0.442,"twi":6.39,"hand":35.4,"dist_to_boundary":689,"curvature":0.0056,"spring_kde":0}},{"type":"Feature","geometry":{"type":"Polygon","coordinates":[[[139.14,35.9425],[139.1425,35.9425],[139.1425,35.945],[139.14,35.945],[139.14,35.9425]]]},"properties":{"cell_id":"g_39_8","score":0.411,"twi":5.98,"hand":35,"dist_to_boundary":823,"curvature":0,"spring_kde":0}},{"type":"Feature","geometry":{"type":"Polygon","coordinates":[[[139.1425,35.9425],[139.145,35.9425],[139.145,35.945],[139.1425,35.945],[139.1425,35.9425]]]},"properties":{"cell_id":"g_40_8","score":0.313,"twi":5.9,"hand":79.4,"dist_to_boundary":952,"curvature":-0.0011,"spring_kde":0}},{"type":"Feature","geometry":{"type":"Polygon","coordinates":[[[139.145,35.9425],[139.1475,35.9425],[139.1475,35.945],[139.145,35.945],[139.145,35.9425]]]},"properties":{"cell_id":"g_41_8","score":0.358,"twi":5.79,"hand":60.4,"dist_to_boundary":739,"curvature":-0.0038,"spring_kde":0}},{"type":"Feature","geometry":{"type":"Polygon","coordinates":[[[139.1475,35.9425],[139.15,35.9425],[139.15,35.945],[139.1475,35.945],[139.1475,35.9425]]]},"properties":{"cell_id":"g_42_8","score":0.379,"twi":5.7,"hand":63.1,"dist_to_boundary":519,"curvature":-0.0056,"spring_kde":0}},{"type":"Feature","geometry":{"type":"Polygon","coordinates":[[[139.15,35.9425],[139.1525,35.9425],[139.1525,35.945],[139.15,35.945],[139.15,35.9425]]]},"properties":{"cell_id":"g_43_8","score":0.459,"twi":5.91,"hand":43.2,"dist_to_boundary":298,"curvature":0.0017,"spring_kde":0}},{"type":"Feature","geometry":{"type":"Polygon","coordinates":[[[139.1525,35.9425],[139.155,35.9425],[139.155,35.945],[139.1525,35.945],[139.1525,35.9425]]]},"properties":{"cell_id":"g_44_8","score":0.567,"twi":6.74,"hand":18.1,"dist_to_boundary":80,"curvature":0.0064,"spring_kde":0}},{"type":"Feature","geometry":{"type":"Polygon","coordinates":[[[139.155,35.9425],[139.1575,35.9425],[139.1575,35.945],[139.155,35.945],[139.155,35.9425]]]},"properties":{"cell_id":"g_45_8","score":0.484,"twi":5.8,"hand":32.7,"dist_to_boundary":137,"curvature":-0.0027,"spring_kde":0}},{"type":"Feature","geometry":{"type":"Polygon","coordinates":[[[139.0425,35.945],[139.045,35.945],[139.045,35.9475],[139.0425,35.9475],[139.0425,35.945]]]},"properties":{"cell_id":"g_0_9","score":0.352,"twi":5.88,"hand":119.3,"dist_to_boundary":92,"curvature":-0.0068,"spring_kde":0.001}},{"type":"Feature","geometry":{"type":"Polygon","coordinates":[[[139.045,35.945],[139.0475,35.945],[139.0475,35.9475],[139.045,35.9475],[139.045,35.945]]]},"properties":{"cell_id":"g_1_9","score":0.475,"twi":6.78,"hand":58.2,"dist_to_boundary":208,"curvature":0.0045,"spring_kde":0.003}},{"type":"Feature","geometry":{"type":"Polygon","coordinates":[[[139.0475,35.945],[139.05,35.945],[139.05,35.9475],[139.0475,35.9475],[139.0475,35.945]]]},"properties":{"cell_id":"g_2_9","score":0.496,"twi":6.45,"hand":40.9,"dist_to_boundary":160,"curvature":0.0026,"spring_kde":0.006}},{"type":"Feature","geometry":{"type":"Polygon","coordinates":[[[139.05,35.945],[139.0525,35.945],[139.0525,35.9475],[139.05,35.9475],[139.05,35.945]]]},"properties":{"cell_id":"g_3_9","score":0.532,"twi":6.52,"hand":36.1,"dist_to_boundary":43,"curvature":0.001,"spring_kde":0.012}},{"type":"Feature","geometry":{"type":"Polygon","coordinates":[[[139.0525,35.945],[139.055,35.945],[139.055,35.9475],[139.0525,35.9475],[139.0525,35.945]]]},"properties":{"cell_id":"g_4_9","score":0.628,"twi":7.71,"hand":12.5,"dist_to_boundary":54,"curvature":0.0028,"spring_kde":0.019}},{"type":"Feature","geometry":{"type":"Polygon","coordinates":[[[139.055,35.945],[139.0575,35.945],[139.0575,35.9475],[139.055,35.9475],[139.055,35.945]]]},"properties":{"cell_id":"g_5_9","score":0.634,"twi":9.11,"hand":41.9,"dist_to_boundary":145,"curvature":0.0013,"spring_kde":0.023}},{"type":"Feature","geometry":{"type":"Polygon","coordinates":[[[139.0575,35.945],[139.06,35.945],[139.06,35.9475],[139.0575,35.9475],[139.0575,35.945]]]},"properties":{"cell_id":"g_6_9","score":0.538,"twi":6.93,"hand":28.7,"dist_to_boundary":237,"curvature":0.004,"spring_kde":0.024}},{"type":"Feature","geometry":{"type":"Polygon","coordinates":[[[139.06,35.945],[139.0625,35.945],[139.0625,35.9475],[139.06,35.9475],[139.06,35.945]]]},"properties":{"cell_id":"g_7_9","score":0.453,"twi":6.75,"hand":55.5,"dist_to_boundary":337,"curvature":0.0008,"spring_kde":0.02}},{"type":"Feature","geometry":{"type":"Polygon","coordinates":[[[139.0625,35.945],[139.065,35.945],[139.065,35.9475],[139.0625,35.9475],[139.0625,35.945]]]},"properties":{"cell_id":"g_8_9","score":0.363,"twi":6.6,"hand":103.2,"dist_to_boundary":440,"curvature":-0.0009,"spring_kde":0.014}},{"type":"Feature","geometry":{"type":"Polygon","coordinates":[[[139.065,35.945],[139.0675,35.945],[139.0675,35.9475],[139.065,35.9475],[139.065,35.945]]]},"properties":{"cell_id":"g_9_9","score":0.354,"twi":6.26,"hand":92,"dist_to_boundary":534,"curvature":-0.004,"spring_kde":0.008}},{"type":"Feature","geometry":{"type":"Polygon","coordinates":[[[139.0675,35.945],[139.07,35.945],[139.07,35.9475],[139.0675,35.9475],[139.0675,35.945]]]},"properties":{"cell_id":"g_10_9","score":0.349,"twi":5.95,"hand":78,"dist_to_boundary":624,"curvature":-0.0025,"spring_kde":0.004}},{"type":"Feature","geometry":{"type":"Polygon","coordinates":[[[139.07,35.945],[139.0725,35.945],[139.0725,35.9475],[139.07,35.9475],[139.07,35.945]]]},"properties":{"cell_id":"g_11_9","score":0.311,"twi":5.91,"hand":112.3,"dist_to_boundary":583,"curvature":-0.0047,"spring_kde":0.001}},{"type":"Feature","geometry":{"type":"Polygon","coordinates":[[[139.0725,35.945],[139.075,35.945],[139.075,35.9475],[139.0725,35.9475],[139.0725,35.945]]]},"properties":{"cell_id":"g_12_9","score":0.392,"twi":6.21,"hand":68.5,"dist_to_boundary":551,"curvature":-0.0008,"spring_kde":0}},{"type":"Feature","geometry":{"type":"Polygon","coordinates":[[[139.075,35.945],[139.0775,35.945],[139.0775,35.9475],[139.075,35.9475],[139.075,35.945]]]},"properties":{"cell_id":"g_13_9","score":0.448,"twi":6.72,"hand":47.4,"dist_to_boundary":603,"curvature":0.004,"spring_kde":0}},{"type":"Feature","geometry":{"type":"Polygon","coordinates":[[[139.0775,35.945],[139.08,35.945],[139.08,35.9475],[139.0775,35.9475],[139.0775,35.945]]]},"properties":{"cell_id":"g_14_9","score":0.308,"twi":5.58,"hand":92.3,"dist_to_boundary":713,"curvature":-0.0077,"spring_kde":0}},{"type":"Feature","geometry":{"type":"Polygon","coordinates":[[[139.08,35.945],[139.0825,35.945],[139.0825,35.9475],[139.08,35.9475],[139.08,35.945]]]},"properties":{"cell_id":"g_15_9","score":0.429,"twi":6.21,"hand":45.8,"dist_to_boundary":869,"curvature":0.0074,"spring_kde":0}},{"type":"Feature","geometry":{"type":"Polygon","coordinates":[[[139.0825,35.945],[139.085,35.945],[139.085,35.9475],[139.0825,35.9475],[139.0825,35.945]]]},"properties":{"cell_id":"g_16_9","score":0.281,"twi":5.62,"hand":106.3,"dist_to_boundary":820,"curvature":-0.0075,"spring_kde":0}},{"type":"Feature","geometry":{"type":"Polygon","coordinates":[[[139.085,35.945],[139.0875,35.945],[139.0875,35.9475],[139.085,35.9475],[139.085,35.945]]]},"properties":{"cell_id":"g_17_9","score":0.46,"twi":6.51,"hand":33.4,"dist_to_boundary":649,"curvature":0.0061,"spring_kde":0}},{"type":"Feature","geometry":{"type":"Polygon","coordinates":[[[139.0875,35.945],[139.09,35.945],[139.09,35.9475],[139.0875,35.9475],[139.0875,35.945]]]},"properties":{"cell_id":"g_18_9","score":0.389,"twi":6.09,"hand":71,"dist_to_boundary":469,"curvature":-0.003,"spring_kde":0}},{"type":"Feature","geometry":{"type":"Polygon","coordinates":[[[139.09,35.945],[139.0925,35.945],[139.0925,35.9475],[139.09,35.9475],[139.09,35.945]]]},"properties":{"cell_id":"g_19_9","score":0.423,"twi":5.85,"hand":63.2,"dist_to_boundary":278,"curvature":-0.0021,"spring_kde":0}},{"type":"Feature","geometry":{"type":"Polygon","coordinates":[[[139.0925,35.945],[139.095,35.945],[139.095,35.9475],[139.0925,35.9475],[139.0925,35.945]]]},"properties":{"cell_id":"g_20_9","score":0.489,"twi":6.05,"hand":39.9,"dist_to_boundary":103,"curvature":0.0026,"spring_kde":0}},{"type":"Feature","geometry":{"type":"Polygon","coordinates":[[[139.095,35.945],[139.0975,35.945],[139.0975,35.9475],[139.095,35.9475],[139.095,35.945]]]},"properties":{"cell_id":"g_21_9","score":0.392,"twi":5.89,"hand":91.9,"dist_to_boundary":58,"curvature":-0.0049,"spring_kde":0}},{"type":"Feature","geometry":{"type":"Polygon","coordinates":[[[139.0975,35.945],[139.1,35.945],[139.1,35.9475],[139.0975,35.9475],[139.0975,35.945]]]},"properties":{"cell_id":"g_22_9","score":0.388,"twi":6.24,"hand":99.8,"dist_to_boundary":103,"curvature":-0.0018,"spring_kde":0}},{"type":"Feature","geometry":{"type":"Polygon","coordinates":[[[139.1,35.945],[139.1025,35.945],[139.1025,35.9475],[139.1,35.9475],[139.1,35.945]]]},"properties":{"cell_id":"g_23_9","score":0.522,"twi":6.64,"hand":35.1,"dist_to_boundary":81,"curvature":0.0026,"spring_kde":0}},{"type":"Feature","geometry":{"type":"Polygon","coordinates":[[[139.1025,35.945],[139.105,35.945],[139.105,35.9475],[139.1025,35.9475],[139.1025,35.945]]]},"properties":{"cell_id":"g_24_9","score":0.509,"twi":7.06,"hand":53,"dist_to_boundary":61,"curvature":0.0005,"spring_kde":0}},{"type":"Feature","geometry":{"type":"Polygon","coordinates":[[[139.105,35.945],[139.1075,35.945],[139.1075,35.9475],[139.105,35.9475],[139.105,35.945]]]},"properties":{"cell_id":"g_25_9","score":0.36,"twi":6.01,"hand":116.9,"dist_to_boundary":74,"curvature":-0.004,"spring_kde":0}},{"type":"Feature","geometry":{"type":"Polygon","coordinates":[[[139.1075,35.945],[139.11,35.945],[139.11,35.9475],[139.1075,35.9475],[139.1075,35.945]]]},"properties":{"cell_id":"g_26_9","score":0.363,"twi":5.99,"hand":112.5,"dist_to_boundary":175,"curvature":-0.0049,"spring_kde":0}},{"type":"Feature","geometry":{"type":"Polygon","coordinates":[[[139.11,35.945],[139.1125,35.945],[139.1125,35.9475],[139.11,35.9475],[139.11,35.945]]]},"properties":{"cell_id":"g_27_9","score":0.347,"twi":6.08,"hand":111.4,"dist_to_boundary":288,"curvature":-0.0035,"spring_kde":0}},{"type":"Feature","geometry":{"type":"Polygon","coordinates":[[[139.1125,35.945],[139.115,35.945],[139.115,35.9475],[139.1125,35.9475],[139.1125,35.945]]]},"properties":{"cell_id":"g_28_9","score":0.392,"twi":5.79,"hand":86.9,"dist_to_boundary":124,"curvature":-0.0033,"spring_kde":0}},{"type":"Feature","geometry":{"type":"Polygon","coordinates":[[[139.115,35.945],[139.1175,35.945],[139.1175,35.9475],[139.115,35.9475],[139.115,35.945]]]},"properties":{"cell_id":"g_29_9","score":0.527,"twi":6.76,"hand":34.2,"dist_to_boundary":115,"curvature":0.0045,"spring_kde":0}},{"type":"Feature","geometry":{"type":"Polygon","coordinates":[[[139.1175,35.945],[139.12,35.945],[139.12,35.9475],[139.1175,35.9475],[139.1175,35.945]]]},"properties":{"cell_id":"g_30_9","score":0.457,"twi":6.37,"hand":61.6,"dist_to_boundary":110,"curvature":0.0006,"spring_kde":0}},{"type":"Feature","geometry":{"type":"Polygon","coordinates":[[[139.12,35.945],[139.1225,35.945],[139.1225,35.9475],[139.12,35.9475],[139.12,35.945]]]},"properties":{"cell_id":"g_31_9","score":0.381,"twi":5.82,"hand":92.1,"dist_to_boundary":334,"curvature":-0.0051,"spring_kde":0}},{"type":"Feature","geometry":{"type":"Polygon","coordinates":[[[139.1225,35.945],[139.125,35.945],[139.125,35.9475],[139.1225,35.9475],[139.1225,35.945]]]},"properties":{"cell_id":"g_32_9","score":0.364,"twi":5.82,"hand":102.7,"dist_to_boundary":285,"curvature":-0.0036,"spring_kde":0}},{"type":"Feature","geometry":{"type":"Polygon","coordinates":[[[139.125,35.945],[139.1275,35.945],[139.1275,35.9475],[139.125,35.9475],[139.125,35.945]]]},"properties":{"cell_id":"g_33_9","score":0.451,"twi":6.12,"hand":61.8,"dist_to_boundary":191,"curvature":0.0037,"spring_kde":0}},{"type":"Feature","geometry":{"type":"Polygon","coordinates":[[[139.1275,35.945],[139.13,35.945],[139.13,35.9475],[139.1275,35.9475],[139.1275,35.945]]]},"properties":{"cell_id":"g_34_9","score":0.411,"twi":6.07,"hand":85.5,"dist_to_boundary":98,"curvature":0.0009,"spring_kde":0}},{"type":"Feature","geometry":{"type":"Polygon","coordinates":[[[139.13,35.945],[139.1325,35.945],[139.1325,35.9475],[139.13,35.9475],[139.13,35.945]]]},"properties":{"cell_id":"g_35_9","score":0.43,"twi":5.73,"hand":73.5,"dist_to_boundary":39,"curvature":-0.0039,"spring_kde":0}},{"type":"Feature","geometry":{"type":"Polygon","coordinates":[[[139.1325,35.945],[139.135,35.945],[139.135,35.9475],[139.1325,35.9475],[139.1325,35.945]]]},"properties":{"cell_id":"g_36_9","score":0.426,"twi":5.79,"hand":62.7,"dist_to_boundary":252,"curvature":-0.0037,"spring_kde":0}},{"type":"Feature","geometry":{"type":"Polygon","coordinates":[[[139.135,35.945],[139.1375,35.945],[139.1375,35.9475],[139.135,35.9475],[139.135,35.945]]]},"properties":{"cell_id":"g_37_9","score":0.42,"twi":5.98,"hand":48.5,"dist_to_boundary":476,"curvature":-0.0008,"spring_kde":0}},{"type":"Feature","geometry":{"type":"Polygon","coordinates":[[[139.1375,35.945],[139.14,35.945],[139.14,35.9475],[139.1375,35.9475],[139.1375,35.945]]]},"properties":{"cell_id":"g_38_9","score":0.393,"twi":5.86,"hand":50.6,"dist_to_boundary":701,"curvature":-0.0031,"spring_kde":0}},{"type":"Feature","geometry":{"type":"Polygon","coordinates":[[[139.14,35.945],[139.1425,35.945],[139.1425,35.9475],[139.14,35.9475],[139.14,35.945]]]},"properties":{"cell_id":"g_39_9","score":0.41,"twi":6.25,"hand":30.7,"dist_to_boundary":926,"curvature":-0.0004,"spring_kde":0}},{"type":"Feature","geometry":{"type":"Polygon","coordinates":[[[139.1425,35.945],[139.145,35.945],[139.145,35.9475],[139.1425,35.9475],[139.1425,35.945]]]},"properties":{"cell_id":"g_40_9","score":0.421,"twi":6.36,"hand":24.9,"dist_to_boundary":1022,"curvature":0.0043,"spring_kde":0}},{"type":"Feature","geometry":{"type":"Polygon","coordinates":[[[139.145,35.945],[139.1475,35.945],[139.1475,35.9475],[139.145,35.9475],[139.145,35.945]]]},"properties":{"cell_id":"g_41_9","score":0.401,"twi":6.03,"hand":41.1,"dist_to_boundary":806,"curvature":0.0004,"spring_kde":0}},{"type":"Feature","geometry":{"type":"Polygon","coordinates":[[[139.1475,35.945],[139.15,35.945],[139.15,35.9475],[139.1475,35.9475],[139.1475,35.945]]]},"properties":{"cell_id":"g_42_9","score":0.409,"twi":6.03,"hand":45,"dist_to_boundary":589,"curvature":-0.0058,"spring_kde":0}},{"type":"Feature","geometry":{"type":"Polygon","coordinates":[[[139.15,35.945],[139.1525,35.945],[139.1525,35.9475],[139.15,35.9475],[139.15,35.945]]]},"properties":{"cell_id":"g_43_9","score":0.438,"twi":5.85,"hand":47.2,"dist_to_boundary":372,"curvature":-0.0008,"spring_kde":0}},{"type":"Feature","geometry":{"type":"Polygon","coordinates":[[[139.1525,35.945],[139.155,35.945],[139.155,35.9475],[139.1525,35.9475],[139.1525,35.945]]]},"properties":{"cell_id":"g_44_9","score":0.562,"twi":6.93,"hand":16.2,"dist_to_boundary":156,"curvature":0.0034,"spring_kde":0}},{"type":"Feature","geometry":{"type":"Polygon","coordinates":[[[139.155,35.945],[139.1575,35.945],[139.1575,35.9475],[139.155,35.9475],[139.155,35.945]]]},"properties":{"cell_id":"g_45_9","score":0.434,"twi":5.72,"hand":61.2,"dist_to_boundary":60,"curvature":-0.0043,"spring_kde":0}},{"type":"Feature","geometry":{"type":"Polygon","coordinates":[[[139.0425,35.9475],[139.045,35.9475],[139.045,35.95],[139.0425,35.95],[139.0425,35.9475]]]},"properties":{"cell_id":"g_0_10","score":0.407,"twi":6.78,"hand":99.3,"dist_to_boundary":229,"curvature":0.0018,"spring_kde":0.003}},{"type":"Feature","geometry":{"type":"Polygon","coordinates":[[[139.045,35.9475],[139.0475,35.9475],[139.0475,35.95],[139.045,35.95],[139.045,35.9475]]]},"properties":{"cell_id":"g_1_10","score":0.398,"twi":5.87,"hand":83.3,"dist_to_boundary":87,"curvature":-0.0054,"spring_kde":0.009}},{"type":"Feature","geometry":{"type":"Polygon","coordinates":[[[139.0475,35.9475],[139.05,35.9475],[139.05,35.95],[139.0475,35.95],[139.0475,35.9475]]]},"properties":{"cell_id":"g_2_10","score":0.462,"twi":6.24,"hand":62.5,"dist_to_boundary":55,"curvature":-0.0004,"spring_kde":0.021}},{"type":"Feature","geometry":{"type":"Polygon","coordinates":[[[139.05,35.9475],[139.0525,35.9475],[139.0525,35.95],[139.05,35.95],[139.05,35.9475]]]},"properties":{"cell_id":"g_3_10","score":0.566,"twi":7.1,"hand":19.6,"dist_to_boundary":196,"curvature":0.0032,"spring_kde":0.04}},{"type":"Feature","geometry":{"type":"Polygon","coordinates":[[[139.0525,35.9475],[139.055,35.9475],[139.055,35.95],[139.0525,35.95],[139.0525,35.9475]]]},"properties":{"cell_id":"g_4_10","score":0.673,"twi":8.95,"hand":1.8,"dist_to_boundary":307,"curvature":0.0017,"spring_kde":0.062}},{"type":"Feature","geometry":{"type":"Polygon","coordinates":[[[139.055,35.9475],[139.0575,35.9475],[139.0575,35.95],[139.055,35.95],[139.055,35.9475]]]},"properties":{"cell_id":"g_5_10","score":0.516,"twi":6.76,"hand":32.5,"dist_to_boundary":398,"curvature":0.0034,"spring_kde":0.078}},{"type":"Feature","geometry":{"type":"Polygon","coordinates":[[[139.0575,35.9475],[139.06,35.9475],[139.06,35.95],[139.0575,35.95],[139.0575,35.9475]]]},"properties":{"cell_id":"g_6_10","score":0.429,"twi":5.84,"hand":55,"dist_to_boundary":489,"curvature":0.0002,"spring_kde":0.081}},{"type":"Feature","geometry":{"type":"Polygon","coordinates":[[[139.06,35.9475],[139.0625,35.9475],[139.0625,35.95],[139.06,35.95],[139.06,35.9475]]]},"properties":{"cell_id":"g_7_10","score":0.37,"twi":5.75,"hand":88.4,"dist_to_boundary":581,"curvature":-0.0027,"spring_kde":0.068}},{"type":"Feature","geometry":{"type":"Polygon","coordinates":[[[139.0625,35.9475],[139.065,35.9475],[139.065,35.95],[139.0625,35.95],[139.0625,35.9475]]]},"properties":{"cell_id":"g_8_10","score":0.27,"twi":6.01,"hand":148.4,"dist_to_boundary":537,"curvature":-0.0041,"spring_kde":0.047}},{"type":"Feature","geometry":{"type":"Polygon","coordinates":[[[139.065,35.9475],[139.0675,35.9475],[139.0675,35.95],[139.065,35.95],[139.065,35.9475]]]},"properties":{"cell_id":"g_9_10","score":0.345,"twi":6.04,"hand":98.2,"dist_to_boundary":462,"curvature":-0.0029,"spring_kde":0.026}},{"type":"Feature","geometry":{"type":"Polygon","coordinates":[[[139.0675,35.9475],[139.07,35.9475],[139.07,35.95],[139.0675,35.95],[139.0675,35.9475]]]},"properties":{"cell_id":"g_10_10","score":0.447,"twi":6.22,"hand":48.5,"dist_to_boundary":387,"curvature":0,"spring_kde":0.012}},{"type":"Feature","geometry":{"type":"Polygon","coordinates":[[[139.07,35.9475],[139.0725,35.9475],[139.0725,35.95],[139.07,35.95],[139.07,35.9475]]]},"properties":{"cell_id":"g_11_10","score":0.454,"twi":6.26,"hand":49,"dist_to_boundary":319,"curvature":0.0035,"spring_kde":0.005}},{"type":"Feature","geometry":{"type":"Polygon","coordinates":[[[139.0725,35.9475],[139.075,35.9475],[139.075,35.95],[139.0725,35.95],[139.0725,35.9475]]]},"properties":{"cell_id":"g_12_10","score":0.441,"twi":5.97,"hand":54.8,"dist_to_boundary":275,"curvature":-0.0005,"spring_kde":0.001}},{"type":"Feature","geometry":{"type":"Polygon","coordinates":[[[139.075,35.9475],[139.0775,35.9475],[139.0775,35.95],[139.075,35.95],[139.075,35.9475]]]},"properties":{"cell_id":"g_13_10","score":0.425,"twi":6.17,"hand":66.1,"dist_to_boundary":357,"curvature":0.0016,"spring_kde":0}},{"type":"Feature","geometry":{"type":"Polygon","coordinates":[[[139.0775,35.9475],[139.08,35.9475],[139.08,35.95],[139.0775,35.95],[139.0775,35.9475]]]},"properties":{"cell_id":"g_14_10","score":0.456,"twi":6.12,"hand":39.5,"dist_to_boundary":522,"curvature":0.002,"spring_kde":0}},{"type":"Feature","geometry":{"type":"Polygon","coordinates":[[[139.08,35.9475],[139.0825,35.9475],[139.0825,35.95],[139.08,35.95],[139.08,35.9475]]]},"properties":{"cell_id":"g_15_10","score":0.433,"twi":5.9,"hand":48,"dist_to_boundary":704,"curvature":0.0003,"spring_kde":0}},{"type":"Feature","geometry":{"type":"Polygon","coordinates":[[[139.0825,35.9475],[139.085,35.9475],[139.085,35.95],[139.0825,35.95],[139.0825,35.9475]]]},"properties":{"cell_id":"g_16_10","score":0.418,"twi":6.65,"hand":64.1,"dist_to_boundary":623,"curvature":0.0063,"spring_kde":0}},{"type":"Feature","geometry":{"type":"Polygon","coordinates":[[[139.085,35.9475],[139.0875,35.9475],[139.0875,35.95],[139.085,35.95],[139.085,35.9475]]]},"properties":{"cell_id":"g_17_10","score":0.434,"twi":6.15,"hand":49.6,"dist_to_boundary":466,"curvature":0.0039,"spring_kde":0}},{"type":"Feature","geometry":{"type":"Polygon","coordinates":[[[139.0875,35.9475],[139.09,35.9475],[139.09,35.95],[139.0875,35.95],[139.0875,35.9475]]]},"properties":{"cell_id":"g_18_10","score":0.468,"twi":6.22,"hand":41.6,"dist_to_boundary":303,"curvature":0.003,"spring_kde":0}},{"type":"Feature","geometry":{"type":"Polygon","coordinates":[[[139.09,35.9475],[139.0925,35.9475],[139.0925,35.95],[139.09,35.95],[139.09,35.9475]]]},"properties":{"cell_id":"g_19_10","score":0.497,"twi":6.44,"hand":40.2,"dist_to_boundary":123,"curvature":0.003,"spring_kde":0}},{"type":"Feature","geometry":{"type":"Polygon","coordinates":[[[139.0925,35.9475],[139.095,35.9475],[139.095,35.95],[139.0925,35.95],[139.0925,35.9475]]]},"properties":{"cell_id":"g_20_10","score":0.408,"twi":6.12,"hand":86.1,"dist_to_boundary":57,"curvature":-0.0032,"spring_kde":0}},{"type":"Feature","geometry":{"type":"Polygon","coordinates":[[[139.095,35.9475],[139.0975,35.9475],[139.0975,35.95],[139.095,35.95],[139.095,35.9475]]]},"properties":{"cell_id":"g_21_10","score":0.396,"twi":6.57,"hand":97.9,"dist_to_boundary":242,"curvature":0.0023,"spring_kde":0}},{"type":"Feature","geometry":{"type":"Polygon","coordinates":[[[139.0975,35.9475],[139.1,35.9475],[139.1,35.95],[139.0975,35.95],[139.0975,35.9475]]]},"properties":{"cell_id":"g_22_10","score":0.311,"twi":6.46,"hand":137.3,"dist_to_boundary":379,"curvature":-0.0022,"spring_kde":0}},{"type":"Feature","geometry":{"type":"Polygon","coordinates":[[[139.1,35.9475],[139.1025,35.9475],[139.1025,35.95],[139.1,35.95],[139.1,35.9475]]]},"properties":{"cell_id":"g_23_10","score":0.443,"twi":6.72,"hand":68.1,"dist_to_boundary":355,"curvature":-0.0008,"spring_kde":0}},{"type":"Feature","geometry":{"type":"Polygon","coordinates":[[[139.1025,35.9475],[139.105,35.9475],[139.105,35.95],[139.1025,35.95],[139.1025,35.9475]]]},"properties":{"cell_id":"g_24_10","score":0.369,"twi":6.89,"hand":117.4,"dist_to_boundary":337,"curvature":-0.0022,"spring_kde":0}},{"type":"Feature","geometry":{"type":"Polygon","coordinates":[[[139.105,35.9475],[139.1075,35.9475],[139.1075,35.95],[139.105,35.95],[139.105,35.9475]]]},"properties":{"cell_id":"g_25_10","score":0.432,"twi":6.49,"hand":64.9,"dist_to_boundary":324,"curvature":-0.0014,"spring_kde":0}},{"type":"Feature","geometry":{"type":"Polygon","coordinates":[[[139.1075,35.9475],[139.11,35.9475],[139.11,35.95],[139.1075,35.95],[139.1075,35.9475]]]},"properties":{"cell_id":"g_26_10","score":0.454,"twi":6.41,"hand":47.6,"dist_to_boundary":340,"curvature":0.0046,"spring_kde":0}},{"type":"Feature","geometry":{"type":"Polygon","coordinates":[[[139.11,35.9475],[139.1125,35.9475],[139.1125,35.95],[139.11,35.95],[139.11,35.9475]]]},"properties":{"cell_id":"g_27_10","score":0.422,"twi":6.19,"hand":78.2,"dist_to_boundary":202,"curvature":0.0006,"spring_kde":0}},{"type":"Feature","geometry":{"type":"Polygon","coordinates":[[[139.1125,35.9475],[139.115,35.9475],[139.115,35.95],[139.1125,35.95],[139.1125,35.9475]]]},"properties":{"cell_id":"g_28_10","score":0.433,"twi":6.41,"hand":89,"dist_to_boundary":16,"curvature":0.0032,"spring_kde":0}},{"type":"Feature","geometry":{"type":"Polygon","coordinates":[[[139.115,35.9475],[139.1175,35.9475],[139.1175,35.95],[139.115,35.95],[139.115,35.9475]]]},"properties":{"cell_id":"g_29_10","score":0.47,"twi":6.51,"hand":66.3,"dist_to_boundary":33,"curvature":-0.0009,"spring_kde":0}},{"type":"Feature","geometry":{"type":"Polygon","coordinates":[[[139.1175,35.9475],[139.12,35.9475],[139.12,35.95],[139.1175,35.95],[139.1175,35.9475]]]},"properties":{"cell_id":"g_30_10","score":0.54,"twi":6.78,"hand":31,"dist_to_boundary":119,"curvature":0.0048,"spring_kde":0}},{"type":"Feature","geometry":{"type":"Polygon","coordinates":[[[139.12,35.9475],[139.1225,35.9475],[139.1225,35.95],[139.12,35.95],[139.12,35.9475]]]},"properties":{"cell_id":"g_31_10","score":0.405,"twi":5.88,"hand":81.9,"dist_to_boundary":128,"curvature":0.0009,"spring_kde":0}},{"type":"Feature","geometry":{"type":"Polygon","coordinates":[[[139.1225,35.9475],[139.125,35.9475],[139.125,35.95],[139.1225,35.95],[139.1225,35.9475]]]},"properties":{"cell_id":"g_32_10","score":0.44,"twi":5.99,"hand":74.6,"dist_to_boundary":34,"curvature":-0.0014,"spring_kde":0}},{"type":"Feature","geometry":{"type":"Polygon","coordinates":[[[139.125,35.9475],[139.1275,35.9475],[139.1275,35.95],[139.125,35.95],[139.125,35.9475]]]},"properties":{"cell_id":"g_33_10","score":0.483,"twi":5.93,"hand":45,"dist_to_boundary":60,"curvature":0.0011,"spring_kde":0}},{"type":"Feature","geometry":{"type":"Polygon","coordinates":[[[139.1275,35.9475],[139.13,35.9475],[139.13,35.95],[139.1275,35.95],[139.1275,35.9475]]]},"properties":{"cell_id":"g_34_10","score":0.385,"twi":5.63,"hand":105.1,"dist_to_boundary":50,"curvature":-0.0046,"spring_kde":0}},{"type":"Feature","geometry":{"type":"Polygon","coordinates":[[[139.13,35.9475],[139.1325,35.9475],[139.1325,35.95],[139.13,35.95],[139.13,35.9475]]]},"properties":{"cell_id":"g_35_10","score":0.454,"twi":6,"hand":46.9,"dist_to_boundary":197,"curvature":0.0026,"spring_kde":0}},{"type":"Feature","geometry":{"type":"Polygon","coordinates":[[[139.1325,35.9475],[139.135,35.9475],[139.135,35.95],[139.1325,35.95],[139.1325,35.9475]]]},"properties":{"cell_id":"g_36_10","score":0.423,"twi":6.21,"hand":59,"dist_to_boundary":350,"curvature":-0.0001,"spring_kde":0}},{"type":"Feature","geometry":{"type":"Polygon","coordinates":[[[139.135,35.9475],[139.1375,35.9475],[139.1375,35.95],[139.135,35.95],[139.135,35.9475]]]},"properties":{"cell_id":"g_37_10","score":0.453,"twi":6.25,"hand":34.8,"dist_to_boundary":535,"curvature":0.0063,"spring_kde":0}},{"type":"Feature","geometry":{"type":"Polygon","coordinates":[[[139.1375,35.9475],[139.14,35.9475],[139.14,35.95],[139.1375,35.95],[139.1375,35.9475]]]},"properties":{"cell_id":"g_38_10","score":0.394,"twi":6.16,"hand":50,"dist_to_boundary":742,"curvature":0.0009,"spring_kde":0}},{"type":"Feature","geometry":{"type":"Polygon","coordinates":[[[139.14,35.9475],[139.1425,35.9475],[139.1425,35.95],[139.14,35.95],[139.14,35.9475]]]},"properties":{"cell_id":"g_39_10","score":0.397,"twi":6.28,"hand":41.4,"dist_to_boundary":909,"curvature":0.0019,"spring_kde":0}},{"type":"Feature","geometry":{"type":"Polygon","coordinates":[[[139.1425,35.9475],[139.145,35.9475],[139.145,35.95],[139.1425,35.95],[139.1425,35.9475]]]},"properties":{"cell_id":"g_40_10","score":0.42,"twi":6.38,"hand":37.7,"dist_to_boundary":869,"curvature":0.0042,"spring_kde":0}},{"type":"Feature","geometry":{"type":"Polygon","coordinates":[[[139.145,35.9475],[139.1475,35.9475],[139.1475,35.95],[139.145,35.95],[139.145,35.9475]]]},"properties":{"cell_id":"g_41_10","score":0.433,"twi":6.27,"hand":31.6,"dist_to_boundary":831,"curvature":0.005,"spring_kde":0}},{"type":"Feature","geometry":{"type":"Polygon","coordinates":[[[139.1475,35.9475],[139.15,35.9475],[139.15,35.95],[139.1475,35.95],[139.1475,35.9475]]]},"properties":{"cell_id":"g_42_10","score":0.429,"twi":6.04,"hand":36.5,"dist_to_boundary":667,"curvature":0.0006,"spring_kde":0}},{"type":"Feature","geometry":{"type":"Polygon","coordinates":[[[139.15,35.9475],[139.1525,35.9475],[139.1525,35.95],[139.15,35.95],[139.15,35.9475]]]},"properties":{"cell_id":"g_43_10","score":0.466,"twi":6.26,"hand":31.7,"dist_to_boundary":452,"curvature":-0.0009,"spring_kde":0}},{"type":"Feature","geometry":{"type":"Polygon","coordinates":[[[139.1525,35.9475],[139.155,35.9475],[139.155,35.95],[139.1525,35.95],[139.1525,35.9475]]]},"properties":{"cell_id":"g_44_10","score":0.548,"twi":6.85,"hand":16,"dist_to_boundary":236,"curvature":0.0019,"spring_kde":0}},{"type":"Feature","geometry":{"type":"Polygon","coordinates":[[[139.155,35.9475],[139.1575,35.9475],[139.1575,35.95],[139.155,35.95],[139.155,35.9475]]]},"properties":{"cell_id":"g_45_10","score":0.49,"twi":5.87,"hand":41.8,"dist_to_boundary":20,"curvature":0.0011,"spring_kde":0}},{"type":"Feature","geometry":{"type":"Polygon","coordinates":[[[139.0425,35.95],[139.045,35.95],[139.045,35.9525],[139.0425,35.9525],[139.0425,35.95]]]},"properties":{"cell_id":"g_0_11","score":0.5,"twi":6.54,"hand":45,"dist_to_boundary":15,"curvature":0.004,"spring_kde":0.008}},{"type":"Feature","geometry":{"type":"Polygon","coordinates":[[[139.045,35.95],[139.0475,35.95],[139.0475,35.9525],[139.045,35.9525],[139.045,35.95]]]},"properties":{"cell_id":"g_1_11","score":0.361,"twi":5.9,"hand":109.7,"dist_to_boundary":128,"curvature":-0.0048,"spring_kde":0.022}},{"type":"Feature","geometry":{"type":"Polygon","coordinates":[[[139.0475,35.95],[139.05,35.95],[139.05,35.9525],[139.0475,35.9525],[139.0475,35.95]]]},"properties":{"cell_id":"g_2_11","score":0.426,"twi":6.49,"hand":83.1,"dist_to_boundary":270,"curvature":0.0019,"spring_kde":0.052}},{"type":"Feature","geometry":{"type":"Polygon","coordinates":[[[139.05,35.95],[139.0525,35.95],[139.0525,35.9525],[139.05,35.9525],[139.05,35.95]]]},"properties":{"cell_id":"g_3_11","score":0.636,"twi":8.52,"hand":13.8,"dist_to_boundary":412,"curvature":0.0011,"spring_kde":0.099}},{"type":"Feature","geometry":{"type":"Polygon","coordinates":[[[139.0525,35.95],[139.055,35.95],[139.055,35.9525],[139.0525,35.9525],[139.0525,35.95]]]},"properties":{"cell_id":"g_4_11","score":0.548,"twi":7.11,"hand":10.5,"dist_to_boundary":548,"curvature":0.0036,"spring_kde":0.152}},{"type":"Feature","geometry":{"type":"Polygon","coordinates":[[[139.055,35.95],[139.0575,35.95],[139.0575,35.9525],[139.055,35.9525],[139.055,35.95]]]},"properties":{"cell_id":"g_5_11","score":0.374,"twi":5.82,"hand":98.2,"dist_to_boundary":532,"curvature":-0.0032,"spring_kde":0.192}},{"type":"Feature","geometry":{"type":"Polygon","coordinates":[[[139.0575,35.95],[139.06,35.95],[139.06,35.9525],[139.0575,35.9525],[139.0575,35.95]]]},"properties":{"cell_id":"g_6_11","score":0.33,"twi":5.68,"hand":125.6,"dist_to_boundary":444,"curvature":-0.0057,"spring_kde":0.198}},{"type":"Feature","geometry":{"type":"Polygon","coordinates":[[[139.06,35.95],[139.0625,35.95],[139.0625,35.9525],[139.06,35.9525],[139.06,35.95]]]},"properties":{"cell_id":"g_7_11","score":0.401,"twi":6.42,"hand":93.1,"dist_to_boundary":352,"curvature":-0.0011,"spring_kde":0.167}},{"type":"Feature","geometry":{"type":"Polygon","coordinates":[[[139.0625,35.95],[139.065,35.95],[139.065,35.9525],[139.0625,35.9525],[139.0625,35.95]]]},"properties":{"cell_id":"g_8_11","score":0.476,"twi":6.74,"hand":56.7,"dist_to_boundary":277,"curvature":0.0013,"spring_kde":0.115}},{"type":"Feature","geometry":{"type":"Polygon","coordinates":[[[139.065,35.95],[139.0675,35.95],[139.0675,35.9525],[139.065,35.9525],[139.065,35.95]]]},"properties":{"cell_id":"g_9_11","score":0.449,"twi":6.63,"hand":70.5,"dist_to_boundary":201,"curvature":-0.0001,"spring_kde":0.065}},{"type":"Feature","geometry":{"type":"Polygon","coordinates":[[[139.0675,35.95],[139.07,35.95],[139.07,35.9525],[139.0675,35.9525],[139.0675,35.95]]]},"properties":{"cell_id":"g_10_11","score":0.436,"twi":6.34,"hand":79.6,"dist_to_boundary":126,"curvature":-0.0041,"spring_kde":0.031}},{"type":"Feature","geometry":{"type":"Polygon","coordinates":[[[139.07,35.95],[139.0725,35.95],[139.0725,35.9525],[139.07,35.9525],[139.07,35.95]]]},"properties":{"cell_id":"g_11_11","score":0.507,"twi":6,"hand":37.7,"dist_to_boundary":53,"curvature":0.0026,"spring_kde":0.012}},{"type":"Feature","geometry":{"type":"Polygon","coordinates":[[[139.0725,35.95],[139.075,35.95],[139.075,35.9525],[139.0725,35.9525],[139.0725,35.95]]]},"properties":{"cell_id":"g_12_11","score":0.492,"twi":5.94,"hand":39.8,"dist_to_boundary":7,"curvature":-0.0023,"spring_kde":0.004}},{"type":"Feature","geometry":{"type":"Polygon","coordinates":[[[139.075,35.95],[139.0775,35.95],[139.0775,35.9525],[139.075,35.9525],[139.075,35.95]]]},"properties":{"cell_id":"g_13_11","score":0.49,"twi":6.01,"hand":44.4,"dist_to_boundary":210,"curvature":0.0049,"spring_kde":0.001}},{"type":"Feature","geometry":{"type":"Polygon","coordinates":[[[139.0775,35.95],[139.08,35.95],[139.08,35.9525],[139.0775,35.9525],[139.0775,35.95]]]},"properties":{"cell_id":"g_14_11","score":0.335,"twi":5.91,"hand":113.7,"dist_to_boundary":435,"curvature":-0.0038,"spring_kde":0}},{"type":"Feature","geometry":{"type":"Polygon","coordinates":[[[139.08,35.95],[139.0825,35.95],[139.0825,35.9525],[139.08,35.9525],[139.08,35.95]]]},"properties":{"cell_id":"g_15_11","score":0.313,"twi":6.18,"hand":121.4,"dist_to_boundary":438,"curvature":-0.004,"spring_kde":0}},{"type":"Feature","geometry":{"type":"Polygon","coordinates":[[[139.0825,35.95],[139.085,35.95],[139.085,35.9525],[139.0825,35.9525],[139.0825,35.95]]]},"properties":{"cell_id":"g_16_11","score":0.317,"twi":6.16,"hand":119.6,"dist_to_boundary":378,"curvature":-0.0066,"spring_kde":0}},{"type":"Feature","geometry":{"type":"Polygon","coordinates":[[[139.085,35.95],[139.0875,35.95],[139.0875,35.9525],[139.085,35.9525],[139.085,35.95]]]},"properties":{"cell_id":"g_17_11","score":0.376,"twi":6.13,"hand":90,"dist_to_boundary":267,"curvature":-0.0037,"spring_kde":0}},{"type":"Feature","geometry":{"type":"Polygon","coordinates":[[[139.0875,35.95],[139.09,35.95],[139.09,35.9525],[139.0875,35.9525],[139.0875,35.95]]]},"properties":{"cell_id":"g_18_11","score":0.449,"twi":6.05,"hand":56,"dist_to_boundary":112,"curvature":0.0007,"spring_kde":0}},{"type":"Feature","geometry":{"type":"Polygon","coordinates":[[[139.09,35.95],[139.0925,35.95],[139.0925,35.9525],[139.09,35.9525],[139.09,35.95]]]},"properties":{"cell_id":"g_19_11","score":0.412,"twi":6.18,"hand":85.3,"dist_to_boundary":50,"curvature":-0.0008,"spring_kde":0}},{"type":"Feature","geometry":{"type":"Polygon","coordinates":[[[139.0925,35.95],[139.095,35.95],[139.095,35.9525],[139.0925,35.9525],[139.0925,35.95]]]},"properties":{"cell_id":"g_20_11","score":0.37,"twi":6.27,"hand":104.6,"dist_to_boundary":223,"curvature":-0.0018,"spring_kde":0}},{"type":"Feature","geometry":{"type":"Polygon","coordinates":[[[139.095,35.95],[139.0975,35.95],[139.0975,35.9525],[139.095,35.9525],[139.095,35.95]]]},"properties":{"cell_id":"g_21_11","score":0.305,"twi":6.21,"hand":143.9,"dist_to_boundary":215,"curvature":-0.0052,"spring_kde":0}},{"type":"Feature","geometry":{"type":"Polygon","coordinates":[[[139.0975,35.95],[139.1,35.95],[139.1,35.9525],[139.0975,35.9525],[139.0975,35.95]]]},"properties":{"cell_id":"g_22_11","score":0.221,"twi":6.16,"hand":208.9,"dist_to_boundary":172,"curvature":-0.0067,"spring_kde":0}},{"type":"Feature","geometry":{"type":"Polygon","coordinates":[[[139.1,35.95],[139.1025,35.95],[139.1025,35.9525],[139.1,35.9525],[139.1,35.95]]]},"properties":{"cell_id":"g_23_11","score":0.298,"twi":6.34,"hand":167.3,"dist_to_boundary":133,"curvature":-0.0038,"spring_kde":0}},{"type":"Feature","geometry":{"type":"Polygon","coordinates":[[[139.1025,35.95],[139.105,35.95],[139.105,35.9525],[139.1025,35.9525],[139.1025,35.95]]]},"properties":{"cell_id":"g_24_11","score":0.376,"twi":6.4,"hand":119.9,"dist_to_boundary":94,"curvature":-0.0017,"spring_kde":0}},{"type":"Feature","geometry":{"type":"Polygon","coordinates":[[[139.105,35.95],[139.1075,35.95],[139.1075,35.9525],[139.105,35.9525],[139.105,35.95]]]},"properties":{"cell_id":"g_25_11","score":0.411,"twi":6.28,"hand":92.6,"dist_to_boundary":49,"curvature":-0.0043,"spring_kde":0}},{"type":"Feature","geometry":{"type":"Polygon","coordinates":[[[139.1075,35.95],[139.11,35.95],[139.11,35.9525],[139.1075,35.9525],[139.1075,35.95]]]},"properties":{"cell_id":"g_26_11","score":0.389,"twi":6.22,"hand":117.6,"dist_to_boundary":68,"curvature":0.0016,"spring_kde":0}},{"type":"Feature","geometry":{"type":"Polygon","coordinates":[[[139.11,35.95],[139.1125,35.95],[139.1125,35.9525],[139.11,35.9525],[139.11,35.95]]]},"properties":{"cell_id":"g_27_11","score":0.506,"twi":6.76,"hand":58,"dist_to_boundary":116,"curvature":0.007,"spring_kde":0}},{"type":"Feature","geometry":{"type":"Polygon","coordinates":[[[139.1125,35.95],[139.115,35.95],[139.115,35.9525],[139.1125,35.9525],[139.1125,35.95]]]},"properties":{"cell_id":"g_28_11","score":0.424,"twi":6.3,"hand":86.6,"dist_to_boundary":86,"curvature":-0.0013,"spring_kde":0}},{"type":"Feature","geometry":{"type":"Polygon","coordinates":[[[139.115,35.95],[139.1175,35.95],[139.1175,35.9525],[139.115,35.9525],[139.115,35.95]]]},"properties":{"cell_id":"g_29_11","score":0.496,"twi":6.55,"hand":70.7,"dist_to_boundary":24,"curvature":0.0016,"spring_kde":0}},{"type":"Feature","geometry":{"type":"Polygon","coordinates":[[[139.1175,35.95],[139.12,35.95],[139.12,35.9525],[139.1175,35.9525],[139.1175,35.95]]]},"properties":{"cell_id":"g_30_11","score":0.55,"twi":6.67,"hand":25.6,"dist_to_boundary":74,"curvature":0.005,"spring_kde":0}},{"type":"Feature","geometry":{"type":"Polygon","coordinates":[[[139.12,35.95],[139.1225,35.95],[139.1225,35.9525],[139.12,35.9525],[139.12,35.95]]]},"properties":{"cell_id":"g_31_11","score":0.444,"twi":6.18,"hand":76.9,"dist_to_boundary":24,"curvature":-0.0023,"spring_kde":0}},{"type":"Feature","geometry":{"type":"Polygon","coordinates":[[[139.1225,35.95],[139.125,35.95],[139.125,35.9525],[139.1225,35.9525],[139.1225,35.95]]]},"properties":{"cell_id":"g_32_11","score":0.486,"twi":6.25,"hand":49.4,"dist_to_boundary":69,"curvature":0.0057,"spring_kde":0}},{"type":"Feature","geometry":{"type":"Polygon","coordinates":[[[139.125,35.95],[139.1275,35.95],[139.1275,35.9525],[139.125,35.9525],[139.125,35.95]]]},"properties":{"cell_id":"g_33_11","score":0.462,"twi":6.15,"hand":48.1,"dist_to_boundary":164,"curvature":0.0024,"spring_kde":0}},{"type":"Feature","geometry":{"type":"Polygon","coordinates":[[[139.1275,35.95],[139.13,35.95],[139.13,35.9525],[139.1275,35.9525],[139.1275,35.95]]]},"properties":{"cell_id":"g_34_11","score":0.438,"twi":5.97,"hand":61.7,"dist_to_boundary":273,"curvature":0.0032,"spring_kde":0}},{"type":"Feature","geometry":{"type":"Polygon","coordinates":[[[139.13,35.95],[139.1325,35.95],[139.1325,35.9525],[139.13,35.9525],[139.13,35.95]]]},"properties":{"cell_id":"g_35_11","score":0.399,"twi":5.77,"hand":61.3,"dist_to_boundary":406,"curvature":-0.0051,"spring_kde":0}},{"type":"Feature","geometry":{"type":"Polygon","coordinates":[[[139.1325,35.95],[139.135,35.95],[139.135,35.9525],[139.1325,35.9525],[139.1325,35.95]]]},"properties":{"cell_id":"g_36_11","score":0.421,"twi":6.16,"hand":50.1,"dist_to_boundary":553,"curvature":0.0036,"spring_kde":0}},{"type":"Feature","geometry":{"type":"Polygon","coordinates":[[[139.135,35.95],[139.1375,35.95],[139.1375,35.9525],[139.135,35.9525],[139.135,35.95]]]},"properties":{"cell_id":"g_37_11","score":0.291,"twi":5.78,"hand":99.9,"dist_to_boundary":706,"curvature":-0.0076,"spring_kde":0}},{"type":"Feature","geometry":{"type":"Polygon","coordinates":[[[139.1375,35.95],[139.14,35.95],[139.14,35.9525],[139.1375,35.9525],[139.1375,35.95]]]},"properties":{"cell_id":"g_38_11","score":0.338,"twi":5.88,"hand":78.8,"dist_to_boundary":740,"curvature":-0.005,"spring_kde":0}},{"type":"Feature","geometry":{"type":"Polygon","coordinates":[[[139.14,35.95],[139.1425,35.95],[139.1425,35.9525],[139.14,35.9525],[139.14,35.95]]]},"properties":{"cell_id":"g_39_11","score":0.391,"twi":6.04,"hand":59.1,"dist_to_boundary":642,"curvature":0.0013,"spring_kde":0}},{"type":"Feature","geometry":{"type":"Polygon","coordinates":[[[139.1425,35.95],[139.145,35.95],[139.145,35.9525],[139.1425,35.9525],[139.1425,35.95]]]},"properties":{"cell_id":"g_40_11","score":0.349,"twi":5.59,"hand":72.7,"dist_to_boundary":597,"curvature":-0.0065,"spring_kde":0}},{"type":"Feature","geometry":{"type":"Polygon","coordinates":[[[139.145,35.95],[139.1475,35.95],[139.1475,35.9525],[139.145,35.9525],[139.145,35.95]]]},"properties":{"cell_id":"g_41_11","score":0.376,"twi":5.7,"hand":68.1,"dist_to_boundary":558,"curvature":-0.0021,"spring_kde":0.001}},{"type":"Feature","geometry":{"type":"Polygon","coordinates":[[[139.1475,35.95],[139.15,35.95],[139.15,35.9525],[139.1475,35.9525],[139.1475,35.95]]]},"properties":{"cell_id":"g_42_11","score":0.388,"twi":5.77,"hand":57.9,"dist_to_boundary":558,"curvature":-0.0038,"spring_kde":0.001}},{"type":"Feature","geometry":{"type":"Polygon","coordinates":[[[139.15,35.95],[139.1525,35.95],[139.1525,35.9525],[139.15,35.9525],[139.15,35.95]]]},"properties":{"cell_id":"g_43_11","score":0.435,"twi":6.01,"hand":36.1,"dist_to_boundary":536,"curvature":-0.0002,"spring_kde":0.002}},{"type":"Feature","geometry":{"type":"Polygon","coordinates":[[[139.1525,35.95],[139.155,35.95],[139.155,35.9525],[139.1525,35.9525],[139.1525,35.95]]]},"properties":{"cell_id":"g_44_11","score":0.533,"twi":7.03,"hand":20.7,"dist_to_boundary":327,"curvature":0.0022,"spring_kde":0.002}},{"type":"Feature","geometry":{"type":"Polygon","coordinates":[[[139.155,35.95],[139.1575,35.95],[139.1575,35.9525],[139.155,35.9525],[139.155,35.95]]]},"properties":{"cell_id":"g_45_11","score":0.499,"twi":6.06,"hand":32.9,"dist_to_boundary":119,"curvature":0.0019,"spring_kde":0.002}},{"type":"Feature","geometry":{"type":"Polygon","coordinates":[[[139.0425,35.9525],[139.045,35.9525],[139.045,35.955],[139.0425,35.955],[139.0425,35.9525]]]},"properties":{"cell_id":"g_0_12","score":0.426,"twi":6.28,"hand":74.9,"dist_to_boundary":202,"curvature":-0.0004,"spring_kde":0.014}},{"type":"Feature","geometry":{"type":"Polygon","coordinates":[[[139.045,35.9525],[139.0475,35.9525],[139.0475,35.955],[139.045,35.955],[139.045,35.9525]]]},"properties":{"cell_id":"g_1_12","score":0.321,"twi":6.08,"hand":130.7,"dist_to_boundary":325,"curvature":-0.0034,"spring_kde":0.041}},{"type":"Feature","geometry":{"type":"Polygon","coordinates":[[[139.0475,35.9525],[139.05,35.9525],[139.05,35.955],[139.0475,35.955],[139.0475,35.9525]]]},"properties":{"cell_id":"g_2_12","score":0.314,"twi":6.12,"hand":137.2,"dist_to_boundary":432,"curvature":-0.0072,"spring_kde":0.094}},{"type":"Feature","geometry":{"type":"Polygon","coordinates":[[[139.05,35.9525],[139.0525,35.9525],[139.0525,35.955],[139.05,35.955],[139.05,35.9525]]]},"properties":{"cell_id":"g_3_12","score":0.488,"twi":7.01,"hand":97.7,"dist_to_boundary":315,"curvature":0.0038,"spring_kde":0.178}},{"type":"Feature","geometry":{"type":"Polygon","coordinates":[[[139.0525,35.9525],[139.055,35.9525],[139.055,35.955],[139.0525,35.955],[139.0525,35.9525]]]},"properties":{"cell_id":"g_4_12","score":0.536,"twi":6.44,"hand":44.6,"dist_to_boundary":295,"curvature":0.0046,"spring_kde":0.275}},{"type":"Feature","geometry":{"type":"Polygon","coordinates":[[[139.055,35.9525],[139.0575,35.9525],[139.0575,35.955],[139.055,35.955],[139.055,35.9525]]]},"properties":{"cell_id":"g_5_12","score":0.418,"twi":6.15,"hand":97,"dist_to_boundary":294,"curvature":0.0006,"spring_kde":0.348}},{"type":"Feature","geometry":{"type":"Polygon","coordinates":[[[139.0575,35.9525],[139.06,35.9525],[139.06,35.955],[139.0575,35.955],[139.0575,35.9525]]]},"properties":{"cell_id":"g_6_12","score":0.4,"twi":5.96,"hand":102.4,"dist_to_boundary":189,"curvature":-0.0062,"spring_kde":0.36}},{"type":"Feature","geometry":{"type":"Polygon","coordinates":[[[139.06,35.9525],[139.0625,35.9525],[139.0625,35.955],[139.06,35.955],[139.06,35.9525]]]},"properties":{"cell_id":"g_7_12","score":0.433,"twi":6.39,"hand":99.9,"dist_to_boundary":99,"curvature":0.0001,"spring_kde":0.305}},{"type":"Feature","geometry":{"type":"Polygon","coordinates":[[[139.0625,35.9525],[139.065,35.9525],[139.065,35.955],[139.0625,35.955],[139.0625,35.9525]]]},"properties":{"cell_id":"g_8_12","score":0.572,"twi":6.64,"hand":25.6,"dist_to_boundary":16,"curvature":0.0021,"spring_kde":0.213}},{"type":"Feature","geometry":{"type":"Polygon","coordinates":[[[139.065,35.9525],[139.0675,35.9525],[139.0675,35.955],[139.065,35.955],[139.065,35.9525]]]},"properties":{"cell_id":"g_9_12","score":0.545,"twi":7.19,"hand":44.6,"dist_to_boundary":59,"curvature":0.004,"spring_kde":0.124}},{"type":"Feature","geometry":{"type":"Polygon","coordinates":[[[139.0675,35.9525],[139.07,35.9525],[139.07,35.955],[139.0675,35.955],[139.0675,35.9525]]]},"properties":{"cell_id":"g_10_12","score":0.516,"twi":6.74,"hand":40.1,"dist_to_boundary":134,"curvature":0.0052,"spring_kde":0.061}},{"type":"Feature","geometry":{"type":"Polygon","coordinates":[[[139.07,35.9525],[139.0725,35.9525],[139.0725,35.955],[139.07,35.955],[139.07,35.9525]]]},"properties":{"cell_id":"g_11_12","score":0.49,"twi":6.46,"hand":54.9,"dist_to_boundary":44,"curvature":0.002,"spring_kde":0.027}},{"type":"Feature","geometry":{"type":"Polygon","coordinates":[[[139.0725,35.9525],[139.075,35.9525],[139.075,35.955],[139.0725,35.955],[139.0725,35.9525]]]},"properties":{"cell_id":"g_12_12","score":0.539,"twi":6.29,"hand":26.4,"dist_to_boundary":40,"curvature":0.0036,"spring_kde":0.011}},{"type":"Feature","geometry":{"type":"Polygon","coordinates":[[[139.075,35.9525],[139.0775,35.9525],[139.0775,35.955],[139.075,35.955],[139.075,35.9525]]]},"properties":{"cell_id":"g_13_12","score":0.487,"twi":6.16,"hand":43.7,"dist_to_boundary":195,"curvature":0.0082,"spring_kde":0.004}},{"type":"Feature","geometry":{"type":"Polygon","coordinates":[[[139.0775,35.9525],[139.08,35.9525],[139.08,35.955],[139.0775,35.955],[139.0775,35.9525]]]},"properties":{"cell_id":"g_14_12","score":0.481,"twi":5.84,"hand":54.8,"dist_to_boundary":196,"curvature":0.0029,"spring_kde":0.001}},{"type":"Feature","geometry":{"type":"Polygon","coordinates":[[[139.08,35.9525],[139.0825,35.9525],[139.0825,35.955],[139.08,35.955],[139.08,35.9525]]]},"properties":{"cell_id":"g_15_12","score":0.512,"twi":6.34,"hand":41.8,"dist_to_boundary":171,"curvature":0.0053,"spring_kde":0}},{"type":"Feature","geometry":{"type":"Polygon","coordinates":[[[139.0825,35.9525],[139.085,35.9525],[139.085,35.955],[139.0825,35.955],[139.0825,35.9525]]]},"properties":{"cell_id":"g_16_12","score":0.496,"twi":6.32,"hand":40.6,"dist_to_boundary":112,"curvature":0.0014,"spring_kde":0}},{"type":"Feature","geometry":{"type":"Polygon","coordinates":[[[139.085,35.9525],[139.0875,35.9525],[139.0875,35.955],[139.085,35.955],[139.085,35.9525]]]},"properties":{"cell_id":"g_17_12","score":0.506,"twi":6.26,"hand":40.1,"dist_to_boundary":30,"curvature":0.0041,"spring_kde":0}},{"type":"Feature","geometry":{"type":"Polygon","coordinates":[[[139.0875,35.9525],[139.09,35.9525],[139.09,35.955],[139.0875,35.955],[139.0875,35.9525]]]},"properties":{"cell_id":"g_18_12","score":0.47,"twi":6.54,"hand":59.8,"dist_to_boundary":89,"curvature":0.003,"spring_kde":0}},{"type":"Feature","geometry":{"type":"Polygon","coordinates":[[[139.09,35.9525],[139.0925,35.9525],[139.0925,35.955],[139.09,35.955],[139.09,35.9525]]]},"properties":{"cell_id":"g_19_12","score":0.385,"twi":6.34,"hand":101.5,"dist_to_boundary":147,"curvature":-0.0007,"spring_kde":0}},{"type":"Feature","geometry":{"type":"Polygon","coordinates":[[[139.0925,35.9525],[139.095,35.9525],[139.095,35.955],[139.0925,35.955],[139.0925,35.9525]]]},"properties":{"cell_id":"g_20_12","score":0.348,"twi":6.11,"hand":137.1,"dist_to_boundary":36,"curvature":-0.0037,"spring_kde":0}},{"type":"Feature","geometry":{"type":"Polygon","coordinates":[[[139.095,35.9525],[139.0975,35.9525],[139.0975,35.955],[139.095,35.955],[139.095,35.9525]]]},"properties":{"cell_id":"g_21_12","score":0.415,"twi":6.92,"hand":130.3,"dist_to_boundary":48,"curvature":0.0003,"spring_kde":0}},{"type":"Feature","geometry":{"type":"Polygon","coordinates":[[[139.0975,35.9525],[139.1,35.9525],[139.1,35.955],[139.0975,35.955],[139.0975,35.9525]]]},"properties":{"cell_id":"g_22_12","score":0.322,"twi":6.52,"hand":173.7,"dist_to_boundary":100,"curvature":-0.0014,"spring_kde":0}},{"type":"Feature","geometry":{"type":"Polygon","coordinates":[[[139.1,35.9525],[139.1025,35.9525],[139.1025,35.955],[139.1,35.955],[139.1,35.9525]]]},"properties":{"cell_id":"g_23_12","score":0.43,"twi":6.6,"hand":114.2,"dist_to_boundary":139,"curvature":0.0009,"spring_kde":0}},{"type":"Feature","geometry":{"type":"Polygon","coordinates":[[[139.1025,35.9525],[139.105,35.9525],[139.105,35.955],[139.1025,35.955],[139.1025,35.9525]]]},"properties":{"cell_id":"g_24_12","score":0.467,"twi":6.86,"hand":90.1,"dist_to_boundary":178,"curvature":0.0026,"spring_kde":0}},{"type":"Feature","geometry":{"type":"Polygon","coordinates":[[[139.105,35.9525],[139.1075,35.9525],[139.1075,35.955],[139.105,35.955],[139.105,35.9525]]]},"properties":{"cell_id":"g_25_12","score":0.522,"twi":7.31,"hand":65,"dist_to_boundary":218,"curvature":0.001,"spring_kde":0}},{"type":"Feature","geometry":{"type":"Polygon","coordinates":[[[139.1075,35.9525],[139.11,35.9525],[139.11,35.955],[139.1075,35.955],[139.1075,35.9525]]]},"properties":{"cell_id":"g_26_12","score":0.283,"twi":6.25,"hand":208,"dist_to_boundary":150,"curvature":-0.0108,"spring_kde":0}},{"type":"Feature","geometry":{"type":"Polygon","coordinates":[[[139.11,35.9525],[139.1125,35.9525],[139.1125,35.955],[139.11,35.955],[139.11,35.9525]]]},"properties":{"cell_id":"g_27_12","score":0.339,"twi":5.79,"hand":122.8,"dist_to_boundary":139,"curvature":-0.0048,"spring_kde":0}},{"type":"Feature","geometry":{"type":"Polygon","coordinates":[[[139.1125,35.9525],[139.115,35.9525],[139.115,35.955],[139.1125,35.955],[139.1125,35.9525]]]},"properties":{"cell_id":"g_28_12","score":0.405,"twi":5.77,"hand":94.5,"dist_to_boundary":202,"curvature":-0.0043,"spring_kde":0}},{"type":"Feature","geometry":{"type":"Polygon","coordinates":[[[139.115,35.9525],[139.1175,35.9525],[139.1175,35.955],[139.115,35.955],[139.115,35.9525]]]},"properties":{"cell_id":"g_29_12","score":0.583,"twi":7.17,"hand":35,"dist_to_boundary":19,"curvature":0.0036,"spring_kde":0}},{"type":"Feature","geometry":{"type":"Polygon","coordinates":[[[139.1175,35.9525],[139.12,35.9525],[139.12,35.955],[139.1175,35.955],[139.1175,35.9525]]]},"properties":{"cell_id":"g_30_12","score":0.544,"twi":6.69,"hand":23,"dist_to_boundary":149,"curvature":0.0032,"spring_kde":0}},{"type":"Feature","geometry":{"type":"Polygon","coordinates":[[[139.12,35.9525],[139.1225,35.9525],[139.1225,35.955],[139.12,35.955],[139.12,35.9525]]]},"properties":{"cell_id":"g_31_12","score":0.48,"twi":6.25,"hand":37.2,"dist_to_boundary":239,"curvature":0.0013,"spring_kde":0}},{"type":"Feature","geometry":{"type":"Polygon","coordinates":[[[139.1225,35.9525],[139.125,35.9525],[139.125,35.955],[139.1225,35.955],[139.1225,35.9525]]]},"properties":{"cell_id":"g_32_12","score":0.432,"twi":6.1,"hand":58.9,"dist_to_boundary":319,"curvature":0.0002,"spring_kde":0}},{"type":"Feature","geometry":{"type":"Polygon","coordinates":[[[139.125,35.9525],[139.1275,35.9525],[139.1275,35.955],[139.125,35.955],[139.125,35.9525]]]},"properties":{"cell_id":"g_33_12","score":0.427,"twi":5.92,"hand":55.2,"dist_to_boundary":414,"curvature":0.0012,"spring_kde":0}},{"type":"Feature","geometry":{"type":"Polygon","coordinates":[[[139.1275,35.9525],[139.13,35.9525],[139.13,35.955],[139.1275,35.955],[139.1275,35.9525]]]},"properties":{"cell_id":"g_34_12","score":0.328,"twi":5.57,"hand":102.4,"dist_to_boundary":511,"curvature":-0.007,"spring_kde":0}},{"type":"Feature","geometry":{"type":"Polygon","coordinates":[[[139.13,35.9525],[139.1325,35.9525],[139.1325,35.955],[139.13,35.955],[139.13,35.9525]]]},"properties":{"cell_id":"g_35_12","score":0.396,"twi":6.25,"hand":59,"dist_to_boundary":628,"curvature":0.0022,"spring_kde":0}},{"type":"Feature","geometry":{"type":"Polygon","coordinates":[[[139.1325,35.9525],[139.135,35.9525],[139.135,35.955],[139.1325,35.955],[139.1325,35.9525]]]},"properties":{"cell_id":"g_36_12","score":0.41,"twi":5.99,"hand":39.5,"dist_to_boundary":746,"curvature":-0.0027,"spring_kde":0}},{"type":"Feature","geometry":{"type":"Polygon","coordinates":[[[139.135,35.9525],[139.1375,35.9525],[139.1375,35.955],[139.135,35.955],[139.135,35.9525]]]},"properties":{"cell_id":"g_37_12","score":0.398,"twi":6.14,"hand":57.9,"dist_to_boundary":620,"curvature":0.0001,"spring_kde":0}},{"type":"Feature","geometry":{"type":"Polygon","coordinates":[[[139.1375,35.9525],[139.14,35.9525],[139.14,35.955],[139.1375,35.955],[139.1375,35.9525]]]},"properties":{"cell_id":"g_38_12","score":0.451,"twi":6.39,"hand":40,"dist_to_boundary":505,"curvature":0.0027,"spring_kde":0}},{"type":"Feature","geometry":{"type":"Polygon","coordinates":[[[139.14,35.9525],[139.1425,35.9525],[139.1425,35.955],[139.14,35.955],[139.14,35.9525]]]},"properties":{"cell_id":"g_39_12","score":0.486,"twi":6.34,"hand":26.3,"dist_to_boundary":387,"curvature":0.0001,"spring_kde":0}},{"type":"Feature","geometry":{"type":"Polygon","coordinates":[[[139.1425,35.9525],[139.145,35.9525],[139.145,35.955],[139.1425,35.955],[139.1425,35.9525]]]},"properties":{"cell_id":"g_40_12","score":0.492,"twi":6.35,"hand":26,"dist_to_boundary":325,"curvature":0.0021,"spring_kde":0.001}},{"type":"Feature","geometry":{"type":"Polygon","coordinates":[[[139.145,35.9525],[139.1475,35.9525],[139.1475,35.955],[139.145,35.955],[139.145,35.9525]]]},"properties":{"cell_id":"g_41_12","score":0.515,"twi":6.32,"hand":21.9,"dist_to_boundary":286,"curvature":0.0049,"spring_kde":0.003}},{"type":"Feature","geometry":{"type":"Polygon","coordinates":[[[139.1475,35.9525],[139.15,35.9525],[139.15,35.955],[139.1475,35.955],[139.1475,35.9525]]]},"properties":{"cell_id":"g_42_12","score":0.474,"twi":6.21,"hand":41.4,"dist_to_boundary":287,"curvature":0.002,"spring_kde":0.005}},{"type":"Feature","geometry":{"type":"Polygon","coordinates":[[[139.15,35.9525],[139.1525,35.9525],[139.1525,35.955],[139.15,35.955],[139.15,35.9525]]]},"properties":{"cell_id":"g_43_12","score":0.504,"twi":6.51,"hand":24.9,"dist_to_boundary":375,"curvature":0.0047,"spring_kde":0.008}},{"type":"Feature","geometry":{"type":"Polygon","coordinates":[[[139.1525,35.9525],[139.155,35.9525],[139.155,35.955],[139.1525,35.955],[139.1525,35.9525]]]},"properties":{"cell_id":"g_44_12","score":0.511,"twi":6.76,"hand":21,"dist_to_boundary":357,"curvature":-0.0002,"spring_kde":0.01}},{"type":"Feature","geometry":{"type":"Polygon","coordinates":[[[139.155,35.9525],[139.1575,35.9525],[139.1575,35.955],[139.155,35.955],[139.155,35.9525]]]},"properties":{"cell_id":"g_45_12","score":0.524,"twi":6.67,"hand":24.8,"dist_to_boundary":222,"curvature":0.0036,"spring_kde":0.01}},{"type":"Feature","geometry":{"type":"Polygon","coordinates":[[[139.0425,35.955],[139.045,35.955],[139.045,35.9575],[139.0425,35.9575],[139.0425,35.955]]]},"properties":{"cell_id":"g_0_13","score":0.61,"twi":7.66,"hand":16,"dist_to_boundary":26,"curvature":0.0022,"spring_kde":0.019}},{"type":"Feature","geometry":{"type":"Polygon","coordinates":[[[139.045,35.955],[139.0475,35.955],[139.0475,35.9575],[139.045,35.9575],[139.045,35.955]]]},"properties":{"cell_id":"g_1_13","score":0.498,"twi":6.66,"hand":50.4,"dist_to_boundary":82,"curvature":0.0022,"spring_kde":0.054}},{"type":"Feature","geometry":{"type":"Polygon","coordinates":[[[139.0475,35.955],[139.05,35.955],[139.05,35.9575],[139.0475,35.9575],[139.0475,35.955]]]},"properties":{"cell_id":"g_2_13","score":0.388,"twi":6.54,"hand":116,"dist_to_boundary":189,"curvature":-0.002,"spring_kde":0.125}},{"type":"Feature","geometry":{"type":"Polygon","coordinates":[[[139.05,35.955],[139.0525,35.955],[139.0525,35.9575],[139.05,35.9575],[139.05,35.955]]]},"properties":{"cell_id":"g_3_13","score":0.414,"twi":5.89,"hand":101.3,"dist_to_boundary":139,"curvature":-0.006,"spring_kde":0.237}},{"type":"Feature","geometry":{"type":"Polygon","coordinates":[[[139.0525,35.955],[139.055,35.955],[139.055,35.9575],[139.0525,35.9575],[139.0525,35.955]]]},"properties":{"cell_id":"g_4_13","score":0.557,"twi":6.38,"hand":47.9,"dist_to_boundary":86,"curvature":0.0028,"spring_kde":0.368}},{"type":"Feature","geometry":{"type":"Polygon","coordinates":[[[139.055,35.955],[139.0575,35.955],[139.0575,35.9575],[139.055,35.9575],[139.055,35.955]]]},"properties":{"cell_id":"g_5_13","score":0.53,"twi":6.16,"hand":52.2,"dist_to_boundary":48,"curvature":0.0023,"spring_kde":0.466}},{"type":"Feature","geometry":{"type":"Polygon","coordinates":[[[139.0575,35.955],[139.06,35.955],[139.06,35.9575],[139.0575,35.9575],[139.0575,35.955]]]},"properties":{"cell_id":"g_6_13","score":0.451,"twi":6,"hand":92.3,"dist_to_boundary":58,"curvature":-0.0046,"spring_kde":0.486}},{"type":"Feature","geometry":{"type":"Polygon","coordinates":[[[139.06,35.955],[139.0625,35.955],[139.0625,35.9575],[139.06,35.9575],[139.06,35.955]]]},"properties":{"cell_id":"g_7_13","score":0.497,"twi":6.21,"hand":61.5,"dist_to_boundary":118,"curvature":-0.0005,"spring_kde":0.419}},{"type":"Feature","geometry":{"type":"Polygon","coordinates":[[[139.0625,35.955],[139.065,35.955],[139.065,35.9575],[139.0625,35.9575],[139.0625,35.955]]]},"properties":{"cell_id":"g_8_13","score":0.585,"twi":6.95,"hand":26.9,"dist_to_boundary":81,"curvature":0.0056,"spring_kde":0.303}},{"type":"Feature","geometry":{"type":"Polygon","coordinates":[[[139.065,35.955],[139.0675,35.955],[139.0675,35.9575],[139.065,35.9575],[139.065,35.955]]]},"properties":{"cell_id":"g_9_13","score":0.447,"twi":6.75,"hand":100,"dist_to_boundary":31,"curvature":-0.0001,"spring_kde":0.189}},{"type":"Feature","geometry":{"type":"Polygon","coordinates":[[[139.0675,35.955],[139.07,35.955],[139.07,35.9575],[139.0675,35.9575],[139.0675,35.955]]]},"properties":{"cell_id":"g_10_13","score":0.324,"twi":6.31,"hand":159,"dist_to_boundary":64,"curvature":-0.0052,"spring_kde":0.106}},{"type":"Feature","geometry":{"type":"Polygon","coordinates":[[[139.07,35.955],[139.0725,35.955],[139.0725,35.9575],[139.07,35.9575],[139.07,35.955]]]},"properties":{"cell_id":"g_11_13","score":0.406,"twi":6.01,"hand":83.9,"dist_to_boundary":150,"curvature":-0.0019,"spring_kde":0.055}},{"type":"Feature","geometry":{"type":"Polygon","coordinates":[[[139.0725,35.955],[139.075,35.955],[139.075,35.9575],[139.0725,35.9575],[139.0725,35.955]]]},"properties":{"cell_id":"g_12_13","score":0.403,"twi":5.88,"hand":88.9,"dist_to_boundary":92,"curvature":-0.005,"spring_kde":0.028}},{"type":"Feature","geometry":{"type":"Polygon","coordinates":[[[139.075,35.955],[139.0775,35.955],[139.0775,35.9575],[139.075,35.9575],[139.075,35.955]]]},"properties":{"cell_id":"g_13_13","score":0.453,"twi":6.5,"hand":74.1,"dist_to_boundary":81,"curvature":0.0014,"spring_kde":0.013}},{"type":"Feature","geometry":{"type":"Polygon","coordinates":[[[139.0775,35.955],[139.08,35.955],[139.08,35.9575],[139.0775,35.9575],[139.0775,35.955]]]},"properties":{"cell_id":"g_14_13","score":0.402,"twi":6.22,"hand":99.7,"dist_to_boundary":80,"curvature":-0.0031,"spring_kde":0.005}},{"type":"Feature","geometry":{"type":"Polygon","coordinates":[[[139.08,35.955],[139.0825,35.955],[139.0825,35.9575],[139.08,35.9575],[139.08,35.955]]]},"properties":{"cell_id":"g_15_13","score":0.433,"twi":6.21,"hand":81.6,"dist_to_boundary":96,"curvature":-0.0043,"spring_kde":0.002}},{"type":"Feature","geometry":{"type":"Polygon","coordinates":[[[139.0825,35.955],[139.085,35.955],[139.085,35.9575],[139.0825,35.9575],[139.0825,35.955]]]},"properties":{"cell_id":"g_16_13","score":0.428,"twi":6.12,"hand":92.3,"dist_to_boundary":86,"curvature":-0.0027,"spring_kde":0.001}},{"type":"Feature","geometry":{"type":"Polygon","coordinates":[[[139.085,35.955],[139.0875,35.955],[139.0875,35.9575],[139.085,35.9575],[139.085,35.955]]]},"properties":{"cell_id":"g_17_13","score":0.375,"twi":6.82,"hand":138.5,"dist_to_boundary":67,"curvature":-0.0036,"spring_kde":0}},{"type":"Feature","geometry":{"type":"Polygon","coordinates":[[[139.0875,35.955],[139.09,35.955],[139.09,35.9575],[139.0875,35.9575],[139.0875,35.955]]]},"properties":{"cell_id":"g_18_13","score":0.402,"twi":7.04,"hand":141.2,"dist_to_boundary":44,"curvature":-0.0007,"spring_kde":0}},{"type":"Feature","geometry":{"type":"Polygon","coordinates":[[[139.09,35.955],[139.0925,35.955],[139.0925,35.9575],[139.09,35.9575],[139.09,35.955]]]},"properties":{"cell_id":"g_19_13","score":0.36,"twi":6.71,"hand":159.1,"dist_to_boundary":83,"curvature":-0.0014,"spring_kde":0}},{"type":"Feature","geometry":{"type":"Polygon","coordinates":[[[139.0925,35.955],[139.095,35.955],[139.095,35.9575],[139.0925,35.9575],[139.0925,35.955]]]},"properties":{"cell_id":"g_20_13","score":0.485,"twi":6.99,"hand":86.9,"dist_to_boundary":205,"curvature":0.0032,"spring_kde":0}},{"type":"Feature","geometry":{"type":"Polygon","coordinates":[[[139.095,35.955],[139.0975,35.955],[139.0975,35.9575],[139.095,35.9575],[139.095,35.955]]]},"properties":{"cell_id":"g_21_13","score":0.576,"twi":7.28,"hand":29.6,"dist_to_boundary":308,"curvature":0.0023,"spring_kde":0}},{"type":"Feature","geometry":{"type":"Polygon","coordinates":[[[139.0975,35.955],[139.1,35.955],[139.1,35.9575],[139.0975,35.9575],[139.0975,35.955]]]},"properties":{"cell_id":"g_22_13","score":0.513,"twi":7.47,"hand":66.6,"dist_to_boundary":372,"curvature":0.0015,"spring_kde":0}},{"type":"Feature","geometry":{"type":"Polygon","coordinates":[[[139.1,35.955],[139.1025,35.955],[139.1025,35.9575],[139.1,35.9575],[139.1,35.955]]]},"properties":{"cell_id":"g_23_13","score":0.454,"twi":7.63,"hand":102.8,"dist_to_boundary":411,"curvature":-0.0009,"spring_kde":0}},{"type":"Feature","geometry":{"type":"Polygon","coordinates":[[[139.1025,35.955],[139.105,35.955],[139.105,35.9575],[139.1025,35.9575],[139.1025,35.955]]]},"properties":{"cell_id":"g_24_13","score":0.469,"twi":7.75,"hand":92,"dist_to_boundary":451,"curvature":-0.0027,"spring_kde":0}},{"type":"Feature","geometry":{"type":"Polygon","coordinates":[[[139.105,35.955],[139.1075,35.955],[139.1075,35.9575],[139.105,35.9575],[139.105,35.955]]]},"properties":{"cell_id":"g_25_13","score":0.367,"twi":6.62,"hand":148.3,"dist_to_boundary":481,"curvature":-0.0018,"spring_kde":0}},{"type":"Feature","geometry":{"type":"Polygon","coordinates":[[[139.1075,35.955],[139.11,35.955],[139.11,35.9575],[139.1075,35.9575],[139.1075,35.955]]]},"properties":{"cell_id":"g_26_13","score":0.429,"twi":6.06,"hand":83.3,"dist_to_boundary":409,"curvature":0.0029,"spring_kde":0}},{"type":"Feature","geometry":{"type":"Polygon","coordinates":[[[139.11,35.955],[139.1125,35.955],[139.1125,35.9575],[139.11,35.9575],[139.11,35.955]]]},"properties":{"cell_id":"g_27_13","score":0.39,"twi":6.5,"hand":99.1,"dist_to_boundary":350,"curvature":0.0016,"spring_kde":0}},{"type":"Feature","geometry":{"type":"Polygon","coordinates":[[[139.1125,35.955],[139.115,35.955],[139.115,35.9575],[139.1125,35.9575],[139.1125,35.955]]]},"properties":{"cell_id":"g_28_13","score":0.458,"twi":6.18,"hand":65.3,"dist_to_boundary":258,"curvature":0,"spring_kde":0}},{"type":"Feature","geometry":{"type":"Polygon","coordinates":[[[139.115,35.955],[139.1175,35.955],[139.1175,35.9575],[139.115,35.9575],[139.115,35.955]]]},"properties":{"cell_id":"g_29_13","score":0.539,"twi":6.54,"hand":32.1,"dist_to_boundary":55,"curvature":0.0021,"spring_kde":0}},{"type":"Feature","geometry":{"type":"Polygon","coordinates":[[[139.1175,35.955],[139.12,35.955],[139.12,35.9575],[139.1175,35.9575],[139.1175,35.955]]]},"properties":{"cell_id":"g_30_13","score":0.481,"twi":6.18,"hand":45.5,"dist_to_boundary":168,"curvature":0.0004,"spring_kde":0}},{"type":"Feature","geometry":{"type":"Polygon","coordinates":[[[139.12,35.955],[139.1225,35.955],[139.1225,35.9575],[139.12,35.9575],[139.12,35.955]]]},"properties":{"cell_id":"g_31_13","score":0.382,"twi":5.68,"hand":70.7,"dist_to_boundary":391,"curvature":-0.0058,"spring_kde":0}},{"type":"Feature","geometry":{"type":"Polygon","coordinates":[[[139.1225,35.955],[139.125,35.955],[139.125,35.9575],[139.1225,35.9575],[139.1225,35.955]]]},"properties":{"cell_id":"g_32_13","score":0.328,"twi":5.71,"hand":99.4,"dist_to_boundary":572,"curvature":-0.0033,"spring_kde":0}},{"type":"Feature","geometry":{"type":"Polygon","coordinates":[[[139.125,35.955],[139.1275,35.955],[139.1275,35.9575],[139.125,35.9575],[139.125,35.955]]]},"properties":{"cell_id":"g_33_13","score":0.337,"twi":5.75,"hand":87.1,"dist_to_boundary":665,"curvature":-0.0039,"spring_kde":0}},{"type":"Feature","geometry":{"type":"Polygon","coordinates":[[[139.1275,35.955],[139.13,35.955],[139.13,35.9575],[139.1275,35.9575],[139.1275,35.955]]]},"properties":{"cell_id":"g_34_13","score":0.332,"twi":5.8,"hand":82.8,"dist_to_boundary":760,"curvature":-0.0033,"spring_kde":0}},{"type":"Feature","geometry":{"type":"Polygon","coordinates":[[[139.13,35.955],[139.1325,35.955],[139.1325,35.9575],[139.13,35.9575],[139.13,35.955]]]},"properties":{"cell_id":"g_35_13","score":0.405,"twi":6.2,"hand":48.8,"dist_to_boundary":662,"curvature":0.0009,"spring_kde":0}},{"type":"Feature","geometry":{"type":"Polygon","coordinates":[[[139.1325,35.955],[139.135,35.955],[139.135,35.9575],[139.1325,35.9575],[139.1325,35.955]]]},"properties":{"cell_id":"g_36_13","score":0.472,"twi":6.2,"hand":26.3,"dist_to_boundary":525,"curvature":0.0055,"spring_kde":0}},{"type":"Feature","geometry":{"type":"Polygon","coordinates":[[[139.135,35.955],[139.1375,35.955],[139.1375,35.9575],[139.135,35.9575],[139.135,35.955]]]},"properties":{"cell_id":"g_37_13","score":0.455,"twi":6.19,"hand":35.7,"dist_to_boundary":389,"curvature":-0.0022,"spring_kde":0}},{"type":"Feature","geometry":{"type":"Polygon","coordinates":[[[139.1375,35.955],[139.14,35.955],[139.14,35.9575],[139.1375,35.9575],[139.1375,35.955]]]},"properties":{"cell_id":"g_38_13","score":0.532,"twi":6.76,"hand":16.3,"dist_to_boundary":267,"curvature":0.0032,"spring_kde":0.001}},{"type":"Feature","geometry":{"type":"Polygon","coordinates":[[[139.14,35.955],[139.1425,35.955],[139.1425,35.9575],[139.14,35.9575],[139.14,35.955]]]},"properties":{"cell_id":"g_39_13","score":0.478,"twi":5.92,"hand":31,"dist_to_boundary":151,"curvature":-0.0011,"spring_kde":0.002}},{"type":"Feature","geometry":{"type":"Polygon","coordinates":[[[139.1425,35.955],[139.145,35.955],[139.145,35.9575],[139.1425,35.9575],[139.1425,35.955]]]},"properties":{"cell_id":"g_40_13","score":0.447,"twi":6,"hand":58.7,"dist_to_boundary":53,"curvature":-0.0006,"spring_kde":0.005}},{"type":"Feature","geometry":{"type":"Polygon","coordinates":[[[139.145,35.955],[139.1475,35.955],[139.1475,35.9575],[139.145,35.9575],[139.145,35.955]]]},"properties":{"cell_id":"g_41_13","score":0.468,"twi":5.98,"hand":53.9,"dist_to_boundary":13,"curvature":0.0017,"spring_kde":0.012}},{"type":"Feature","geometry":{"type":"Polygon","coordinates":[[[139.1475,35.955],[139.15,35.955],[139.15,35.9575],[139.1475,35.9575],[139.1475,35.955]]]},"properties":{"cell_id":"g_42_13","score":0.426,"twi":5.65,"hand":73.3,"dist_to_boundary":19,"curvature":-0.0027,"spring_kde":0.022}},{"type":"Feature","geometry":{"type":"Polygon","coordinates":[[[139.15,35.955],[139.1525,35.955],[139.1525,35.9575],[139.15,35.9575],[139.15,35.955]]]},"properties":{"cell_id":"g_43_13","score":0.465,"twi":5.79,"hand":40,"dist_to_boundary":227,"curvature":-0.0021,"spring_kde":0.033}},{"type":"Feature","geometry":{"type":"Polygon","coordinates":[[[139.1525,35.955],[139.155,35.955],[139.155,35.9575],[139.1525,35.9575],[139.1525,35.955]]]},"properties":{"cell_id":"g_44_13","score":0.487,"twi":6.09,"hand":37.8,"dist_to_boundary":122,"curvature":-0.0036,"spring_kde":0.04}},{"type":"Feature","geometry":{"type":"Polygon","coordinates":[[[139.155,35.955],[139.1575,35.955],[139.1575,35.9575],[139.155,35.9575],[139.155,35.955]]]},"properties":{"cell_id":"g_45_13","score":0.544,"twi":6.43,"hand":22.4,"dist_to_boundary":18,"curvature":0.0016,"spring_kde":0.04}},{"type":"Feature","geometry":{"type":"Polygon","coordinates":[[[139.0425,35.9575],[139.045,35.9575],[139.045,35.96],[139.0425,35.96],[139.0425,35.9575]]]},"properties":{"cell_id":"g_0_14","score":0.674,"twi":8.72,"hand":1.9,"dist_to_boundary":60,"curvature":-0.0001,"spring_kde":0.019}},{"type":"Feature","geometry":{"type":"Polygon","coordinates":[[[139.045,35.9575],[139.0475,35.9575],[139.0475,35.96],[139.045,35.96],[139.045,35.9575]]]},"properties":{"cell_id":"g_1_14","score":0.714,"twi":9.25,"hand":2.9,"dist_to_boundary":10,"curvature":0.0012,"spring_kde":0.053}},{"type":"Feature","geometry":{"type":"Polygon","coordinates":[[[139.0475,35.9575],[139.05,35.9575],[139.05,35.96],[139.0475,35.96],[139.0475,35.9575]]]},"properties":{"cell_id":"g_2_14","score":0.605,"twi":7.77,"hand":21.2,"dist_to_boundary":56,"curvature":0.0003,"spring_kde":0.123}},{"type":"Feature","geometry":{"type":"Polygon","coordinates":[[[139.05,35.9575],[139.0525,35.9575],[139.0525,35.96],[139.05,35.96],[139.05,35.9575]]]},"properties":{"cell_id":"g_3_14","score":0.6,"twi":7.35,"hand":27.1,"dist_to_boundary":52,"curvature":0.0016,"spring_kde":0.234}},{"type":"Feature","geometry":{"type":"Polygon","coordinates":[[[139.0525,35.9575],[139.055,35.9575],[139.055,35.96],[139.0525,35.96],[139.0525,35.9575]]]},"properties":{"cell_id":"g_4_14","score":0.591,"twi":6.81,"hand":33.8,"dist_to_boundary":11,"curvature":0.0043,"spring_kde":0.364}},{"type":"Feature","geometry":{"type":"Polygon","coordinates":[[[139.055,35.9575],[139.0575,35.9575],[139.0575,35.96],[139.055,35.96],[139.055,35.9575]]]},"properties":{"cell_id":"g_5_14","score":0.507,"twi":6.31,"hand":64,"dist_to_boundary":47,"curvature":-0.0007,"spring_kde":0.467}},{"type":"Feature","geometry":{"type":"Polygon","coordinates":[[[139.0575,35.9575],[139.06,35.9575],[139.06,35.96],[139.0575,35.96],[139.0575,35.9575]]]},"properties":{"cell_id":"g_6_14","score":0.433,"twi":6.14,"hand":94.4,"dist_to_boundary":112,"curvature":-0.0057,"spring_kde":0.498}},{"type":"Feature","geometry":{"type":"Polygon","coordinates":[[[139.06,35.9575],[139.0625,35.9575],[139.0625,35.96],[139.06,35.96],[139.06,35.9575]]]},"properties":{"cell_id":"g_7_14","score":0.611,"twi":6.97,"hand":21.9,"dist_to_boundary":91,"curvature":0.0063,"spring_kde":0.45}},{"type":"Feature","geometry":{"type":"Polygon","coordinates":[[[139.0625,35.9575],[139.065,35.9575],[139.065,35.96],[139.0625,35.96],[139.0625,35.9575]]]},"properties":{"cell_id":"g_8_14","score":0.518,"twi":6.36,"hand":49.7,"dist_to_boundary":73,"curvature":0.0012,"spring_kde":0.356}},{"type":"Feature","geometry":{"type":"Polygon","coordinates":[[[139.065,35.9575],[139.0675,35.9575],[139.0675,35.96],[139.065,35.96],[139.065,35.9575]]]},"properties":{"cell_id":"g_9_14","score":0.464,"twi":6.19,"hand":78,"dist_to_boundary":52,"curvature":-0.0035,"spring_kde":0.258}},{"type":"Feature","geometry":{"type":"Polygon","coordinates":[[[139.0675,35.9575],[139.07,35.9575],[139.07,35.96],[139.0675,35.96],[139.0675,35.9575]]]},"properties":{"cell_id":"g_10_14","score":0.48,"twi":5.98,"hand":79.2,"dist_to_boundary":6,"curvature":-0.0022,"spring_kde":0.177}},{"type":"Feature","geometry":{"type":"Polygon","coordinates":[[[139.07,35.9575],[139.0725,35.9575],[139.0725,35.96],[139.07,35.96],[139.07,35.9575]]]},"properties":{"cell_id":"g_11_14","score":0.421,"twi":6.22,"hand":100.8,"dist_to_boundary":95,"curvature":-0.0042,"spring_kde":0.116}},{"type":"Feature","geometry":{"type":"Polygon","coordinates":[[[139.0725,35.9575],[139.075,35.9575],[139.075,35.96],[139.0725,35.96],[139.0725,35.9575]]]},"properties":{"cell_id":"g_12_14","score":0.489,"twi":6.69,"hand":72.9,"dist_to_boundary":179,"curvature":-0.0013,"spring_kde":0.069}},{"type":"Feature","geometry":{"type":"Polygon","coordinates":[[[139.075,35.9575],[139.0775,35.9575],[139.0775,35.96],[139.075,35.96],[139.075,35.9575]]]},"properties":{"cell_id":"g_13_14","score":0.362,"twi":6.18,"hand":138.3,"dist_to_boundary":142,"curvature":-0.0082,"spring_kde":0.037}},{"type":"Feature","geometry":{"type":"Polygon","coordinates":[[[139.0775,35.9575],[139.08,35.9575],[139.08,35.96],[139.0775,35.96],[139.0775,35.9575]]]},"properties":{"cell_id":"g_14_14","score":0.469,"twi":6.57,"hand":88.4,"dist_to_boundary":154,"curvature":0.003,"spring_kde":0.017}},{"type":"Feature","geometry":{"type":"Polygon","coordinates":[[[139.08,35.9575],[139.0825,35.9575],[139.0825,35.96],[139.08,35.96],[139.08,35.9575]]]},"properties":{"cell_id":"g_15_14","score":0.549,"twi":6.92,"hand":51.3,"dist_to_boundary":176,"curvature":0.0064,"spring_kde":0.007}},{"type":"Feature","geometry":{"type":"Polygon","coordinates":[[[139.0825,35.9575],[139.085,35.9575],[139.085,35.96],[139.0825,35.96],[139.0825,35.9575]]]},"properties":{"cell_id":"g_16_14","score":0.474,"twi":6.38,"hand":69.4,"dist_to_boundary":190,"curvature":0.0011,"spring_kde":0.003}},{"type":"Feature","geometry":{"type":"Polygon","coordinates":[[[139.085,35.9575],[139.0875,35.9575],[139.0875,35.96],[139.085,35.96],[139.085,35.9575]]]},"properties":{"cell_id":"g_17_14","score":0.341,"twi":6.03,"hand":133.6,"dist_to_boundary":208,"curvature":-0.0034,"spring_kde":0.001}},{"type":"Feature","geometry":{"type":"Polygon","coordinates":[[[139.0875,35.9575],[139.09,35.9575],[139.09,35.96],[139.0875,35.96],[139.0875,35.9575]]]},"properties":{"cell_id":"g_18_14","score":0.353,"twi":5.86,"hand":111,"dist_to_boundary":231,"curvature":-0.0029,"spring_kde":0}},{"type":"Feature","geometry":{"type":"Polygon","coordinates":[[[139.09,35.9575],[139.0925,35.9575],[139.0925,35.96],[139.09,35.96],[139.09,35.9575]]]},"properties":{"cell_id":"g_19_14","score":0.345,"twi":6.3,"hand":149.9,"dist_to_boundary":309,"curvature":0,"spring_kde":0}},{"type":"Feature","geometry":{"type":"Polygon","coordinates":[[[139.0925,35.9575],[139.095,35.9575],[139.095,35.96],[139.0925,35.96],[139.0925,35.9575]]]},"properties":{"cell_id":"g_20_14","score":0.39,"twi":6.43,"hand":111.9,"dist_to_boundary":403,"curvature":-0.0008,"spring_kde":0}},{"type":"Feature","geometry":{"type":"Polygon","coordinates":[[[139.095,35.9575],[139.0975,35.9575],[139.0975,35.96],[139.095,35.96],[139.095,35.9575]]]},"properties":{"cell_id":"g_21_14","score":0.45,"twi":6.32,"hand":67.5,"dist_to_boundary":276,"curvature":-0.0021,"spring_kde":0}},{"type":"Feature","geometry":{"type":"Polygon","coordinates":[[[139.0975,35.9575],[139.1,35.9575],[139.1,35.96],[139.0975,35.96],[139.0975,35.9575]]]},"properties":{"cell_id":"g_22_14","score":0.39,"twi":6.15,"hand":112.7,"dist_to_boundary":181,"curvature":-0.0035,"spring_kde":0}},{"type":"Feature","geometry":{"type":"Polygon","coordinates":[[[139.1,35.9575],[139.1025,35.9575],[139.1025,35.96],[139.1,35.96],[139.1,35.9575]]]},"properties":{"cell_id":"g_23_14","score":0.475,"twi":6.3,"hand":64,"dist_to_boundary":256,"curvature":0.0049,"spring_kde":0.001}},{"type":"Feature","geometry":{"type":"Polygon","coordinates":[[[139.1025,35.9575],[139.105,35.9575],[139.105,35.96],[139.1025,35.96],[139.1025,35.9575]]]},"properties":{"cell_id":"g_24_14","score":0.404,"twi":6.09,"hand":99.8,"dist_to_boundary":373,"curvature":0.0026,"spring_kde":0.001}},{"type":"Feature","geometry":{"type":"Polygon","coordinates":[[[139.105,35.9575],[139.1075,35.9575],[139.1075,35.96],[139.105,35.96],[139.105,35.9575]]]},"properties":{"cell_id":"g_25_14","score":0.362,"twi":5.3,"hand":148,"dist_to_boundary":233,"curvature":-0.0087,"spring_kde":0.002}},{"type":"Feature","geometry":{"type":"Polygon","coordinates":[[[139.1075,35.9575],[139.11,35.9575],[139.11,35.96],[139.1075,35.96],[139.1075,35.9575]]]},"properties":{"cell_id":"g_26_14","score":0.492,"twi":6.07,"hand":72.8,"dist_to_boundary":145,"curvature":-0.0004,"spring_kde":0.002}},{"type":"Feature","geometry":{"type":"Polygon","coordinates":[[[139.11,35.9575],[139.1125,35.9575],[139.1125,35.96],[139.11,35.96],[139.11,35.9575]]]},"properties":{"cell_id":"g_27_14","score":0.482,"twi":6.44,"hand":55,"dist_to_boundary":84,"curvature":0.0004,"spring_kde":0.002}},{"type":"Feature","geometry":{"type":"Polygon","coordinates":[[[139.1125,35.9575],[139.115,35.9575],[139.115,35.96],[139.1125,35.96],[139.1125,35.9575]]]},"properties":{"cell_id":"g_28_14","score":0.506,"twi":6.18,"hand":36.1,"dist_to_boundary":25,"curvature":0.0007,"spring_kde":0.001}},{"type":"Feature","geometry":{"type":"Polygon","coordinates":[[[139.115,35.9575],[139.1175,35.9575],[139.1175,35.96],[139.115,35.96],[139.115,35.9575]]]},"properties":{"cell_id":"g_29_14","score":0.576,"twi":6.94,"hand":21.4,"dist_to_boundary":35,"curvature":0.0079,"spring_kde":0.001}},{"type":"Feature","geometry":{"type":"Polygon","coordinates":[[[139.1175,35.9575],[139.12,35.9575],[139.12,35.96],[139.1175,35.96],[139.1175,35.9575]]]},"properties":{"cell_id":"g_30_14","score":0.489,"twi":6.06,"hand":32.9,"dist_to_boundary":190,"curvature":0.0027,"spring_kde":0}},{"type":"Feature","geometry":{"type":"Polygon","coordinates":[[[139.12,35.9575],[139.1225,35.9575],[139.1225,35.96],[139.12,35.96],[139.12,35.9575]]]},"properties":{"cell_id":"g_31_14","score":0.404,"twi":5.79,"hand":63.4,"dist_to_boundary":415,"curvature":0.0027,"spring_kde":0}},{"type":"Feature","geometry":{"type":"Polygon","coordinates":[[[139.1225,35.9575],[139.125,35.9575],[139.125,35.96],[139.1225,35.96],[139.1225,35.9575]]]},"properties":{"cell_id":"g_32_14","score":0.386,"twi":6.14,"hand":61.2,"dist_to_boundary":641,"curvature":-0.0001,"spring_kde":0}},{"type":"Feature","geometry":{"type":"Polygon","coordinates":[[[139.125,35.9575],[139.1275,35.9575],[139.1275,35.96],[139.125,35.96],[139.125,35.9575]]]},"properties":{"cell_id":"g_33_14","score":0.361,"twi":6.24,"hand":64,"dist_to_boundary":814,"curvature":0.0005,"spring_kde":0}},{"type":"Feature","geometry":{"type":"Polygon","coordinates":[[[139.1275,35.9575],[139.13,35.9575],[139.13,35.96],[139.1275,35.96],[139.1275,35.9575]]]},"properties":{"cell_id":"g_34_14","score":0.392,"twi":6.23,"hand":66.5,"dist_to_boundary":635,"curvature":0.0016,"spring_kde":0}},{"type":"Feature","geometry":{"type":"Polygon","coordinates":[[[139.13,35.9575],[139.1325,35.9575],[139.1325,35.96],[139.13,35.96],[139.13,35.9575]]]},"properties":{"cell_id":"g_35_14","score":0.363,"twi":6.12,"hand":88.4,"dist_to_boundary":457,"curvature":-0.0012,"spring_kde":0}},{"type":"Feature","geometry":{"type":"Polygon","coordinates":[[[139.1325,35.9575],[139.135,35.9575],[139.135,35.96],[139.1325,35.96],[139.1325,35.9575]]]},"properties":{"cell_id":"g_36_14","score":0.359,"twi":5.63,"hand":89.1,"dist_to_boundary":305,"curvature":-0.0066,"spring_kde":0}},{"type":"Feature","geometry":{"type":"Polygon","coordinates":[[[139.135,35.9575],[139.1375,35.9575],[139.1375,35.96],[139.135,35.96],[139.135,35.9575]]]},"properties":{"cell_id":"g_37_14","score":0.502,"twi":6.21,"hand":29.4,"dist_to_boundary":169,"curvature":0.0074,"spring_kde":0}},{"type":"Feature","geometry":{"type":"Polygon","coordinates":[[[139.1375,35.9575],[139.14,35.9575],[139.14,35.96],[139.1375,35.96],[139.1375,35.9575]]]},"properties":{"cell_id":"g_38_14","score":0.456,"twi":5.88,"hand":52,"dist_to_boundary":33,"curvature":-0.0028,"spring_kde":0.002}},{"type":"Feature","geometry":{"type":"Polygon","coordinates":[[[139.14,35.9575],[139.1425,35.9575],[139.1425,35.96],[139.14,35.96],[139.14,35.9575]]]},"properties":{"cell_id":"g_39_14","score":0.439,"twi":5.9,"hand":63.7,"dist_to_boundary":31,"curvature":-0.0016,"spring_kde":0.006}},{"type":"Feature","geometry":{"type":"Polygon","coordinates":[[[139.1425,35.9575],[139.145,35.9575],[139.145,35.96],[139.1425,35.96],[139.1425,35.9575]]]},"properties":{"cell_id":"g_40_14","score":0.419,"twi":5.9,"hand":76.8,"dist_to_boundary":70,"curvature":-0.0031,"spring_kde":0.016}},{"type":"Feature","geometry":{"type":"Polygon","coordinates":[[[139.145,35.9575],[139.1475,35.9575],[139.1475,35.96],[139.145,35.96],[139.145,35.9575]]]},"properties":{"cell_id":"g_41_14","score":0.393,"twi":5.74,"hand":99.9,"dist_to_boundary":3,"curvature":-0.0015,"spring_kde":0.035}},{"type":"Feature","geometry":{"type":"Polygon","coordinates":[[[139.1475,35.9575],[139.15,35.9575],[139.15,35.96],[139.1475,35.96],[139.1475,35.9575]]]},"properties":{"cell_id":"g_42_14","score":0.458,"twi":5.9,"hand":59.2,"dist_to_boundary":38,"curvature":0.0017,"spring_kde":0.064}},{"type":"Feature","geometry":{"type":"Polygon","coordinates":[[[139.15,35.9575],[139.1525,35.9575],[139.1525,35.96],[139.15,35.96],[139.15,35.9575]]]},"properties":{"cell_id":"g_43_14","score":0.477,"twi":5.8,"hand":42.1,"dist_to_boundary":63,"curvature":-0.002,"spring_kde":0.096}},{"type":"Feature","geometry":{"type":"Polygon","coordinates":[[[139.1525,35.9575],[139.155,35.9575],[139.155,35.96],[139.1525,35.96],[139.1525,35.9575]]]},"properties":{"cell_id":"g_44_14","score":0.537,"twi":6.17,"hand":24,"dist_to_boundary":73,"curvature":0.0035,"spring_kde":0.118}},{"type":"Feature","geometry":{"type":"Polygon","coordinates":[[[139.155,35.9575],[139.1575,35.9575],[139.1575,35.96],[139.155,35.96],[139.155,35.9575]]]},"properties":{"cell_id":"g_45_14","score":0.544,"twi":6.25,"hand":26.7,"dist_to_boundary":45,"curvature":-0.0009,"spring_kde":0.118}},{"type":"Feature","geometry":{"type":"Polygon","coordinates":[[[139.0425,35.96],[139.045,35.96],[139.045,35.9625],[139.0425,35.9625],[139.0425,35.96]]]},"properties":{"cell_id":"g_0_15","score":0.68,"twi":9.31,"hand":1.4,"dist_to_boundary":319,"curvature":0.0001,"spring_kde":0.013}},{"type":"Feature","geometry":{"type":"Polygon","coordinates":[[[139.045,35.96],[139.0475,35.96],[139.0475,35.9625],[139.045,35.9625],[139.045,35.96]]]},"properties":{"cell_id":"g_1_15","score":0.693,"twi":9.39,"hand":2.2,"dist_to_boundary":254,"curvature":0,"spring_kde":0.038}},{"type":"Feature","geometry":{"type":"Polygon","coordinates":[[[139.0475,35.96],[139.05,35.96],[139.05,35.9625],[139.0475,35.9625],[139.0475,35.96]]]},"properties":{"cell_id":"g_2_15","score":0.69,"twi":9.14,"hand":6.2,"dist_to_boundary":141,"curvature":-0.0001,"spring_kde":0.089}},{"type":"Feature","geometry":{"type":"Polygon","coordinates":[[[139.05,35.96],[139.0525,35.96],[139.0525,35.9625],[139.05,35.9625],[139.05,35.96]]]},"properties":{"cell_id":"g_3_15","score":0.652,"twi":7.94,"hand":8.5,"dist_to_boundary":39,"curvature":-0.001,"spring_kde":0.171}},{"type":"Feature","geometry":{"type":"Polygon","coordinates":[[[139.0525,35.96],[139.055,35.96],[139.055,35.9625],[139.0525,35.9625],[139.0525,35.96]]]},"properties":{"cell_id":"g_4_15","score":0.64,"twi":7.55,"hand":13.9,"dist_to_boundary":21,"curvature":0.0016,"spring_kde":0.271}},{"type":"Feature","geometry":{"type":"Polygon","coordinates":[[[139.055,35.96],[139.0575,35.96],[139.0575,35.9625],[139.055,35.9625],[139.055,35.96]]]},"properties":{"cell_id":"g_5_15","score":0.623,"twi":7.58,"hand":24.8,"dist_to_boundary":44,"curvature":0.0007,"spring_kde":0.358}},{"type":"Feature","geometry":{"type":"Polygon","coordinates":[[[139.0575,35.96],[139.06,35.96],[139.06,35.9625],[139.0575,35.9625],[139.0575,35.96]]]},"properties":{"cell_id":"g_6_15","score":0.576,"twi":6.69,"hand":35.5,"dist_to_boundary":34,"curvature":0.0025,"spring_kde":0.407}},{"type":"Feature","geometry":{"type":"Polygon","coordinates":[[[139.06,35.96],[139.0625,35.96],[139.0625,35.9625],[139.06,35.9625],[139.06,35.96]]]},"properties":{"cell_id":"g_7_15","score":0.566,"twi":6.41,"hand":49.8,"dist_to_boundary":14,"curvature":-0.0003,"spring_kde":0.413}},{"type":"Feature","geometry":{"type":"Polygon","coordinates":[[[139.0625,35.96],[139.065,35.96],[139.065,35.9625],[139.0625,35.9625],[139.0625,35.96]]]},"properties":{"cell_id":"g_8_15","score":0.529,"twi":6.36,"hand":53.3,"dist_to_boundary":68,"curvature":-0.0008,"spring_kde":0.391}},{"type":"Feature","geometry":{"type":"Polygon","coordinates":[[[139.065,35.96],[139.0675,35.96],[139.0675,35.9625],[139.065,35.9625],[139.065,35.96]]]},"properties":{"cell_id":"g_9_15","score":0.532,"twi":6.11,"hand":46.2,"dist_to_boundary":123,"curvature":-0.0012,"spring_kde":0.352}},{"type":"Feature","geometry":{"type":"Polygon","coordinates":[[[139.0675,35.96],[139.07,35.96],[139.07,35.9625],[139.0675,35.9625],[139.0675,35.96]]]},"properties":{"cell_id":"g_10_15","score":0.527,"twi":6.53,"hand":52.2,"dist_to_boundary":177,"curvature":0.0021,"spring_kde":0.296}},{"type":"Feature","geometry":{"type":"Polygon","coordinates":[[[139.07,35.96],[139.0725,35.96],[139.0725,35.9625],[139.07,35.9625],[139.07,35.96]]]},"properties":{"cell_id":"g_11_15","score":0.458,"twi":5.98,"hand":83.8,"dist_to_boundary":192,"curvature":-0.0004,"spring_kde":0.225}},{"type":"Feature","geometry":{"type":"Polygon","coordinates":[[[139.0725,35.96],[139.075,35.96],[139.075,35.9625],[139.0725,35.9625],[139.0725,35.96]]]},"properties":{"cell_id":"g_12_15","score":0.454,"twi":6.29,"hand":80,"dist_to_boundary":200,"curvature":0.001,"spring_kde":0.151}},{"type":"Feature","geometry":{"type":"Polygon","coordinates":[[[139.075,35.96],[139.0775,35.96],[139.0775,35.9625],[139.075,35.9625],[139.075,35.96]]]},"properties":{"cell_id":"g_13_15","score":0.503,"twi":6.89,"hand":66.8,"dist_to_boundary":178,"curvature":0.0029,"spring_kde":0.088}},{"type":"Feature","geometry":{"type":"Polygon","coordinates":[[[139.0775,35.96],[139.08,35.96],[139.08,35.9625],[139.0775,35.9625],[139.0775,35.96]]]},"properties":{"cell_id":"g_14_15","score":0.47,"twi":6.27,"hand":74,"dist_to_boundary":150,"curvature":-0.0002,"spring_kde":0.045}},{"type":"Feature","geometry":{"type":"Polygon","coordinates":[[[139.08,35.96],[139.0825,35.96],[139.0825,35.9625],[139.08,35.9625],[139.08,35.96]]]},"properties":{"cell_id":"g_15_15","score":0.397,"twi":5.9,"hand":99.7,"dist_to_boundary":122,"curvature":-0.0054,"spring_kde":0.021}},{"type":"Feature","geometry":{"type":"Polygon","coordinates":[[[139.0825,35.96],[139.085,35.96],[139.085,35.9625],[139.0825,35.9625],[139.0825,35.96]]]},"properties":{"cell_id":"g_16_15","score":0.424,"twi":6.34,"hand":80.3,"dist_to_boundary":93,"curvature":-0.001,"spring_kde":0.009}},{"type":"Feature","geometry":{"type":"Polygon","coordinates":[[[139.085,35.96],[139.0875,35.96],[139.0875,35.9625],[139.085,35.9625],[139.085,35.96]]]},"properties":{"cell_id":"g_17_15","score":0.488,"twi":6.49,"hand":53.5,"dist_to_boundary":83,"curvature":0.0048,"spring_kde":0.004}},{"type":"Feature","geometry":{"type":"Polygon","coordinates":[[[139.0875,35.96],[139.09,35.96],[139.09,35.9625],[139.0875,35.9625],[139.0875,35.96]]]},"properties":{"cell_id":"g_18_15","score":0.449,"twi":6.3,"hand":61.7,"dist_to_boundary":94,"curvature":-0.0013,"spring_kde":0.001}},{"type":"Feature","geometry":{"type":"Polygon","coordinates":[[[139.09,35.96],[139.0925,35.96],[139.0925,35.9625],[139.09,35.9625],[139.09,35.96]]]},"properties":{"cell_id":"g_19_15","score":0.528,"twi":7.01,"hand":38.1,"dist_to_boundary":169,"curvature":0.0063,"spring_kde":0}},{"type":"Feature","geometry":{"type":"Polygon","coordinates":[[[139.0925,35.96],[139.095,35.96],[139.095,35.9625],[139.0925,35.9625],[139.0925,35.96]]]},"properties":{"cell_id":"g_20_15","score":0.384,"twi":5.78,"hand":105.4,"dist_to_boundary":175,"curvature":-0.0012,"spring_kde":0}},{"type":"Feature","geometry":{"type":"Polygon","coordinates":[[[139.095,35.96],[139.0975,35.96],[139.0975,35.9625],[139.095,35.9625],[139.095,35.96]]]},"properties":{"cell_id":"g_21_15","score":0.425,"twi":5.78,"hand":86.4,"dist_to_boundary":48,"curvature":-0.0025,"spring_kde":0.001}},{"type":"Feature","geometry":{"type":"Polygon","coordinates":[[[139.0975,35.96],[139.1,35.96],[139.1,35.9625],[139.0975,35.9625],[139.0975,35.96]]]},"properties":{"cell_id":"g_22_15","score":0.417,"twi":5.81,"hand":89.5,"dist_to_boundary":79,"curvature":-0.0004,"spring_kde":0.002}},{"type":"Feature","geometry":{"type":"Polygon","coordinates":[[[139.1,35.96],[139.1025,35.96],[139.1025,35.9625],[139.1,35.9625],[139.1,35.96]]]},"properties":{"cell_id":"g_23_15","score":0.468,"twi":5.65,"hand":64.9,"dist_to_boundary":118,"curvature":-0.0025,"spring_kde":0.004}},{"type":"Feature","geometry":{"type":"Polygon","coordinates":[[[139.1025,35.96],[139.105,35.96],[139.105,35.9625],[139.1025,35.9625],[139.1025,35.96]]]},"properties":{"cell_id":"g_24_15","score":0.456,"twi":6.05,"hand":75.9,"dist_to_boundary":198,"curvature":0.0009,"spring_kde":0.006}},{"type":"Feature","geometry":{"type":"Polygon","coordinates":[[[139.105,35.96],[139.1075,35.96],[139.1075,35.9625],[139.105,35.9625],[139.105,35.96]]]},"properties":{"cell_id":"g_25_15","score":0.446,"twi":6.29,"hand":88.8,"dist_to_boundary":22,"curvature":0.0006,"spring_kde":0.009}},{"type":"Feature","geometry":{"type":"Polygon","coordinates":[[[139.1075,35.96],[139.11,35.96],[139.11,35.9625],[139.1075,35.9625],[139.1075,35.96]]]},"properties":{"cell_id":"g_26_15","score":0.454,"twi":6.33,"hand":65.1,"dist_to_boundary":115,"curvature":-0.0012,"spring_kde":0.01}},{"type":"Feature","geometry":{"type":"Polygon","coordinates":[[[139.11,35.96],[139.1125,35.96],[139.1125,35.9625],[139.11,35.9625],[139.11,35.96]]]},"properties":{"cell_id":"g_27_15","score":0.515,"twi":6.28,"hand":28.9,"dist_to_boundary":125,"curvature":0.0012,"spring_kde":0.009}},{"type":"Feature","geometry":{"type":"Polygon","coordinates":[[[139.1125,35.96],[139.115,35.96],[139.115,35.9625],[139.1125,35.9625],[139.1125,35.96]]]},"properties":{"cell_id":"g_28_15","score":0.524,"twi":6.29,"hand":36.6,"dist_to_boundary":82,"curvature":0.0065,"spring_kde":0.007}},{"type":"Feature","geometry":{"type":"Polygon","coordinates":[[[139.115,35.96],[139.1175,35.96],[139.1175,35.9625],[139.115,35.9625],[139.115,35.96]]]},"properties":{"cell_id":"g_29_15","score":0.458,"twi":5.94,"hand":63,"dist_to_boundary":14,"curvature":-0.0015,"spring_kde":0.004}},{"type":"Feature","geometry":{"type":"Polygon","coordinates":[[[139.1175,35.96],[139.12,35.96],[139.12,35.9625],[139.1175,35.9625],[139.1175,35.96]]]},"properties":{"cell_id":"g_30_15","score":0.385,"twi":5.82,"hand":88.2,"dist_to_boundary":211,"curvature":0.0003,"spring_kde":0.002}},{"type":"Feature","geometry":{"type":"Polygon","coordinates":[[[139.12,35.96],[139.1225,35.96],[139.1225,35.9625],[139.12,35.9625],[139.12,35.96]]]},"properties":{"cell_id":"g_31_15","score":0.314,"twi":5.6,"hand":109.2,"dist_to_boundary":435,"curvature":-0.0083,"spring_kde":0.001}},{"type":"Feature","geometry":{"type":"Polygon","coordinates":[[[139.1225,35.96],[139.125,35.96],[139.125,35.9625],[139.1225,35.9625],[139.1225,35.96]]]},"properties":{"cell_id":"g_32_15","score":0.44,"twi":6.54,"hand":41.3,"dist_to_boundary":660,"curvature":0.0042,"spring_kde":0}},{"type":"Feature","geometry":{"type":"Polygon","coordinates":[[[139.125,35.96],[139.1275,35.96],[139.1275,35.9625],[139.125,35.9625],[139.125,35.96]]]},"properties":{"cell_id":"g_33_15","score":0.363,"twi":5.88,"hand":70.7,"dist_to_boundary":652,"curvature":-0.0021,"spring_kde":0}},{"type":"Feature","geometry":{"type":"Polygon","coordinates":[[[139.1275,35.96],[139.13,35.96],[139.13,35.9625],[139.1275,35.9625],[139.1275,35.96]]]},"properties":{"cell_id":"g_34_15","score":0.335,"twi":5.99,"hand":99.8,"dist_to_boundary":469,"curvature":-0.0065,"spring_kde":0}},{"type":"Feature","geometry":{"type":"Polygon","coordinates":[[[139.13,35.96],[139.1325,35.96],[139.1325,35.9625],[139.13,35.9625],[139.13,35.96]]]},"properties":{"cell_id":"g_35_15","score":0.464,"twi":6.27,"hand":45.4,"dist_to_boundary":288,"curvature":0.0038,"spring_kde":0}},{"type":"Feature","geometry":{"type":"Polygon","coordinates":[[[139.1325,35.96],[139.135,35.96],[139.135,35.9625],[139.1325,35.9625],[139.1325,35.96]]]},"properties":{"cell_id":"g_36_15","score":0.449,"twi":6.01,"hand":62.2,"dist_to_boundary":109,"curvature":0.0031,"spring_kde":0}},{"type":"Feature","geometry":{"type":"Polygon","coordinates":[[[139.135,35.96],[139.1375,35.96],[139.1375,35.9625],[139.135,35.9625],[139.135,35.96]]]},"properties":{"cell_id":"g_37_15","score":0.415,"twi":5.77,"hand":77.8,"dist_to_boundary":51,"curvature":-0.0021,"spring_kde":0.001}},{"type":"Feature","geometry":{"type":"Polygon","coordinates":[[[139.1375,35.96],[139.14,35.96],[139.14,35.9625],[139.1375,35.9625],[139.1375,35.96]]]},"properties":{"cell_id":"g_38_15","score":0.394,"twi":5.69,"hand":95.4,"dist_to_boundary":76,"curvature":-0.0058,"spring_kde":0.004}},{"type":"Feature","geometry":{"type":"Polygon","coordinates":[[[139.14,35.96],[139.1425,35.96],[139.1425,35.9625],[139.14,35.9625],[139.14,35.96]]]},"properties":{"cell_id":"g_39_15","score":0.441,"twi":5.94,"hand":58.6,"dist_to_boundary":208,"curvature":-0.0014,"spring_kde":0.012}},{"type":"Feature","geometry":{"type":"Polygon","coordinates":[[[139.1425,35.96],[139.145,35.96],[139.145,35.9625],[139.1425,35.9625],[139.1425,35.96]]]},"properties":{"cell_id":"g_40_15","score":0.51,"twi":6.41,"hand":36.9,"dist_to_boundary":93,"curvature":-0.0008,"spring_kde":0.034}},{"type":"Feature","geometry":{"type":"Polygon","coordinates":[[[139.145,35.96],[139.1475,35.96],[139.1475,35.9625],[139.145,35.9625],[139.145,35.96]]]},"properties":{"cell_id":"g_41_15","score":0.382,"twi":5.72,"hand":106.1,"dist_to_boundary":28,"curvature":-0.0036,"spring_kde":0.076}},{"type":"Feature","geometry":{"type":"Polygon","coordinates":[[[139.1475,35.96],[139.15,35.96],[139.15,35.9625],[139.1475,35.9625],[139.1475,35.96]]]},"properties":{"cell_id":"g_42_15","score":0.467,"twi":5.89,"hand":49.5,"dist_to_boundary":170,"curvature":-0.0003,"spring_kde":0.14}},{"type":"Feature","geometry":{"type":"Polygon","coordinates":[[[139.15,35.96],[139.1525,35.96],[139.1525,35.9625],[139.15,35.9625],[139.15,35.96]]]},"properties":{"cell_id":"g_43_15","score":0.526,"twi":6.03,"hand":26.2,"dist_to_boundary":173,"curvature":0.0024,"spring_kde":0.21}},{"type":"Feature","geometry":{"type":"Polygon","coordinates":[[[139.1525,35.96],[139.155,35.96],[139.155,35.9625],[139.1525,35.9625],[139.1525,35.96]]]},"properties":{"cell_id":"g_44_15","score":0.511,"twi":6.13,"hand":34.2,"dist_to_boundary":189,"curvature":0.0001,"spring_kde":0.256}},{"type":"Feature","geometry":{"type":"Polygon","coordinates":[[[139.155,35.96],[139.1575,35.96],[139.1575,35.9625],[139.155,35.9625],[139.155,35.96]]]},"properties":{"cell_id":"g_45_15","score":0.475,"twi":6.08,"hand":44,"dist_to_boundary":272,"curvature":-0.0027,"spring_kde":0.256}},{"type":"Feature","geometry":{"type":"Polygon","coordinates":[[[139.0425,35.9625],[139.045,35.9625],[139.045,35.965],[139.0425,35.965],[139.0425,35.9625]]]},"properties":{"cell_id":"g_0_16","score":0.647,"twi":8.75,"hand":20.8,"dist_to_boundary":123,"curvature":-0.0015,"spring_kde":0.007}},{"type":"Feature","geometry":{"type":"Polygon","coordinates":[[[139.045,35.9625],[139.0475,35.9625],[139.0475,35.965],[139.045,35.965],[139.045,35.9625]]]},"properties":{"cell_id":"g_1_16","score":0.68,"twi":9.16,"hand":5,"dist_to_boundary":217,"curvature":-0.0001,"spring_kde":0.021}},{"type":"Feature","geometry":{"type":"Polygon","coordinates":[[[139.0475,35.9625],[139.05,35.9625],[139.05,35.965],[139.0475,35.965],[139.0475,35.9625]]]},"properties":{"cell_id":"g_2_16","score":0.677,"twi":9.07,"hand":4.3,"dist_to_boundary":213,"curvature":0,"spring_kde":0.049}},{"type":"Feature","geometry":{"type":"Polygon","coordinates":[[[139.05,35.9625],[139.0525,35.9625],[139.0525,35.965],[139.05,35.965],[139.05,35.9625]]]},"properties":{"cell_id":"g_3_16","score":0.65,"twi":8.35,"hand":16,"dist_to_boundary":10,"curvature":-0.0015,"spring_kde":0.095}},{"type":"Feature","geometry":{"type":"Polygon","coordinates":[[[139.0525,35.9625],[139.055,35.9625],[139.055,35.965],[139.0525,35.965],[139.0525,35.9625]]]},"properties":{"cell_id":"g_4_16","score":0.613,"twi":7.44,"hand":17.2,"dist_to_boundary":107,"curvature":-0.0004,"spring_kde":0.157}},{"type":"Feature","geometry":{"type":"Polygon","coordinates":[[[139.055,35.9625],[139.0575,35.9625],[139.0575,35.965],[139.055,35.965],[139.055,35.9625]]]},"properties":{"cell_id":"g_5_16","score":0.622,"twi":7.42,"hand":19,"dist_to_boundary":39,"curvature":0.002,"spring_kde":0.226}},{"type":"Feature","geometry":{"type":"Polygon","coordinates":[[[139.0575,35.9625],[139.06,35.9625],[139.06,35.965],[139.0575,35.965],[139.0575,35.9625]]]},"properties":{"cell_id":"g_6_16","score":0.597,"twi":7.21,"hand":17.6,"dist_to_boundary":121,"curvature":-0.0025,"spring_kde":0.296}},{"type":"Feature","geometry":{"type":"Polygon","coordinates":[[[139.06,35.9625],[139.0625,35.9625],[139.0625,35.965],[139.06,35.965],[139.06,35.9625]]]},"properties":{"cell_id":"g_7_16","score":0.575,"twi":6.87,"hand":20.5,"dist_to_boundary":217,"curvature":0.0007,"spring_kde":0.366}},{"type":"Feature","geometry":{"type":"Polygon","coordinates":[[[139.0625,35.9625],[139.065,35.9625],[139.065,35.965],[139.0625,35.965],[139.0625,35.9625]]]},"properties":{"cell_id":"g_8_16","score":0.487,"twi":5.79,"hand":52.3,"dist_to_boundary":200,"curvature":-0.0058,"spring_kde":0.43}},{"type":"Feature","geometry":{"type":"Polygon","coordinates":[[[139.065,35.9625],[139.0675,35.9625],[139.0675,35.965],[139.065,35.965],[139.065,35.9625]]]},"properties":{"cell_id":"g_9_16","score":0.573,"twi":6.24,"hand":22.3,"dist_to_boundary":141,"curvature":0.0034,"spring_kde":0.465}},{"type":"Feature","geometry":{"type":"Polygon","coordinates":[[[139.0675,35.9625],[139.07,35.9625],[139.07,35.965],[139.0675,35.965],[139.0675,35.9625]]]},"properties":{"cell_id":"g_10_16","score":0.545,"twi":6.08,"hand":35.4,"dist_to_boundary":98,"curvature":0.0005,"spring_kde":0.446}},{"type":"Feature","geometry":{"type":"Polygon","coordinates":[[[139.07,35.9625],[139.0725,35.9625],[139.0725,35.965],[139.07,35.965],[139.07,35.9625]]]},"properties":{"cell_id":"g_11_16","score":0.55,"twi":6.19,"hand":32.2,"dist_to_boundary":84,"curvature":-0.0002,"spring_kde":0.372}},{"type":"Feature","geometry":{"type":"Polygon","coordinates":[[[139.0725,35.9625],[139.075,35.9625],[139.075,35.965],[139.0725,35.965],[139.0725,35.9625]]]},"properties":{"cell_id":"g_12_16","score":0.546,"twi":6.51,"hand":33.9,"dist_to_boundary":76,"curvature":0.0011,"spring_kde":0.27}},{"type":"Feature","geometry":{"type":"Polygon","coordinates":[[[139.075,35.9625],[139.0775,35.9625],[139.0775,35.965],[139.075,35.965],[139.075,35.9625]]]},"properties":{"cell_id":"g_13_16","score":0.537,"twi":6.28,"hand":29.8,"dist_to_boundary":96,"curvature":0.0012,"spring_kde":0.174}},{"type":"Feature","geometry":{"type":"Polygon","coordinates":[[[139.0775,35.9625],[139.08,35.9625],[139.08,35.965],[139.0775,35.965],[139.0775,35.9625]]]},"properties":{"cell_id":"g_14_16","score":0.55,"twi":6.68,"hand":23.5,"dist_to_boundary":124,"curvature":0.0032,"spring_kde":0.102}},{"type":"Feature","geometry":{"type":"Polygon","coordinates":[[[139.08,35.9625],[139.0825,35.9625],[139.0825,35.965],[139.08,35.965],[139.08,35.9625]]]},"properties":{"cell_id":"g_15_16","score":0.495,"twi":6.32,"hand":36.9,"dist_to_boundary":152,"curvature":0.0002,"spring_kde":0.055}},{"type":"Feature","geometry":{"type":"Polygon","coordinates":[[[139.0825,35.9625],[139.085,35.9625],[139.085,35.965],[139.0825,35.965],[139.0825,35.9625]]]},"properties":{"cell_id":"g_16_16","score":0.471,"twi":6.15,"hand":44.1,"dist_to_boundary":181,"curvature":-0.0032,"spring_kde":0.027}},{"type":"Feature","geometry":{"type":"Polygon","coordinates":[[[139.085,35.9625],[139.0875,35.9625],[139.0875,35.965],[139.085,35.965],[139.085,35.9625]]]},"properties":{"cell_id":"g_17_16","score":0.509,"twi":6.46,"hand":29.9,"dist_to_boundary":193,"curvature":0.0047,"spring_kde":0.012}},{"type":"Feature","geometry":{"type":"Polygon","coordinates":[[[139.0875,35.9625],[139.09,35.9625],[139.09,35.965],[139.0875,35.965],[139.0875,35.9625]]]},"properties":{"cell_id":"g_18_16","score":0.439,"twi":6.11,"hand":59.9,"dist_to_boundary":172,"curvature":-0.0034,"spring_kde":0.005}},{"type":"Feature","geometry":{"type":"Polygon","coordinates":[[[139.09,35.9625],[139.0925,35.9625],[139.0925,35.965],[139.09,35.965],[139.09,35.9625]]]},"properties":{"cell_id":"g_19_16","score":0.436,"twi":6.39,"hand":79.8,"dist_to_boundary":87,"curvature":-0.0006,"spring_kde":0.002}},{"type":"Feature","geometry":{"type":"Polygon","coordinates":[[[139.0925,35.9625],[139.095,35.9625],[139.095,35.965],[139.0925,35.965],[139.0925,35.9625]]]},"properties":{"cell_id":"g_20_16","score":0.455,"twi":6.42,"hand":74.7,"dist_to_boundary":83,"curvature":-0.0021,"spring_kde":0.001}},{"type":"Feature","geometry":{"type":"Polygon","coordinates":[[[139.095,35.9625],[139.0975,35.9625],[139.0975,35.965],[139.095,35.965],[139.095,35.9625]]]},"properties":{"cell_id":"g_21_16","score":0.482,"twi":6.41,"hand":47,"dist_to_boundary":129,"curvature":-0.0004,"spring_kde":0.003}},{"type":"Feature","geometry":{"type":"Polygon","coordinates":[[[139.0975,35.9625],[139.1,35.9625],[139.1,35.965],[139.0975,35.965],[139.0975,35.9625]]]},"properties":{"cell_id":"g_22_16","score":0.48,"twi":6.09,"hand":50,"dist_to_boundary":50,"curvature":0.0027,"spring_kde":0.007}},{"type":"Feature","geometry":{"type":"Polygon","coordinates":[[[139.1,35.9625],[139.1025,35.9625],[139.1025,35.965],[139.1,35.965],[139.1,35.9625]]]},"properties":{"cell_id":"g_23_16","score":0.465,"twi":6.14,"hand":49.6,"dist_to_boundary":192,"curvature":0.0022,"spring_kde":0.015}},{"type":"Feature","geometry":{"type":"Polygon","coordinates":[[[139.1025,35.9625],[139.105,35.9625],[139.105,35.965],[139.1025,35.965],[139.1025,35.9625]]]},"properties":{"cell_id":"g_24_16","score":0.48,"twi":6.35,"hand":57.7,"dist_to_boundary":25,"curvature":-0.0005,"spring_kde":0.026}},{"type":"Feature","geometry":{"type":"Polygon","coordinates":[[[139.105,35.9625],[139.1075,35.9625],[139.1075,35.965],[139.105,35.965],[139.105,35.9625]]]},"properties":{"cell_id":"g_25_16","score":0.513,"twi":6.45,"hand":42.6,"dist_to_boundary":41,"curvature":0.0019,"spring_kde":0.035}},{"type":"Feature","geometry":{"type":"Polygon","coordinates":[[[139.1075,35.9625],[139.11,35.9625],[139.11,35.965],[139.1075,35.965],[139.1075,35.9625]]]},"properties":{"cell_id":"g_26_16","score":0.529,"twi":6.49,"hand":35.7,"dist_to_boundary":44,"curvature":0.0057,"spring_kde":0.04}},{"type":"Feature","geometry":{"type":"Polygon","coordinates":[[[139.11,35.9625],[139.1125,35.9625],[139.1125,35.965],[139.11,35.965],[139.11,35.9625]]]},"properties":{"cell_id":"g_27_16","score":0.453,"twi":6.25,"hand":74.7,"dist_to_boundary":11,"curvature":0.0013,"spring_kde":0.036}},{"type":"Feature","geometry":{"type":"Polygon","coordinates":[[[139.1125,35.9625],[139.115,35.9625],[139.115,35.965],[139.1125,35.965],[139.1125,35.9625]]]},"properties":{"cell_id":"g_28_16","score":0.443,"twi":5.63,"hand":60.8,"dist_to_boundary":23,"curvature":-0.0063,"spring_kde":0.027}},{"type":"Feature","geometry":{"type":"Polygon","coordinates":[[[139.115,35.9625],[139.1175,35.9625],[139.1175,35.965],[139.115,35.965],[139.115,35.9625]]]},"properties":{"cell_id":"g_29_16","score":0.352,"twi":5.66,"hand":120.5,"dist_to_boundary":1,"curvature":-0.006,"spring_kde":0.017}},{"type":"Feature","geometry":{"type":"Polygon","coordinates":[[[139.1175,35.9625],[139.12,35.9625],[139.12,35.965],[139.1175,35.965],[139.1175,35.9625]]]},"properties":{"cell_id":"g_30_16","score":0.406,"twi":5.75,"hand":80.1,"dist_to_boundary":225,"curvature":0.0006,"spring_kde":0.008}},{"type":"Feature","geometry":{"type":"Polygon","coordinates":[[[139.12,35.9625],[139.1225,35.9625],[139.1225,35.965],[139.12,35.965],[139.12,35.9625]]]},"properties":{"cell_id":"g_31_16","score":0.397,"twi":5.83,"hand":63.3,"dist_to_boundary":449,"curvature":-0.0007,"spring_kde":0.003}},{"type":"Feature","geometry":{"type":"Polygon","coordinates":[[[139.1225,35.9625],[139.125,35.9625],[139.125,35.965],[139.1225,35.965],[139.1225,35.9625]]]},"properties":{"cell_id":"g_32_16","score":0.43,"twi":6.09,"hand":40.2,"dist_to_boundary":673,"curvature":0.0008,"spring_kde":0.001}},{"type":"Feature","geometry":{"type":"Polygon","coordinates":[[[139.125,35.9625],[139.1275,35.9625],[139.1275,35.965],[139.125,35.965],[139.125,35.9625]]]},"properties":{"cell_id":"g_33_16","score":0.473,"twi":6.44,"hand":36,"dist_to_boundary":536,"curvature":0.0058,"spring_kde":0}},{"type":"Feature","geometry":{"type":"Polygon","coordinates":[[[139.1275,35.9625],[139.13,35.9625],[139.13,35.965],[139.1275,35.965],[139.1275,35.9625]]]},"properties":{"cell_id":"g_34_16","score":0.477,"twi":6.75,"hand":46,"dist_to_boundary":322,"curvature":0.0052,"spring_kde":0}},{"type":"Feature","geometry":{"type":"Polygon","coordinates":[[[139.13,35.9625],[139.1325,35.9625],[139.1325,35.965],[139.13,35.965],[139.13,35.9625]]]},"properties":{"cell_id":"g_35_16","score":0.487,"twi":6.27,"hand":42.2,"dist_to_boundary":125,"curvature":0.0035,"spring_kde":0}},{"type":"Feature","geometry":{"type":"Polygon","coordinates":[[[139.1325,35.9625],[139.135,35.9625],[139.135,35.965],[139.1325,35.965],[139.1325,35.9625]]]},"properties":{"cell_id":"g_36_16","score":0.433,"twi":5.8,"hand":65.8,"dist_to_boundary":58,"curvature":-0.0018,"spring_kde":0}},{"type":"Feature","geometry":{"type":"Polygon","coordinates":[[[139.135,35.9625],[139.1375,35.9625],[139.1375,35.965],[139.135,35.965],[139.135,35.9625]]]},"properties":{"cell_id":"g_37_16","score":0.399,"twi":5.74,"hand":91.4,"dist_to_boundary":110,"curvature":-0.0016,"spring_kde":0.001}},{"type":"Feature","geometry":{"type":"Polygon","coordinates":[[[139.1375,35.9625],[139.14,35.9625],[139.14,35.965],[139.1375,35.965],[139.1375,35.9625]]]},"properties":{"cell_id":"g_38_16","score":0.396,"twi":5.93,"hand":81.1,"dist_to_boundary":272,"curvature":-0.0007,"spring_kde":0.006}},{"type":"Feature","geometry":{"type":"Polygon","coordinates":[[[139.14,35.9625],[139.1425,35.9625],[139.1425,35.965],[139.14,35.965],[139.14,35.9625]]]},"properties":{"cell_id":"g_39_16","score":0.471,"twi":6.11,"hand":39,"dist_to_boundary":190,"curvature":-0.0004,"spring_kde":0.02}},{"type":"Feature","geometry":{"type":"Polygon","coordinates":[[[139.1425,35.9625],[139.145,35.9625],[139.145,35.965],[139.1425,35.965],[139.1425,35.9625]]]},"properties":{"cell_id":"g_40_16","score":0.517,"twi":6.3,"hand":29.4,"dist_to_boundary":23,"curvature":-0.0004,"spring_kde":0.055}},{"type":"Feature","geometry":{"type":"Polygon","coordinates":[[[139.145,35.9625],[139.1475,35.9625],[139.1475,35.965],[139.145,35.965],[139.145,35.9625]]]},"properties":{"cell_id":"g_41_16","score":0.478,"twi":6.02,"hand":45.9,"dist_to_boundary":102,"curvature":0.0006,"spring_kde":0.122}},{"type":"Feature","geometry":{"type":"Polygon","coordinates":[[[139.1475,35.9625],[139.15,35.9625],[139.15,35.965],[139.1475,35.965],[139.1475,35.9625]]]},"properties":{"cell_id":"g_42_16","score":0.537,"twi":6.41,"hand":22.5,"dist_to_boundary":302,"curvature":0.0059,"spring_kde":0.224}},{"type":"Feature","geometry":{"type":"Polygon","coordinates":[[[139.15,35.9625],[139.1525,35.9625],[139.1525,35.965],[139.15,35.965],[139.15,35.9625]]]},"properties":{"cell_id":"g_43_16","score":0.49,"twi":6.16,"hand":37.5,"dist_to_boundary":424,"curvature":0.0021,"spring_kde":0.336}},{"type":"Feature","geometry":{"type":"Polygon","coordinates":[[[139.1525,35.9625],[139.155,35.9625],[139.155,35.965],[139.1525,35.965],[139.1525,35.9625]]]},"properties":{"cell_id":"g_44_16","score":0.486,"twi":5.92,"hand":48.4,"dist_to_boundary":252,"curvature":0.0007,"spring_kde":0.41}},{"type":"Feature","geometry":{"type":"Polygon","coordinates":[[[139.155,35.9625],[139.1575,35.9625],[139.1575,35.965],[139.155,35.965],[139.155,35.9625]]]},"properties":{"cell_id":"g_45_16","score":0.506,"twi":5.93,"hand":53,"dist_to_boundary":82,"curvature":-0.0029,"spring_kde":0.409}},{"type":"Feature","geometry":{"type":"Polygon","coordinates":[[[139.0425,35.965],[139.045,35.965],[139.045,35.9675],[139.0425,35.9675],[139.0425,35.965]]]},"properties":{"cell_id":"g_0_17","score":0.65,"twi":8.28,"hand":2,"dist_to_boundary":128,"curvature":0.0027,"spring_kde":0.003}},{"type":"Feature","geometry":{"type":"Polygon","coordinates":[[[139.045,35.965],[139.0475,35.965],[139.0475,35.9675],[139.045,35.9675],[139.045,35.965]]]},"properties":{"cell_id":"g_1_17","score":0.622,"twi":7.97,"hand":20.9,"dist_to_boundary":35,"curvature":0.0002,"spring_kde":0.008}},{"type":"Feature","geometry":{"type":"Polygon","coordinates":[[[139.0475,35.965],[139.05,35.965],[139.05,35.9675],[139.0475,35.9675],[139.0475,35.965]]]},"properties":{"cell_id":"g_2_17","score":0.629,"twi":7.99,"hand":15.8,"dist_to_boundary":14,"curvature":-0.0014,"spring_kde":0.02}},{"type":"Feature","geometry":{"type":"Polygon","coordinates":[[[139.05,35.965],[139.0525,35.965],[139.0525,35.9675],[139.05,35.9675],[139.05,35.965]]]},"properties":{"cell_id":"g_3_17","score":0.64,"twi":8.1,"hand":10.4,"dist_to_boundary":84,"curvature":0.0009,"spring_kde":0.042}},{"type":"Feature","geometry":{"type":"Polygon","coordinates":[[[139.0525,35.965],[139.055,35.965],[139.055,35.9675],[139.0525,35.9675],[139.0525,35.965]]]},"properties":{"cell_id":"g_4_17","score":0.655,"twi":8.2,"hand":6.1,"dist_to_boundary":63,"curvature":0.001,"spring_kde":0.077}},{"type":"Feature","geometry":{"type":"Polygon","coordinates":[[[139.055,35.965],[139.0575,35.965],[139.0575,35.9675],[139.055,35.9675],[139.055,35.965]]]},"properties":{"cell_id":"g_5_17","score":0.613,"twi":7.33,"hand":15.5,"dist_to_boundary":53,"curvature":0,"spring_kde":0.131}},{"type":"Feature","geometry":{"type":"Polygon","coordinates":[[[139.0575,35.965],[139.06,35.965],[139.06,35.9675],[139.0575,35.9675],[139.0575,35.965]]]},"properties":{"cell_id":"g_6_17","score":0.619,"twi":7.31,"hand":17.9,"dist_to_boundary":16,"curvature":0.0029,"spring_kde":0.213}},{"type":"Feature","geometry":{"type":"Polygon","coordinates":[[[139.06,35.965],[139.0625,35.965],[139.0625,35.9675],[139.06,35.9675],[139.06,35.965]]]},"properties":{"cell_id":"g_7_17","score":0.588,"twi":6.62,"hand":24.6,"dist_to_boundary":32,"curvature":-0.0021,"spring_kde":0.324}},{"type":"Feature","geometry":{"type":"Polygon","coordinates":[[[139.0625,35.965],[139.065,35.965],[139.065,35.9675],[139.0625,35.9675],[139.0625,35.965]]]},"properties":{"cell_id":"g_8_17","score":0.61,"twi":6.88,"hand":15.3,"dist_to_boundary":87,"curvature":0.0024,"spring_kde":0.445}},{"type":"Feature","geometry":{"type":"Polygon","coordinates":[[[139.065,35.965],[139.0675,35.965],[139.0675,35.9675],[139.065,35.9675],[139.065,35.965]]]},"properties":{"cell_id":"g_9_17","score":0.537,"twi":6.37,"hand":39.9,"dist_to_boundary":148,"curvature":0.0001,"spring_kde":0.535}},{"type":"Feature","geometry":{"type":"Polygon","coordinates":[[[139.0675,35.965],[139.07,35.965],[139.07,35.9675],[139.0675,35.9675],[139.0675,35.965]]]},"properties":{"cell_id":"g_10_17","score":0.545,"twi":6.32,"hand":30.6,"dist_to_boundary":267,"curvature":-0.0006,"spring_kde":0.555}},{"type":"Feature","geometry":{"type":"Polygon","coordinates":[[[139.07,35.965],[139.0725,35.965],[139.0725,35.9675],[139.07,35.9675],[139.07,35.965]]]},"properties":{"cell_id":"g_11_17","score":0.528,"twi":6.24,"hand":30.6,"dist_to_boundary":361,"curvature":-0.0014,"spring_kde":0.501}},{"type":"Feature","geometry":{"type":"Polygon","coordinates":[[[139.0725,35.965],[139.075,35.965],[139.075,35.9675],[139.0725,35.9675],[139.0725,35.965]]]},"properties":{"cell_id":"g_12_17","score":0.545,"twi":6.36,"hand":21.6,"dist_to_boundary":352,"curvature":0.0018,"spring_kde":0.402}},{"type":"Feature","geometry":{"type":"Polygon","coordinates":[[[139.075,35.965],[139.0775,35.965],[139.0775,35.9675],[139.075,35.9675],[139.075,35.965]]]},"properties":{"cell_id":"g_13_17","score":0.517,"twi":5.99,"hand":22.6,"dist_to_boundary":370,"curvature":-0.0009,"spring_kde":0.295}},{"type":"Feature","geometry":{"type":"Polygon","coordinates":[[[139.0775,35.965],[139.08,35.965],[139.08,35.9675],[139.0775,35.9675],[139.0775,35.965]]]},"properties":{"cell_id":"g_14_17","score":0.472,"twi":5.77,"hand":37.3,"dist_to_boundary":398,"curvature":-0.0013,"spring_kde":0.199}},{"type":"Feature","geometry":{"type":"Polygon","coordinates":[[[139.08,35.965],[139.0825,35.965],[139.0825,35.9675],[139.08,35.9675],[139.08,35.965]]]},"properties":{"cell_id":"g_15_17","score":0.495,"twi":6.05,"hand":28,"dist_to_boundary":427,"curvature":0.0031,"spring_kde":0.122}},{"type":"Feature","geometry":{"type":"Polygon","coordinates":[[[139.0825,35.965],[139.085,35.965],[139.085,35.9675],[139.0825,35.9675],[139.0825,35.965]]]},"properties":{"cell_id":"g_16_17","score":0.508,"twi":6.44,"hand":16.3,"dist_to_boundary":455,"curvature":-0.0009,"spring_kde":0.066}},{"type":"Feature","geometry":{"type":"Polygon","coordinates":[[[139.085,35.965],[139.0875,35.965],[139.0875,35.9675],[139.085,35.9675],[139.085,35.965]]]},"properties":{"cell_id":"g_17_17","score":0.486,"twi":6.33,"hand":25.6,"dist_to_boundary":469,"curvature":0.0021,"spring_kde":0.031}},{"type":"Feature","geometry":{"type":"Polygon","coordinates":[[[139.0875,35.965],[139.09,35.965],[139.09,35.9675],[139.0875,35.9675],[139.0875,35.965]]]},"properties":{"cell_id":"g_18_17","score":0.468,"twi":6.52,"hand":36.3,"dist_to_boundary":428,"curvature":-0.0017,"spring_kde":0.012}},{"type":"Feature","geometry":{"type":"Polygon","coordinates":[[[139.09,35.965],[139.0925,35.965],[139.0925,35.9675],[139.09,35.9675],[139.09,35.965]]]},"properties":{"cell_id":"g_19_17","score":0.433,"twi":6.42,"hand":62.2,"dist_to_boundary":350,"curvature":0.0007,"spring_kde":0.005}},{"type":"Feature","geometry":{"type":"Polygon","coordinates":[[[139.0925,35.965],[139.095,35.965],[139.095,35.9675],[139.0925,35.9675],[139.0925,35.965]]]},"properties":{"cell_id":"g_20_17","score":0.466,"twi":6.23,"hand":45.7,"dist_to_boundary":309,"curvature":0.0031,"spring_kde":0.004}},{"type":"Feature","geometry":{"type":"Polygon","coordinates":[[[139.095,35.965],[139.0975,35.965],[139.0975,35.9675],[139.095,35.9675],[139.095,35.965]]]},"properties":{"cell_id":"g_21_17","score":0.497,"twi":5.98,"hand":37.9,"dist_to_boundary":94,"curvature":0.0021,"spring_kde":0.009}},{"type":"Feature","geometry":{"type":"Polygon","coordinates":[[[139.0975,35.965],[139.1,35.965],[139.1,35.9675],[139.0975,35.9675],[139.0975,35.965]]]},"properties":{"cell_id":"g_22_17","score":0.489,"twi":5.81,"hand":36.4,"dist_to_boundary":35,"curvature":-0.0014,"spring_kde":0.022}},{"type":"Feature","geometry":{"type":"Polygon","coordinates":[[[139.1,35.965],[139.1025,35.965],[139.1025,35.9675],[139.1,35.9675],[139.1,35.965]]]},"properties":{"cell_id":"g_23_17","score":0.49,"twi":6.04,"hand":42,"dist_to_boundary":24,"curvature":0.0036,"spring_kde":0.045}},{"type":"Feature","geometry":{"type":"Polygon","coordinates":[[[139.1025,35.965],[139.105,35.965],[139.105,35.9675],[139.1025,35.9675],[139.1025,35.965]]]},"properties":{"cell_id":"g_24_17","score":0.456,"twi":5.95,"hand":50.5,"dist_to_boundary":165,"curvature":-0.0019,"spring_kde":0.076}},{"type":"Feature","geometry":{"type":"Polygon","coordinates":[[[139.105,35.965],[139.1075,35.965],[139.1075,35.9675],[139.105,35.9675],[139.105,35.965]]]},"properties":{"cell_id":"g_25_17","score":0.567,"twi":6.78,"hand":21,"dist_to_boundary":197,"curvature":0.0048,"spring_kde":0.105}},{"type":"Feature","geometry":{"type":"Polygon","coordinates":[[[139.1075,35.965],[139.11,35.965],[139.11,35.9675],[139.1075,35.9675],[139.1075,35.965]]]},"properties":{"cell_id":"g_26_17","score":0.434,"twi":5.78,"hand":57.2,"dist_to_boundary":229,"curvature":-0.0026,"spring_kde":0.118}},{"type":"Feature","geometry":{"type":"Polygon","coordinates":[[[139.11,35.965],[139.1125,35.965],[139.1125,35.9675],[139.11,35.9675],[139.11,35.965]]]},"properties":{"cell_id":"g_27_17","score":0.478,"twi":6.1,"hand":46.4,"dist_to_boundary":263,"curvature":0.003,"spring_kde":0.108}},{"type":"Feature","geometry":{"type":"Polygon","coordinates":[[[139.1125,35.965],[139.115,35.965],[139.115,35.9675],[139.1125,35.9675],[139.1125,35.965]]]},"properties":{"cell_id":"g_28_17","score":0.458,"twi":5.87,"hand":51.6,"dist_to_boundary":192,"curvature":0.0002,"spring_kde":0.081}},{"type":"Feature","geometry":{"type":"Polygon","coordinates":[[[139.115,35.965],[139.1175,35.965],[139.1175,35.9675],[139.115,35.9675],[139.115,35.965]]]},"properties":{"cell_id":"g_29_17","score":0.403,"twi":5.74,"hand":95.2,"dist_to_boundary":32,"curvature":-0.0041,"spring_kde":0.05}},{"type":"Feature","geometry":{"type":"Polygon","coordinates":[[[139.1175,35.965],[139.12,35.965],[139.12,35.9675],[139.1175,35.9675],[139.1175,35.965]]]},"properties":{"cell_id":"g_30_17","score":0.426,"twi":6.12,"hand":67.9,"dist_to_boundary":256,"curvature":-0.0005,"spring_kde":0.025}},{"type":"Feature","geometry":{"type":"Polygon","coordinates":[[[139.12,35.965],[139.1225,35.965],[139.1225,35.9675],[139.12,35.9675],[139.12,35.965]]]},"properties":{"cell_id":"g_31_17","score":0.487,"twi":6.34,"hand":29.3,"dist_to_boundary":480,"curvature":0.0062,"spring_kde":0.01}},{"type":"Feature","geometry":{"type":"Polygon","coordinates":[[[139.1225,35.965],[139.125,35.965],[139.125,35.9675],[139.1225,35.9675],[139.1225,35.965]]]},"properties":{"cell_id":"g_32_17","score":0.419,"twi":6.12,"hand":51.6,"dist_to_boundary":684,"curvature":0.004,"spring_kde":0.003}},{"type":"Feature","geometry":{"type":"Polygon","coordinates":[[[139.125,35.965],[139.1275,35.965],[139.1275,35.9675],[139.125,35.9675],[139.125,35.965]]]},"properties":{"cell_id":"g_33_17","score":0.365,"twi":5.95,"hand":87,"dist_to_boundary":461,"curvature":-0.0028,"spring_kde":0.001}},{"type":"Feature","geometry":{"type":"Polygon","coordinates":[[[139.1275,35.965],[139.13,35.965],[139.13,35.9675],[139.1275,35.9675],[139.1275,35.965]]]},"properties":{"cell_id":"g_34_17","score":0.391,"twi":5.92,"hand":81,"dist_to_boundary":240,"curvature":-0.002,"spring_kde":0}},{"type":"Feature","geometry":{"type":"Polygon","coordinates":[[[139.13,35.965],[139.1325,35.965],[139.1325,35.9675],[139.13,35.9675],[139.13,35.965]]]},"properties":{"cell_id":"g_35_17","score":0.398,"twi":5.84,"hand":88.1,"dist_to_boundary":24,"curvature":-0.0063,"spring_kde":0}},{"type":"Feature","geometry":{"type":"Polygon","coordinates":[[[139.1325,35.965],[139.135,35.965],[139.135,35.9675],[139.1325,35.9675],[139.1325,35.965]]]},"properties":{"cell_id":"g_36_17","score":0.43,"twi":5.98,"hand":69.4,"dist_to_boundary":62,"curvature":-0.0009,"spring_kde":0}},{"type":"Feature","geometry":{"type":"Polygon","coordinates":[[[139.135,35.965],[139.1375,35.965],[139.1375,35.9675],[139.135,35.9675],[139.135,35.965]]]},"properties":{"cell_id":"g_37_17","score":0.469,"twi":6.05,"hand":39.9,"dist_to_boundary":191,"curvature":0,"spring_kde":0.002}},{"type":"Feature","geometry":{"type":"Polygon","coordinates":[[[139.1375,35.965],[139.14,35.965],[139.14,35.9675],[139.1375,35.9675],[139.1375,35.965]]]},"properties":{"cell_id":"g_38_17","score":0.425,"twi":6.07,"hand":65.3,"dist_to_boundary":267,"curvature":-0.0001,"spring_kde":0.007}},{"type":"Feature","geometry":{"type":"Polygon","coordinates":[[[139.14,35.965],[139.1425,35.965],[139.1425,35.9675],[139.14,35.9675],[139.14,35.965]]]},"properties":{"cell_id":"g_39_17","score":0.427,"twi":6.11,"hand":65.5,"dist_to_boundary":224,"curvature":-0.0015,"spring_kde":0.023}},{"type":"Feature","geometry":{"type":"Polygon","coordinates":[[[139.1425,35.965],[139.145,35.965],[139.145,35.9675],[139.1425,35.9675],[139.1425,35.965]]]},"properties":{"cell_id":"g_40_17","score":0.433,"twi":5.91,"hand":70.2,"dist_to_boundary":42,"curvature":-0.0032,"spring_kde":0.064}},{"type":"Feature","geometry":{"type":"Polygon","coordinates":[[[139.145,35.965],[139.1475,35.965],[139.1475,35.9675],[139.145,35.9675],[139.145,35.965]]]},"properties":{"cell_id":"g_41_17","score":0.509,"twi":6.17,"hand":36.3,"dist_to_boundary":90,"curvature":0.0029,"spring_kde":0.144}},{"type":"Feature","geometry":{"type":"Polygon","coordinates":[[[139.1475,35.965],[139.15,35.965],[139.15,35.9675],[139.1475,35.9675],[139.1475,35.965]]]},"properties":{"cell_id":"g_42_17","score":0.505,"twi":6.05,"hand":30.1,"dist_to_boundary":313,"curvature":0.0035,"spring_kde":0.265}},{"type":"Feature","geometry":{"type":"Polygon","coordinates":[[[139.15,35.965],[139.1525,35.965],[139.1525,35.9675],[139.15,35.9675],[139.15,35.965]]]},"properties":{"cell_id":"g_43_17","score":0.464,"twi":5.89,"hand":54.3,"dist_to_boundary":308,"curvature":-0.0017,"spring_kde":0.396}},{"type":"Feature","geometry":{"type":"Polygon","coordinates":[[[139.1525,35.965],[139.155,35.965],[139.155,35.9675],[139.1525,35.9675],[139.1525,35.965]]]},"properties":{"cell_id":"g_44_17","score":0.494,"twi":5.93,"hand":57,"dist_to_boundary":84,"curvature":-0.0035,"spring_kde":0.484}},{"type":"Feature","geometry":{"type":"Polygon","coordinates":[[[139.155,35.965],[139.1575,35.965],[139.1575,35.9675],[139.155,35.9675],[139.155,35.965]]]},"properties":{"cell_id":"g_45_17","score":0.539,"twi":6,"hand":38.9,"dist_to_boundary":6,"curvature":0.001,"spring_kde":0.483}},{"type":"Feature","geometry":{"type":"Polygon","coordinates":[[[139.0425,35.9675],[139.045,35.9675],[139.045,35.97],[139.0425,35.97],[139.0425,35.9675]]]},"properties":{"cell_id":"g_0_18","score":0.579,"twi":7.17,"hand":15,"dist_to_boundary":76,"curvature":0.0006,"spring_kde":0.001}},{"type":"Feature","geometry":{"type":"Polygon","coordinates":[[[139.045,35.9675],[139.0475,35.9675],[139.0475,35.97],[139.045,35.97],[139.045,35.9675]]]},"properties":{"cell_id":"g_1_18","score":0.654,"twi":8.33,"hand":4.8,"dist_to_boundary":38,"curvature":0.0013,"spring_kde":0.003}},{"type":"Feature","geometry":{"type":"Polygon","coordinates":[[[139.0475,35.9675],[139.05,35.9675],[139.05,35.97],[139.0475,35.97],[139.0475,35.9675]]]},"properties":{"cell_id":"g_2_18","score":0.646,"twi":7.97,"hand":5.3,"dist_to_boundary":10,"curvature":0.0012,"spring_kde":0.007}},{"type":"Feature","geometry":{"type":"Polygon","coordinates":[[[139.05,35.9675],[139.0525,35.9675],[139.0525,35.97],[139.05,35.97],[139.05,35.9675]]]},"properties":{"cell_id":"g_3_18","score":0.672,"twi":8.55,"hand":3.8,"dist_to_boundary":23,"curvature":0.0017,"spring_kde":0.016}},{"type":"Feature","geometry":{"type":"Polygon","coordinates":[[[139.0525,35.9675],[139.055,35.9675],[139.055,35.97],[139.0525,35.97],[139.0525,35.9675]]]},"properties":{"cell_id":"g_4_18","score":0.647,"twi":8.07,"hand":10.3,"dist_to_boundary":24,"curvature":-0.001,"spring_kde":0.036}},{"type":"Feature","geometry":{"type":"Polygon","coordinates":[[[139.055,35.9675],[139.0575,35.9675],[139.0575,35.97],[139.055,35.97],[139.055,35.9675]]]},"properties":{"cell_id":"g_5_18","score":0.647,"twi":8.01,"hand":5.5,"dist_to_boundary":32,"curvature":0.0004,"spring_kde":0.076}},{"type":"Feature","geometry":{"type":"Polygon","coordinates":[[[139.0575,35.9675],[139.06,35.9675],[139.06,35.97],[139.0575,35.97],[139.0575,35.9675]]]},"properties":{"cell_id":"g_6_18","score":0.603,"twi":7.69,"hand":22.9,"dist_to_boundary":111,"curvature":-0.0011,"spring_kde":0.149}},{"type":"Feature","geometry":{"type":"Polygon","coordinates":[[[139.06,35.9675],[139.0625,35.9675],[139.0625,35.97],[139.06,35.97],[139.06,35.9675]]]},"properties":{"cell_id":"g_7_18","score":0.628,"twi":7.56,"hand":22.3,"dist_to_boundary":25,"curvature":0.0002,"spring_kde":0.258}},{"type":"Feature","geometry":{"type":"Polygon","coordinates":[[[139.0625,35.9675],[139.065,35.9675],[139.065,35.97],[139.0625,35.97],[139.0625,35.9675]]]},"properties":{"cell_id":"g_8_18","score":0.708,"twi":9.09,"hand":18.2,"dist_to_boundary":52,"curvature":-0.0001,"spring_kde":0.388}},{"type":"Feature","geometry":{"type":"Polygon","coordinates":[[[139.065,35.9675],[139.0675,35.9675],[139.0675,35.97],[139.065,35.97],[139.065,35.9675]]]},"properties":{"cell_id":"g_9_18","score":0.707,"twi":8.56,"hand":5.9,"dist_to_boundary":87,"curvature":0.0021,"spring_kde":0.499}},{"type":"Feature","geometry":{"type":"Polygon","coordinates":[[[139.0675,35.9675],[139.07,35.9675],[139.07,35.97],[139.0675,35.97],[139.0675,35.9675]]]},"properties":{"cell_id":"g_10_18","score":0.61,"twi":6.76,"hand":16.3,"dist_to_boundary":38,"curvature":-0.0001,"spring_kde":0.56}},{"type":"Feature","geometry":{"type":"Polygon","coordinates":[[[139.07,35.9675],[139.0725,35.9675],[139.0725,35.97],[139.07,35.97],[139.07,35.9675]]]},"properties":{"cell_id":"g_11_18","score":0.631,"twi":7.26,"hand":10.8,"dist_to_boundary":198,"curvature":0.0011,"spring_kde":0.56}},{"type":"Feature","geometry":{"type":"Polygon","coordinates":[[[139.0725,35.9675],[139.075,35.9675],[139.075,35.97],[139.0725,35.97],[139.0725,35.9675]]]},"properties":{"cell_id":"g_12_18","score":0.602,"twi":7.16,"hand":17.4,"dist_to_boundary":362,"curvature":0.0016,"spring_kde":0.513}},{"type":"Feature","geometry":{"type":"Polygon","coordinates":[[[139.075,35.9675],[139.0775,35.9675],[139.0775,35.97],[139.075,35.97],[139.075,35.9675]]]},"properties":{"cell_id":"g_13_18","score":0.546,"twi":6.71,"hand":18.6,"dist_to_boundary":521,"curvature":0.0009,"spring_kde":0.433}},{"type":"Feature","geometry":{"type":"Polygon","coordinates":[[[139.0775,35.9675],[139.08,35.9675],[139.08,35.97],[139.0775,35.97],[139.0775,35.9675]]]},"properties":{"cell_id":"g_14_18","score":0.494,"twi":6.39,"hand":24.4,"dist_to_boundary":670,"curvature":0.0027,"spring_kde":0.33}},{"type":"Feature","geometry":{"type":"Polygon","coordinates":[[[139.08,35.9675],[139.0825,35.9675],[139.0825,35.97],[139.08,35.97],[139.08,35.9675]]]},"properties":{"cell_id":"g_15_18","score":0.521,"twi":6.55,"hand":17.6,"dist_to_boundary":597,"curvature":0.0014,"spring_kde":0.222}},{"type":"Feature","geometry":{"type":"Polygon","coordinates":[[[139.0825,35.9675],[139.085,35.9675],[139.085,35.97],[139.0825,35.97],[139.0825,35.9675]]]},"properties":{"cell_id":"g_16_18","score":0.484,"twi":6.47,"hand":26.8,"dist_to_boundary":504,"curvature":-0.0027,"spring_kde":0.127}},{"type":"Feature","geometry":{"type":"Polygon","coordinates":[[[139.085,35.9675],[139.0875,35.9675],[139.0875,35.97],[139.085,35.97],[139.085,35.9675]]]},"properties":{"cell_id":"g_17_18","score":0.514,"twi":6.73,"hand":19,"dist_to_boundary":427,"curvature":0.0023,"spring_kde":0.062}},{"type":"Feature","geometry":{"type":"Polygon","coordinates":[[[139.0875,35.9675],[139.09,35.9675],[139.09,35.97],[139.0875,35.97],[139.0875,35.9675]]]},"properties":{"cell_id":"g_18_18","score":0.483,"twi":6.33,"hand":26.2,"dist_to_boundary":357,"curvature":-0.0007,"spring_kde":0.026}},{"type":"Feature","geometry":{"type":"Polygon","coordinates":[[[139.09,35.9675],[139.0925,35.9675],[139.0925,35.97],[139.09,35.97],[139.09,35.9675]]]},"properties":{"cell_id":"g_19_18","score":0.484,"twi":6.08,"hand":25.9,"dist_to_boundary":307,"curvature":0.0004,"spring_kde":0.011}},{"type":"Feature","geometry":{"type":"Polygon","coordinates":[[[139.0925,35.9675],[139.095,35.9675],[139.095,35.97],[139.0925,35.97],[139.0925,35.9675]]]},"properties":{"cell_id":"g_20_18","score":0.477,"twi":6.04,"hand":32.8,"dist_to_boundary":258,"curvature":-0.0007,"spring_kde":0.009}},{"type":"Feature","geometry":{"type":"Polygon","coordinates":[[[139.095,35.9675],[139.0975,35.9675],[139.0975,35.97],[139.095,35.97],[139.095,35.9675]]]},"properties":{"cell_id":"g_21_18","score":0.497,"twi":6.2,"hand":29.6,"dist_to_boundary":210,"curvature":-0.0027,"spring_kde":0.02}},{"type":"Feature","geometry":{"type":"Polygon","coordinates":[[[139.0975,35.9675],[139.1,35.9675],[139.1,35.97],[139.0975,35.97],[139.0975,35.9675]]]},"properties":{"cell_id":"g_22_18","score":0.567,"twi":6.83,"hand":13.4,"dist_to_boundary":141,"curvature":0.002,"spring_kde":0.048}},{"type":"Feature","geometry":{"type":"Polygon","coordinates":[[[139.1,35.9675],[139.1025,35.9675],[139.1025,35.97],[139.1,35.97],[139.1,35.9675]]]},"properties":{"cell_id":"g_23_18","score":0.577,"twi":6.84,"hand":15,"dist_to_boundary":84,"curvature":0.0028,"spring_kde":0.099}},{"type":"Feature","geometry":{"type":"Polygon","coordinates":[[[139.1025,35.9675],[139.105,35.9675],[139.105,35.97],[139.1025,35.97],[139.1025,35.9675]]]},"properties":{"cell_id":"g_24_18","score":0.571,"twi":6.84,"hand":20.2,"dist_to_boundary":18,"curvature":-0.0026,"spring_kde":0.167}},{"type":"Feature","geometry":{"type":"Polygon","coordinates":[[[139.105,35.9675],[139.1075,35.9675],[139.1075,35.97],[139.105,35.97],[139.105,35.9675]]]},"properties":{"cell_id":"g_25_18","score":0.637,"twi":7.79,"hand":10,"dist_to_boundary":150,"curvature":0.0014,"spring_kde":0.23}},{"type":"Feature","geometry":{"type":"Polygon","coordinates":[[[139.1075,35.9675],[139.11,35.9675],[139.11,35.97],[139.1075,35.97],[139.1075,35.9675]]]},"properties":{"cell_id":"g_26_18","score":0.53,"twi":6.72,"hand":28,"dist_to_boundary":318,"curvature":0.0011,"spring_kde":0.258}},{"type":"Feature","geometry":{"type":"Polygon","coordinates":[[[139.11,35.9675],[139.1125,35.9675],[139.1125,35.97],[139.11,35.97],[139.11,35.9675]]]},"properties":{"cell_id":"g_27_18","score":0.47,"twi":6.03,"hand":38.1,"dist_to_boundary":385,"curvature":-0.0025,"spring_kde":0.237}},{"type":"Feature","geometry":{"type":"Polygon","coordinates":[[[139.1125,35.9675],[139.115,35.9675],[139.115,35.97],[139.1125,35.97],[139.1125,35.9675]]]},"properties":{"cell_id":"g_28_18","score":0.484,"twi":5.86,"hand":43.8,"dist_to_boundary":161,"curvature":0.0027,"spring_kde":0.178}},{"type":"Feature","geometry":{"type":"Polygon","coordinates":[[[139.115,35.9675],[139.1175,35.9675],[139.1175,35.97],[139.115,35.97],[139.115,35.9675]]]},"properties":{"cell_id":"g_29_18","score":0.462,"twi":5.8,"hand":52.3,"dist_to_boundary":62,"curvature":-0.0047,"spring_kde":0.109}},{"type":"Feature","geometry":{"type":"Polygon","coordinates":[[[139.1175,35.9675],[139.12,35.9675],[139.12,35.97],[139.1175,35.97],[139.1175,35.9675]]]},"properties":{"cell_id":"g_30_18","score":0.514,"twi":6.43,"hand":28.1,"dist_to_boundary":286,"curvature":0.007,"spring_kde":0.054}},{"type":"Feature","geometry":{"type":"Polygon","coordinates":[[[139.12,35.9675],[139.1225,35.9675],[139.1225,35.97],[139.12,35.97],[139.12,35.9675]]]},"properties":{"cell_id":"g_31_18","score":0.379,"twi":5.62,"hand":75.5,"dist_to_boundary":510,"curvature":-0.0043,"spring_kde":0.022}},{"type":"Feature","geometry":{"type":"Polygon","coordinates":[[[139.1225,35.9675],[139.125,35.9675],[139.125,35.97],[139.1225,35.97],[139.1225,35.9675]]]},"properties":{"cell_id":"g_32_18","score":0.347,"twi":5.61,"hand":94.9,"dist_to_boundary":448,"curvature":-0.0063,"spring_kde":0.007}},{"type":"Feature","geometry":{"type":"Polygon","coordinates":[[[139.125,35.9675],[139.1275,35.9675],[139.1275,35.97],[139.125,35.97],[139.125,35.9675]]]},"properties":{"cell_id":"g_33_18","score":0.44,"twi":6.01,"hand":51.1,"dist_to_boundary":376,"curvature":0.0015,"spring_kde":0.002}},{"type":"Feature","geometry":{"type":"Polygon","coordinates":[[[139.1275,35.9675],[139.13,35.9675],[139.13,35.97],[139.1275,35.97],[139.1275,35.9675]]]},"properties":{"cell_id":"g_34_18","score":0.453,"twi":6.09,"hand":53.7,"dist_to_boundary":263,"curvature":0.0026,"spring_kde":0}},{"type":"Feature","geometry":{"type":"Polygon","coordinates":[[[139.13,35.9675],[139.1325,35.9675],[139.1325,35.97],[139.13,35.97],[139.13,35.9675]]]},"properties":{"cell_id":"g_35_18","score":0.358,"twi":5.68,"hand":118.2,"dist_to_boundary":62,"curvature":-0.0084,"spring_kde":0}},{"type":"Feature","geometry":{"type":"Polygon","coordinates":[[[139.1325,35.9675],[139.135,35.9675],[139.135,35.97],[139.1325,35.97],[139.1325,35.9675]]]},"properties":{"cell_id":"g_36_18","score":0.496,"twi":6.4,"hand":46.1,"dist_to_boundary":68,"curvature":0.0042,"spring_kde":0}},{"type":"Feature","geometry":{"type":"Polygon","coordinates":[[[139.135,35.9675],[139.1375,35.9675],[139.1375,35.97],[139.135,35.97],[139.135,35.9675]]]},"properties":{"cell_id":"g_37_18","score":0.497,"twi":6.37,"hand":41.3,"dist_to_boundary":70,"curvature":0.0026,"spring_kde":0.001}},{"type":"Feature","geometry":{"type":"Polygon","coordinates":[[[139.1375,35.9675],[139.14,35.9675],[139.14,35.97],[139.1375,35.97],[139.1375,35.9675]]]},"properties":{"cell_id":"g_38_18","score":0.423,"twi":6.27,"hand":77.7,"dist_to_boundary":85,"curvature":-0.0006,"spring_kde":0.006}},{"type":"Feature","geometry":{"type":"Polygon","coordinates":[[[139.14,35.9675],[139.1425,35.9675],[139.1425,35.97],[139.14,35.97],[139.14,35.9675]]]},"properties":{"cell_id":"g_39_18","score":0.355,"twi":5.8,"hand":103.4,"dist_to_boundary":287,"curvature":-0.0027,"spring_kde":0.02}},{"type":"Feature","geometry":{"type":"Polygon","coordinates":[[[139.1425,35.9675],[139.145,35.9675],[139.145,35.97],[139.1425,35.97],[139.1425,35.9675]]]},"properties":{"cell_id":"g_40_18","score":0.483,"twi":6.35,"hand":44.8,"dist_to_boundary":294,"curvature":0.0047,"spring_kde":0.056}},{"type":"Feature","geometry":{"type":"Polygon","coordinates":[[[139.145,35.9675],[139.1475,35.9675],[139.1475,35.97],[139.145,35.97],[139.145,35.9675]]]},"properties":{"cell_id":"g_41_18","score":0.431,"twi":5.86,"hand":61.2,"dist_to_boundary":310,"curvature":-0.0032,"spring_kde":0.125}},{"type":"Feature","geometry":{"type":"Polygon","coordinates":[[[139.1475,35.9675],[139.15,35.9675],[139.15,35.97],[139.1475,35.97],[139.1475,35.9675]]]},"properties":{"cell_id":"g_42_18","score":0.431,"twi":6.09,"hand":59.5,"dist_to_boundary":435,"curvature":-0.0015,"spring_kde":0.23}},{"type":"Feature","geometry":{"type":"Polygon","coordinates":[[[139.15,35.9675],[139.1525,35.9675],[139.1525,35.97],[139.15,35.97],[139.15,35.9675]]]},"properties":{"cell_id":"g_43_18","score":0.399,"twi":6.05,"hand":84.8,"dist_to_boundary":403,"curvature":-0.005,"spring_kde":0.344}},{"type":"Feature","geometry":{"type":"Polygon","coordinates":[[[139.1525,35.9675],[139.155,35.9675],[139.155,35.97],[139.1525,35.97],[139.1525,35.9675]]]},"properties":{"cell_id":"g_44_18","score":0.487,"twi":6.07,"hand":52.5,"dist_to_boundary":265,"curvature":0.0017,"spring_kde":0.42}},{"type":"Feature","geometry":{"type":"Polygon","coordinates":[[[139.155,35.9675],[139.1575,35.9675],[139.1575,35.97],[139.155,35.97],[139.155,35.9675]]]},"properties":{"cell_id":"g_45_18","score":0.436,"twi":5.86,"hand":75.2,"dist_to_boundary":253,"curvature":-0.0024,"spring_kde":0.419}},{"type":"Feature","geometry":{"type":"Polygon","coordinates":[[[139.0425,35.97],[139.045,35.97],[139.045,35.9725],[139.0425,35.9725],[139.0425,35.97]]]},"properties":{"cell_id":"g_0_19","score":0.547,"twi":6.91,"hand":27.2,"dist_to_boundary":81,"curvature":-0.0003,"spring_kde":0}},{"type":"Feature","geometry":{"type":"Polygon","coordinates":[[[139.045,35.97],[139.0475,35.97],[139.0475,35.9725],[139.045,35.9725],[139.045,35.97]]]},"properties":{"cell_id":"g_1_19","score":0.558,"twi":6.77,"hand":16.9,"dist_to_boundary":21,"curvature":0.0006,"spring_kde":0.001}},{"type":"Feature","geometry":{"type":"Polygon","coordinates":[[[139.0475,35.97],[139.05,35.97],[139.05,35.9725],[139.0475,35.9725],[139.0475,35.97]]]},"properties":{"cell_id":"g_2_19","score":0.562,"twi":7.01,"hand":18.1,"dist_to_boundary":131,"curvature":-0.0003,"spring_kde":0.002}},{"type":"Feature","geometry":{"type":"Polygon","coordinates":[[[139.05,35.97],[139.0525,35.97],[139.0525,35.9725],[139.05,35.9725],[139.05,35.97]]]},"properties":{"cell_id":"g_3_19","score":0.617,"twi":8.2,"hand":19.1,"dist_to_boundary":163,"curvature":-0.0003,"spring_kde":0.006}},{"type":"Feature","geometry":{"type":"Polygon","coordinates":[[[139.0525,35.97],[139.055,35.97],[139.055,35.9725],[139.0525,35.9725],[139.0525,35.97]]]},"properties":{"cell_id":"g_4_19","score":0.652,"twi":8.74,"hand":8.5,"dist_to_boundary":170,"curvature":-0.0001,"spring_kde":0.017}},{"type":"Feature","geometry":{"type":"Polygon","coordinates":[[[139.055,35.97],[139.0575,35.97],[139.0575,35.9725],[139.055,35.9725],[139.055,35.97]]]},"properties":{"cell_id":"g_5_19","score":0.651,"twi":8.3,"hand":11.9,"dist_to_boundary":10,"curvature":0,"spring_kde":0.042}},{"type":"Feature","geometry":{"type":"Polygon","coordinates":[[[139.0575,35.97],[139.06,35.97],[139.06,35.9725],[139.0575,35.9725],[139.0575,35.97]]]},"properties":{"cell_id":"g_6_19","score":0.661,"twi":8.5,"hand":4,"dist_to_boundary":162,"curvature":0.0006,"spring_kde":0.091}},{"type":"Feature","geometry":{"type":"Polygon","coordinates":[[[139.06,35.97],[139.0625,35.97],[139.0625,35.9725],[139.06,35.9725],[139.06,35.97]]]},"properties":{"cell_id":"g_7_19","score":0.654,"twi":9,"hand":41.9,"dist_to_boundary":68,"curvature":0,"spring_kde":0.17}},{"type":"Feature","geometry":{"type":"Polygon","coordinates":[[[139.0625,35.97],[139.065,35.97],[139.065,35.9725],[139.0625,35.9725],[139.0625,35.97]]]},"properties":{"cell_id":"g_8_19","score":0.656,"twi":8.51,"hand":27.7,"dist_to_boundary":43,"curvature":-0.001,"spring_kde":0.271}},{"type":"Feature","geometry":{"type":"Polygon","coordinates":[[[139.065,35.97],[139.0675,35.97],[139.0675,35.9725],[139.065,35.9725],[139.065,35.97]]]},"properties":{"cell_id":"g_9_19","score":0.73,"twi":9.38,"hand":1.1,"dist_to_boundary":238,"curvature":0.0001,"spring_kde":0.377}},{"type":"Feature","geometry":{"type":"Polygon","coordinates":[[[139.0675,35.97],[139.07,35.97],[139.07,35.9725],[139.0675,35.9725],[139.0675,35.97]]]},"properties":{"cell_id":"g_10_19","score":0.744,"twi":9.32,"hand":2.2,"dist_to_boundary":153,"curvature":0.0001,"spring_kde":0.471}},{"type":"Feature","geometry":{"type":"Polygon","coordinates":[[[139.07,35.97],[139.0725,35.97],[139.0725,35.9725],[139.07,35.9725],[139.07,35.97]]]},"properties":{"cell_id":"g_11_19","score":0.701,"twi":8.24,"hand":7.1,"dist_to_boundary":7,"curvature":0.0012,"spring_kde":0.539}},{"type":"Feature","geometry":{"type":"Polygon","coordinates":[[[139.0725,35.97],[139.075,35.97],[139.075,35.9725],[139.0725,35.9725],[139.0725,35.97]]]},"properties":{"cell_id":"g_12_19","score":0.545,"twi":6.2,"hand":34.4,"dist_to_boundary":167,"curvature":-0.002,"spring_kde":0.567}},{"type":"Feature","geometry":{"type":"Polygon","coordinates":[[[139.075,35.97],[139.0775,35.97],[139.0775,35.9725],[139.075,35.9725],[139.075,35.97]]]},"properties":{"cell_id":"g_13_19","score":0.489,"twi":5.89,"hand":51.1,"dist_to_boundary":314,"curvature":-0.0043,"spring_kde":0.539}},{"type":"Feature","geometry":{"type":"Polygon","coordinates":[[[139.0775,35.97],[139.08,35.97],[139.08,35.9725],[139.0775,35.9725],[139.0775,35.97]]]},"properties":{"cell_id":"g_14_19","score":0.494,"twi":6,"hand":41,"dist_to_boundary":443,"curvature":-0.0007,"spring_kde":0.448}},{"type":"Feature","geometry":{"type":"Polygon","coordinates":[[[139.08,35.97],[139.0825,35.97],[139.0825,35.9725],[139.08,35.9725],[139.08,35.97]]]},"properties":{"cell_id":"g_15_19","score":0.486,"twi":6.18,"hand":39.2,"dist_to_boundary":347,"curvature":-0.0009,"spring_kde":0.319}},{"type":"Feature","geometry":{"type":"Polygon","coordinates":[[[139.0825,35.97],[139.085,35.97],[139.085,35.9725],[139.0825,35.9725],[139.0825,35.97]]]},"properties":{"cell_id":"g_16_19","score":0.54,"twi":6.57,"hand":20.2,"dist_to_boundary":252,"curvature":-0.0003,"spring_kde":0.193}},{"type":"Feature","geometry":{"type":"Polygon","coordinates":[[[139.085,35.97],[139.0875,35.97],[139.0875,35.9725],[139.085,35.9725],[139.085,35.97]]]},"properties":{"cell_id":"g_17_19","score":0.492,"twi":6.19,"hand":36.7,"dist_to_boundary":168,"curvature":0.0001,"spring_kde":0.1}},{"type":"Feature","geometry":{"type":"Polygon","coordinates":[[[139.0875,35.97],[139.09,35.97],[139.09,35.9725],[139.0875,35.9725],[139.0875,35.97]]]},"properties":{"cell_id":"g_18_19","score":0.538,"twi":6.68,"hand":22.4,"dist_to_boundary":91,"curvature":0.0019,"spring_kde":0.046}},{"type":"Feature","geometry":{"type":"Polygon","coordinates":[[[139.09,35.97],[139.0925,35.97],[139.0925,35.9725],[139.09,35.9725],[139.09,35.97]]]},"properties":{"cell_id":"g_19_19","score":0.546,"twi":6.61,"hand":20.6,"dist_to_boundary":37,"curvature":0.0005,"spring_kde":0.021}},{"type":"Feature","geometry":{"type":"Polygon","coordinates":[[[139.0925,35.97],[139.095,35.97],[139.095,35.9725],[139.0925,35.9725],[139.0925,35.97]]]},"properties":{"cell_id":"g_20_19","score":0.549,"twi":6.53,"hand":24,"dist_to_boundary":12,"curvature":-0.0003,"spring_kde":0.018}},{"type":"Feature","geometry":{"type":"Polygon","coordinates":[[[139.095,35.97],[139.0975,35.97],[139.0975,35.9725],[139.095,35.9725],[139.095,35.97]]]},"properties":{"cell_id":"g_21_19","score":0.512,"twi":6.46,"hand":36.1,"dist_to_boundary":60,"curvature":-0.0001,"spring_kde":0.034}},{"type":"Feature","geometry":{"type":"Polygon","coordinates":[[[139.0975,35.97],[139.1,35.97],[139.1,35.9725],[139.0975,35.9725],[139.0975,35.97]]]},"properties":{"cell_id":"g_22_19","score":0.546,"twi":6.49,"hand":20.6,"dist_to_boundary":78,"curvature":0.0005,"spring_kde":0.08}},{"type":"Feature","geometry":{"type":"Polygon","coordinates":[[[139.1,35.97],[139.1025,35.97],[139.1025,35.9725],[139.1,35.9725],[139.1,35.97]]]},"properties":{"cell_id":"g_23_19","score":0.552,"twi":6.29,"hand":18.7,"dist_to_boundary":87,"curvature":-0.0013,"spring_kde":0.161}},{"type":"Feature","geometry":{"type":"Polygon","coordinates":[[[139.1025,35.97],[139.105,35.97],[139.105,35.9725],[139.1025,35.9725],[139.1025,35.97]]]},"properties":{"cell_id":"g_24_19","score":0.585,"twi":6.97,"hand":16.9,"dist_to_boundary":202,"curvature":0.0004,"spring_kde":0.27}},{"type":"Feature","geometry":{"type":"Polygon","coordinates":[[[139.105,35.97],[139.1075,35.97],[139.1075,35.9725],[139.105,35.9725],[139.105,35.97]]]},"properties":{"cell_id":"g_25_19","score":0.664,"twi":7.67,"hand":8.6,"dist_to_boundary":26,"curvature":0.0003,"spring_kde":0.371}},{"type":"Feature","geometry":{"type":"Polygon","coordinates":[[[139.1075,35.97],[139.11,35.97],[139.11,35.9725],[139.1075,35.9725],[139.1075,35.97]]]},"properties":{"cell_id":"g_26_19","score":0.606,"twi":7.28,"hand":19.2,"dist_to_boundary":176,"curvature":0.0003,"spring_kde":0.417}},{"type":"Feature","geometry":{"type":"Polygon","coordinates":[[[139.11,35.97],[139.1125,35.97],[139.1125,35.9725],[139.11,35.9725],[139.11,35.97]]]},"properties":{"cell_id":"g_27_19","score":0.549,"twi":6.7,"hand":19.8,"dist_to_boundary":353,"curvature":0.0019,"spring_kde":0.383}},{"type":"Feature","geometry":{"type":"Polygon","coordinates":[[[139.1125,35.97],[139.115,35.97],[139.115,35.9725],[139.1125,35.9725],[139.1125,35.97]]]},"properties":{"cell_id":"g_28_19","score":0.546,"twi":6.14,"hand":25.1,"dist_to_boundary":129,"curvature":0.0025,"spring_kde":0.287}},{"type":"Feature","geometry":{"type":"Polygon","coordinates":[[[139.115,35.97],[139.1175,35.97],[139.1175,35.9725],[139.115,35.9725],[139.115,35.97]]]},"properties":{"cell_id":"g_29_19","score":0.515,"twi":6.09,"hand":33.6,"dist_to_boundary":95,"curvature":-0.0014,"spring_kde":0.175}},{"type":"Feature","geometry":{"type":"Polygon","coordinates":[[[139.1175,35.97],[139.12,35.97],[139.12,35.9725],[139.1175,35.9725],[139.1175,35.97]]]},"properties":{"cell_id":"g_30_19","score":0.446,"twi":5.87,"hand":49.7,"dist_to_boundary":318,"curvature":-0.0022,"spring_kde":0.088}},{"type":"Feature","geometry":{"type":"Polygon","coordinates":[[[139.12,35.97],[139.1225,35.97],[139.1225,35.9725],[139.12,35.9725],[139.12,35.97]]]},"properties":{"cell_id":"g_31_19","score":0.391,"twi":5.54,"hand":81.6,"dist_to_boundary":261,"curvature":-0.0039,"spring_kde":0.036}},{"type":"Feature","geometry":{"type":"Polygon","coordinates":[[[139.1225,35.97],[139.125,35.97],[139.125,35.9725],[139.1225,35.9725],[139.1225,35.97]]]},"properties":{"cell_id":"g_32_19","score":0.501,"twi":6.3,"hand":41.4,"dist_to_boundary":185,"curvature":0.0075,"spring_kde":0.012}},{"type":"Feature","geometry":{"type":"Polygon","coordinates":[[[139.125,35.97],[139.1275,35.97],[139.1275,35.9725],[139.125,35.9725],[139.125,35.97]]]},"properties":{"cell_id":"g_33_19","score":0.418,"twi":5.81,"hand":74.2,"dist_to_boundary":116,"curvature":-0.0011,"spring_kde":0.003}},{"type":"Feature","geometry":{"type":"Polygon","coordinates":[[[139.1275,35.97],[139.13,35.97],[139.13,35.9725],[139.1275,35.9725],[139.1275,35.97]]]},"properties":{"cell_id":"g_34_19","score":0.388,"twi":5.77,"hand":106.7,"dist_to_boundary":40,"curvature":-0.0051,"spring_kde":0.001}},{"type":"Feature","geometry":{"type":"Polygon","coordinates":[[[139.13,35.97],[139.1325,35.97],[139.1325,35.9725],[139.13,35.9725],[139.13,35.97]]]},"properties":{"cell_id":"g_35_19","score":0.442,"twi":5.95,"hand":69.1,"dist_to_boundary":120,"curvature":0.0032,"spring_kde":0}},{"type":"Feature","geometry":{"type":"Polygon","coordinates":[[[139.1325,35.97],[139.135,35.97],[139.135,35.9725],[139.1325,35.9725],[139.1325,35.97]]]},"properties":{"cell_id":"g_36_19","score":0.462,"twi":6.16,"hand":50.7,"dist_to_boundary":206,"curvature":-0.0003,"spring_kde":0}},{"type":"Feature","geometry":{"type":"Polygon","coordinates":[[[139.135,35.97],[139.1375,35.97],[139.1375,35.9725],[139.135,35.9725],[139.135,35.97]]]},"properties":{"cell_id":"g_37_19","score":0.471,"twi":6.01,"hand":39.8,"dist_to_boundary":157,"curvature":0.0004,"spring_kde":0.001}},{"type":"Feature","geometry":{"type":"Polygon","coordinates":[[[139.1375,35.97],[139.14,35.97],[139.14,35.9725],[139.1375,35.9725],[139.1375,35.97]]]},"properties":{"cell_id":"g_38_19","score":0.418,"twi":6.07,"hand":77.6,"dist_to_boundary":112,"curvature":-0.0008,"spring_kde":0.004}},{"type":"Feature","geometry":{"type":"Polygon","coordinates":[[[139.14,35.97],[139.1425,35.97],[139.1425,35.9725],[139.14,35.9725],[139.14,35.97]]]},"properties":{"cell_id":"g_39_19","score":0.416,"twi":6.2,"hand":72,"dist_to_boundary":283,"curvature":-0.0005,"spring_kde":0.013}},{"type":"Feature","geometry":{"type":"Polygon","coordinates":[[[139.1425,35.97],[139.145,35.97],[139.145,35.9725],[139.1425,35.9725],[139.1425,35.97]]]},"properties":{"cell_id":"g_40_19","score":0.461,"twi":6.16,"hand":37.3,"dist_to_boundary":497,"curvature":0.0054,"spring_kde":0.036}},{"type":"Feature","geometry":{"type":"Polygon","coordinates":[[[139.145,35.97],[139.1475,35.97],[139.1475,35.9725],[139.145,35.9725],[139.145,35.97]]]},"properties":{"cell_id":"g_41_19","score":0.409,"twi":6.29,"hand":62.6,"dist_to_boundary":576,"curvature":0.0002,"spring_kde":0.08}},{"type":"Feature","geometry":{"type":"Polygon","coordinates":[[[139.1475,35.97],[139.15,35.97],[139.15,35.9725],[139.1475,35.9725],[139.1475,35.97]]]},"properties":{"cell_id":"g_42_19","score":0.318,"twi":6.12,"hand":117.2,"dist_to_boundary":658,"curvature":-0.003,"spring_kde":0.147}},{"type":"Feature","geometry":{"type":"Polygon","coordinates":[[[139.15,35.97],[139.1525,35.97],[139.1525,35.9725],[139.15,35.9725],[139.15,35.97]]]},"properties":{"cell_id":"g_43_19","score":0.373,"twi":5.99,"hand":84.4,"dist_to_boundary":618,"curvature":-0.0022,"spring_kde":0.22}},{"type":"Feature","geometry":{"type":"Polygon","coordinates":[[[139.1525,35.97],[139.155,35.97],[139.155,35.9725],[139.1525,35.9725],[139.1525,35.97]]]},"properties":{"cell_id":"g_44_19","score":0.397,"twi":6.12,"hand":81.7,"dist_to_boundary":525,"curvature":-0.0009,"spring_kde":0.269}},{"type":"Feature","geometry":{"type":"Polygon","coordinates":[[[139.155,35.97],[139.1575,35.97],[139.1575,35.9725],[139.155,35.9725],[139.155,35.97]]]},"properties":{"cell_id":"g_45_19","score":0.426,"twi":5.77,"hand":56.7,"dist_to_boundary":519,"curvature":-0.0028,"spring_kde":0.268}},{"type":"Feature","geometry":{"type":"Polygon","coordinates":[[[139.0425,35.9725],[139.045,35.9725],[139.045,35.975],[139.0425,35.975],[139.0425,35.9725]]]},"properties":{"cell_id":"g_0_20","score":0.501,"twi":6.81,"hand":49.3,"dist_to_boundary":69,"curvature":-0.0011,"spring_kde":0}},{"type":"Feature","geometry":{"type":"Polygon","coordinates":[[[139.045,35.9725],[139.0475,35.9725],[139.0475,35.975],[139.045,35.975],[139.045,35.9725]]]},"properties":{"cell_id":"g_1_20","score":0.536,"twi":6.54,"hand":20.4,"dist_to_boundary":112,"curvature":0.0019,"spring_kde":0}},{"type":"Feature","geometry":{"type":"Polygon","coordinates":[[[139.0475,35.9725],[139.05,35.9725],[139.05,35.975],[139.0475,35.975],[139.0475,35.9725]]]},"properties":{"cell_id":"g_2_20","score":0.513,"twi":6.6,"hand":31.3,"dist_to_boundary":89,"curvature":-0.0002,"spring_kde":0.001}},{"type":"Feature","geometry":{"type":"Polygon","coordinates":[[[139.05,35.9725],[139.0525,35.9725],[139.0525,35.975],[139.05,35.975],[139.05,35.9725]]]},"properties":{"cell_id":"g_3_20","score":0.623,"twi":8.08,"hand":12.3,"dist_to_boundary":44,"curvature":0.0012,"spring_kde":0.002}},{"type":"Feature","geometry":{"type":"Polygon","coordinates":[[[139.0525,35.9725],[139.055,35.9725],[139.055,35.975],[139.0525,35.975],[139.0525,35.9725]]]},"properties":{"cell_id":"g_4_20","score":0.671,"twi":8.99,"hand":5,"dist_to_boundary":203,"curvature":0,"spring_kde":0.007}},{"type":"Feature","geometry":{"type":"Polygon","coordinates":[[[139.055,35.9725],[139.0575,35.9725],[139.0575,35.975],[139.055,35.975],[139.055,35.9725]]]},"properties":{"cell_id":"g_5_20","score":0.652,"twi":8.58,"hand":17.7,"dist_to_boundary":11,"curvature":-0.0006,"spring_kde":0.019}},{"type":"Feature","geometry":{"type":"Polygon","coordinates":[[[139.0575,35.9725],[139.06,35.9725],[139.06,35.975],[139.0575,35.975],[139.0575,35.9725]]]},"properties":{"cell_id":"g_6_20","score":0.645,"twi":7.97,"hand":1.7,"dist_to_boundary":9,"curvature":0.0003,"spring_kde":0.045}},{"type":"Feature","geometry":{"type":"Polygon","coordinates":[[[139.06,35.9725],[139.0625,35.9725],[139.0625,35.975],[139.06,35.975],[139.06,35.9725]]]},"properties":{"cell_id":"g_7_20","score":0.606,"twi":8.35,"hand":41.9,"dist_to_boundary":108,"curvature":0.0009,"spring_kde":0.089}},{"type":"Feature","geometry":{"type":"Polygon","coordinates":[[[139.0625,35.9725],[139.065,35.9725],[139.065,35.975],[139.0625,35.975],[139.0625,35.9725]]]},"properties":{"cell_id":"g_8_20","score":0.635,"twi":7.82,"hand":11.6,"dist_to_boundary":29,"curvature":0,"spring_kde":0.153}},{"type":"Feature","geometry":{"type":"Polygon","coordinates":[[[139.065,35.9725],[139.0675,35.9725],[139.0675,35.975],[139.065,35.975],[139.065,35.9725]]]},"properties":{"cell_id":"g_9_20","score":0.68,"twi":8.88,"hand":20.7,"dist_to_boundary":71,"curvature":0.0001,"spring_kde":0.239}},{"type":"Feature","geometry":{"type":"Polygon","coordinates":[[[139.0675,35.9725],[139.07,35.9725],[139.07,35.975],[139.0675,35.975],[139.0675,35.9725]]]},"properties":{"cell_id":"g_10_20","score":0.71,"twi":9.13,"hand":0.3,"dist_to_boundary":250,"curvature":-0.0001,"spring_kde":0.342}},{"type":"Feature","geometry":{"type":"Polygon","coordinates":[[[139.07,35.9725],[139.0725,35.9725],[139.0725,35.975],[139.07,35.975],[139.07,35.9725]]]},"properties":{"cell_id":"g_11_20","score":0.722,"twi":9.01,"hand":2.2,"dist_to_boundary":167,"curvature":0.0001,"spring_kde":0.449}},{"type":"Feature","geometry":{"type":"Polygon","coordinates":[[[139.0725,35.9725],[139.075,35.9725],[139.075,35.975],[139.0725,35.975],[139.0725,35.9725]]]},"properties":{"cell_id":"g_12_20","score":0.691,"twi":8.27,"hand":12.1,"dist_to_boundary":12,"curvature":0.0015,"spring_kde":0.53}},{"type":"Feature","geometry":{"type":"Polygon","coordinates":[[[139.075,35.9725],[139.0775,35.9725],[139.0775,35.975],[139.075,35.975],[139.075,35.9725]]]},"properties":{"cell_id":"g_13_20","score":0.601,"twi":6.96,"hand":18.2,"dist_to_boundary":88,"curvature":-0.0015,"spring_kde":0.547}},{"type":"Feature","geometry":{"type":"Polygon","coordinates":[[[139.0775,35.9725],[139.08,35.9725],[139.08,35.975],[139.0775,35.975],[139.0775,35.9725]]]},"properties":{"cell_id":"g_14_20","score":0.562,"twi":6.52,"hand":23.4,"dist_to_boundary":209,"curvature":-0.0007,"spring_kde":0.484}},{"type":"Feature","geometry":{"type":"Polygon","coordinates":[[[139.08,35.9725],[139.0825,35.9725],[139.0825,35.975],[139.08,35.975],[139.08,35.9725]]]},"properties":{"cell_id":"g_15_20","score":0.541,"twi":6.23,"hand":25.4,"dist_to_boundary":117,"curvature":0,"spring_kde":0.367}},{"type":"Feature","geometry":{"type":"Polygon","coordinates":[[[139.0825,35.9725],[139.085,35.9725],[139.085,35.975],[139.0825,35.975],[139.0825,35.9725]]]},"properties":{"cell_id":"g_16_20","score":0.623,"twi":7.27,"hand":9.4,"dist_to_boundary":1,"curvature":0.0024,"spring_kde":0.242}},{"type":"Feature","geometry":{"type":"Polygon","coordinates":[[[139.085,35.9725],[139.0875,35.9725],[139.0875,35.975],[139.085,35.975],[139.085,35.9725]]]},"properties":{"cell_id":"g_17_20","score":0.525,"twi":6.14,"hand":23.6,"dist_to_boundary":92,"curvature":-0.002,"spring_kde":0.143}},{"type":"Feature","geometry":{"type":"Polygon","coordinates":[[[139.0875,35.9725],[139.09,35.9725],[139.09,35.975],[139.0875,35.975],[139.0875,35.9725]]]},"properties":{"cell_id":"g_18_20","score":0.54,"twi":6.45,"hand":19.2,"dist_to_boundary":33,"curvature":-0.0005,"spring_kde":0.079}},{"type":"Feature","geometry":{"type":"Polygon","coordinates":[[[139.09,35.9725],[139.0925,35.9725],[139.0925,35.975],[139.09,35.975],[139.09,35.9725]]]},"properties":{"cell_id":"g_19_20","score":0.622,"twi":7.93,"hand":5.1,"dist_to_boundary":191,"curvature":0.0029,"spring_kde":0.045}},{"type":"Feature","geometry":{"type":"Polygon","coordinates":[[[139.0925,35.9725],[139.095,35.9725],[139.095,35.975],[139.0925,35.975],[139.0925,35.9725]]]},"properties":{"cell_id":"g_20_20","score":0.532,"twi":6.97,"hand":20.3,"dist_to_boundary":282,"curvature":-0.0015,"spring_kde":0.036}},{"type":"Feature","geometry":{"type":"Polygon","coordinates":[[[139.095,35.9725],[139.0975,35.9725],[139.0975,35.975],[139.095,35.975],[139.095,35.9725]]]},"properties":{"cell_id":"g_21_20","score":0.511,"twi":6.77,"hand":30.7,"dist_to_boundary":330,"curvature":-0.0005,"spring_kde":0.053}},{"type":"Feature","geometry":{"type":"Polygon","coordinates":[[[139.0975,35.9725],[139.1,35.9725],[139.1,35.975],[139.0975,35.975],[139.0975,35.9725]]]},"properties":{"cell_id":"g_22_20","score":0.507,"twi":6.21,"hand":32.2,"dist_to_boundary":125,"curvature":-0.0028,"spring_kde":0.105}},{"type":"Feature","geometry":{"type":"Polygon","coordinates":[[[139.1,35.9725],[139.1025,35.9725],[139.1025,35.975],[139.1,35.975],[139.1,35.9725]]]},"properties":{"cell_id":"g_23_20","score":0.58,"twi":7.01,"hand":16.4,"dist_to_boundary":100,"curvature":0.0021,"spring_kde":0.201}},{"type":"Feature","geometry":{"type":"Polygon","coordinates":[[[139.1025,35.9725],[139.105,35.9725],[139.105,35.975],[139.1025,35.975],[139.1025,35.9725]]]},"properties":{"cell_id":"g_24_20","score":0.534,"twi":6.69,"hand":31.2,"dist_to_boundary":325,"curvature":-0.0004,"spring_kde":0.329}},{"type":"Feature","geometry":{"type":"Polygon","coordinates":[[[139.105,35.9725],[139.1075,35.9725],[139.1075,35.975],[139.105,35.975],[139.105,35.9725]]]},"properties":{"cell_id":"g_25_20","score":0.646,"twi":7.83,"hand":17.6,"dist_to_boundary":150,"curvature":0.0019,"spring_kde":0.446}},{"type":"Feature","geometry":{"type":"Polygon","coordinates":[[[139.1075,35.9725],[139.11,35.9725],[139.11,35.975],[139.1075,35.975],[139.1075,35.9725]]]},"properties":{"cell_id":"g_26_20","score":0.674,"twi":7.89,"hand":10.1,"dist_to_boundary":51,"curvature":-0.0006,"spring_kde":0.498}},{"type":"Feature","geometry":{"type":"Polygon","coordinates":[[[139.11,35.9725],[139.1125,35.9725],[139.1125,35.975],[139.11,35.975],[139.11,35.9725]]]},"properties":{"cell_id":"g_27_20","score":0.626,"twi":7.54,"hand":12.8,"dist_to_boundary":248,"curvature":0.001,"spring_kde":0.456}},{"type":"Feature","geometry":{"type":"Polygon","coordinates":[[[139.1125,35.9725],[139.115,35.9725],[139.115,35.975],[139.1125,35.975],[139.1125,35.9725]]]},"properties":{"cell_id":"g_28_20","score":0.504,"twi":6.11,"hand":44.9,"dist_to_boundary":92,"curvature":-0.0045,"spring_kde":0.341}},{"type":"Feature","geometry":{"type":"Polygon","coordinates":[[[139.115,35.9725],[139.1175,35.9725],[139.1175,35.975],[139.115,35.975],[139.115,35.9725]]]},"properties":{"cell_id":"g_29_20","score":0.54,"twi":6.4,"hand":32.7,"dist_to_boundary":131,"curvature":0.0012,"spring_kde":0.209}},{"type":"Feature","geometry":{"type":"Polygon","coordinates":[[[139.1175,35.9725],[139.12,35.9725],[139.12,35.975],[139.1175,35.975],[139.1175,35.9725]]]},"properties":{"cell_id":"g_30_20","score":0.547,"twi":6.83,"hand":26.9,"dist_to_boundary":148,"curvature":0.0037,"spring_kde":0.104}},{"type":"Feature","geometry":{"type":"Polygon","coordinates":[[[139.12,35.9725],[139.1225,35.9725],[139.1225,35.975],[139.12,35.975],[139.12,35.9725]]]},"properties":{"cell_id":"g_31_20","score":0.55,"twi":6.51,"hand":20.4,"dist_to_boundary":12,"curvature":0.0032,"spring_kde":0.043}},{"type":"Feature","geometry":{"type":"Polygon","coordinates":[[[139.1225,35.9725],[139.125,35.9725],[139.125,35.975],[139.1225,35.975],[139.1225,35.9725]]]},"properties":{"cell_id":"g_32_20","score":0.484,"twi":5.95,"hand":38.5,"dist_to_boundary":78,"curvature":-0.0016,"spring_kde":0.014}},{"type":"Feature","geometry":{"type":"Polygon","coordinates":[[[139.125,35.9725],[139.1275,35.9725],[139.1275,35.975],[139.125,35.975],[139.125,35.9725]]]},"properties":{"cell_id":"g_33_20","score":0.439,"twi":5.81,"hand":62.1,"dist_to_boundary":147,"curvature":-0.0003,"spring_kde":0.004}},{"type":"Feature","geometry":{"type":"Polygon","coordinates":[[[139.1275,35.9725],[139.13,35.9725],[139.13,35.975],[139.1275,35.975],[139.1275,35.9725]]]},"properties":{"cell_id":"g_34_20","score":0.421,"twi":5.88,"hand":69.5,"dist_to_boundary":176,"curvature":0.001,"spring_kde":0.001}},{"type":"Feature","geometry":{"type":"Polygon","coordinates":[[[139.13,35.9725],[139.1325,35.9725],[139.1325,35.975],[139.13,35.975],[139.13,35.9725]]]},"properties":{"cell_id":"g_35_20","score":0.452,"twi":5.79,"hand":56.3,"dist_to_boundary":1,"curvature":-0.0053,"spring_kde":0}},{"type":"Feature","geometry":{"type":"Polygon","coordinates":[[[139.1325,35.9725],[139.135,35.9725],[139.135,35.975],[139.1325,35.975],[139.1325,35.9725]]]},"properties":{"cell_id":"g_36_20","score":0.513,"twi":6.36,"hand":28.3,"dist_to_boundary":205,"curvature":0.0054,"spring_kde":0}},{"type":"Feature","geometry":{"type":"Polygon","coordinates":[[[139.135,35.9725],[139.1375,35.9725],[139.1375,35.975],[139.135,35.975],[139.135,35.9725]]]},"properties":{"cell_id":"g_37_20","score":0.37,"twi":5.9,"hand":83.1,"dist_to_boundary":396,"curvature":-0.0042,"spring_kde":0}},{"type":"Feature","geometry":{"type":"Polygon","coordinates":[[[139.1375,35.9725],[139.14,35.9725],[139.14,35.975],[139.1375,35.975],[139.1375,35.9725]]]},"properties":{"cell_id":"g_38_20","score":0.45,"twi":5.98,"hand":50.2,"dist_to_boundary":371,"curvature":0.0047,"spring_kde":0.002}},{"type":"Feature","geometry":{"type":"Polygon","coordinates":[[[139.14,35.9725],[139.1425,35.9725],[139.1425,35.975],[139.14,35.975],[139.14,35.9725]]]},"properties":{"cell_id":"g_39_20","score":0.354,"twi":5.9,"hand":83.2,"dist_to_boundary":469,"curvature":-0.0064,"spring_kde":0.006}},{"type":"Feature","geometry":{"type":"Polygon","coordinates":[[[139.1425,35.9725],[139.145,35.9725],[139.145,35.975],[139.1425,35.975],[139.1425,35.9725]]]},"properties":{"cell_id":"g_40_20","score":0.407,"twi":5.92,"hand":47.4,"dist_to_boundary":623,"curvature":-0.0035,"spring_kde":0.017}},{"type":"Feature","geometry":{"type":"Polygon","coordinates":[[[139.145,35.9725],[139.1475,35.9725],[139.1475,35.975],[139.145,35.975],[139.145,35.9725]]]},"properties":{"cell_id":"g_41_20","score":0.489,"twi":6.82,"hand":37.8,"dist_to_boundary":559,"curvature":0.0073,"spring_kde":0.038}},{"type":"Feature","geometry":{"type":"Polygon","coordinates":[[[139.1475,35.9725],[139.15,35.9725],[139.15,35.975],[139.1475,35.975],[139.1475,35.9725]]]},"properties":{"cell_id":"g_42_20","score":0.461,"twi":6.36,"hand":41.3,"dist_to_boundary":492,"curvature":-0.001,"spring_kde":0.069}},{"type":"Feature","geometry":{"type":"Polygon","coordinates":[[[139.15,35.9725],[139.1525,35.9725],[139.1525,35.975],[139.15,35.975],[139.15,35.9725]]]},"properties":{"cell_id":"g_43_20","score":0.487,"twi":6.56,"hand":32.3,"dist_to_boundary":442,"curvature":0.0059,"spring_kde":0.104}},{"type":"Feature","geometry":{"type":"Polygon","coordinates":[[[139.1525,35.9725],[139.155,35.9725],[139.155,35.975],[139.1525,35.975],[139.1525,35.9725]]]},"properties":{"cell_id":"g_44_20","score":0.496,"twi":6.66,"hand":43.9,"dist_to_boundary":393,"curvature":0.0032,"spring_kde":0.127}},{"type":"Feature","geometry":{"type":"Polygon","coordinates":[[[139.155,35.9725],[139.1575,35.9725],[139.1575,35.975],[139.155,35.975],[139.155,35.9725]]]},"properties":{"cell_id":"g_45_20","score":0.536,"twi":6.91,"hand":27.9,"dist_to_boundary":343,"curvature":0.0037,"spring_kde":0.127}},{"type":"Feature","geometry":{"type":"Polygon","coordinates":[[[139.0425,35.975],[139.045,35.975],[139.045,35.9775],[139.0425,35.9775],[139.0425,35.975]]]},"properties":{"cell_id":"g_0_21","score":0.537,"twi":7,"hand":29.2,"dist_to_boundary":124,"curvature":0.0005,"spring_kde":0}},{"type":"Feature","geometry":{"type":"Polygon","coordinates":[[[139.045,35.975],[139.0475,35.975],[139.0475,35.9775],[139.045,35.9775],[139.045,35.975]]]},"properties":{"cell_id":"g_1_21","score":0.512,"twi":6.7,"hand":35.2,"dist_to_boundary":77,"curvature":-0.0018,"spring_kde":0}},{"type":"Feature","geometry":{"type":"Polygon","coordinates":[[[139.0475,35.975],[139.05,35.975],[139.05,35.9775],[139.0475,35.9775],[139.0475,35.975]]]},"properties":{"cell_id":"g_2_21","score":0.561,"twi":7.13,"hand":24.5,"dist_to_boundary":35,"curvature":0.0002,"spring_kde":0}},{"type":"Feature","geometry":{"type":"Polygon","coordinates":[[[139.05,35.975],[139.0525,35.975],[139.0525,35.9775],[139.05,35.9775],[139.05,35.975]]]},"properties":{"cell_id":"g_3_21","score":0.546,"twi":6.76,"hand":23.2,"dist_to_boundary":35,"curvature":-0.0002,"spring_kde":0.001}},{"type":"Feature","geometry":{"type":"Polygon","coordinates":[[[139.0525,35.975],[139.055,35.975],[139.055,35.9775],[139.0525,35.9775],[139.0525,35.975]]]},"properties":{"cell_id":"g_4_21","score":0.636,"twi":8.43,"hand":9.8,"dist_to_boundary":162,"curvature":0.0003,"spring_kde":0.003}},{"type":"Feature","geometry":{"type":"Polygon","coordinates":[[[139.055,35.975],[139.0575,35.975],[139.0575,35.9775],[139.055,35.9775],[139.055,35.975]]]},"properties":{"cell_id":"g_5_21","score":0.64,"twi":7.86,"hand":12.4,"dist_to_boundary":4,"curvature":-0.0008,"spring_kde":0.007}},{"type":"Feature","geometry":{"type":"Polygon","coordinates":[[[139.0575,35.975],[139.06,35.975],[139.06,35.9775],[139.0575,35.9775],[139.0575,35.975]]]},"properties":{"cell_id":"g_6_21","score":0.608,"twi":7.67,"hand":13.1,"dist_to_boundary":56,"curvature":0.0006,"spring_kde":0.018}},{"type":"Feature","geometry":{"type":"Polygon","coordinates":[[[139.06,35.975],[139.0625,35.975],[139.0625,35.9775],[139.06,35.9775],[139.06,35.975]]]},"properties":{"cell_id":"g_7_21","score":0.644,"twi":8.22,"hand":9.9,"dist_to_boundary":61,"curvature":-0.0004,"spring_kde":0.038}},{"type":"Feature","geometry":{"type":"Polygon","coordinates":[[[139.0625,35.975],[139.065,35.975],[139.065,35.9775],[139.0625,35.9775],[139.0625,35.975]]]},"properties":{"cell_id":"g_8_21","score":0.655,"twi":8.1,"hand":4.1,"dist_to_boundary":8,"curvature":0.0011,"spring_kde":0.073}},{"type":"Feature","geometry":{"type":"Polygon","coordinates":[[[139.065,35.975],[139.0675,35.975],[139.0675,35.9775],[139.065,35.9775],[139.065,35.975]]]},"properties":{"cell_id":"g_9_21","score":0.595,"twi":7.5,"hand":25,"dist_to_boundary":11,"curvature":-0.0002,"spring_kde":0.131}},{"type":"Feature","geometry":{"type":"Polygon","coordinates":[[[139.0675,35.975],[139.07,35.975],[139.07,35.9775],[139.0675,35.9775],[139.0675,35.975]]]},"properties":{"cell_id":"g_10_21","score":0.653,"twi":9.2,"hand":43.5,"dist_to_boundary":147,"curvature":-0.0003,"spring_kde":0.214}},{"type":"Feature","geometry":{"type":"Polygon","coordinates":[[[139.07,35.975],[139.0725,35.975],[139.0725,35.9775],[139.07,35.9775],[139.07,35.975]]]},"properties":{"cell_id":"g_11_21","score":0.706,"twi":9.27,"hand":0.3,"dist_to_boundary":343,"curvature":0,"spring_kde":0.315}},{"type":"Feature","geometry":{"type":"Polygon","coordinates":[[[139.0725,35.975],[139.075,35.975],[139.075,35.9775],[139.0725,35.9775],[139.0725,35.975]]]},"properties":{"cell_id":"g_12_21","score":0.722,"twi":9.11,"hand":1,"dist_to_boundary":199,"curvature":0.0002,"spring_kde":0.405}},{"type":"Feature","geometry":{"type":"Polygon","coordinates":[[[139.075,35.975],[139.0775,35.975],[139.0775,35.9775],[139.075,35.9775],[139.075,35.975]]]},"properties":{"cell_id":"g_13_21","score":0.739,"twi":9.12,"hand":1.4,"dist_to_boundary":80,"curvature":-0.0001,"spring_kde":0.449}},{"type":"Feature","geometry":{"type":"Polygon","coordinates":[[[139.0775,35.975],[139.08,35.975],[139.08,35.9775],[139.0775,35.9775],[139.0775,35.975]]]},"properties":{"cell_id":"g_14_21","score":0.716,"twi":8.67,"hand":3.3,"dist_to_boundary":11,"curvature":0.0013,"spring_kde":0.431}},{"type":"Feature","geometry":{"type":"Polygon","coordinates":[[[139.08,35.975],[139.0825,35.975],[139.0825,35.9775],[139.08,35.9775],[139.08,35.975]]]},"properties":{"cell_id":"g_15_21","score":0.653,"twi":7.92,"hand":8.4,"dist_to_boundary":85,"curvature":0.0005,"spring_kde":0.368}},{"type":"Feature","geometry":{"type":"Polygon","coordinates":[[[139.0825,35.975],[139.085,35.975],[139.085,35.9775],[139.0825,35.9775],[139.0825,35.975]]]},"properties":{"cell_id":"g_16_21","score":0.573,"twi":7.14,"hand":20.6,"dist_to_boundary":179,"curvature":-0.0013,"spring_kde":0.289}},{"type":"Feature","geometry":{"type":"Polygon","coordinates":[[[139.085,35.975],[139.0875,35.975],[139.0875,35.9775],[139.085,35.9775],[139.085,35.975]]]},"properties":{"cell_id":"g_17_21","score":0.568,"twi":6.97,"hand":15.3,"dist_to_boundary":189,"curvature":0.0006,"spring_kde":0.213}},{"type":"Feature","geometry":{"type":"Polygon","coordinates":[[[139.0875,35.975],[139.09,35.975],[139.09,35.9775],[139.0875,35.9775],[139.0875,35.975]]]},"properties":{"cell_id":"g_18_21","score":0.592,"twi":7.27,"hand":15.1,"dist_to_boundary":27,"curvature":0.0004,"spring_kde":0.149}},{"type":"Feature","geometry":{"type":"Polygon","coordinates":[[[139.09,35.975],[139.0925,35.975],[139.0925,35.9775],[139.09,35.9775],[139.09,35.975]]]},"properties":{"cell_id":"g_19_21","score":0.592,"twi":7.37,"hand":12.2,"dist_to_boundary":196,"curvature":0.002,"spring_kde":0.103}},{"type":"Feature","geometry":{"type":"Polygon","coordinates":[[[139.0925,35.975],[139.095,35.975],[139.095,35.9775],[139.0925,35.9775],[139.0925,35.975]]]},"properties":{"cell_id":"g_20_21","score":0.489,"twi":6.18,"hand":23.7,"dist_to_boundary":418,"curvature":-0.001,"spring_kde":0.082}},{"type":"Feature","geometry":{"type":"Polygon","coordinates":[[[139.095,35.975],[139.0975,35.975],[139.0975,35.9775],[139.095,35.9775],[139.095,35.975]]]},"properties":{"cell_id":"g_21_21","score":0.529,"twi":6.71,"hand":15.6,"dist_to_boundary":393,"curvature":-0.0004,"spring_kde":0.091}},{"type":"Feature","geometry":{"type":"Polygon","coordinates":[[[139.0975,35.975],[139.1,35.975],[139.1,35.9775],[139.0975,35.9775],[139.0975,35.975]]]},"properties":{"cell_id":"g_22_21","score":0.584,"twi":7.12,"hand":10.6,"dist_to_boundary":225,"curvature":0.0023,"spring_kde":0.136}},{"type":"Feature","geometry":{"type":"Polygon","coordinates":[[[139.1,35.975],[139.1025,35.975],[139.1025,35.9775],[139.1,35.9775],[139.1,35.975]]]},"properties":{"cell_id":"g_23_21","score":0.617,"twi":7.78,"hand":13.1,"dist_to_boundary":219,"curvature":0.0016,"spring_kde":0.217}},{"type":"Feature","geometry":{"type":"Polygon","coordinates":[[[139.1025,35.975],[139.105,35.975],[139.105,35.9775],[139.1025,35.9775],[139.1025,35.975]]]},"properties":{"cell_id":"g_24_21","score":0.56,"twi":7.07,"hand":21.6,"dist_to_boundary":383,"curvature":-0.0005,"spring_kde":0.32}},{"type":"Feature","geometry":{"type":"Polygon","coordinates":[[[139.105,35.975],[139.1075,35.975],[139.1075,35.9775],[139.105,35.9775],[139.105,35.975]]]},"properties":{"cell_id":"g_25_21","score":0.622,"twi":7.82,"hand":20.7,"dist_to_boundary":280,"curvature":0.0012,"spring_kde":0.412}},{"type":"Feature","geometry":{"type":"Polygon","coordinates":[[[139.1075,35.975],[139.11,35.975],[139.11,35.9775],[139.1075,35.9775],[139.1075,35.975]]]},"properties":{"cell_id":"g_26_21","score":0.673,"twi":7.89,"hand":9,"dist_to_boundary":84,"curvature":0.0002,"spring_kde":0.448}},{"type":"Feature","geometry":{"type":"Polygon","coordinates":[[[139.11,35.975],[139.1125,35.975],[139.1125,35.9775],[139.11,35.9775],[139.11,35.975]]]},"properties":{"cell_id":"g_27_21","score":0.678,"twi":8.19,"hand":11,"dist_to_boundary":112,"curvature":0.0007,"spring_kde":0.405}},{"type":"Feature","geometry":{"type":"Polygon","coordinates":[[[139.1125,35.975],[139.115,35.975],[139.115,35.9775],[139.1125,35.9775],[139.1125,35.975]]]},"properties":{"cell_id":"g_28_21","score":0.598,"twi":7.12,"hand":19,"dist_to_boundary":56,"curvature":0.0001,"spring_kde":0.301}},{"type":"Feature","geometry":{"type":"Polygon","coordinates":[[[139.115,35.975],[139.1175,35.975],[139.1175,35.9775],[139.115,35.9775],[139.115,35.975]]]},"properties":{"cell_id":"g_29_21","score":0.53,"twi":6.62,"hand":39.1,"dist_to_boundary":106,"curvature":0.0034,"spring_kde":0.183}},{"type":"Feature","geometry":{"type":"Polygon","coordinates":[[[139.1175,35.975],[139.12,35.975],[139.12,35.9775],[139.1175,35.9775],[139.1175,35.975]]]},"properties":{"cell_id":"g_30_21","score":0.415,"twi":6.11,"hand":81.4,"dist_to_boundary":52,"curvature":-0.0056,"spring_kde":0.091}},{"type":"Feature","geometry":{"type":"Polygon","coordinates":[[[139.12,35.975],[139.1225,35.975],[139.1225,35.9775],[139.12,35.9775],[139.12,35.975]]]},"properties":{"cell_id":"g_31_21","score":0.489,"twi":6.18,"hand":36.3,"dist_to_boundary":95,"curvature":-0.0008,"spring_kde":0.037}},{"type":"Feature","geometry":{"type":"Polygon","coordinates":[[[139.1225,35.975],[139.125,35.975],[139.125,35.9775],[139.1225,35.9775],[139.1225,35.975]]]},"properties":{"cell_id":"g_32_21","score":0.557,"twi":6.93,"hand":27.1,"dist_to_boundary":47,"curvature":0.0067,"spring_kde":0.012}},{"type":"Feature","geometry":{"type":"Polygon","coordinates":[[[139.125,35.975],[139.1275,35.975],[139.1275,35.9775],[139.125,35.9775],[139.125,35.975]]]},"properties":{"cell_id":"g_33_21","score":0.4,"twi":5.85,"hand":86.9,"dist_to_boundary":20,"curvature":-0.0048,"spring_kde":0.003}},{"type":"Feature","geometry":{"type":"Polygon","coordinates":[[[139.1275,35.975],[139.13,35.975],[139.13,35.9775],[139.1275,35.9775],[139.1275,35.975]]]},"properties":{"cell_id":"g_34_21","score":0.554,"twi":6.88,"hand":24.5,"dist_to_boundary":87,"curvature":0.0044,"spring_kde":0.001}},{"type":"Feature","geometry":{"type":"Polygon","coordinates":[[[139.13,35.975],[139.1325,35.975],[139.1325,35.9775],[139.13,35.9775],[139.13,35.975]]]},"properties":{"cell_id":"g_35_21","score":0.543,"twi":6.58,"hand":22.6,"dist_to_boundary":116,"curvature":0.0023,"spring_kde":0}},{"type":"Feature","geometry":{"type":"Polygon","coordinates":[[[139.1325,35.975],[139.135,35.975],[139.135,35.9775],[139.1325,35.9775],[139.1325,35.975]]]},"properties":{"cell_id":"g_36_21","score":0.557,"twi":6.8,"hand":16.7,"dist_to_boundary":88,"curvature":0.0014,"spring_kde":0}},{"type":"Feature","geometry":{"type":"Polygon","coordinates":[[[139.135,35.975],[139.1375,35.975],[139.1375,35.9775],[139.135,35.9775],[139.135,35.975]]]},"properties":{"cell_id":"g_37_21","score":0.517,"twi":6.95,"hand":33.3,"dist_to_boundary":295,"curvature":0.0017,"spring_kde":0}},{"type":"Feature","geometry":{"type":"Polygon","coordinates":[[[139.1375,35.975],[139.14,35.975],[139.14,35.9775],[139.1375,35.9775],[139.1375,35.975]]]},"properties":{"cell_id":"g_38_21","score":0.49,"twi":6.84,"hand":32.9,"dist_to_boundary":500,"curvature":0.0021,"spring_kde":0.001}},{"type":"Feature","geometry":{"type":"Polygon","coordinates":[[[139.14,35.975],[139.1425,35.975],[139.1425,35.9775],[139.14,35.9775],[139.14,35.975]]]},"properties":{"cell_id":"g_39_21","score":0.482,"twi":6.43,"hand":31,"dist_to_boundary":446,"curvature":0.003,"spring_kde":0.002}},{"type":"Feature","geometry":{"type":"Polygon","coordinates":[[[139.1425,35.975],[139.145,35.975],[139.145,35.9775],[139.1425,35.9775],[139.1425,35.975]]]},"properties":{"cell_id":"g_40_21","score":0.5,"twi":6.51,"hand":25.9,"dist_to_boundary":366,"curvature":0.0007,"spring_kde":0.006}},{"type":"Feature","geometry":{"type":"Polygon","coordinates":[[[139.145,35.975],[139.1475,35.975],[139.1475,35.9775],[139.145,35.9775],[139.145,35.975]]]},"properties":{"cell_id":"g_41_21","score":0.523,"twi":6.68,"hand":23.7,"dist_to_boundary":299,"curvature":0.001,"spring_kde":0.013}},{"type":"Feature","geometry":{"type":"Polygon","coordinates":[[[139.1475,35.975],[139.15,35.975],[139.15,35.9775],[139.1475,35.9775],[139.1475,35.975]]]},"properties":{"cell_id":"g_42_21","score":0.501,"twi":6.41,"hand":30.9,"dist_to_boundary":223,"curvature":0.0016,"spring_kde":0.024}},{"type":"Feature","geometry":{"type":"Polygon","coordinates":[[[139.15,35.975],[139.1525,35.975],[139.1525,35.9775],[139.15,35.9775],[139.15,35.975]]]},"properties":{"cell_id":"g_43_21","score":0.518,"twi":6.76,"hand":36.4,"dist_to_boundary":172,"curvature":0.0041,"spring_kde":0.036}},{"type":"Feature","geometry":{"type":"Polygon","coordinates":[[[139.1525,35.975],[139.155,35.975],[139.155,35.9775],[139.1525,35.9775],[139.1525,35.975]]]},"properties":{"cell_id":"g_44_21","score":0.487,"twi":6.41,"hand":44,"dist_to_boundary":123,"curvature":-0.0005,"spring_kde":0.044}},{"type":"Feature","geometry":{"type":"Polygon","coordinates":[[[139.155,35.975],[139.1575,35.975],[139.1575,35.9775],[139.155,35.9775],[139.155,35.975]]]},"properties":{"cell_id":"g_45_21","score":0.366,"twi":6.02,"hand":112.5,"dist_to_boundary":73,"curvature":-0.0066,"spring_kde":0.044}},{"type":"Feature","geometry":{"type":"Polygon","coordinates":[[[139.0425,35.9775],[139.045,35.9775],[139.045,35.98],[139.0425,35.98],[139.0425,35.9775]]]},"properties":{"cell_id":"g_0_22","score":0.551,"twi":7.5,"hand":34.9,"dist_to_boundary":172,"curvature":-0.0001,"spring_kde":0}},{"type":"Feature","geometry":{"type":"Polygon","coordinates":[[[139.045,35.9775],[139.0475,35.9775],[139.0475,35.98],[139.045,35.98],[139.045,35.9775]]]},"properties":{"cell_id":"g_1_22","score":0.514,"twi":6.36,"hand":33.4,"dist_to_boundary":98,"curvature":0.001,"spring_kde":0}},{"type":"Feature","geometry":{"type":"Polygon","coordinates":[[[139.0475,35.9775],[139.05,35.9775],[139.05,35.98],[139.0475,35.98],[139.0475,35.9775]]]},"properties":{"cell_id":"g_2_22","score":0.492,"twi":6.32,"hand":47.7,"dist_to_boundary":44,"curvature":-0.0026,"spring_kde":0}},{"type":"Feature","geometry":{"type":"Polygon","coordinates":[[[139.05,35.9775],[139.0525,35.9775],[139.0525,35.98],[139.05,35.98],[139.05,35.9775]]]},"properties":{"cell_id":"g_3_22","score":0.508,"twi":6.38,"hand":34.6,"dist_to_boundary":141,"curvature":-0.0008,"spring_kde":0}},{"type":"Feature","geometry":{"type":"Polygon","coordinates":[[[139.0525,35.9775],[139.055,35.9775],[139.055,35.98],[139.0525,35.98],[139.0525,35.9775]]]},"properties":{"cell_id":"g_4_22","score":0.571,"twi":6.78,"hand":16.4,"dist_to_boundary":42,"curvature":-0.0014,"spring_kde":0.001}},{"type":"Feature","geometry":{"type":"Polygon","coordinates":[[[139.055,35.9775],[139.0575,35.9775],[139.0575,35.98],[139.055,35.98],[139.055,35.9775]]]},"properties":{"cell_id":"g_5_22","score":0.639,"twi":7.64,"hand":10.5,"dist_to_boundary":2,"curvature":0.0039,"spring_kde":0.002}},{"type":"Feature","geometry":{"type":"Polygon","coordinates":[[[139.0575,35.9775],[139.06,35.9775],[139.06,35.98],[139.0575,35.98],[139.0575,35.9775]]]},"properties":{"cell_id":"g_6_22","score":0.667,"twi":8.37,"hand":1.5,"dist_to_boundary":0,"curvature":0.0004,"spring_kde":0.006}},{"type":"Feature","geometry":{"type":"Polygon","coordinates":[[[139.06,35.9775],[139.0625,35.9775],[139.0625,35.98],[139.06,35.98],[139.06,35.9775]]]},"properties":{"cell_id":"g_7_22","score":0.651,"twi":8.24,"hand":6,"dist_to_boundary":49,"curvature":0.0009,"spring_kde":0.014}},{"type":"Feature","geometry":{"type":"Polygon","coordinates":[[[139.0625,35.9775],[139.065,35.9775],[139.065,35.98],[139.0625,35.98],[139.0625,35.9775]]]},"properties":{"cell_id":"g_8_22","score":0.669,"twi":8.57,"hand":4.4,"dist_to_boundary":37,"curvature":0.0006,"spring_kde":0.03}},{"type":"Feature","geometry":{"type":"Polygon","coordinates":[[[139.065,35.9775],[139.0675,35.9775],[139.0675,35.98],[139.065,35.98],[139.065,35.9775]]]},"properties":{"cell_id":"g_9_22","score":0.635,"twi":7.96,"hand":16,"dist_to_boundary":17,"curvature":0.0004,"spring_kde":0.062}},{"type":"Feature","geometry":{"type":"Polygon","coordinates":[[[139.0675,35.9775],[139.07,35.9775],[139.07,35.98],[139.0675,35.98],[139.0675,35.9775]]]},"properties":{"cell_id":"g_10_22","score":0.64,"twi":9.17,"hand":41.9,"dist_to_boundary":177,"curvature":0.0003,"spring_kde":0.114}},{"type":"Feature","geometry":{"type":"Polygon","coordinates":[[[139.07,35.9775],[139.0725,35.9775],[139.0725,35.98],[139.07,35.98],[139.07,35.9775]]]},"properties":{"cell_id":"g_11_22","score":0.664,"twi":8.98,"hand":5.1,"dist_to_boundary":397,"curvature":-0.0002,"spring_kde":0.182}},{"type":"Feature","geometry":{"type":"Polygon","coordinates":[[[139.0725,35.9775],[139.075,35.9775],[139.075,35.98],[139.0725,35.98],[139.0725,35.9775]]]},"properties":{"cell_id":"g_12_22","score":0.694,"twi":9.33,"hand":0.5,"dist_to_boundary":434,"curvature":0,"spring_kde":0.256}},{"type":"Feature","geometry":{"type":"Polygon","coordinates":[[[139.075,35.9775],[139.0775,35.9775],[139.0775,35.98],[139.075,35.98],[139.075,35.9775]]]},"properties":{"cell_id":"g_13_22","score":0.7,"twi":9.15,"hand":2.4,"dist_to_boundary":302,"curvature":-0.0001,"spring_kde":0.317}},{"type":"Feature","geometry":{"type":"Polygon","coordinates":[[[139.0775,35.9775],[139.08,35.9775],[139.08,35.98],[139.0775,35.98],[139.0775,35.9775]]]},"properties":{"cell_id":"g_14_22","score":0.72,"twi":9.15,"hand":2.1,"dist_to_boundary":167,"curvature":-0.0001,"spring_kde":0.357}},{"type":"Feature","geometry":{"type":"Polygon","coordinates":[[[139.08,35.9775],[139.0825,35.9775],[139.0825,35.98],[139.08,35.98],[139.08,35.9775]]]},"properties":{"cell_id":"g_15_22","score":0.7,"twi":8.5,"hand":5.4,"dist_to_boundary":3,"curvature":0.0005,"spring_kde":0.376}},{"type":"Feature","geometry":{"type":"Polygon","coordinates":[[[139.0825,35.9775],[139.085,35.9775],[139.085,35.98],[139.0825,35.98],[139.0825,35.9775]]]},"properties":{"cell_id":"g_16_22","score":0.574,"twi":6.81,"hand":24.2,"dist_to_boundary":84,"curvature":-0.0008,"spring_kde":0.37}},{"type":"Feature","geometry":{"type":"Polygon","coordinates":[[[139.085,35.9775],[139.0875,35.9775],[139.0875,35.98],[139.085,35.98],[139.085,35.9775]]]},"properties":{"cell_id":"g_17_22","score":0.627,"twi":7.59,"hand":12.8,"dist_to_boundary":44,"curvature":-0.0007,"spring_kde":0.334}},{"type":"Feature","geometry":{"type":"Polygon","coordinates":[[[139.0875,35.9775],[139.09,35.9775],[139.09,35.98],[139.0875,35.98],[139.0875,35.9775]]]},"properties":{"cell_id":"g_18_22","score":0.605,"twi":7.26,"hand":11.8,"dist_to_boundary":74,"curvature":-0.0002,"spring_kde":0.274}},{"type":"Feature","geometry":{"type":"Polygon","coordinates":[[[139.09,35.9775],[139.0925,35.9775],[139.0925,35.98],[139.09,35.98],[139.09,35.9775]]]},"properties":{"cell_id":"g_19_22","score":0.623,"twi":7.62,"hand":7.6,"dist_to_boundary":141,"curvature":0.0005,"spring_kde":0.214}},{"type":"Feature","geometry":{"type":"Polygon","coordinates":[[[139.0925,35.9775],[139.095,35.9775],[139.095,35.98],[139.0925,35.98],[139.0925,35.9775]]]},"properties":{"cell_id":"g_20_22","score":0.507,"twi":6.15,"hand":21.9,"dist_to_boundary":343,"curvature":-0.0014,"spring_kde":0.184}},{"type":"Feature","geometry":{"type":"Polygon","coordinates":[[[139.095,35.9775],[139.0975,35.9775],[139.0975,35.98],[139.095,35.98],[139.095,35.9775]]]},"properties":{"cell_id":"g_21_22","score":0.541,"twi":7.02,"hand":10.3,"dist_to_boundary":545,"curvature":0.0004,"spring_kde":0.192}},{"type":"Feature","geometry":{"type":"Polygon","coordinates":[[[139.0975,35.9775],[139.1,35.9775],[139.1,35.98],[139.0975,35.98],[139.0975,35.9775]]]},"properties":{"cell_id":"g_22_22","score":0.61,"twi":8.09,"hand":8.5,"dist_to_boundary":482,"curvature":-0.0005,"spring_kde":0.228}},{"type":"Feature","geometry":{"type":"Polygon","coordinates":[[[139.1,35.9775],[139.1025,35.9775],[139.1025,35.98],[139.1,35.98],[139.1,35.9775]]]},"properties":{"cell_id":"g_23_22","score":0.613,"twi":7.85,"hand":5,"dist_to_boundary":479,"curvature":0.0006,"spring_kde":0.273}},{"type":"Feature","geometry":{"type":"Polygon","coordinates":[[[139.1025,35.9775],[139.105,35.9775],[139.105,35.98],[139.1025,35.98],[139.1025,35.9775]]]},"properties":{"cell_id":"g_24_22","score":0.636,"twi":8.36,"hand":8.3,"dist_to_boundary":494,"curvature":-0.0008,"spring_kde":0.314}},{"type":"Feature","geometry":{"type":"Polygon","coordinates":[[[139.105,35.9775],[139.1075,35.9775],[139.1075,35.98],[139.105,35.98],[139.105,35.9775]]]},"properties":{"cell_id":"g_25_22","score":0.619,"twi":8.17,"hand":22,"dist_to_boundary":378,"curvature":-0.0014,"spring_kde":0.338}},{"type":"Feature","geometry":{"type":"Polygon","coordinates":[[[139.1075,35.9775],[139.11,35.9775],[139.11,35.98],[139.1075,35.98],[139.1075,35.9775]]]},"properties":{"cell_id":"g_26_22","score":0.637,"twi":8.02,"hand":15.5,"dist_to_boundary":225,"curvature":-0.0001,"spring_kde":0.328}},{"type":"Feature","geometry":{"type":"Polygon","coordinates":[[[139.11,35.9775],[139.1125,35.9775],[139.1125,35.98],[139.11,35.98],[139.11,35.9775]]]},"properties":{"cell_id":"g_27_22","score":0.656,"twi":7.79,"hand":9.5,"dist_to_boundary":70,"curvature":0.0012,"spring_kde":0.279}},{"type":"Feature","geometry":{"type":"Polygon","coordinates":[[[139.1125,35.9775],[139.115,35.9775],[139.115,35.98],[139.1125,35.98],[139.1125,35.9775]]]},"properties":{"cell_id":"g_28_22","score":0.587,"twi":6.86,"hand":18.3,"dist_to_boundary":33,"curvature":0.0012,"spring_kde":0.2}},{"type":"Feature","geometry":{"type":"Polygon","coordinates":[[[139.115,35.9775],[139.1175,35.9775],[139.1175,35.98],[139.115,35.98],[139.115,35.9775]]]},"properties":{"cell_id":"g_29_22","score":0.486,"twi":5.97,"hand":37.5,"dist_to_boundary":192,"curvature":-0.0014,"spring_kde":0.12}},{"type":"Feature","geometry":{"type":"Polygon","coordinates":[[[139.1175,35.9775],[139.12,35.9775],[139.12,35.98],[139.1175,35.98],[139.1175,35.9775]]]},"properties":{"cell_id":"g_30_22","score":0.473,"twi":6.09,"hand":43.5,"dist_to_boundary":150,"curvature":0.0021,"spring_kde":0.059}},{"type":"Feature","geometry":{"type":"Polygon","coordinates":[[[139.12,35.9775],[139.1225,35.9775],[139.1225,35.98],[139.12,35.98],[139.12,35.9775]]]},"properties":{"cell_id":"g_31_22","score":0.376,"twi":6.21,"hand":107.5,"dist_to_boundary":174,"curvature":-0.0015,"spring_kde":0.024}},{"type":"Feature","geometry":{"type":"Polygon","coordinates":[[[139.1225,35.9775],[139.125,35.9775],[139.125,35.98],[139.1225,35.98],[139.1225,35.9775]]]},"properties":{"cell_id":"g_32_22","score":0.498,"twi":6.6,"hand":36.8,"dist_to_boundary":223,"curvature":0.0031,"spring_kde":0.008}},{"type":"Feature","geometry":{"type":"Polygon","coordinates":[[[139.125,35.9775],[139.1275,35.9775],[139.1275,35.98],[139.125,35.98],[139.125,35.9775]]]},"properties":{"cell_id":"g_33_22","score":0.502,"twi":6.29,"hand":27.7,"dist_to_boundary":241,"curvature":0.003,"spring_kde":0.002}},{"type":"Feature","geometry":{"type":"Polygon","coordinates":[[[139.1275,35.9775],[139.13,35.9775],[139.13,35.98],[139.1275,35.98],[139.1275,35.9775]]]},"properties":{"cell_id":"g_34_22","score":0.482,"twi":6.27,"hand":37.7,"dist_to_boundary":148,"curvature":-0.002,"spring_kde":0}},{"type":"Feature","geometry":{"type":"Polygon","coordinates":[[[139.13,35.9775],[139.1325,35.9775],[139.1325,35.98],[139.13,35.98],[139.13,35.9775]]]},"properties":{"cell_id":"g_35_22","score":0.522,"twi":6.52,"hand":30.5,"dist_to_boundary":93,"curvature":0.0001,"spring_kde":0}},{"type":"Feature","geometry":{"type":"Polygon","coordinates":[[[139.1325,35.9775],[139.135,35.9775],[139.135,35.98],[139.1325,35.98],[139.1325,35.9775]]]},"properties":{"cell_id":"g_36_22","score":0.579,"twi":7.28,"hand":20.7,"dist_to_boundary":24,"curvature":0.0025,"spring_kde":0}},{"type":"Feature","geometry":{"type":"Polygon","coordinates":[[[139.135,35.9775],[139.1375,35.9775],[139.1375,35.98],[139.135,35.98],[139.135,35.9775]]]},"properties":{"cell_id":"g_37_22","score":0.571,"twi":7.11,"hand":14.7,"dist_to_boundary":182,"curvature":0.0011,"spring_kde":0}},{"type":"Feature","geometry":{"type":"Polygon","coordinates":[[[139.1375,35.9775],[139.14,35.9775],[139.14,35.98],[139.1375,35.98],[139.1375,35.9775]]]},"properties":{"cell_id":"g_38_22","score":0.52,"twi":6.64,"hand":18.5,"dist_to_boundary":288,"curvature":0.0018,"spring_kde":0}},{"type":"Feature","geometry":{"type":"Polygon","coordinates":[[[139.14,35.9775],[139.1425,35.9775],[139.1425,35.98],[139.14,35.98],[139.14,35.9775]]]},"properties":{"cell_id":"g_39_22","score":0.502,"twi":6.5,"hand":32.9,"dist_to_boundary":195,"curvature":0.0009,"spring_kde":0.001}},{"type":"Feature","geometry":{"type":"Polygon","coordinates":[[[139.1425,35.9775],[139.145,35.9775],[139.145,35.98],[139.1425,35.98],[139.1425,35.9775]]]},"properties":{"cell_id":"g_40_22","score":0.452,"twi":6.41,"hand":62.3,"dist_to_boundary":102,"curvature":-0.0021,"spring_kde":0.001}},{"type":"Feature","geometry":{"type":"Polygon","coordinates":[[[139.145,35.9775],[139.1475,35.9775],[139.1475,35.98],[139.145,35.98],[139.145,35.9775]]]},"properties":{"cell_id":"g_41_22","score":0.451,"twi":6.32,"hand":66.8,"dist_to_boundary":39,"curvature":0.0016,"spring_kde":0.003}},{"type":"Feature","geometry":{"type":"Polygon","coordinates":[[[139.1475,35.9775],[139.15,35.9775],[139.15,35.98],[139.1475,35.98],[139.1475,35.9775]]]},"properties":{"cell_id":"g_42_22","score":0.506,"twi":6.1,"hand":37.8,"dist_to_boundary":37,"curvature":0.0006,"spring_kde":0.006}},{"type":"Feature","geometry":{"type":"Polygon","coordinates":[[[139.15,35.9775],[139.1525,35.9775],[139.1525,35.98],[139.15,35.98],[139.15,35.9775]]]},"properties":{"cell_id":"g_43_22","score":0.471,"twi":6.18,"hand":51,"dist_to_boundary":97,"curvature":-0.0022,"spring_kde":0.009}},{"type":"Feature","geometry":{"type":"Polygon","coordinates":[[[139.1525,35.9775],[139.155,35.9775],[139.155,35.98],[139.1525,35.98],[139.1525,35.9775]]]},"properties":{"cell_id":"g_44_22","score":0.475,"twi":6.31,"hand":46.4,"dist_to_boundary":147,"curvature":0.001,"spring_kde":0.011}},{"type":"Feature","geometry":{"type":"Polygon","coordinates":[[[139.155,35.9775],[139.1575,35.9775],[139.1575,35.98],[139.155,35.98],[139.155,35.9775]]]},"properties":{"cell_id":"g_45_22","score":0.388,"twi":6.09,"hand":86.1,"dist_to_boundary":196,"curvature":-0.0027,"spring_kde":0.011}},{"type":"Feature","geometry":{"type":"Polygon","coordinates":[[[139.0425,35.98],[139.045,35.98],[139.045,35.9825],[139.0425,35.9825],[139.0425,35.98]]]},"properties":{"cell_id":"g_0_23","score":0.624,"twi":8.9,"hand":31.6,"dist_to_boundary":221,"curvature":-0.0014,"spring_kde":0}},{"type":"Feature","geometry":{"type":"Polygon","coordinates":[[[139.045,35.98],[139.0475,35.98],[139.0475,35.9825],[139.045,35.9825],[139.045,35.98]]]},"properties":{"cell_id":"g_1_23","score":0.537,"twi":6.78,"hand":29.8,"dist_to_boundary":23,"curvature":-0.0004,"spring_kde":0}},{"type":"Feature","geometry":{"type":"Polygon","coordinates":[[[139.0475,35.98],[139.05,35.98],[139.05,35.9825],[139.0475,35.9825],[139.0475,35.98]]]},"properties":{"cell_id":"g_2_23","score":0.556,"twi":6.89,"hand":18.5,"dist_to_boundary":174,"curvature":0.002,"spring_kde":0}},{"type":"Feature","geometry":{"type":"Polygon","coordinates":[[[139.05,35.98],[139.0525,35.98],[139.0525,35.9825],[139.05,35.9825],[139.05,35.98]]]},"properties":{"cell_id":"g_3_23","score":0.539,"twi":7.07,"hand":21.5,"dist_to_boundary":289,"curvature":0.0016,"spring_kde":0}},{"type":"Feature","geometry":{"type":"Polygon","coordinates":[[[139.0525,35.98],[139.055,35.98],[139.055,35.9825],[139.0525,35.9825],[139.0525,35.98]]]},"properties":{"cell_id":"g_4_23","score":0.514,"twi":6.46,"hand":38.3,"dist_to_boundary":64,"curvature":-0.0046,"spring_kde":0}},{"type":"Feature","geometry":{"type":"Polygon","coordinates":[[[139.055,35.98],[139.0575,35.98],[139.0575,35.9825],[139.055,35.9825],[139.055,35.98]]]},"properties":{"cell_id":"g_5_23","score":0.644,"twi":8.02,"hand":6.3,"dist_to_boundary":33,"curvature":0.0047,"spring_kde":0}},{"type":"Feature","geometry":{"type":"Polygon","coordinates":[[[139.0575,35.98],[139.06,35.98],[139.06,35.9825],[139.0575,35.9825],[139.0575,35.98]]]},"properties":{"cell_id":"g_6_23","score":0.635,"twi":7.87,"hand":9,"dist_to_boundary":16,"curvature":0.0025,"spring_kde":0.002}},{"type":"Feature","geometry":{"type":"Polygon","coordinates":[[[139.06,35.98],[139.0625,35.98],[139.0625,35.9825],[139.06,35.9825],[139.06,35.98]]]},"properties":{"cell_id":"g_7_23","score":0.564,"twi":7.48,"hand":38.5,"dist_to_boundary":48,"curvature":-0.0024,"spring_kde":0.004}},{"type":"Feature","geometry":{"type":"Polygon","coordinates":[[[139.0625,35.98],[139.065,35.98],[139.065,35.9825],[139.0625,35.9825],[139.0625,35.98]]]},"properties":{"cell_id":"g_8_23","score":0.581,"twi":8.05,"hand":47.8,"dist_to_boundary":29,"curvature":-0.0003,"spring_kde":0.011}},{"type":"Feature","geometry":{"type":"Polygon","coordinates":[[[139.065,35.98],[139.0675,35.98],[139.0675,35.9825],[139.065,35.9825],[139.065,35.98]]]},"properties":{"cell_id":"g_9_23","score":0.632,"twi":9.02,"hand":41.9,"dist_to_boundary":77,"curvature":-0.0007,"spring_kde":0.025}},{"type":"Feature","geometry":{"type":"Polygon","coordinates":[[[139.0675,35.98],[139.07,35.98],[139.07,35.9825],[139.0675,35.9825],[139.0675,35.98]]]},"properties":{"cell_id":"g_10_23","score":0.617,"twi":9.04,"hand":41.9,"dist_to_boundary":248,"curvature":0,"spring_kde":0.051}},{"type":"Feature","geometry":{"type":"Polygon","coordinates":[[[139.07,35.98],[139.0725,35.98],[139.0725,35.9825],[139.07,35.9825],[139.07,35.98]]]},"properties":{"cell_id":"g_11_23","score":0.66,"twi":9.11,"hand":3,"dist_to_boundary":458,"curvature":0,"spring_kde":0.092}},{"type":"Feature","geometry":{"type":"Polygon","coordinates":[[[139.0725,35.98],[139.075,35.98],[139.075,35.9825],[139.0725,35.9825],[139.0725,35.98]]]},"properties":{"cell_id":"g_12_23","score":0.645,"twi":9.03,"hand":0.5,"dist_to_boundary":658,"curvature":-0.0002,"spring_kde":0.15}},{"type":"Feature","geometry":{"type":"Polygon","coordinates":[[[139.075,35.98],[139.0775,35.98],[139.0775,35.9825],[139.075,35.9825],[139.075,35.98]]]},"properties":{"cell_id":"g_13_23","score":0.685,"twi":9.46,"hand":3.4,"dist_to_boundary":520,"curvature":0,"spring_kde":0.226}},{"type":"Feature","geometry":{"type":"Polygon","coordinates":[[[139.0775,35.98],[139.08,35.98],[139.08,35.9825],[139.0775,35.9825],[139.0775,35.98]]]},"properties":{"cell_id":"g_14_23","score":0.695,"twi":9.04,"hand":3.3,"dist_to_boundary":314,"curvature":0,"spring_kde":0.318}},{"type":"Feature","geometry":{"type":"Polygon","coordinates":[[[139.08,35.98],[139.0825,35.98],[139.0825,35.9825],[139.08,35.9825],[139.08,35.98]]]},"properties":{"cell_id":"g_15_23","score":0.746,"twi":9.39,"hand":2.1,"dist_to_boundary":107,"curvature":0,"spring_kde":0.411}},{"type":"Feature","geometry":{"type":"Polygon","coordinates":[[[139.0825,35.98],[139.085,35.98],[139.085,35.9825],[139.0825,35.9825],[139.0825,35.98]]]},"properties":{"cell_id":"g_16_23","score":0.684,"twi":8.2,"hand":10,"dist_to_boundary":2,"curvature":-0.0006,"spring_kde":0.472}},{"type":"Feature","geometry":{"type":"Polygon","coordinates":[[[139.085,35.98],[139.0875,35.98],[139.0875,35.9825],[139.085,35.9825],[139.085,35.98]]]},"properties":{"cell_id":"g_17_23","score":0.635,"twi":7.52,"hand":11.7,"dist_to_boundary":104,"curvature":-0.0009,"spring_kde":0.472}},{"type":"Feature","geometry":{"type":"Polygon","coordinates":[[[139.0875,35.98],[139.09,35.98],[139.09,35.9825],[139.0875,35.9825],[139.0875,35.98]]]},"properties":{"cell_id":"g_18_23","score":0.635,"twi":7.7,"hand":8.4,"dist_to_boundary":124,"curvature":-0.0003,"spring_kde":0.42}},{"type":"Feature","geometry":{"type":"Polygon","coordinates":[[[139.09,35.98],[139.0925,35.98],[139.0925,35.9825],[139.09,35.9825],[139.09,35.98]]]},"properties":{"cell_id":"g_19_23","score":0.647,"twi":7.86,"hand":13.1,"dist_to_boundary":17,"curvature":0.0004,"spring_kde":0.365}},{"type":"Feature","geometry":{"type":"Polygon","coordinates":[[[139.0925,35.98],[139.095,35.98],[139.095,35.9825],[139.0925,35.9825],[139.0925,35.98]]]},"properties":{"cell_id":"g_20_23","score":0.615,"twi":7.3,"hand":11.6,"dist_to_boundary":207,"curvature":0.0006,"spring_kde":0.353}},{"type":"Feature","geometry":{"type":"Polygon","coordinates":[[[139.095,35.98],[139.0975,35.98],[139.0975,35.9825],[139.095,35.9825],[139.095,35.98]]]},"properties":{"cell_id":"g_21_23","score":0.543,"twi":6.31,"hand":14.1,"dist_to_boundary":401,"curvature":-0.0006,"spring_kde":0.392}},{"type":"Feature","geometry":{"type":"Polygon","coordinates":[[[139.0975,35.98],[139.1,35.98],[139.1,35.9825],[139.0975,35.9825],[139.0975,35.98]]]},"properties":{"cell_id":"g_22_23","score":0.587,"twi":7.38,"hand":8.6,"dist_to_boundary":534,"curvature":0.0012,"spring_kde":0.441}},{"type":"Feature","geometry":{"type":"Polygon","coordinates":[[[139.1,35.98],[139.1025,35.98],[139.1025,35.9825],[139.1,35.9825],[139.1,35.98]]]},"properties":{"cell_id":"g_23_23","score":0.634,"twi":8.15,"hand":9,"dist_to_boundary":543,"curvature":0,"spring_kde":0.453}},{"type":"Feature","geometry":{"type":"Polygon","coordinates":[[[139.1025,35.98],[139.105,35.98],[139.105,35.9825],[139.1025,35.9825],[139.1025,35.98]]]},"properties":{"cell_id":"g_24_23","score":0.671,"twi":9.15,"hand":31.8,"dist_to_boundary":330,"curvature":-0.0019,"spring_kde":0.412}},{"type":"Feature","geometry":{"type":"Polygon","coordinates":[[[139.105,35.98],[139.1075,35.98],[139.1075,35.9825],[139.105,35.9825],[139.105,35.98]]]},"properties":{"cell_id":"g_25_23","score":0.592,"twi":7.28,"hand":30.2,"dist_to_boundary":141,"curvature":0.0012,"spring_kde":0.335}},{"type":"Feature","geometry":{"type":"Polygon","coordinates":[[[139.1075,35.98],[139.11,35.98],[139.11,35.9825],[139.1075,35.9825],[139.1075,35.98]]]},"properties":{"cell_id":"g_26_23","score":0.675,"twi":8.22,"hand":6.4,"dist_to_boundary":51,"curvature":0.0019,"spring_kde":0.252}},{"type":"Feature","geometry":{"type":"Polygon","coordinates":[[[139.11,35.98],[139.1125,35.98],[139.1125,35.9825],[139.11,35.9825],[139.11,35.98]]]},"properties":{"cell_id":"g_27_23","score":0.648,"twi":8.17,"hand":12.2,"dist_to_boundary":123,"curvature":-0.0007,"spring_kde":0.175}},{"type":"Feature","geometry":{"type":"Polygon","coordinates":[[[139.1125,35.98],[139.115,35.98],[139.115,35.9825],[139.1125,35.9825],[139.1125,35.98]]]},"properties":{"cell_id":"g_28_23","score":0.659,"twi":8.28,"hand":7.1,"dist_to_boundary":12,"curvature":0.002,"spring_kde":0.111}},{"type":"Feature","geometry":{"type":"Polygon","coordinates":[[[139.115,35.98],[139.1175,35.98],[139.1175,35.9825],[139.115,35.9825],[139.115,35.98]]]},"properties":{"cell_id":"g_29_23","score":0.516,"twi":6.02,"hand":28.7,"dist_to_boundary":13,"curvature":-0.0007,"spring_kde":0.062}},{"type":"Feature","geometry":{"type":"Polygon","coordinates":[[[139.1175,35.98],[139.12,35.98],[139.12,35.9825],[139.1175,35.9825],[139.1175,35.98]]]},"properties":{"cell_id":"g_30_23","score":0.493,"twi":5.91,"hand":37.1,"dist_to_boundary":6,"curvature":0.0004,"spring_kde":0.029}},{"type":"Feature","geometry":{"type":"Polygon","coordinates":[[[139.12,35.98],[139.1225,35.98],[139.1225,35.9825],[139.12,35.9825],[139.12,35.98]]]},"properties":{"cell_id":"g_31_23","score":0.418,"twi":5.79,"hand":77.6,"dist_to_boundary":28,"curvature":-0.0043,"spring_kde":0.012}},{"type":"Feature","geometry":{"type":"Polygon","coordinates":[[[139.1225,35.98],[139.125,35.98],[139.125,35.9825],[139.1225,35.9825],[139.1225,35.98]]]},"properties":{"cell_id":"g_32_23","score":0.425,"twi":6.11,"hand":73.5,"dist_to_boundary":51,"curvature":-0.0009,"spring_kde":0.004}},{"type":"Feature","geometry":{"type":"Polygon","coordinates":[[[139.125,35.98],[139.1275,35.98],[139.1275,35.9825],[139.125,35.9825],[139.125,35.98]]]},"properties":{"cell_id":"g_33_23","score":0.492,"twi":6.32,"hand":43.2,"dist_to_boundary":5,"curvature":-0.0015,"spring_kde":0.001}},{"type":"Feature","geometry":{"type":"Polygon","coordinates":[[[139.1275,35.98],[139.13,35.98],[139.13,35.9825],[139.1275,35.9825],[139.1275,35.98]]]},"properties":{"cell_id":"g_34_23","score":0.542,"twi":6.93,"hand":28.1,"dist_to_boundary":112,"curvature":0.0035,"spring_kde":0}},{"type":"Feature","geometry":{"type":"Polygon","coordinates":[[[139.13,35.98],[139.1325,35.98],[139.1325,35.9825],[139.13,35.9825],[139.13,35.98]]]},"properties":{"cell_id":"g_35_23","score":0.506,"twi":6.61,"hand":32.8,"dist_to_boundary":178,"curvature":-0.0007,"spring_kde":0}},{"type":"Feature","geometry":{"type":"Polygon","coordinates":[[[139.1325,35.98],[139.135,35.98],[139.135,35.9825],[139.1325,35.9825],[139.1325,35.98]]]},"properties":{"cell_id":"g_36_23","score":0.511,"twi":6.87,"hand":39,"dist_to_boundary":132,"curvature":-0.0029,"spring_kde":0}},{"type":"Feature","geometry":{"type":"Polygon","coordinates":[[[139.135,35.98],[139.1375,35.98],[139.1375,35.9825],[139.135,35.9825],[139.135,35.98]]]},"properties":{"cell_id":"g_37_23","score":0.54,"twi":6.6,"hand":24.1,"dist_to_boundary":76,"curvature":-0.0001,"spring_kde":0}},{"type":"Feature","geometry":{"type":"Polygon","coordinates":[[[139.1375,35.98],[139.14,35.98],[139.14,35.9825],[139.1375,35.9825],[139.1375,35.98]]]},"properties":{"cell_id":"g_38_23","score":0.531,"twi":6.66,"hand":29.5,"dist_to_boundary":36,"curvature":0.0027,"spring_kde":0}},{"type":"Feature","geometry":{"type":"Polygon","coordinates":[[[139.14,35.98],[139.1425,35.98],[139.1425,35.9825],[139.14,35.9825],[139.14,35.98]]]},"properties":{"cell_id":"g_39_23","score":0.433,"twi":5.85,"hand":71.5,"dist_to_boundary":57,"curvature":-0.003,"spring_kde":0}},{"type":"Feature","geometry":{"type":"Polygon","coordinates":[[[139.1425,35.98],[139.145,35.98],[139.145,35.9825],[139.1425,35.9825],[139.1425,35.98]]]},"properties":{"cell_id":"g_40_23","score":0.494,"twi":6.16,"hand":43.5,"dist_to_boundary":88,"curvature":0.0028,"spring_kde":0}},{"type":"Feature","geometry":{"type":"Polygon","coordinates":[[[139.145,35.98],[139.1475,35.98],[139.1475,35.9825],[139.145,35.9825],[139.145,35.98]]]},"properties":{"cell_id":"g_41_23","score":0.405,"twi":5.77,"hand":89.3,"dist_to_boundary":23,"curvature":-0.0042,"spring_kde":0.001}},{"type":"Feature","geometry":{"type":"Polygon","coordinates":[[[139.1475,35.98],[139.15,35.98],[139.15,35.9825],[139.1475,35.9825],[139.1475,35.98]]]},"properties":{"cell_id":"g_42_23","score":0.459,"twi":6.05,"hand":64.4,"dist_to_boundary":33,"curvature":-0.0007,"spring_kde":0.001}},{"type":"Feature","geometry":{"type":"Polygon","coordinates":[[[139.15,35.98],[139.1525,35.98],[139.1525,35.9825],[139.15,35.9825],[139.15,35.98]]]},"properties":{"cell_id":"g_43_23","score":0.488,"twi":6.48,"hand":52.7,"dist_to_boundary":74,"curvature":0.0028,"spring_kde":0.002}},{"type":"Feature","geometry":{"type":"Polygon","coordinates":[[[139.1525,35.98],[139.155,35.98],[139.155,35.9825],[139.1525,35.9825],[139.1525,35.98]]]},"properties":{"cell_id":"g_44_23","score":0.493,"twi":6.52,"hand":48.4,"dist_to_boundary":45,"curvature":0.0023,"spring_kde":0.002}},{"type":"Feature","geometry":{"type":"Polygon","coordinates":[[[139.155,35.98],[139.1575,35.98],[139.1575,35.9825],[139.155,35.9825],[139.155,35.98]]]},"properties":{"cell_id":"g_45_23","score":0.365,"twi":5.82,"hand":100.1,"dist_to_boundary":209,"curvature":-0.0058,"spring_kde":0.002}},{"type":"Feature","geometry":{"type":"Polygon","coordinates":[[[139.0425,35.9825],[139.045,35.9825],[139.045,35.985],[139.0425,35.985],[139.0425,35.9825]]]},"properties":{"cell_id":"g_0_24","score":0.545,"twi":7.14,"hand":26.7,"dist_to_boundary":183,"curvature":-0.0025,"spring_kde":0}},{"type":"Feature","geometry":{"type":"Polygon","coordinates":[[[139.045,35.9825],[139.0475,35.9825],[139.0475,35.985],[139.045,35.985],[139.045,35.9825]]]},"properties":{"cell_id":"g_1_24","score":0.542,"twi":6.87,"hand":22.1,"dist_to_boundary":89,"curvature":-0.0013,"spring_kde":0}},{"type":"Feature","geometry":{"type":"Polygon","coordinates":[[[139.0475,35.9825],[139.05,35.9825],[139.05,35.985],[139.0475,35.985],[139.0475,35.9825]]]},"properties":{"cell_id":"g_2_24","score":0.552,"twi":6.97,"hand":26.6,"dist_to_boundary":88,"curvature":0.0017,"spring_kde":0}},{"type":"Feature","geometry":{"type":"Polygon","coordinates":[[[139.05,35.9825],[139.0525,35.9825],[139.0525,35.985],[139.05,35.985],[139.05,35.9825]]]},"properties":{"cell_id":"g_3_24","score":0.544,"twi":7.07,"hand":29.8,"dist_to_boundary":155,"curvature":-0.0008,"spring_kde":0}},{"type":"Feature","geometry":{"type":"Polygon","coordinates":[[[139.0525,35.9825],[139.055,35.9825],[139.055,35.985],[139.0525,35.985],[139.0525,35.9825]]]},"properties":{"cell_id":"g_4_24","score":0.555,"twi":7.18,"hand":20.5,"dist_to_boundary":224,"curvature":-0.0001,"spring_kde":0}},{"type":"Feature","geometry":{"type":"Polygon","coordinates":[[[139.055,35.9825],[139.0575,35.9825],[139.0575,35.985],[139.055,35.985],[139.055,35.9825]]]},"properties":{"cell_id":"g_5_24","score":0.533,"twi":7.16,"hand":38.9,"dist_to_boundary":173,"curvature":-0.0002,"spring_kde":0}},{"type":"Feature","geometry":{"type":"Polygon","coordinates":[[[139.0575,35.9825],[139.06,35.9825],[139.06,35.985],[139.0575,35.985],[139.0575,35.9825]]]},"properties":{"cell_id":"g_6_24","score":0.505,"twi":6.67,"hand":44.7,"dist_to_boundary":55,"curvature":-0.003,"spring_kde":0}},{"type":"Feature","geometry":{"type":"Polygon","coordinates":[[[139.06,35.9825],[139.0625,35.9825],[139.0625,35.985],[139.06,35.985],[139.06,35.9825]]]},"properties":{"cell_id":"g_7_24","score":0.636,"twi":8.08,"hand":9.4,"dist_to_boundary":17,"curvature":0.0025,"spring_kde":0.001}},{"type":"Feature","geometry":{"type":"Polygon","coordinates":[[[139.0625,35.9825],[139.065,35.9825],[139.065,35.985],[139.0625,35.985],[139.0625,35.9825]]]},"properties":{"cell_id":"g_8_24","score":0.621,"twi":7.9,"hand":8.9,"dist_to_boundary":24,"curvature":0.0006,"spring_kde":0.004}},{"type":"Feature","geometry":{"type":"Polygon","coordinates":[[[139.065,35.9825],[139.0675,35.9825],[139.0675,35.985],[139.065,35.985],[139.065,35.9825]]]},"properties":{"cell_id":"g_9_24","score":0.617,"twi":8.63,"hand":30.2,"dist_to_boundary":142,"curvature":-0.0012,"spring_kde":0.01}},{"type":"Feature","geometry":{"type":"Polygon","coordinates":[[[139.0675,35.9825],[139.07,35.9825],[139.07,35.985],[139.0675,35.985],[139.0675,35.9825]]]},"properties":{"cell_id":"g_10_24","score":0.618,"twi":9.23,"hand":41.9,"dist_to_boundary":321,"curvature":-0.0001,"spring_kde":0.024}},{"type":"Feature","geometry":{"type":"Polygon","coordinates":[[[139.07,35.9825],[139.0725,35.9825],[139.0725,35.985],[139.07,35.985],[139.07,35.9825]]]},"properties":{"cell_id":"g_11_24","score":0.646,"twi":9.04,"hand":2.7,"dist_to_boundary":500,"curvature":0,"spring_kde":0.053}},{"type":"Feature","geometry":{"type":"Polygon","coordinates":[[[139.0725,35.9825],[139.075,35.9825],[139.075,35.985],[139.0725,35.985],[139.0725,35.9825]]]},"properties":{"cell_id":"g_12_24","score":0.636,"twi":9.26,"hand":10.9,"dist_to_boundary":680,"curvature":-0.0002,"spring_kde":0.104}},{"type":"Feature","geometry":{"type":"Polygon","coordinates":[[[139.075,35.9825],[139.0775,35.9825],[139.0775,35.985],[139.075,35.985],[139.075,35.9825]]]},"properties":{"cell_id":"g_13_24","score":0.626,"twi":8.78,"hand":11.6,"dist_to_boundary":631,"curvature":0,"spring_kde":0.189}},{"type":"Feature","geometry":{"type":"Polygon","coordinates":[[[139.0775,35.9825],[139.08,35.9825],[139.08,35.985],[139.0775,35.985],[139.0775,35.9825]]]},"properties":{"cell_id":"g_14_24","score":0.677,"twi":8.99,"hand":7.7,"dist_to_boundary":424,"curvature":0.0002,"spring_kde":0.305}},{"type":"Feature","geometry":{"type":"Polygon","coordinates":[[[139.08,35.9825],[139.0825,35.9825],[139.0825,35.985],[139.08,35.985],[139.08,35.9825]]]},"properties":{"cell_id":"g_15_24","score":0.731,"twi":9.34,"hand":2.4,"dist_to_boundary":228,"curvature":0,"spring_kde":0.431}},{"type":"Feature","geometry":{"type":"Polygon","coordinates":[[[139.0825,35.9825],[139.085,35.9825],[139.085,35.985],[139.0825,35.985],[139.0825,35.9825]]]},"properties":{"cell_id":"g_16_24","score":0.76,"twi":9.25,"hand":1.2,"dist_to_boundary":35,"curvature":0.0005,"spring_kde":0.52}},{"type":"Feature","geometry":{"type":"Polygon","coordinates":[[[139.085,35.9825],[139.0875,35.9825],[139.0875,35.985],[139.085,35.985],[139.085,35.9825]]]},"properties":{"cell_id":"g_17_24","score":0.629,"twi":7.19,"hand":14.1,"dist_to_boundary":79,"curvature":-0.0001,"spring_kde":0.54}},{"type":"Feature","geometry":{"type":"Polygon","coordinates":[[[139.0875,35.9825],[139.09,35.9825],[139.09,35.985],[139.0875,35.985],[139.0875,35.9825]]]},"properties":{"cell_id":"g_18_24","score":0.667,"twi":7.86,"hand":10.3,"dist_to_boundary":25,"curvature":0.002,"spring_kde":0.509}},{"type":"Feature","geometry":{"type":"Polygon","coordinates":[[[139.09,35.9825],[139.0925,35.9825],[139.0925,35.985],[139.09,35.985],[139.09,35.9825]]]},"properties":{"cell_id":"g_19_24","score":0.615,"twi":7.55,"hand":24.8,"dist_to_boundary":83,"curvature":-0.0029,"spring_kde":0.489}},{"type":"Feature","geometry":{"type":"Polygon","coordinates":[[[139.0925,35.9825],[139.095,35.9825],[139.095,35.985],[139.0925,35.985],[139.0925,35.9825]]]},"properties":{"cell_id":"g_20_24","score":0.688,"twi":8.07,"hand":5.8,"dist_to_boundary":82,"curvature":0.0019,"spring_kde":0.54}},{"type":"Feature","geometry":{"type":"Polygon","coordinates":[[[139.095,35.9825],[139.0975,35.9825],[139.0975,35.985],[139.095,35.985],[139.095,35.9825]]]},"properties":{"cell_id":"g_21_24","score":0.611,"twi":7.05,"hand":13.5,"dist_to_boundary":254,"curvature":-0.0017,"spring_kde":0.65}},{"type":"Feature","geometry":{"type":"Polygon","coordinates":[[[139.0975,35.9825],[139.1,35.9825],[139.1,35.985],[139.0975,35.985],[139.0975,35.9825]]]},"properties":{"cell_id":"g_22_24","score":0.677,"twi":8.09,"hand":13.3,"dist_to_boundary":277,"curvature":-0.0004,"spring_kde":0.743}},{"type":"Feature","geometry":{"type":"Polygon","coordinates":[[[139.1,35.9825],[139.1025,35.9825],[139.1025,35.985],[139.1,35.985],[139.1,35.9825]]]},"properties":{"cell_id":"g_23_24","score":0.661,"twi":7.8,"hand":8,"dist_to_boundary":394,"curvature":0.0002,"spring_kde":0.737}},{"type":"Feature","geometry":{"type":"Polygon","coordinates":[[[139.1025,35.9825],[139.105,35.9825],[139.105,35.985],[139.1025,35.985],[139.1025,35.9825]]]},"properties":{"cell_id":"g_24_24","score":0.678,"twi":8.49,"hand":15,"dist_to_boundary":310,"curvature":-0.0002,"spring_kde":0.615}},{"type":"Feature","geometry":{"type":"Polygon","coordinates":[[[139.105,35.9825],[139.1075,35.9825],[139.1075,35.985],[139.105,35.985],[139.105,35.9825]]]},"properties":{"cell_id":"g_25_24","score":0.679,"twi":8.14,"hand":12,"dist_to_boundary":86,"curvature":0.0012,"spring_kde":0.432}},{"type":"Feature","geometry":{"type":"Polygon","coordinates":[[[139.1075,35.9825],[139.11,35.9825],[139.11,35.985],[139.1075,35.985],[139.1075,35.9825]]]},"properties":{"cell_id":"g_26_24","score":0.702,"twi":8.72,"hand":4.9,"dist_to_boundary":26,"curvature":-0.0006,"spring_kde":0.26}},{"type":"Feature","geometry":{"type":"Polygon","coordinates":[[[139.11,35.9825],[139.1125,35.9825],[139.1125,35.985],[139.11,35.985],[139.11,35.9825]]]},"properties":{"cell_id":"g_27_24","score":0.692,"twi":9.03,"hand":6.2,"dist_to_boundary":135,"curvature":-0.0002,"spring_kde":0.138}},{"type":"Feature","geometry":{"type":"Polygon","coordinates":[[[139.1125,35.9825],[139.115,35.9825],[139.115,35.985],[139.1125,35.985],[139.1125,35.9825]]]},"properties":{"cell_id":"g_28_24","score":0.601,"twi":7.32,"hand":14.7,"dist_to_boundary":8,"curvature":0.0024,"spring_kde":0.067}},{"type":"Feature","geometry":{"type":"Polygon","coordinates":[[[139.115,35.9825],[139.1175,35.9825],[139.1175,35.985],[139.115,35.985],[139.115,35.9825]]]},"properties":{"cell_id":"g_29_24","score":0.515,"twi":6.38,"hand":23.4,"dist_to_boundary":233,"curvature":0.002,"spring_kde":0.03}},{"type":"Feature","geometry":{"type":"Polygon","coordinates":[[[139.1175,35.9825],[139.12,35.9825],[139.12,35.985],[139.1175,35.985],[139.1175,35.9825]]]},"properties":{"cell_id":"g_30_24","score":0.497,"twi":6.08,"hand":30.1,"dist_to_boundary":270,"curvature":-0.0006,"spring_kde":0.012}},{"type":"Feature","geometry":{"type":"Polygon","coordinates":[[[139.12,35.9825],[139.1225,35.9825],[139.1225,35.985],[139.12,35.985],[139.12,35.9825]]]},"properties":{"cell_id":"g_31_24","score":0.492,"twi":6.09,"hand":33.8,"dist_to_boundary":247,"curvature":0.002,"spring_kde":0.004}},{"type":"Feature","geometry":{"type":"Polygon","coordinates":[[[139.1225,35.9825],[139.125,35.9825],[139.125,35.985],[139.1225,35.985],[139.1225,35.9825]]]},"properties":{"cell_id":"g_32_24","score":0.434,"twi":6.17,"hand":58.5,"dist_to_boundary":225,"curvature":-0.0032,"spring_kde":0.001}},{"type":"Feature","geometry":{"type":"Polygon","coordinates":[[[139.125,35.9825],[139.1275,35.9825],[139.1275,35.985],[139.125,35.985],[139.125,35.9825]]]},"properties":{"cell_id":"g_33_24","score":0.52,"twi":6.93,"hand":31.9,"dist_to_boundary":246,"curvature":0.0022,"spring_kde":0}},{"type":"Feature","geometry":{"type":"Polygon","coordinates":[[[139.1275,35.9825],[139.13,35.9825],[139.13,35.985],[139.1275,35.985],[139.1275,35.9825]]]},"properties":{"cell_id":"g_34_24","score":0.496,"twi":6.86,"hand":35.3,"dist_to_boundary":348,"curvature":0.0009,"spring_kde":0}},{"type":"Feature","geometry":{"type":"Polygon","coordinates":[[[139.13,35.9825],[139.1325,35.9825],[139.1325,35.985],[139.13,35.985],[139.13,35.9825]]]},"properties":{"cell_id":"g_35_24","score":0.474,"twi":6.57,"hand":33,"dist_to_boundary":446,"curvature":-0.0004,"spring_kde":0}},{"type":"Feature","geometry":{"type":"Polygon","coordinates":[[[139.1325,35.9825],[139.135,35.9825],[139.135,35.985],[139.1325,35.985],[139.1325,35.9825]]]},"properties":{"cell_id":"g_36_24","score":0.531,"twi":6.81,"hand":22.4,"dist_to_boundary":239,"curvature":0.0021,"spring_kde":0}},{"type":"Feature","geometry":{"type":"Polygon","coordinates":[[[139.135,35.9825],[139.1375,35.9825],[139.1375,35.985],[139.135,35.985],[139.135,35.9825]]]},"properties":{"cell_id":"g_37_24","score":0.511,"twi":6.61,"hand":38.7,"dist_to_boundary":35,"curvature":-0.0017,"spring_kde":0}},{"type":"Feature","geometry":{"type":"Polygon","coordinates":[[[139.1375,35.9825],[139.14,35.9825],[139.14,35.985],[139.1375,35.985],[139.1375,35.9825]]]},"properties":{"cell_id":"g_38_24","score":0.552,"twi":7.15,"hand":31.8,"dist_to_boundary":51,"curvature":0.0032,"spring_kde":0}},{"type":"Feature","geometry":{"type":"Polygon","coordinates":[[[139.14,35.9825],[139.1425,35.9825],[139.1425,35.985],[139.14,35.985],[139.14,35.9825]]]},"properties":{"cell_id":"g_39_24","score":0.379,"twi":6.29,"hand":107.1,"dist_to_boundary":55,"curvature":-0.0034,"spring_kde":0}},{"type":"Feature","geometry":{"type":"Polygon","coordinates":[[[139.1425,35.9825],[139.145,35.9825],[139.145,35.985],[139.1425,35.985],[139.1425,35.9825]]]},"properties":{"cell_id":"g_40_24","score":0.489,"twi":6.58,"hand":52.2,"dist_to_boundary":10,"curvature":0.0044,"spring_kde":0}},{"type":"Feature","geometry":{"type":"Polygon","coordinates":[[[139.145,35.9825],[139.1475,35.9825],[139.1475,35.985],[139.145,35.985],[139.145,35.9825]]]},"properties":{"cell_id":"g_41_24","score":0.414,"twi":6.31,"hand":87.2,"dist_to_boundary":39,"curvature":-0.0005,"spring_kde":0}},{"type":"Feature","geometry":{"type":"Polygon","coordinates":[[[139.1475,35.9825],[139.15,35.9825],[139.15,35.985],[139.1475,35.985],[139.1475,35.9825]]]},"properties":{"cell_id":"g_42_24","score":0.393,"twi":6.05,"hand":88.5,"dist_to_boundary":113,"curvature":-0.0028,"spring_kde":0}},{"type":"Feature","geometry":{"type":"Polygon","coordinates":[[[139.15,35.9825],[139.1525,35.9825],[139.1525,35.985],[139.15,35.985],[139.15,35.9825]]]},"properties":{"cell_id":"g_43_24","score":0.505,"twi":6.37,"hand":28.8,"dist_to_boundary":187,"curvature":0.0024,"spring_kde":0}},{"type":"Feature","geometry":{"type":"Polygon","coordinates":[[[139.1525,35.9825],[139.155,35.9825],[139.155,35.985],[139.1525,35.985],[139.1525,35.9825]]]},"properties":{"cell_id":"g_44_24","score":0.395,"twi":5.95,"hand":75.5,"dist_to_boundary":276,"curvature":-0.0027,"spring_kde":0}},{"type":"Feature","geometry":{"type":"Polygon","coordinates":[[[139.155,35.9825],[139.1575,35.9825],[139.1575,35.985],[139.155,35.985],[139.155,35.9825]]]},"properties":{"cell_id":"g_45_24","score":0.413,"twi":5.92,"hand":62.1,"dist_to_boundary":310,"curvature":-0.0033,"spring_kde":0}},{"type":"Feature","geometry":{"type":"Polygon","coordinates":[[[139.0425,35.985],[139.045,35.985],[139.045,35.9875],[139.0425,35.9875],[139.0425,35.985]]]},"properties":{"cell_id":"g_0_25","score":0.541,"twi":7.01,"hand":30.1,"dist_to_boundary":102,"curvature":0,"spring_kde":0}},{"type":"Feature","geometry":{"type":"Polygon","coordinates":[[[139.045,35.985],[139.0475,35.985],[139.0475,35.9875],[139.045,35.9875],[139.045,35.985]]]},"properties":{"cell_id":"g_1_25","score":0.583,"twi":7.96,"hand":19.7,"dist_to_boundary":269,"curvature":-0.0007,"spring_kde":0}},{"type":"Feature","geometry":{"type":"Polygon","coordinates":[[[139.0475,35.985],[139.05,35.985],[139.05,35.9875],[139.0475,35.9875],[139.0475,35.985]]]},"properties":{"cell_id":"g_2_25","score":0.526,"twi":6.98,"hand":30.6,"dist_to_boundary":172,"curvature":-0.0013,"spring_kde":0}},{"type":"Feature","geometry":{"type":"Polygon","coordinates":[[[139.05,35.985],[139.0525,35.985],[139.0525,35.9875],[139.05,35.9875],[139.05,35.985]]]},"properties":{"cell_id":"g_3_25","score":0.545,"twi":7.21,"hand":31.4,"dist_to_boundary":111,"curvature":0,"spring_kde":0}},{"type":"Feature","geometry":{"type":"Polygon","coordinates":[[[139.0525,35.985],[139.055,35.985],[139.055,35.9875],[139.0525,35.9875],[139.0525,35.985]]]},"properties":{"cell_id":"g_4_25","score":0.607,"twi":7.69,"hand":14.4,"dist_to_boundary":19,"curvature":0.0024,"spring_kde":0}},{"type":"Feature","geometry":{"type":"Polygon","coordinates":[[[139.055,35.985],[139.0575,35.985],[139.0575,35.9875],[139.055,35.9875],[139.055,35.985]]]},"properties":{"cell_id":"g_5_25","score":0.561,"twi":7.08,"hand":24.2,"dist_to_boundary":55,"curvature":-0.0004,"spring_kde":0}},{"type":"Feature","geometry":{"type":"Polygon","coordinates":[[[139.0575,35.985],[139.06,35.985],[139.06,35.9875],[139.0575,35.9875],[139.0575,35.985]]]},"properties":{"cell_id":"g_6_25","score":0.566,"twi":7.08,"hand":19.1,"dist_to_boundary":21,"curvature":0.0001,"spring_kde":0}},{"type":"Feature","geometry":{"type":"Polygon","coordinates":[[[139.06,35.985],[139.0625,35.985],[139.0625,35.9875],[139.06,35.9875],[139.06,35.985]]]},"properties":{"cell_id":"g_7_25","score":0.599,"twi":7.47,"hand":14.5,"dist_to_boundary":15,"curvature":0.0007,"spring_kde":0.001}},{"type":"Feature","geometry":{"type":"Polygon","coordinates":[[[139.0625,35.985],[139.065,35.985],[139.065,35.9875],[139.0625,35.9875],[139.0625,35.985]]]},"properties":{"cell_id":"g_8_25","score":0.661,"twi":8.28,"hand":5.1,"dist_to_boundary":2,"curvature":0.0017,"spring_kde":0.003}},{"type":"Feature","geometry":{"type":"Polygon","coordinates":[[[139.065,35.985],[139.0675,35.985],[139.0675,35.9875],[139.065,35.9875],[139.065,35.985]]]},"properties":{"cell_id":"g_9_25","score":0.633,"twi":8.16,"hand":11.2,"dist_to_boundary":26,"curvature":0.0029,"spring_kde":0.008}},{"type":"Feature","geometry":{"type":"Polygon","coordinates":[[[139.0675,35.985],[139.07,35.985],[139.07,35.9875],[139.0675,35.9875],[139.0675,35.985]]]},"properties":{"cell_id":"g_10_25","score":0.633,"twi":8.6,"hand":21.5,"dist_to_boundary":154,"curvature":-0.0025,"spring_kde":0.023}},{"type":"Feature","geometry":{"type":"Polygon","coordinates":[[[139.07,35.985],[139.0725,35.985],[139.0725,35.9875],[139.07,35.9875],[139.07,35.985]]]},"properties":{"cell_id":"g_11_25","score":0.66,"twi":9.05,"hand":10.4,"dist_to_boundary":333,"curvature":-0.0007,"spring_kde":0.053}},{"type":"Feature","geometry":{"type":"Polygon","coordinates":[[[139.0725,35.985],[139.075,35.985],[139.075,35.9875],[139.0725,35.9875],[139.0725,35.985]]]},"properties":{"cell_id":"g_12_25","score":0.595,"twi":8.02,"hand":11,"dist_to_boundary":513,"curvature":0.0013,"spring_kde":0.109}},{"type":"Feature","geometry":{"type":"Polygon","coordinates":[[[139.075,35.985],[139.0775,35.985],[139.0775,35.9875],[139.075,35.9875],[139.075,35.985]]]},"properties":{"cell_id":"g_13_25","score":0.633,"twi":8.89,"hand":5.2,"dist_to_boundary":693,"curvature":0.0004,"spring_kde":0.194}},{"type":"Feature","geometry":{"type":"Polygon","coordinates":[[[139.0775,35.985],[139.08,35.985],[139.08,35.9875],[139.0775,35.9875],[139.0775,35.985]]]},"properties":{"cell_id":"g_14_25","score":0.672,"twi":9.2,"hand":3.8,"dist_to_boundary":563,"curvature":-0.0002,"spring_kde":0.303}},{"type":"Feature","geometry":{"type":"Polygon","coordinates":[[[139.08,35.985],[139.0825,35.985],[139.0825,35.9875],[139.08,35.9875],[139.08,35.985]]]},"properties":{"cell_id":"g_15_25","score":0.715,"twi":9.27,"hand":1.4,"dist_to_boundary":368,"curvature":0,"spring_kde":0.411}},{"type":"Feature","geometry":{"type":"Polygon","coordinates":[[[139.0825,35.985],[139.085,35.985],[139.085,35.9875],[139.0825,35.9875],[139.0825,35.985]]]},"properties":{"cell_id":"g_16_25","score":0.773,"twi":9.79,"hand":0.3,"dist_to_boundary":172,"curvature":0.0001,"spring_kde":0.481}},{"type":"Feature","geometry":{"type":"Polygon","coordinates":[[[139.085,35.985],[139.0875,35.985],[139.0875,35.9875],[139.085,35.9875],[139.085,35.985]]]},"properties":{"cell_id":"g_17_25","score":0.728,"twi":8.88,"hand":7.5,"dist_to_boundary":24,"curvature":0.0017,"spring_kde":0.497}},{"type":"Feature","geometry":{"type":"Polygon","coordinates":[[[139.0875,35.985],[139.09,35.985],[139.09,35.9875],[139.0875,35.9875],[139.0875,35.985]]]},"properties":{"cell_id":"g_18_25","score":0.615,"twi":7.03,"hand":13.8,"dist_to_boundary":48,"curvature":-0.0009,"spring_kde":0.488}},{"type":"Feature","geometry":{"type":"Polygon","coordinates":[[[139.09,35.985],[139.0925,35.985],[139.0925,35.9875],[139.09,35.9875],[139.09,35.985]]]},"properties":{"cell_id":"g_19_25","score":0.654,"twi":7.92,"hand":20.4,"dist_to_boundary":72,"curvature":-0.0007,"spring_kde":0.52}},{"type":"Feature","geometry":{"type":"Polygon","coordinates":[[[139.0925,35.985],[139.095,35.985],[139.095,35.9875],[139.0925,35.9875],[139.0925,35.985]]]},"properties":{"cell_id":"g_20_25","score":0.638,"twi":7.39,"hand":28,"dist_to_boundary":2,"curvature":-0.0011,"spring_kde":0.643}},{"type":"Feature","geometry":{"type":"Polygon","coordinates":[[[139.095,35.985],[139.0975,35.985],[139.0975,35.9875],[139.095,35.9875],[139.095,35.985]]]},"properties":{"cell_id":"g_21_25","score":0.724,"twi":8,"hand":6.1,"dist_to_boundary":7,"curvature":0.0004,"spring_kde":0.826}},{"type":"Feature","geometry":{"type":"Polygon","coordinates":[[[139.0975,35.985],[139.1,35.985],[139.1,35.9875],[139.0975,35.9875],[139.0975,35.985]]]},"properties":{"cell_id":"g_22_25","score":0.757,"twi":8.52,"hand":6.7,"dist_to_boundary":40,"curvature":0,"spring_kde":0.965}},{"type":"Feature","geometry":{"type":"Polygon","coordinates":[[[139.1,35.985],[139.1025,35.985],[139.1025,35.9875],[139.1,35.9875],[139.1,35.985]]]},"properties":{"cell_id":"g_23_25","score":0.727,"twi":8.19,"hand":5.2,"dist_to_boundary":219,"curvature":0.001,"spring_kde":0.955}},{"type":"Feature","geometry":{"type":"Polygon","coordinates":[[[139.1025,35.985],[139.105,35.985],[139.105,35.9875],[139.1025,35.9875],[139.1025,35.985]]]},"properties":{"cell_id":"g_24_25","score":0.693,"twi":8.3,"hand":7.6,"dist_to_boundary":342,"curvature":0.0001,"spring_kde":0.783}},{"type":"Feature","geometry":{"type":"Polygon","coordinates":[[[139.105,35.985],[139.1075,35.985],[139.1075,35.9875],[139.105,35.9875],[139.105,35.985]]]},"properties":{"cell_id":"g_25_25","score":0.671,"twi":7.66,"hand":4.4,"dist_to_boundary":136,"curvature":0.0015,"spring_kde":0.528}},{"type":"Feature","geometry":{"type":"Polygon","coordinates":[[[139.1075,35.985],[139.11,35.985],[139.11,35.9875],[139.1075,35.9875],[139.1075,35.985]]]},"properties":{"cell_id":"g_26_25","score":0.697,"twi":8.55,"hand":6.6,"dist_to_boundary":40,"curvature":-0.0015,"spring_kde":0.295}},{"type":"Feature","geometry":{"type":"Polygon","coordinates":[[[139.11,35.985],[139.1125,35.985],[139.1125,35.9875],[139.11,35.9875],[139.11,35.985]]]},"properties":{"cell_id":"g_27_25","score":0.631,"twi":8.21,"hand":10.2,"dist_to_boundary":216,"curvature":0.0003,"spring_kde":0.137}},{"type":"Feature","geometry":{"type":"Polygon","coordinates":[[[139.1125,35.985],[139.115,35.985],[139.115,35.9875],[139.1125,35.9875],[139.1125,35.985]]]},"properties":{"cell_id":"g_28_25","score":0.55,"twi":6.52,"hand":20.8,"dist_to_boundary":9,"curvature":0.0002,"spring_kde":0.054}},{"type":"Feature","geometry":{"type":"Polygon","coordinates":[[[139.115,35.985],[139.1175,35.985],[139.1175,35.9875],[139.115,35.9875],[139.115,35.985]]]},"properties":{"cell_id":"g_29_25","score":0.47,"twi":6.24,"hand":42.8,"dist_to_boundary":234,"curvature":-0.0034,"spring_kde":0.019}},{"type":"Feature","geometry":{"type":"Polygon","coordinates":[[[139.1175,35.985],[139.12,35.985],[139.12,35.9875],[139.1175,35.9875],[139.1175,35.985]]]},"properties":{"cell_id":"g_30_25","score":0.481,"twi":6.63,"hand":34.2,"dist_to_boundary":460,"curvature":0.0006,"spring_kde":0.006}},{"type":"Feature","geometry":{"type":"Polygon","coordinates":[[[139.12,35.985],[139.1225,35.985],[139.1225,35.9875],[139.12,35.9875],[139.12,35.985]]]},"properties":{"cell_id":"g_31_25","score":0.461,"twi":6.68,"hand":42.3,"dist_to_boundary":522,"curvature":0,"spring_kde":0.002}},{"type":"Feature","geometry":{"type":"Polygon","coordinates":[[[139.1225,35.985],[139.125,35.985],[139.125,35.9875],[139.1225,35.9875],[139.1225,35.985]]]},"properties":{"cell_id":"g_32_25","score":0.476,"twi":6.77,"hand":36.7,"dist_to_boundary":501,"curvature":0.0004,"spring_kde":0}},{"type":"Feature","geometry":{"type":"Polygon","coordinates":[[[139.125,35.985],[139.1275,35.985],[139.1275,35.9875],[139.125,35.9875],[139.125,35.985]]]},"properties":{"cell_id":"g_33_25","score":0.467,"twi":6.78,"hand":35.3,"dist_to_boundary":520,"curvature":-0.0004,"spring_kde":0}},{"type":"Feature","geometry":{"type":"Polygon","coordinates":[[[139.1275,35.985],[139.13,35.985],[139.13,35.9875],[139.1275,35.9875],[139.1275,35.985]]]},"properties":{"cell_id":"g_34_25","score":0.455,"twi":6.94,"hand":44.7,"dist_to_boundary":586,"curvature":0.0001,"spring_kde":0}},{"type":"Feature","geometry":{"type":"Polygon","coordinates":[[[139.13,35.985],[139.1325,35.985],[139.1325,35.9875],[139.13,35.9875],[139.13,35.985]]]},"properties":{"cell_id":"g_35_25","score":0.491,"twi":6.94,"hand":26.3,"dist_to_boundary":560,"curvature":0.0001,"spring_kde":0}},{"type":"Feature","geometry":{"type":"Polygon","coordinates":[[[139.1325,35.985],[139.135,35.985],[139.135,35.9875],[139.1325,35.9875],[139.1325,35.985]]]},"properties":{"cell_id":"g_36_25","score":0.532,"twi":7.08,"hand":21.7,"dist_to_boundary":357,"curvature":0.0021,"spring_kde":0}},{"type":"Feature","geometry":{"type":"Polygon","coordinates":[[[139.135,35.985],[139.1375,35.985],[139.1375,35.9875],[139.135,35.9875],[139.135,35.985]]]},"properties":{"cell_id":"g_37_25","score":0.513,"twi":6.78,"hand":33.9,"dist_to_boundary":153,"curvature":-0.0003,"spring_kde":0}},{"type":"Feature","geometry":{"type":"Polygon","coordinates":[[[139.1375,35.985],[139.14,35.985],[139.14,35.9875],[139.1375,35.9875],[139.1375,35.985]]]},"properties":{"cell_id":"g_38_25","score":0.468,"twi":6.57,"hand":61.3,"dist_to_boundary":51,"curvature":-0.0013,"spring_kde":0}},{"type":"Feature","geometry":{"type":"Polygon","coordinates":[[[139.14,35.985],[139.1425,35.985],[139.1425,35.9875],[139.14,35.9875],[139.14,35.985]]]},"properties":{"cell_id":"g_39_25","score":0.432,"twi":6.48,"hand":78.2,"dist_to_boundary":34,"curvature":-0.0009,"spring_kde":0}},{"type":"Feature","geometry":{"type":"Polygon","coordinates":[[[139.1425,35.985],[139.145,35.985],[139.145,35.9875],[139.1425,35.9875],[139.1425,35.985]]]},"properties":{"cell_id":"g_40_25","score":0.408,"twi":6.33,"hand":87.3,"dist_to_boundary":68,"curvature":-0.0039,"spring_kde":0}},{"type":"Feature","geometry":{"type":"Polygon","coordinates":[[[139.145,35.985],[139.1475,35.985],[139.1475,35.9875],[139.145,35.9875],[139.145,35.985]]]},"properties":{"cell_id":"g_41_25","score":0.429,"twi":6.36,"hand":71.6,"dist_to_boundary":125,"curvature":0.0022,"spring_kde":0}},{"type":"Feature","geometry":{"type":"Polygon","coordinates":[[[139.1475,35.985],[139.15,35.985],[139.15,35.9875],[139.1475,35.9875],[139.1475,35.985]]]},"properties":{"cell_id":"g_42_25","score":0.434,"twi":6.16,"hand":68.5,"dist_to_boundary":95,"curvature":-0.0014,"spring_kde":0}},{"type":"Feature","geometry":{"type":"Polygon","coordinates":[[[139.15,35.985],[139.1525,35.985],[139.1525,35.9875],[139.15,35.9875],[139.15,35.985]]]},"properties":{"cell_id":"g_43_25","score":0.526,"twi":6.49,"hand":30.1,"dist_to_boundary":60,"curvature":0.0021,"spring_kde":0}},{"type":"Feature","geometry":{"type":"Polygon","coordinates":[[[139.1525,35.985],[139.155,35.985],[139.155,35.9875],[139.1525,35.9875],[139.1525,35.985]]]},"properties":{"cell_id":"g_44_25","score":0.517,"twi":6.51,"hand":34.5,"dist_to_boundary":47,"curvature":0.0002,"spring_kde":0}},{"type":"Feature","geometry":{"type":"Polygon","coordinates":[[[139.155,35.985],[139.1575,35.985],[139.1575,35.9875],[139.155,35.9875],[139.155,35.985]]]},"properties":{"cell_id":"g_45_25","score":0.465,"twi":6.24,"hand":53.4,"dist_to_boundary":34,"curvature":-0.0005,"spring_kde":0}},{"type":"Feature","geometry":{"type":"Polygon","coordinates":[[[139.0425,35.9875],[139.045,35.9875],[139.045,35.99],[139.0425,35.99],[139.0425,35.9875]]]},"properties":{"cell_id":"g_0_26","score":0.529,"twi":6.83,"hand":35.6,"dist_to_boundary":44,"curvature":-0.0032,"spring_kde":0}},{"type":"Feature","geometry":{"type":"Polygon","coordinates":[[[139.045,35.9875],[139.0475,35.9875],[139.0475,35.99],[139.045,35.99],[139.045,35.9875]]]},"properties":{"cell_id":"g_1_26","score":0.65,"twi":8.8,"hand":6.7,"dist_to_boundary":253,"curvature":-0.0001,"spring_kde":0}},{"type":"Feature","geometry":{"type":"Polygon","coordinates":[[[139.0475,35.9875],[139.05,35.9875],[139.05,35.99],[139.0475,35.99],[139.0475,35.9875]]]},"properties":{"cell_id":"g_2_26","score":0.565,"twi":7.71,"hand":12.4,"dist_to_boundary":438,"curvature":-0.0005,"spring_kde":0}},{"type":"Feature","geometry":{"type":"Polygon","coordinates":[[[139.05,35.9875],[139.0525,35.9875],[139.0525,35.99],[139.05,35.99],[139.05,35.9875]]]},"properties":{"cell_id":"g_3_26","score":0.485,"twi":6.55,"hand":31.1,"dist_to_boundary":367,"curvature":-0.0003,"spring_kde":0}},{"type":"Feature","geometry":{"type":"Polygon","coordinates":[[[139.0525,35.9875],[139.055,35.9875],[139.055,35.99],[139.0525,35.99],[139.0525,35.9875]]]},"properties":{"cell_id":"g_4_26","score":0.48,"twi":6.39,"hand":35.4,"dist_to_boundary":266,"curvature":-0.0028,"spring_kde":0}},{"type":"Feature","geometry":{"type":"Polygon","coordinates":[[[139.055,35.9875],[139.0575,35.9875],[139.0575,35.99],[139.055,35.99],[139.055,35.9875]]]},"properties":{"cell_id":"g_5_26","score":0.479,"twi":6.49,"hand":41.8,"dist_to_boundary":193,"curvature":0.0003,"spring_kde":0}},{"type":"Feature","geometry":{"type":"Polygon","coordinates":[[[139.0575,35.9875],[139.06,35.9875],[139.06,35.99],[139.0575,35.99],[139.0575,35.9875]]]},"properties":{"cell_id":"g_6_26","score":0.546,"twi":6.87,"hand":26.9,"dist_to_boundary":15,"curvature":0.0003,"spring_kde":0}},{"type":"Feature","geometry":{"type":"Polygon","coordinates":[[[139.06,35.9875],[139.0625,35.9875],[139.0625,35.99],[139.06,35.99],[139.06,35.9875]]]},"properties":{"cell_id":"g_7_26","score":0.577,"twi":7.07,"hand":21.2,"dist_to_boundary":7,"curvature":-0.0002,"spring_kde":0.001}},{"type":"Feature","geometry":{"type":"Polygon","coordinates":[[[139.0625,35.9875],[139.065,35.9875],[139.065,35.99],[139.0625,35.99],[139.0625,35.9875]]]},"properties":{"cell_id":"g_8_26","score":0.637,"twi":8.08,"hand":9.2,"dist_to_boundary":32,"curvature":-0.0008,"spring_kde":0.004}},{"type":"Feature","geometry":{"type":"Polygon","coordinates":[[[139.065,35.9875],[139.0675,35.9875],[139.0675,35.99],[139.065,35.99],[139.065,35.9875]]]},"properties":{"cell_id":"g_9_26","score":0.651,"twi":8.16,"hand":5.9,"dist_to_boundary":3,"curvature":0.0005,"spring_kde":0.014}},{"type":"Feature","geometry":{"type":"Polygon","coordinates":[[[139.0675,35.9875],[139.07,35.9875],[139.07,35.99],[139.0675,35.99],[139.0675,35.9875]]]},"properties":{"cell_id":"g_10_26","score":0.659,"twi":8.26,"hand":4.6,"dist_to_boundary":13,"curvature":0.0014,"spring_kde":0.038}},{"type":"Feature","geometry":{"type":"Polygon","coordinates":[[[139.07,35.9875],[139.0725,35.9875],[139.0725,35.99],[139.07,35.99],[139.07,35.9875]]]},"properties":{"cell_id":"g_11_26","score":0.603,"twi":7.56,"hand":16,"dist_to_boundary":167,"curvature":0.0005,"spring_kde":0.085}},{"type":"Feature","geometry":{"type":"Polygon","coordinates":[[[139.0725,35.9875],[139.075,35.9875],[139.075,35.99],[139.0725,35.99],[139.0725,35.9875]]]},"properties":{"cell_id":"g_12_26","score":0.689,"twi":9.26,"hand":3.9,"dist_to_boundary":338,"curvature":-0.0007,"spring_kde":0.159}},{"type":"Feature","geometry":{"type":"Polygon","coordinates":[[[139.075,35.9875],[139.0775,35.9875],[139.0775,35.99],[139.075,35.99],[139.075,35.9875]]]},"properties":{"cell_id":"g_13_26","score":0.685,"twi":9.4,"hand":2.5,"dist_to_boundary":516,"curvature":0,"spring_kde":0.252}},{"type":"Feature","geometry":{"type":"Polygon","coordinates":[[[139.0775,35.9875],[139.08,35.9875],[139.08,35.99],[139.0775,35.99],[139.0775,35.9875]]]},"properties":{"cell_id":"g_14_26","score":0.681,"twi":9.46,"hand":1.7,"dist_to_boundary":700,"curvature":0.0002,"spring_kde":0.343}},{"type":"Feature","geometry":{"type":"Polygon","coordinates":[[[139.08,35.9875],[139.0825,35.9875],[139.0825,35.99],[139.08,35.99],[139.08,35.9875]]]},"properties":{"cell_id":"g_15_26","score":0.685,"twi":9.13,"hand":4.5,"dist_to_boundary":504,"curvature":-0.0003,"spring_kde":0.406}},{"type":"Feature","geometry":{"type":"Polygon","coordinates":[[[139.0825,35.9875],[139.085,35.9875],[139.085,35.99],[139.0825,35.99],[139.0825,35.9875]]]},"properties":{"cell_id":"g_16_26","score":0.683,"twi":9.61,"hand":41.9,"dist_to_boundary":307,"curvature":0.0001,"spring_kde":0.426}},{"type":"Feature","geometry":{"type":"Polygon","coordinates":[[[139.085,35.9875],[139.0875,35.9875],[139.0875,35.99],[139.085,35.99],[139.085,35.9875]]]},"properties":{"cell_id":"g_17_26","score":0.773,"twi":9.8,"hand":0.2,"dist_to_boundary":111,"curvature":0.0001,"spring_kde":0.411}},{"type":"Feature","geometry":{"type":"Polygon","coordinates":[[[139.0875,35.9875],[139.09,35.9875],[139.09,35.99],[139.0875,35.99],[139.0875,35.9875]]]},"properties":{"cell_id":"g_18_26","score":0.645,"twi":7.64,"hand":7.6,"dist_to_boundary":79,"curvature":-0.0004,"spring_kde":0.403}},{"type":"Feature","geometry":{"type":"Polygon","coordinates":[[[139.09,35.9875],[139.0925,35.9875],[139.0925,35.99],[139.09,35.99],[139.09,35.9875]]]},"properties":{"cell_id":"g_19_26","score":0.652,"twi":7.49,"hand":11.9,"dist_to_boundary":18,"curvature":0.0014,"spring_kde":0.457}},{"type":"Feature","geometry":{"type":"Polygon","coordinates":[[[139.0925,35.9875],[139.095,35.9875],[139.095,35.99],[139.0925,35.99],[139.0925,35.9875]]]},"properties":{"cell_id":"g_20_26","score":0.661,"twi":7.61,"hand":14.7,"dist_to_boundary":27,"curvature":-0.0001,"spring_kde":0.602}},{"type":"Feature","geometry":{"type":"Polygon","coordinates":[[[139.095,35.9875],[139.0975,35.9875],[139.0975,35.99],[139.095,35.99],[139.095,35.9875]]]},"properties":{"cell_id":"g_21_26","score":0.733,"twi":8.68,"hand":7.2,"dist_to_boundary":153,"curvature":-0.0003,"spring_kde":0.798}},{"type":"Feature","geometry":{"type":"Polygon","coordinates":[[[139.0975,35.9875],[139.1,35.9875],[139.1,35.99],[139.0975,35.99],[139.0975,35.9875]]]},"properties":{"cell_id":"g_22_26","score":0.736,"twi":8.34,"hand":7.1,"dist_to_boundary":126,"curvature":0.0002,"spring_kde":0.939}},{"type":"Feature","geometry":{"type":"Polygon","coordinates":[[[139.1,35.9875],[139.1025,35.9875],[139.1025,35.99],[139.1,35.99],[139.1,35.9875]]]},"properties":{"cell_id":"g_23_26","score":0.738,"twi":8.18,"hand":6.4,"dist_to_boundary":79,"curvature":-0.0006,"spring_kde":0.929}},{"type":"Feature","geometry":{"type":"Polygon","coordinates":[[[139.1025,35.9875],[139.105,35.9875],[139.105,35.99],[139.1025,35.99],[139.1025,35.9875]]]},"properties":{"cell_id":"g_24_26","score":0.706,"twi":8.25,"hand":9.7,"dist_to_boundary":200,"curvature":0.0004,"spring_kde":0.759}},{"type":"Feature","geometry":{"type":"Polygon","coordinates":[[[139.105,35.9875],[139.1075,35.9875],[139.1075,35.99],[139.105,35.99],[139.105,35.9875]]]},"properties":{"cell_id":"g_25_26","score":0.679,"twi":7.83,"hand":11.6,"dist_to_boundary":4,"curvature":0.0006,"spring_kde":0.508}},{"type":"Feature","geometry":{"type":"Polygon","coordinates":[[[139.1075,35.9875],[139.11,35.9875],[139.11,35.99],[139.1075,35.99],[139.1075,35.9875]]]},"properties":{"cell_id":"g_26_26","score":0.633,"twi":7.58,"hand":14.2,"dist_to_boundary":71,"curvature":0.002,"spring_kde":0.278}},{"type":"Feature","geometry":{"type":"Polygon","coordinates":[[[139.11,35.9875],[139.1125,35.9875],[139.1125,35.99],[139.11,35.99],[139.11,35.9875]]]},"properties":{"cell_id":"g_27_26","score":0.537,"twi":6.71,"hand":30.2,"dist_to_boundary":215,"curvature":-0.0007,"spring_kde":0.125}},{"type":"Feature","geometry":{"type":"Polygon","coordinates":[[[139.1125,35.9875],[139.115,35.9875],[139.115,35.99],[139.1125,35.99],[139.1125,35.9875]]]},"properties":{"cell_id":"g_28_26","score":0.523,"twi":6.39,"hand":35.9,"dist_to_boundary":10,"curvature":-0.0014,"spring_kde":0.046}},{"type":"Feature","geometry":{"type":"Polygon","coordinates":[[[139.115,35.9875],[139.1175,35.9875],[139.1175,35.99],[139.115,35.99],[139.115,35.9875]]]},"properties":{"cell_id":"g_29_26","score":0.508,"twi":6.52,"hand":31.3,"dist_to_boundary":235,"curvature":0.002,"spring_kde":0.014}},{"type":"Feature","geometry":{"type":"Polygon","coordinates":[[[139.1175,35.9875],[139.12,35.9875],[139.12,35.99],[139.1175,35.99],[139.1175,35.9875]]]},"properties":{"cell_id":"g_30_26","score":0.453,"twi":6.58,"hand":45.9,"dist_to_boundary":460,"curvature":0.001,"spring_kde":0.004}},{"type":"Feature","geometry":{"type":"Polygon","coordinates":[[[139.12,35.9875],[139.1225,35.9875],[139.1225,35.99],[139.12,35.99],[139.12,35.9875]]]},"properties":{"cell_id":"g_31_26","score":0.457,"twi":6.69,"hand":28.4,"dist_to_boundary":686,"curvature":-0.0004,"spring_kde":0.001}},{"type":"Feature","geometry":{"type":"Polygon","coordinates":[[[139.1225,35.9875],[139.125,35.9875],[139.125,35.99],[139.1225,35.99],[139.1225,35.9875]]]},"properties":{"cell_id":"g_32_26","score":0.471,"twi":7,"hand":21.7,"dist_to_boundary":778,"curvature":-0.0002,"spring_kde":0}},{"type":"Feature","geometry":{"type":"Polygon","coordinates":[[[139.125,35.9875],[139.1275,35.9875],[139.1275,35.99],[139.125,35.99],[139.125,35.9875]]]},"properties":{"cell_id":"g_33_26","score":0.387,"twi":6.48,"hand":55.2,"dist_to_boundary":796,"curvature":-0.0033,"spring_kde":0}},{"type":"Feature","geometry":{"type":"Polygon","coordinates":[[[139.1275,35.9875],[139.13,35.9875],[139.13,35.99],[139.1275,35.99],[139.1275,35.9875]]]},"properties":{"cell_id":"g_34_26","score":0.395,"twi":6.67,"hand":54.7,"dist_to_boundary":840,"curvature":-0.0012,"spring_kde":0}},{"type":"Feature","geometry":{"type":"Polygon","coordinates":[[[139.13,35.9875],[139.1325,35.9875],[139.1325,35.99],[139.13,35.99],[139.13,35.9875]]]},"properties":{"cell_id":"g_35_26","score":0.389,"twi":6.53,"hand":67.9,"dist_to_boundary":678,"curvature":-0.0022,"spring_kde":0}},{"type":"Feature","geometry":{"type":"Polygon","coordinates":[[[139.1325,35.9875],[139.135,35.9875],[139.135,35.99],[139.1325,35.99],[139.1325,35.9875]]]},"properties":{"cell_id":"g_36_26","score":0.387,"twi":6.18,"hand":70.8,"dist_to_boundary":474,"curvature":-0.0039,"spring_kde":0}},{"type":"Feature","geometry":{"type":"Polygon","coordinates":[[[139.135,35.9875],[139.1375,35.9875],[139.1375,35.99],[139.135,35.99],[139.135,35.9875]]]},"properties":{"cell_id":"g_37_26","score":0.447,"twi":6.34,"hand":51.9,"dist_to_boundary":270,"curvature":-0.0048,"spring_kde":0}},{"type":"Feature","geometry":{"type":"Polygon","coordinates":[[[139.1375,35.9875],[139.14,35.9875],[139.14,35.99],[139.1375,35.99],[139.1375,35.9875]]]},"properties":{"cell_id":"g_38_26","score":0.548,"twi":6.81,"hand":22.8,"dist_to_boundary":69,"curvature":0.0027,"spring_kde":0}},{"type":"Feature","geometry":{"type":"Polygon","coordinates":[[[139.14,35.9875],[139.1425,35.9875],[139.1425,35.99],[139.14,35.99],[139.14,35.9875]]]},"properties":{"cell_id":"g_39_26","score":0.537,"twi":6.83,"hand":26,"dist_to_boundary":138,"curvature":0.0031,"spring_kde":0}},{"type":"Feature","geometry":{"type":"Polygon","coordinates":[[[139.1425,35.9875],[139.145,35.9875],[139.145,35.99],[139.1425,35.99],[139.1425,35.9875]]]},"properties":{"cell_id":"g_40_26","score":0.464,"twi":6.63,"hand":55.8,"dist_to_boundary":199,"curvature":-0.001,"spring_kde":0}},{"type":"Feature","geometry":{"type":"Polygon","coordinates":[[[139.145,35.9875],[139.1475,35.9875],[139.1475,35.99],[139.145,35.99],[139.145,35.9875]]]},"properties":{"cell_id":"g_41_26","score":0.444,"twi":6.25,"hand":58.1,"dist_to_boundary":144,"curvature":-0.0029,"spring_kde":0}},{"type":"Feature","geometry":{"type":"Polygon","coordinates":[[[139.1475,35.9875],[139.15,35.9875],[139.15,35.99],[139.1475,35.99],[139.1475,35.9875]]]},"properties":{"cell_id":"g_42_26","score":0.446,"twi":6.55,"hand":62.9,"dist_to_boundary":177,"curvature":0.0001,"spring_kde":0}},{"type":"Feature","geometry":{"type":"Polygon","coordinates":[[[139.15,35.9875],[139.1525,35.9875],[139.1525,35.99],[139.15,35.99],[139.15,35.9875]]]},"properties":{"cell_id":"g_43_26","score":0.474,"twi":6.51,"hand":49.2,"dist_to_boundary":215,"curvature":0.0005,"spring_kde":0}},{"type":"Feature","geometry":{"type":"Polygon","coordinates":[[[139.1525,35.9875],[139.155,35.9875],[139.155,35.99],[139.1525,35.99],[139.1525,35.9875]]]},"properties":{"cell_id":"g_44_26","score":0.506,"twi":6.49,"hand":29.1,"dist_to_boundary":229,"curvature":0.002,"spring_kde":0}},{"type":"Feature","geometry":{"type":"Polygon","coordinates":[[[139.155,35.9875],[139.1575,35.9875],[139.1575,35.99],[139.155,35.99],[139.155,35.9875]]]},"properties":{"cell_id":"g_45_26","score":0.474,"twi":6.52,"hand":44.7,"dist_to_boundary":242,"curvature":-0.0029,"spring_kde":0}},{"type":"Feature","geometry":{"type":"Polygon","coordinates":[[[139.0425,35.99],[139.045,35.99],[139.045,35.9925],[139.0425,35.9925],[139.0425,35.99]]]},"properties":{"cell_id":"g_0_27","score":0.5,"twi":6.29,"hand":41.8,"dist_to_boundary":2,"curvature":-0.0016,"spring_kde":0}},{"type":"Feature","geometry":{"type":"Polygon","coordinates":[[[139.045,35.99],[139.0475,35.99],[139.0475,35.9925],[139.045,35.9925],[139.045,35.99]]]},"properties":{"cell_id":"g_1_27","score":0.554,"twi":7.36,"hand":27.5,"dist_to_boundary":170,"curvature":-0.0016,"spring_kde":0}},{"type":"Feature","geometry":{"type":"Polygon","coordinates":[[[139.0475,35.99],[139.05,35.99],[139.05,35.9925],[139.0475,35.9925],[139.0475,35.99]]]},"properties":{"cell_id":"g_2_27","score":0.604,"twi":8.23,"hand":12.5,"dist_to_boundary":327,"curvature":-0.0011,"spring_kde":0}},{"type":"Feature","geometry":{"type":"Polygon","coordinates":[[[139.05,35.99],[139.0525,35.99],[139.0525,35.9925],[139.05,35.9925],[139.05,35.99]]]},"properties":{"cell_id":"g_3_27","score":0.5,"twi":6.63,"hand":32.3,"dist_to_boundary":277,"curvature":0.001,"spring_kde":0}},{"type":"Feature","geometry":{"type":"Polygon","coordinates":[[[139.0525,35.99],[139.055,35.99],[139.055,35.9925],[139.0525,35.9925],[139.0525,35.99]]]},"properties":{"cell_id":"g_4_27","score":0.538,"twi":6.41,"hand":21.5,"dist_to_boundary":68,"curvature":0.0014,"spring_kde":0}},{"type":"Feature","geometry":{"type":"Polygon","coordinates":[[[139.055,35.99],[139.0575,35.99],[139.0575,35.9925],[139.055,35.9925],[139.055,35.99]]]},"properties":{"cell_id":"g_5_27","score":0.495,"twi":6.13,"hand":38.2,"dist_to_boundary":78,"curvature":-0.001,"spring_kde":0}},{"type":"Feature","geometry":{"type":"Polygon","coordinates":[[[139.0575,35.99],[139.06,35.99],[139.06,35.9925],[139.0575,35.9925],[139.0575,35.99]]]},"properties":{"cell_id":"g_6_27","score":0.457,"twi":6.47,"hand":58.6,"dist_to_boundary":146,"curvature":-0.0031,"spring_kde":0}},{"type":"Feature","geometry":{"type":"Polygon","coordinates":[[[139.06,35.99],[139.0625,35.99],[139.0625,35.9925],[139.06,35.9925],[139.06,35.99]]]},"properties":{"cell_id":"g_7_27","score":0.576,"twi":7.5,"hand":28.9,"dist_to_boundary":54,"curvature":0.0009,"spring_kde":0.002}},{"type":"Feature","geometry":{"type":"Polygon","coordinates":[[[139.0625,35.99],[139.065,35.99],[139.065,35.9925],[139.0625,35.9925],[139.0625,35.99]]]},"properties":{"cell_id":"g_8_27","score":0.589,"twi":7.43,"hand":15.7,"dist_to_boundary":25,"curvature":0.0001,"spring_kde":0.007}},{"type":"Feature","geometry":{"type":"Polygon","coordinates":[[[139.065,35.99],[139.0675,35.99],[139.0675,35.9925],[139.065,35.9925],[139.065,35.99]]]},"properties":{"cell_id":"g_9_27","score":0.651,"twi":8.25,"hand":9.1,"dist_to_boundary":13,"curvature":0.0004,"spring_kde":0.024}},{"type":"Feature","geometry":{"type":"Polygon","coordinates":[[[139.0675,35.99],[139.07,35.99],[139.07,35.9925],[139.0675,35.9925],[139.0675,35.99]]]},"properties":{"cell_id":"g_10_27","score":0.68,"twi":8.83,"hand":6.8,"dist_to_boundary":78,"curvature":0.0007,"spring_kde":0.062}},{"type":"Feature","geometry":{"type":"Polygon","coordinates":[[[139.07,35.99],[139.0725,35.99],[139.0725,35.9925],[139.07,35.9925],[139.07,35.99]]]},"properties":{"cell_id":"g_11_27","score":0.675,"twi":8.26,"hand":9.6,"dist_to_boundary":7,"curvature":0.0004,"spring_kde":0.135}},{"type":"Feature","geometry":{"type":"Polygon","coordinates":[[[139.0725,35.99],[139.075,35.99],[139.075,35.9925],[139.0725,35.9925],[139.0725,35.99]]]},"properties":{"cell_id":"g_12_27","score":0.71,"twi":9.18,"hand":0.3,"dist_to_boundary":212,"curvature":-0.0004,"spring_kde":0.241}},{"type":"Feature","geometry":{"type":"Polygon","coordinates":[[[139.075,35.99],[139.0775,35.99],[139.0775,35.9925],[139.075,35.9925],[139.075,35.99]]]},"properties":{"cell_id":"g_13_27","score":0.708,"twi":9.46,"hand":3.1,"dist_to_boundary":431,"curvature":0,"spring_kde":0.356}},{"type":"Feature","geometry":{"type":"Polygon","coordinates":[[[139.0775,35.99],[139.08,35.99],[139.08,35.9925],[139.0775,35.9925],[139.0775,35.99]]]},"properties":{"cell_id":"g_14_27","score":0.702,"twi":9.56,"hand":1.4,"dist_to_boundary":650,"curvature":0,"spring_kde":0.443}},{"type":"Feature","geometry":{"type":"Polygon","coordinates":[[[139.08,35.99],[139.0825,35.99],[139.0825,35.9925],[139.08,35.9925],[139.08,35.99]]]},"properties":{"cell_id":"g_15_27","score":0.699,"twi":9.44,"hand":1.6,"dist_to_boundary":639,"curvature":0.0002,"spring_kde":0.471}},{"type":"Feature","geometry":{"type":"Polygon","coordinates":[[[139.0825,35.99],[139.085,35.99],[139.085,35.9925],[139.0825,35.9925],[139.0825,35.99]]]},"properties":{"cell_id":"g_16_27","score":0.705,"twi":9.18,"hand":2.4,"dist_to_boundary":442,"curvature":0,"spring_kde":0.444}},{"type":"Feature","geometry":{"type":"Polygon","coordinates":[[[139.085,35.99],[139.0875,35.99],[139.0875,35.9925],[139.085,35.9925],[139.085,35.99]]]},"properties":{"cell_id":"g_17_27","score":0.691,"twi":9.69,"hand":41.9,"dist_to_boundary":239,"curvature":0,"spring_kde":0.394}},{"type":"Feature","geometry":{"type":"Polygon","coordinates":[[[139.0875,35.99],[139.09,35.99],[139.09,35.9925],[139.0875,35.9925],[139.0875,35.99]]]},"properties":{"cell_id":"g_18_27","score":0.731,"twi":8.97,"hand":0.2,"dist_to_boundary":29,"curvature":0.0018,"spring_kde":0.365}},{"type":"Feature","geometry":{"type":"Polygon","coordinates":[[[139.09,35.99],[139.0925,35.99],[139.0925,35.9925],[139.09,35.9925],[139.09,35.99]]]},"properties":{"cell_id":"g_19_27","score":0.602,"twi":7.14,"hand":16.7,"dist_to_boundary":58,"curvature":-0.0019,"spring_kde":0.392}},{"type":"Feature","geometry":{"type":"Polygon","coordinates":[[[139.0925,35.99],[139.095,35.99],[139.095,35.9925],[139.0925,35.9925],[139.0925,35.99]]]},"properties":{"cell_id":"g_20_27","score":0.707,"twi":8.34,"hand":6.4,"dist_to_boundary":4,"curvature":0.0008,"spring_kde":0.485}},{"type":"Feature","geometry":{"type":"Polygon","coordinates":[[[139.095,35.99],[139.0975,35.99],[139.0975,35.9925],[139.095,35.9925],[139.095,35.99]]]},"properties":{"cell_id":"g_21_27","score":0.725,"twi":8.93,"hand":4.1,"dist_to_boundary":212,"curvature":0.0001,"spring_kde":0.61}},{"type":"Feature","geometry":{"type":"Polygon","coordinates":[[[139.0975,35.99],[139.1,35.99],[139.1,35.9925],[139.0975,35.9925],[139.0975,35.99]]]},"properties":{"cell_id":"g_22_27","score":0.792,"twi":9.67,"hand":8.5,"dist_to_boundary":16,"curvature":0,"spring_kde":0.696}},{"type":"Feature","geometry":{"type":"Polygon","coordinates":[[[139.1,35.99],[139.1025,35.99],[139.1025,35.9925],[139.1,35.9925],[139.1,35.99]]]},"properties":{"cell_id":"g_23_27","score":0.72,"twi":8.4,"hand":8.3,"dist_to_boundary":85,"curvature":0.0007,"spring_kde":0.678}},{"type":"Feature","geometry":{"type":"Polygon","coordinates":[[[139.1025,35.99],[139.105,35.99],[139.105,35.9925],[139.1025,35.9925],[139.1025,35.99]]]},"properties":{"cell_id":"g_24_27","score":0.707,"twi":8.26,"hand":5.4,"dist_to_boundary":33,"curvature":0.0003,"spring_kde":0.548}},{"type":"Feature","geometry":{"type":"Polygon","coordinates":[[[139.105,35.99],[139.1075,35.99],[139.1075,35.9925],[139.105,35.9925],[139.105,35.99]]]},"properties":{"cell_id":"g_25_27","score":0.636,"twi":7.78,"hand":21.2,"dist_to_boundary":83,"curvature":0.0002,"spring_kde":0.365}},{"type":"Feature","geometry":{"type":"Polygon","coordinates":[[[139.1075,35.99],[139.11,35.99],[139.11,35.9925],[139.1075,35.9925],[139.1075,35.99]]]},"properties":{"cell_id":"g_26_27","score":0.534,"twi":6.89,"hand":42.7,"dist_to_boundary":61,"curvature":-0.0019,"spring_kde":0.199}},{"type":"Feature","geometry":{"type":"Polygon","coordinates":[[[139.11,35.99],[139.1125,35.99],[139.1125,35.9925],[139.11,35.9925],[139.11,35.99]]]},"properties":{"cell_id":"g_27_27","score":0.556,"twi":7.03,"hand":22.8,"dist_to_boundary":212,"curvature":-0.0001,"spring_kde":0.089}},{"type":"Feature","geometry":{"type":"Polygon","coordinates":[[[139.1125,35.99],[139.115,35.99],[139.115,35.9925],[139.1125,35.9925],[139.1125,35.99]]]},"properties":{"cell_id":"g_28_27","score":0.588,"twi":7.21,"hand":19.4,"dist_to_boundary":11,"curvature":0.0033,"spring_kde":0.033}},{"type":"Feature","geometry":{"type":"Polygon","coordinates":[[[139.115,35.99],[139.1175,35.99],[139.1175,35.9925],[139.115,35.9925],[139.115,35.99]]]},"properties":{"cell_id":"g_29_27","score":0.471,"twi":6.18,"hand":44.7,"dist_to_boundary":236,"curvature":-0.0006,"spring_kde":0.01}},{"type":"Feature","geometry":{"type":"Polygon","coordinates":[[[139.1175,35.99],[139.12,35.99],[139.12,35.9925],[139.1175,35.9925],[139.1175,35.99]]]},"properties":{"cell_id":"g_30_27","score":0.391,"twi":6.24,"hand":82.5,"dist_to_boundary":461,"curvature":0.0001,"spring_kde":0.002}},{"type":"Feature","geometry":{"type":"Polygon","coordinates":[[[139.12,35.99],[139.1225,35.99],[139.1225,35.9925],[139.12,35.9925],[139.12,35.99]]]},"properties":{"cell_id":"g_31_27","score":0.315,"twi":6.13,"hand":103.4,"dist_to_boundary":687,"curvature":-0.0062,"spring_kde":0.001}},{"type":"Feature","geometry":{"type":"Polygon","coordinates":[[[139.1225,35.99],[139.125,35.99],[139.125,35.9925],[139.1225,35.9925],[139.1225,35.99]]]},"properties":{"cell_id":"g_32_27","score":0.341,"twi":6.35,"hand":77.5,"dist_to_boundary":912,"curvature":-0.0037,"spring_kde":0}},{"type":"Feature","geometry":{"type":"Polygon","coordinates":[[[139.125,35.99],[139.1275,35.99],[139.1275,35.9925],[139.125,35.9925],[139.125,35.99]]]},"properties":{"cell_id":"g_33_27","score":0.384,"twi":6.36,"hand":43.7,"dist_to_boundary":1071,"curvature":0.0009,"spring_kde":0}},{"type":"Feature","geometry":{"type":"Polygon","coordinates":[[[139.1275,35.99],[139.13,35.99],[139.13,35.9925],[139.1275,35.9925],[139.1275,35.99]]]},"properties":{"cell_id":"g_34_27","score":0.352,"twi":6.24,"hand":65.7,"dist_to_boundary":999,"curvature":-0.0019,"spring_kde":0}},{"type":"Feature","geometry":{"type":"Polygon","coordinates":[[[139.13,35.99],[139.1325,35.99],[139.1325,35.9925],[139.13,35.9925],[139.13,35.99]]]},"properties":{"cell_id":"g_35_27","score":0.432,"twi":6.78,"hand":45.6,"dist_to_boundary":796,"curvature":0.0025,"spring_kde":0}},{"type":"Feature","geometry":{"type":"Polygon","coordinates":[[[139.1325,35.99],[139.135,35.99],[139.135,35.9925],[139.1325,35.9925],[139.1325,35.99]]]},"properties":{"cell_id":"g_36_27","score":0.464,"twi":6.74,"hand":35.9,"dist_to_boundary":592,"curvature":0.0044,"spring_kde":0}},{"type":"Feature","geometry":{"type":"Polygon","coordinates":[[[139.135,35.99],[139.1375,35.99],[139.1375,35.9925],[139.135,35.9925],[139.135,35.99]]]},"properties":{"cell_id":"g_37_27","score":0.482,"twi":6.68,"hand":34,"dist_to_boundary":385,"curvature":0.0026,"spring_kde":0}},{"type":"Feature","geometry":{"type":"Polygon","coordinates":[[[139.1375,35.99],[139.14,35.99],[139.14,35.9925],[139.1375,35.9925],[139.1375,35.99]]]},"properties":{"cell_id":"g_38_27","score":0.507,"twi":6.93,"hand":41.2,"dist_to_boundary":179,"curvature":0.0017,"spring_kde":0}},{"type":"Feature","geometry":{"type":"Polygon","coordinates":[[[139.14,35.99],[139.1425,35.99],[139.1425,35.9925],[139.14,35.9925],[139.14,35.99]]]},"properties":{"cell_id":"g_39_27","score":0.534,"twi":6.58,"hand":26.2,"dist_to_boundary":28,"curvature":0.0014,"spring_kde":0}},{"type":"Feature","geometry":{"type":"Polygon","coordinates":[[[139.1425,35.99],[139.145,35.99],[139.145,35.9925],[139.1425,35.9925],[139.1425,35.99]]]},"properties":{"cell_id":"g_40_27","score":0.501,"twi":6.55,"hand":31.7,"dist_to_boundary":235,"curvature":-0.0017,"spring_kde":0}},{"type":"Feature","geometry":{"type":"Polygon","coordinates":[[[139.145,35.99],[139.1475,35.99],[139.1475,35.9925],[139.145,35.9925],[139.145,35.99]]]},"properties":{"cell_id":"g_41_27","score":0.488,"twi":6.92,"hand":38.5,"dist_to_boundary":419,"curvature":0.0005,"spring_kde":0}},{"type":"Feature","geometry":{"type":"Polygon","coordinates":[[[139.1475,35.99],[139.15,35.99],[139.15,35.9925],[139.1475,35.9925],[139.1475,35.99]]]},"properties":{"cell_id":"g_42_27","score":0.428,"twi":6.73,"hand":63.4,"dist_to_boundary":449,"curvature":-0.0012,"spring_kde":0}},{"type":"Feature","geometry":{"type":"Polygon","coordinates":[[[139.15,35.99],[139.1525,35.99],[139.1525,35.9925],[139.15,35.9925],[139.15,35.99]]]},"properties":{"cell_id":"g_43_27","score":0.39,"twi":6.62,"hand":78.4,"dist_to_boundary":489,"curvature":-0.0039,"spring_kde":0}},{"type":"Feature","geometry":{"type":"Polygon","coordinates":[[[139.1525,35.99],[139.155,35.99],[139.155,35.9925],[139.1525,35.9925],[139.1525,35.99]]]},"properties":{"cell_id":"g_44_27","score":0.469,"twi":6.83,"hand":39.1,"dist_to_boundary":504,"curvature":-0.0005,"spring_kde":0}},{"type":"Feature","geometry":{"type":"Polygon","coordinates":[[[139.155,35.99],[139.1575,35.99],[139.1575,35.9925],[139.155,35.9925],[139.155,35.99]]]},"properties":{"cell_id":"g_45_27","score":0.44,"twi":6.56,"hand":47.3,"dist_to_boundary":517,"curvature":-0.0023,"spring_kde":0}},{"type":"Feature","geometry":{"type":"Polygon","coordinates":[[[139.0425,35.9925],[139.045,35.9925],[139.045,35.995],[139.0425,35.995],[139.0425,35.9925]]]},"properties":{"cell_id":"g_0_28","score":0.486,"twi":5.92,"hand":30.4,"dist_to_boundary":160,"curvature":0.0001,"spring_kde":0}},{"type":"Feature","geometry":{"type":"Polygon","coordinates":[[[139.045,35.9925],[139.0475,35.9925],[139.0475,35.995],[139.045,35.995],[139.045,35.9925]]]},"properties":{"cell_id":"g_1_28","score":0.515,"twi":6.34,"hand":33.7,"dist_to_boundary":44,"curvature":0.001,"spring_kde":0}},{"type":"Feature","geometry":{"type":"Polygon","coordinates":[[[139.0475,35.9925],[139.05,35.9925],[139.05,35.995],[139.0475,35.995],[139.0475,35.9925]]]},"properties":{"cell_id":"g_2_28","score":0.528,"twi":7.17,"hand":28.1,"dist_to_boundary":264,"curvature":-0.0014,"spring_kde":0}},{"type":"Feature","geometry":{"type":"Polygon","coordinates":[[[139.05,35.9925],[139.0525,35.9925],[139.0525,35.995],[139.05,35.995],[139.05,35.9925]]]},"properties":{"cell_id":"g_3_28","score":0.558,"twi":7.57,"hand":22.3,"dist_to_boundary":353,"curvature":-0.0006,"spring_kde":0}},{"type":"Feature","geometry":{"type":"Polygon","coordinates":[[[139.0525,35.9925],[139.055,35.9925],[139.055,35.995],[139.0525,35.995],[139.0525,35.9925]]]},"properties":{"cell_id":"g_4_28","score":0.499,"twi":6.62,"hand":35.6,"dist_to_boundary":177,"curvature":-0.0011,"spring_kde":0}},{"type":"Feature","geometry":{"type":"Polygon","coordinates":[[[139.055,35.9925],[139.0575,35.9925],[139.0575,35.995],[139.055,35.995],[139.055,35.9925]]]},"properties":{"cell_id":"g_5_28","score":0.575,"twi":6.91,"hand":20.6,"dist_to_boundary":1,"curvature":0.0047,"spring_kde":0}},{"type":"Feature","geometry":{"type":"Polygon","coordinates":[[[139.0575,35.9925],[139.06,35.9925],[139.06,35.995],[139.0575,35.995],[139.0575,35.9925]]]},"properties":{"cell_id":"g_6_28","score":0.536,"twi":6.36,"hand":26.4,"dist_to_boundary":38,"curvature":0.0016,"spring_kde":0.001}},{"type":"Feature","geometry":{"type":"Polygon","coordinates":[[[139.06,35.9925],[139.0625,35.9925],[139.0625,35.995],[139.06,35.995],[139.06,35.9925]]]},"properties":{"cell_id":"g_7_28","score":0.493,"twi":6.38,"hand":46.7,"dist_to_boundary":45,"curvature":-0.0026,"spring_kde":0.002}},{"type":"Feature","geometry":{"type":"Polygon","coordinates":[[[139.0625,35.9925],[139.065,35.9925],[139.065,35.995],[139.0625,35.995],[139.0625,35.9925]]]},"properties":{"cell_id":"g_8_28","score":0.564,"twi":7.3,"hand":20.6,"dist_to_boundary":113,"curvature":-0.0005,"spring_kde":0.009}},{"type":"Feature","geometry":{"type":"Polygon","coordinates":[[[139.065,35.9925],[139.0675,35.9925],[139.0675,35.995],[139.065,35.995],[139.065,35.9925]]]},"properties":{"cell_id":"g_9_28","score":0.588,"twi":7.5,"hand":25.9,"dist_to_boundary":8,"curvature":-0.0021,"spring_kde":0.03}},{"type":"Feature","geometry":{"type":"Polygon","coordinates":[[[139.0675,35.9925],[139.07,35.9925],[139.07,35.995],[139.0675,35.995],[139.0675,35.9925]]]},"properties":{"cell_id":"g_10_28","score":0.672,"twi":8.43,"hand":5.3,"dist_to_boundary":35,"curvature":0.0003,"spring_kde":0.08}},{"type":"Feature","geometry":{"type":"Polygon","coordinates":[[[139.07,35.9925],[139.0725,35.9925],[139.0725,35.995],[139.07,35.995],[139.07,35.9925]]]},"properties":{"cell_id":"g_11_28","score":0.678,"twi":8.11,"hand":1.4,"dist_to_boundary":29,"curvature":0.0001,"spring_kde":0.171}},{"type":"Feature","geometry":{"type":"Polygon","coordinates":[[[139.0725,35.9925],[139.075,35.9925],[139.075,35.995],[139.0725,35.995],[139.0725,35.9925]]]},"properties":{"cell_id":"g_12_28","score":0.723,"twi":9.27,"hand":3.1,"dist_to_boundary":160,"curvature":0.0001,"spring_kde":0.301}},{"type":"Feature","geometry":{"type":"Polygon","coordinates":[[[139.075,35.9925],[139.0775,35.9925],[139.0775,35.995],[139.075,35.995],[139.075,35.9925]]]},"properties":{"cell_id":"g_13_28","score":0.7,"twi":9.09,"hand":4.5,"dist_to_boundary":385,"curvature":-0.0001,"spring_kde":0.439}},{"type":"Feature","geometry":{"type":"Polygon","coordinates":[[[139.0775,35.9925],[139.08,35.9925],[139.08,35.995],[139.0775,35.995],[139.0775,35.9925]]]},"properties":{"cell_id":"g_14_28","score":0.702,"twi":9.33,"hand":2.1,"dist_to_boundary":610,"curvature":0.0001,"spring_kde":0.537}},{"type":"Feature","geometry":{"type":"Polygon","coordinates":[[[139.08,35.9925],[139.0825,35.9925],[139.0825,35.995],[139.08,35.995],[139.08,35.9925]]]},"properties":{"cell_id":"g_15_28","score":0.677,"twi":9.24,"hand":5.2,"dist_to_boundary":754,"curvature":-0.0002,"spring_kde":0.566}},{"type":"Feature","geometry":{"type":"Polygon","coordinates":[[[139.0825,35.9925],[139.085,35.9925],[139.085,35.995],[139.0825,35.995],[139.0825,35.9925]]]},"properties":{"cell_id":"g_16_28","score":0.714,"twi":9.35,"hand":1.2,"dist_to_boundary":536,"curvature":0,"spring_kde":0.54}},{"type":"Feature","geometry":{"type":"Polygon","coordinates":[[[139.085,35.9925],[139.0875,35.9925],[139.0875,35.995],[139.085,35.995],[139.085,35.9925]]]},"properties":{"cell_id":"g_17_28","score":0.733,"twi":9.47,"hand":5.2,"dist_to_boundary":317,"curvature":-0.0002,"spring_kde":0.496}},{"type":"Feature","geometry":{"type":"Polygon","coordinates":[[[139.0875,35.9925],[139.09,35.9925],[139.09,35.995],[139.0875,35.995],[139.0875,35.9925]]]},"properties":{"cell_id":"g_18_28","score":0.75,"twi":9.31,"hand":1.2,"dist_to_boundary":99,"curvature":0.0001,"spring_kde":0.463}},{"type":"Feature","geometry":{"type":"Polygon","coordinates":[[[139.09,35.9925],[139.0925,35.9925],[139.0925,35.995],[139.09,35.995],[139.09,35.9925]]]},"properties":{"cell_id":"g_19_28","score":0.634,"twi":7.55,"hand":25.4,"dist_to_boundary":9,"curvature":-0.0006,"spring_kde":0.446}},{"type":"Feature","geometry":{"type":"Polygon","coordinates":[[[139.0925,35.9925],[139.095,35.9925],[139.095,35.995],[139.0925,35.995],[139.0925,35.9925]]]},"properties":{"cell_id":"g_20_28","score":0.577,"twi":7.26,"hand":42,"dist_to_boundary":118,"curvature":-0.0013,"spring_kde":0.444}},{"type":"Feature","geometry":{"type":"Polygon","coordinates":[[[139.095,35.9925],[139.0975,35.9925],[139.0975,35.995],[139.095,35.995],[139.095,35.9925]]]},"properties":{"cell_id":"g_21_28","score":0.669,"twi":8.93,"hand":41.9,"dist_to_boundary":80,"curvature":0.0003,"spring_kde":0.447}},{"type":"Feature","geometry":{"type":"Polygon","coordinates":[[[139.0975,35.9925],[139.1,35.9925],[139.1,35.995],[139.0975,35.995],[139.0975,35.9925]]]},"properties":{"cell_id":"g_22_28","score":0.748,"twi":9.31,"hand":1.1,"dist_to_boundary":84,"curvature":0.0001,"spring_kde":0.437}},{"type":"Feature","geometry":{"type":"Polygon","coordinates":[[[139.1,35.9925],[139.1025,35.9925],[139.1025,35.995],[139.1,35.995],[139.1,35.9925]]]},"properties":{"cell_id":"g_23_28","score":0.688,"twi":8.42,"hand":9,"dist_to_boundary":75,"curvature":0.0001,"spring_kde":0.389}},{"type":"Feature","geometry":{"type":"Polygon","coordinates":[[[139.1025,35.9925],[139.105,35.9925],[139.105,35.995],[139.1025,35.995],[139.1025,35.9925]]]},"properties":{"cell_id":"g_24_28","score":0.677,"twi":8.23,"hand":8.7,"dist_to_boundary":22,"curvature":0.0002,"spring_kde":0.302}},{"type":"Feature","geometry":{"type":"Polygon","coordinates":[[[139.105,35.9925],[139.1075,35.9925],[139.1075,35.995],[139.105,35.995],[139.105,35.9925]]]},"properties":{"cell_id":"g_25_28","score":0.704,"twi":8.87,"hand":5.3,"dist_to_boundary":9,"curvature":0.0007,"spring_kde":0.197}},{"type":"Feature","geometry":{"type":"Polygon","coordinates":[[[139.1075,35.9925],[139.11,35.9925],[139.11,35.995],[139.1075,35.995],[139.1075,35.9925]]]},"properties":{"cell_id":"g_26_28","score":0.519,"twi":6.33,"hand":24.2,"dist_to_boundary":198,"curvature":0.0003,"spring_kde":0.106}},{"type":"Feature","geometry":{"type":"Polygon","coordinates":[[[139.11,35.9925],[139.1125,35.9925],[139.1125,35.995],[139.11,35.995],[139.11,35.9925]]]},"properties":{"cell_id":"g_27_28","score":0.523,"twi":6.08,"hand":21.2,"dist_to_boundary":213,"curvature":-0.0023,"spring_kde":0.047}},{"type":"Feature","geometry":{"type":"Polygon","coordinates":[[[139.1125,35.9925],[139.115,35.9925],[139.115,35.995],[139.1125,35.995],[139.1125,35.9925]]]},"properties":{"cell_id":"g_28_28","score":0.511,"twi":6.26,"hand":33.1,"dist_to_boundary":12,"curvature":0.0003,"spring_kde":0.017}},{"type":"Feature","geometry":{"type":"Polygon","coordinates":[[[139.115,35.9925],[139.1175,35.9925],[139.1175,35.995],[139.115,35.995],[139.115,35.9925]]]},"properties":{"cell_id":"g_29_28","score":0.48,"twi":6.2,"hand":34.1,"dist_to_boundary":237,"curvature":0.0006,"spring_kde":0.005}},{"type":"Feature","geometry":{"type":"Polygon","coordinates":[[[139.1175,35.9925],[139.12,35.9925],[139.12,35.995],[139.1175,35.995],[139.1175,35.9925]]]},"properties":{"cell_id":"g_30_28","score":0.467,"twi":6.54,"hand":34.6,"dist_to_boundary":462,"curvature":0.0006,"spring_kde":0.002}},{"type":"Feature","geometry":{"type":"Polygon","coordinates":[[[139.12,35.9925],[139.1225,35.9925],[139.1225,35.995],[139.12,35.995],[139.12,35.9925]]]},"properties":{"cell_id":"g_31_28","score":0.453,"twi":6.67,"hand":39.8,"dist_to_boundary":688,"curvature":0.0044,"spring_kde":0.001}},{"type":"Feature","geometry":{"type":"Polygon","coordinates":[[[139.1225,35.9925],[139.125,35.9925],[139.125,35.995],[139.1225,35.995],[139.1225,35.9925]]]},"properties":{"cell_id":"g_32_28","score":0.435,"twi":6.65,"hand":39.8,"dist_to_boundary":789,"curvature":0.003,"spring_kde":0}},{"type":"Feature","geometry":{"type":"Polygon","coordinates":[[[139.125,35.9925],[139.1275,35.9925],[139.1275,35.995],[139.125,35.995],[139.125,35.9925]]]},"properties":{"cell_id":"g_33_28","score":0.438,"twi":6.67,"hand":36.4,"dist_to_boundary":822,"curvature":0.0033,"spring_kde":0}},{"type":"Feature","geometry":{"type":"Polygon","coordinates":[[[139.1275,35.9925],[139.13,35.9925],[139.13,35.995],[139.1275,35.995],[139.1275,35.9925]]]},"properties":{"cell_id":"g_34_28","score":0.389,"twi":6.85,"hand":67.1,"dist_to_boundary":864,"curvature":0.0007,"spring_kde":0}},{"type":"Feature","geometry":{"type":"Polygon","coordinates":[[[139.13,35.9925],[139.1325,35.9925],[139.1325,35.995],[139.13,35.995],[139.13,35.9925]]]},"properties":{"cell_id":"g_35_28","score":0.401,"twi":6.65,"hand":53.9,"dist_to_boundary":872,"curvature":0.0029,"spring_kde":0}},{"type":"Feature","geometry":{"type":"Polygon","coordinates":[[[139.1325,35.9925],[139.135,35.9925],[139.135,35.995],[139.1325,35.995],[139.1325,35.9925]]]},"properties":{"cell_id":"g_36_28","score":0.419,"twi":6.29,"hand":40.4,"dist_to_boundary":702,"curvature":-0.0019,"spring_kde":0}},{"type":"Feature","geometry":{"type":"Polygon","coordinates":[[[139.135,35.9925],[139.1375,35.9925],[139.1375,35.995],[139.135,35.995],[139.135,35.9925]]]},"properties":{"cell_id":"g_37_28","score":0.511,"twi":6.98,"hand":21.1,"dist_to_boundary":495,"curvature":0.0017,"spring_kde":0}},{"type":"Feature","geometry":{"type":"Polygon","coordinates":[[[139.1375,35.9925],[139.14,35.9925],[139.14,35.995],[139.1375,35.995],[139.1375,35.9925]]]},"properties":{"cell_id":"g_38_28","score":0.446,"twi":6.33,"hand":50.4,"dist_to_boundary":302,"curvature":-0.0006,"spring_kde":0}},{"type":"Feature","geometry":{"type":"Polygon","coordinates":[[[139.14,35.9925],[139.1425,35.9925],[139.1425,35.995],[139.14,35.995],[139.14,35.9925]]]},"properties":{"cell_id":"g_39_28","score":0.454,"twi":6.52,"hand":57.8,"dist_to_boundary":197,"curvature":-0.0032,"spring_kde":0}},{"type":"Feature","geometry":{"type":"Polygon","coordinates":[[[139.1425,35.9925],[139.145,35.9925],[139.145,35.995],[139.1425,35.995],[139.1425,35.9925]]]},"properties":{"cell_id":"g_40_28","score":0.479,"twi":7.05,"hand":61.9,"dist_to_boundary":296,"curvature":0.003,"spring_kde":0}},{"type":"Feature","geometry":{"type":"Polygon","coordinates":[[[139.145,35.9925],[139.1475,35.9925],[139.1475,35.995],[139.145,35.995],[139.145,35.9925]]]},"properties":{"cell_id":"g_41_28","score":0.493,"twi":6.93,"hand":35.9,"dist_to_boundary":488,"curvature":0.0035,"spring_kde":0}},{"type":"Feature","geometry":{"type":"Polygon","coordinates":[[[139.1475,35.9925],[139.15,35.9925],[139.15,35.995],[139.1475,35.995],[139.1475,35.9925]]]},"properties":{"cell_id":"g_42_28","score":0.474,"twi":6.89,"hand":27.7,"dist_to_boundary":700,"curvature":0.0042,"spring_kde":0}},{"type":"Feature","geometry":{"type":"Polygon","coordinates":[[[139.15,35.9925],[139.1525,35.9925],[139.1525,35.995],[139.15,35.995],[139.15,35.9925]]]},"properties":{"cell_id":"g_43_28","score":0.451,"twi":6.89,"hand":37.2,"dist_to_boundary":761,"curvature":0.0008,"spring_kde":0}},{"type":"Feature","geometry":{"type":"Polygon","coordinates":[[[139.1525,35.9925],[139.155,35.9925],[139.155,35.995],[139.1525,35.995],[139.1525,35.9925]]]},"properties":{"cell_id":"g_44_28","score":0.426,"twi":6.62,"hand":40,"dist_to_boundary":780,"curvature":-0.0016,"spring_kde":0}},{"type":"Feature","geometry":{"type":"Polygon","coordinates":[[[139.155,35.9925],[139.1575,35.9925],[139.1575,35.995],[139.155,35.995],[139.155,35.9925]]]},"properties":{"cell_id":"g_45_28","score":0.437,"twi":6.67,"hand":33.5,"dist_to_boundary":793,"curvature":0.0009,"spring_kde":0}},{"type":"Feature","geometry":{"type":"Polygon","coordinates":[[[139.0425,35.995],[139.045,35.995],[139.045,35.9975],[139.0425,35.9975],[139.0425,35.995]]]},"properties":{"cell_id":"g_0_29","score":0.511,"twi":6.35,"hand":29,"dist_to_boundary":107,"curvature":-0.0008,"spring_kde":0}},{"type":"Feature","geometry":{"type":"Polygon","coordinates":[[[139.045,35.995],[139.0475,35.995],[139.0475,35.9975],[139.045,35.9975],[139.045,35.995]]]},"properties":{"cell_id":"g_1_29","score":0.496,"twi":6.29,"hand":32.6,"dist_to_boundary":88,"curvature":-0.0028,"spring_kde":0}},{"type":"Feature","geometry":{"type":"Polygon","coordinates":[[[139.0475,35.995],[139.05,35.995],[139.05,35.9975],[139.0475,35.9975],[139.0475,35.995]]]},"properties":{"cell_id":"g_2_29","score":0.518,"twi":6.57,"hand":22,"dist_to_boundary":259,"curvature":0.0023,"spring_kde":0}},{"type":"Feature","geometry":{"type":"Polygon","coordinates":[[[139.05,35.995],[139.0525,35.995],[139.0525,35.9975],[139.05,35.9975],[139.05,35.995]]]},"properties":{"cell_id":"g_3_29","score":0.497,"twi":6.76,"hand":25.7,"dist_to_boundary":438,"curvature":0.0011,"spring_kde":0}},{"type":"Feature","geometry":{"type":"Polygon","coordinates":[[[139.0525,35.995],[139.055,35.995],[139.055,35.9975],[139.0525,35.9975],[139.0525,35.995]]]},"properties":{"cell_id":"g_4_29","score":0.545,"twi":7.58,"hand":31.6,"dist_to_boundary":335,"curvature":-0.0028,"spring_kde":0}},{"type":"Feature","geometry":{"type":"Polygon","coordinates":[[[139.055,35.995],[139.0575,35.995],[139.0575,35.9975],[139.055,35.9975],[139.055,35.995]]]},"properties":{"cell_id":"g_5_29","score":0.511,"twi":6.96,"hand":39.8,"dist_to_boundary":160,"curvature":-0.0027,"spring_kde":0}},{"type":"Feature","geometry":{"type":"Polygon","coordinates":[[[139.0575,35.995],[139.06,35.995],[139.06,35.9975],[139.0575,35.9975],[139.0575,35.995]]]},"properties":{"cell_id":"g_6_29","score":0.542,"twi":6.78,"hand":23.4,"dist_to_boundary":29,"curvature":0.0017,"spring_kde":0}},{"type":"Feature","geometry":{"type":"Polygon","coordinates":[[[139.06,35.995],[139.0625,35.995],[139.0625,35.9975],[139.06,35.9975],[139.06,35.995]]]},"properties":{"cell_id":"g_7_29","score":0.542,"twi":6.69,"hand":21.1,"dist_to_boundary":115,"curvature":0.0011,"spring_kde":0.002}},{"type":"Feature","geometry":{"type":"Polygon","coordinates":[[[139.0625,35.995],[139.065,35.995],[139.065,35.9975],[139.0625,35.9975],[139.0625,35.995]]]},"properties":{"cell_id":"g_8_29","score":0.522,"twi":6.97,"hand":32.8,"dist_to_boundary":232,"curvature":0.0011,"spring_kde":0.009}},{"type":"Feature","geometry":{"type":"Polygon","coordinates":[[[139.065,35.995],[139.0675,35.995],[139.0675,35.9975],[139.065,35.9975],[139.065,35.995]]]},"properties":{"cell_id":"g_9_29","score":0.559,"twi":6.93,"hand":18.9,"dist_to_boundary":177,"curvature":0.0017,"spring_kde":0.029}},{"type":"Feature","geometry":{"type":"Polygon","coordinates":[[[139.0675,35.995],[139.07,35.995],[139.07,35.9975],[139.0675,35.9975],[139.0675,35.995]]]},"properties":{"cell_id":"g_10_29","score":0.673,"twi":8.52,"hand":5,"dist_to_boundary":45,"curvature":0.0018,"spring_kde":0.076}},{"type":"Feature","geometry":{"type":"Polygon","coordinates":[[[139.07,35.995],[139.0725,35.995],[139.0725,35.9975],[139.07,35.9975],[139.07,35.995]]]},"properties":{"cell_id":"g_11_29","score":0.67,"twi":8.23,"hand":3,"dist_to_boundary":54,"curvature":-0.0011,"spring_kde":0.163}},{"type":"Feature","geometry":{"type":"Polygon","coordinates":[[[139.0725,35.995],[139.075,35.995],[139.075,35.9975],[139.0725,35.9975],[139.0725,35.995]]]},"properties":{"cell_id":"g_12_29","score":0.709,"twi":9.07,"hand":4.8,"dist_to_boundary":161,"curvature":-0.0002,"spring_kde":0.289}},{"type":"Feature","geometry":{"type":"Polygon","coordinates":[[[139.075,35.995],[139.0775,35.995],[139.0775,35.9975],[139.075,35.9975],[139.075,35.995]]]},"properties":{"cell_id":"g_13_29","score":0.695,"twi":9.05,"hand":4.4,"dist_to_boundary":386,"curvature":-0.0001,"spring_kde":0.426}},{"type":"Feature","geometry":{"type":"Polygon","coordinates":[[[139.0775,35.995],[139.08,35.995],[139.08,35.9975],[139.0775,35.9975],[139.0775,35.995]]]},"properties":{"cell_id":"g_14_29","score":0.688,"twi":9.11,"hand":3.6,"dist_to_boundary":604,"curvature":0,"spring_kde":0.538}},{"type":"Feature","geometry":{"type":"Polygon","coordinates":[[[139.08,35.995],[139.0825,35.995],[139.0825,35.9975],[139.08,35.9975],[139.08,35.995]]]},"properties":{"cell_id":"g_15_29","score":0.684,"twi":9.27,"hand":2.5,"dist_to_boundary":794,"curvature":0,"spring_kde":0.606}},{"type":"Feature","geometry":{"type":"Polygon","coordinates":[[[139.0825,35.995],[139.085,35.995],[139.085,35.9975],[139.0825,35.9975],[139.0825,35.995]]]},"properties":{"cell_id":"g_16_29","score":0.714,"twi":9.35,"hand":1.5,"dist_to_boundary":602,"curvature":0.0003,"spring_kde":0.647}},{"type":"Feature","geometry":{"type":"Polygon","coordinates":[[[139.085,35.995],[139.0875,35.995],[139.0875,35.9975],[139.085,35.9975],[139.085,35.995]]]},"properties":{"cell_id":"g_17_29","score":0.73,"twi":9.14,"hand":2.7,"dist_to_boundary":380,"curvature":-0.0002,"spring_kde":0.681}},{"type":"Feature","geometry":{"type":"Polygon","coordinates":[[[139.0875,35.995],[139.09,35.995],[139.09,35.9975],[139.0875,35.9975],[139.0875,35.995]]]},"properties":{"cell_id":"g_18_29","score":0.743,"twi":9.89,"hand":41.9,"dist_to_boundary":157,"curvature":0.0001,"spring_kde":0.696}},{"type":"Feature","geometry":{"type":"Polygon","coordinates":[[[139.09,35.995],[139.0925,35.995],[139.0925,35.9975],[139.09,35.9975],[139.09,35.995]]]},"properties":{"cell_id":"g_19_29","score":0.774,"twi":9.44,"hand":8,"dist_to_boundary":67,"curvature":0.0009,"spring_kde":0.659}},{"type":"Feature","geometry":{"type":"Polygon","coordinates":[[[139.0925,35.995],[139.095,35.995],[139.095,35.9975],[139.0925,35.9975],[139.0925,35.995]]]},"properties":{"cell_id":"g_20_29","score":0.602,"twi":6.75,"hand":30.2,"dist_to_boundary":4,"curvature":-0.0019,"spring_kde":0.561}},{"type":"Feature","geometry":{"type":"Polygon","coordinates":[[[139.095,35.995],[139.0975,35.995],[139.0975,35.9975],[139.095,35.9975],[139.095,35.995]]]},"properties":{"cell_id":"g_21_29","score":0.693,"twi":8.42,"hand":7,"dist_to_boundary":64,"curvature":0.0016,"spring_kde":0.433}},{"type":"Feature","geometry":{"type":"Polygon","coordinates":[[[139.0975,35.995],[139.1,35.995],[139.1,35.9975],[139.0975,35.9975],[139.0975,35.995]]]},"properties":{"cell_id":"g_22_29","score":0.725,"twi":9.22,"hand":3.5,"dist_to_boundary":116,"curvature":0.0002,"spring_kde":0.312}},{"type":"Feature","geometry":{"type":"Polygon","coordinates":[[[139.1,35.995],[139.1025,35.995],[139.1025,35.9975],[139.1,35.9975],[139.1,35.995]]]},"properties":{"cell_id":"g_23_29","score":0.653,"twi":8.11,"hand":9.8,"dist_to_boundary":86,"curvature":-0.0003,"spring_kde":0.216}},{"type":"Feature","geometry":{"type":"Polygon","coordinates":[[[139.1025,35.995],[139.105,35.995],[139.105,35.9975],[139.1025,35.9975],[139.1025,35.995]]]},"properties":{"cell_id":"g_24_29","score":0.672,"twi":8.42,"hand":9.4,"dist_to_boundary":20,"curvature":-0.0001,"spring_kde":0.141}},{"type":"Feature","geometry":{"type":"Polygon","coordinates":[[[139.105,35.995],[139.1075,35.995],[139.1075,35.9975],[139.105,35.9975],[139.105,35.995]]]},"properties":{"cell_id":"g_25_29","score":0.687,"twi":9.01,"hand":11.6,"dist_to_boundary":35,"curvature":0.0002,"spring_kde":0.084}},{"type":"Feature","geometry":{"type":"Polygon","coordinates":[[[139.1075,35.995],[139.11,35.995],[139.11,35.9975],[139.1075,35.9975],[139.1075,35.995]]]},"properties":{"cell_id":"g_26_29","score":0.575,"twi":7.04,"hand":19.2,"dist_to_boundary":1,"curvature":-0.0003,"spring_kde":0.043}},{"type":"Feature","geometry":{"type":"Polygon","coordinates":[[[139.11,35.995],[139.1125,35.995],[139.1125,35.9975],[139.11,35.9975],[139.11,35.995]]]},"properties":{"cell_id":"g_27_29","score":0.557,"twi":6.58,"hand":14.9,"dist_to_boundary":144,"curvature":0.0028,"spring_kde":0.019}},{"type":"Feature","geometry":{"type":"Polygon","coordinates":[[[139.1125,35.995],[139.115,35.995],[139.115,35.9975],[139.1125,35.9975],[139.1125,35.995]]]},"properties":{"cell_id":"g_28_29","score":0.551,"twi":6.77,"hand":24.9,"dist_to_boundary":13,"curvature":0.0008,"spring_kde":0.008}},{"type":"Feature","geometry":{"type":"Polygon","coordinates":[[[139.115,35.995],[139.1175,35.995],[139.1175,35.9975],[139.115,35.9975],[139.115,35.995]]]},"properties":{"cell_id":"g_29_29","score":0.455,"twi":6.23,"hand":47.4,"dist_to_boundary":238,"curvature":-0.0011,"spring_kde":0.004}},{"type":"Feature","geometry":{"type":"Polygon","coordinates":[[[139.1175,35.995],[139.12,35.995],[139.12,35.9975],[139.1175,35.9975],[139.1175,35.995]]]},"properties":{"cell_id":"g_30_29","score":0.414,"twi":6.27,"hand":64.5,"dist_to_boundary":359,"curvature":-0.0035,"spring_kde":0.003}},{"type":"Feature","geometry":{"type":"Polygon","coordinates":[[[139.12,35.995],[139.1225,35.995],[139.1225,35.9975],[139.12,35.9975],[139.12,35.995]]]},"properties":{"cell_id":"g_31_29","score":0.481,"twi":7,"hand":39.4,"dist_to_boundary":471,"curvature":0.0011,"spring_kde":0.003}},{"type":"Feature","geometry":{"type":"Polygon","coordinates":[[[139.1225,35.995],[139.125,35.995],[139.125,35.9975],[139.1225,35.9975],[139.1225,35.995]]]},"properties":{"cell_id":"g_32_29","score":0.464,"twi":6.75,"hand":40.3,"dist_to_boundary":517,"curvature":-0.0014,"spring_kde":0.003}},{"type":"Feature","geometry":{"type":"Polygon","coordinates":[[[139.125,35.995],[139.1275,35.995],[139.1275,35.9975],[139.125,35.9975],[139.125,35.995]]]},"properties":{"cell_id":"g_33_29","score":0.463,"twi":6.6,"hand":36.4,"dist_to_boundary":550,"curvature":0.0018,"spring_kde":0.002}},{"type":"Feature","geometry":{"type":"Polygon","coordinates":[[[139.1275,35.995],[139.13,35.995],[139.13,35.9975],[139.1275,35.9975],[139.1275,35.995]]]},"properties":{"cell_id":"g_34_29","score":0.422,"twi":6.49,"hand":48.5,"dist_to_boundary":589,"curvature":-0.0017,"spring_kde":0.001}},{"type":"Feature","geometry":{"type":"Polygon","coordinates":[[[139.13,35.995],[139.1325,35.995],[139.1325,35.9975],[139.13,35.9975],[139.13,35.995]]]},"properties":{"cell_id":"g_35_29","score":0.421,"twi":6.6,"hand":52.2,"dist_to_boundary":602,"curvature":-0.0025,"spring_kde":0.001}},{"type":"Feature","geometry":{"type":"Polygon","coordinates":[[[139.1325,35.995],[139.135,35.995],[139.135,35.9975],[139.1325,35.9975],[139.1325,35.995]]]},"properties":{"cell_id":"g_36_29","score":0.465,"twi":7.08,"hand":38.7,"dist_to_boundary":664,"curvature":0.0001,"spring_kde":0}},{"type":"Feature","geometry":{"type":"Polygon","coordinates":[[[139.135,35.995],[139.1375,35.995],[139.1375,35.9975],[139.135,35.9975],[139.135,35.995]]]},"properties":{"cell_id":"g_37_29","score":0.466,"twi":7.25,"hand":41.4,"dist_to_boundary":656,"curvature":0.0008,"spring_kde":0}},{"type":"Feature","geometry":{"type":"Polygon","coordinates":[[[139.1375,35.995],[139.14,35.995],[139.14,35.9975],[139.1375,35.9975],[139.1375,35.995]]]},"properties":{"cell_id":"g_38_29","score":0.412,"twi":6.35,"hand":52.4,"dist_to_boundary":526,"curvature":-0.0004,"spring_kde":0}},{"type":"Feature","geometry":{"type":"Polygon","coordinates":[[[139.14,35.995],[139.1425,35.995],[139.1425,35.9975],[139.14,35.9975],[139.14,35.995]]]},"properties":{"cell_id":"g_39_29","score":0.432,"twi":6.39,"hand":49,"dist_to_boundary":474,"curvature":0.001,"spring_kde":0}},{"type":"Feature","geometry":{"type":"Polygon","coordinates":[[[139.1425,35.995],[139.145,35.995],[139.145,35.9975],[139.1425,35.9975],[139.1425,35.995]]]},"properties":{"cell_id":"g_40_29","score":0.399,"twi":6.51,"hand":73.6,"dist_to_boundary":523,"curvature":0.0009,"spring_kde":0}},{"type":"Feature","geometry":{"type":"Polygon","coordinates":[[[139.145,35.995],[139.1475,35.995],[139.1475,35.9975],[139.145,35.9975],[139.145,35.995]]]},"properties":{"cell_id":"g_41_29","score":0.368,"twi":6.56,"hand":94.6,"dist_to_boundary":482,"curvature":-0.0022,"spring_kde":0}},{"type":"Feature","geometry":{"type":"Polygon","coordinates":[[[139.1475,35.995],[139.15,35.995],[139.15,35.9975],[139.1475,35.9975],[139.1475,35.995]]]},"properties":{"cell_id":"g_42_29","score":0.377,"twi":6.23,"hand":79,"dist_to_boundary":483,"curvature":-0.0075,"spring_kde":0}},{"type":"Feature","geometry":{"type":"Polygon","coordinates":[[[139.15,35.995],[139.1525,35.995],[139.1525,35.9975],[139.15,35.9975],[139.15,35.995]]]},"properties":{"cell_id":"g_43_29","score":0.423,"twi":6.39,"hand":52.9,"dist_to_boundary":579,"curvature":0.0009,"spring_kde":0}},{"type":"Feature","geometry":{"type":"Polygon","coordinates":[[[139.1525,35.995],[139.155,35.995],[139.155,35.9975],[139.1525,35.9975],[139.1525,35.995]]]},"properties":{"cell_id":"g_44_29","score":0.345,"twi":6.41,"hand":85.9,"dist_to_boundary":734,"curvature":-0.0023,"spring_kde":0}},{"type":"Feature","geometry":{"type":"Polygon","coordinates":[[[139.155,35.995],[139.1575,35.995],[139.1575,35.9975],[139.155,35.9975],[139.155,35.995]]]},"properties":{"cell_id":"g_45_29","score":0.323,"twi":6.1,"hand":76.7,"dist_to_boundary":919,"curvature":-0.0046,"spring_kde":0}},{"type":"Feature","geometry":{"type":"Polygon","coordinates":[[[139.0425,35.9975],[139.045,35.9975],[139.045,36],[139.0425,36],[139.0425,35.9975]]]},"properties":{"cell_id":"g_0_30","score":0.567,"twi":7.72,"hand":21.2,"dist_to_boundary":267,"curvature":-0.0003,"spring_kde":0}},{"type":"Feature","geometry":{"type":"Polygon","coordinates":[[[139.045,35.9975],[139.0475,35.9975],[139.0475,36],[139.045,36],[139.045,35.9975]]]},"properties":{"cell_id":"g_1_30","score":0.586,"twi":7.33,"hand":11.3,"dist_to_boundary":72,"curvature":0.0018,"spring_kde":0}},{"type":"Feature","geometry":{"type":"Polygon","coordinates":[[[139.0475,35.9975],[139.05,35.9975],[139.05,36],[139.0475,36],[139.0475,35.9975]]]},"properties":{"cell_id":"g_2_30","score":0.507,"twi":6.54,"hand":32.5,"dist_to_boundary":95,"curvature":-0.0009,"spring_kde":0}},{"type":"Feature","geometry":{"type":"Polygon","coordinates":[[[139.05,35.9975],[139.0525,35.9975],[139.0525,36],[139.05,36],[139.05,35.9975]]]},"properties":{"cell_id":"g_3_30","score":0.494,"twi":6.53,"hand":34.5,"dist_to_boundary":202,"curvature":-0.0027,"spring_kde":0}},{"type":"Feature","geometry":{"type":"Polygon","coordinates":[[[139.0525,35.9975],[139.055,35.9975],[139.055,36],[139.0525,36],[139.0525,35.9975]]]},"properties":{"cell_id":"g_4_30","score":0.531,"twi":6.61,"hand":25.1,"dist_to_boundary":168,"curvature":0.0019,"spring_kde":0}},{"type":"Feature","geometry":{"type":"Polygon","coordinates":[[[139.055,35.9975],[139.0575,35.9975],[139.0575,36],[139.055,36],[139.055,35.9975]]]},"properties":{"cell_id":"g_5_30","score":0.522,"twi":6.78,"hand":33.4,"dist_to_boundary":115,"curvature":-0.0023,"spring_kde":0}},{"type":"Feature","geometry":{"type":"Polygon","coordinates":[[[139.0575,35.9975],[139.06,35.9975],[139.06,36],[139.0575,36],[139.0575,35.9975]]]},"properties":{"cell_id":"g_6_30","score":0.536,"twi":7.2,"hand":30.3,"dist_to_boundary":214,"curvature":-0.0022,"spring_kde":0}},{"type":"Feature","geometry":{"type":"Polygon","coordinates":[[[139.06,35.9975],[139.0625,35.9975],[139.0625,36],[139.06,36],[139.06,35.9975]]]},"properties":{"cell_id":"g_7_30","score":0.524,"twi":6.85,"hand":26.9,"dist_to_boundary":114,"curvature":0.0004,"spring_kde":0.002}},{"type":"Feature","geometry":{"type":"Polygon","coordinates":[[[139.0625,35.9975],[139.065,35.9975],[139.065,36],[139.0625,36],[139.0625,35.9975]]]},"properties":{"cell_id":"g_8_30","score":0.526,"twi":6.91,"hand":34.8,"dist_to_boundary":71,"curvature":-0.0009,"spring_kde":0.006}},{"type":"Feature","geometry":{"type":"Polygon","coordinates":[[[139.065,35.9975],[139.0675,35.9975],[139.0675,36],[139.065,36],[139.065,35.9975]]]},"properties":{"cell_id":"g_9_30","score":0.576,"twi":7.1,"hand":16.6,"dist_to_boundary":116,"curvature":0.0006,"spring_kde":0.02}},{"type":"Feature","geometry":{"type":"Polygon","coordinates":[[[139.0675,35.9975],[139.07,35.9975],[139.07,36],[139.0675,36],[139.0675,35.9975]]]},"properties":{"cell_id":"g_10_30","score":0.662,"twi":8.27,"hand":4.8,"dist_to_boundary":16,"curvature":0.0009,"spring_kde":0.054}},{"type":"Feature","geometry":{"type":"Polygon","coordinates":[[[139.07,35.9975],[139.0725,35.9975],[139.0725,36],[139.07,36],[139.07,35.9975]]]},"properties":{"cell_id":"g_11_30","score":0.664,"twi":8.48,"hand":12.1,"dist_to_boundary":33,"curvature":-0.0004,"spring_kde":0.116}},{"type":"Feature","geometry":{"type":"Polygon","coordinates":[[[139.0725,35.9975],[139.075,35.9975],[139.075,36],[139.0725,36],[139.0725,35.9975]]]},"properties":{"cell_id":"g_12_30","score":0.702,"twi":8.99,"hand":5.3,"dist_to_boundary":81,"curvature":-0.0001,"spring_kde":0.209}},{"type":"Feature","geometry":{"type":"Polygon","coordinates":[[[139.075,35.9975],[139.0775,35.9975],[139.0775,36],[139.075,36],[139.075,35.9975]]]},"properties":{"cell_id":"g_13_30","score":0.687,"twi":8.93,"hand":4.7,"dist_to_boundary":270,"curvature":-0.0001,"spring_kde":0.32}},{"type":"Feature","geometry":{"type":"Polygon","coordinates":[[[139.0775,35.9975],[139.08,35.9975],[139.08,36],[139.0775,36],[139.0775,35.9975]]]},"properties":{"cell_id":"g_14_30","score":0.704,"twi":9.23,"hand":1.9,"dist_to_boundary":441,"curvature":0.0003,"spring_kde":0.434}},{"type":"Feature","geometry":{"type":"Polygon","coordinates":[[[139.08,35.9975],[139.0825,35.9975],[139.0825,36],[139.08,36],[139.08,35.9975]]]},"properties":{"cell_id":"g_15_30","score":0.692,"twi":9.14,"hand":2.4,"dist_to_boundary":600,"curvature":-0.0001,"spring_kde":0.554}},{"type":"Feature","geometry":{"type":"Polygon","coordinates":[[[139.0825,35.9975],[139.085,35.9975],[139.085,36],[139.0825,36],[139.0825,35.9975]]]},"properties":{"cell_id":"g_16_30","score":0.699,"twi":9.08,"hand":2.2,"dist_to_boundary":638,"curvature":0,"spring_kde":0.694}},{"type":"Feature","geometry":{"type":"Polygon","coordinates":[[[139.085,35.9975],[139.0875,35.9975],[139.0875,36],[139.085,36],[139.085,35.9975]]]},"properties":{"cell_id":"g_17_30","score":0.763,"twi":9.44,"hand":0.6,"dist_to_boundary":414,"curvature":0.0002,"spring_kde":0.843}},{"type":"Feature","geometry":{"type":"Polygon","coordinates":[[[139.0875,35.9975],[139.09,35.9975],[139.09,36],[139.0875,36],[139.0875,35.9975]]]},"properties":{"cell_id":"g_18_30","score":0.727,"twi":9.28,"hand":41.9,"dist_to_boundary":191,"curvature":-0.0001,"spring_kde":0.938}},{"type":"Feature","geometry":{"type":"Polygon","coordinates":[[[139.09,35.9975],[139.0925,35.9975],[139.0925,36],[139.09,36],[139.09,35.9975]]]},"properties":{"cell_id":"g_19_30","score":0.723,"twi":8.89,"hand":41.9,"dist_to_boundary":33,"curvature":0.0004,"spring_kde":0.909}},{"type":"Feature","geometry":{"type":"Polygon","coordinates":[[[139.0925,35.9975],[139.095,35.9975],[139.095,36],[139.0925,36],[139.0925,35.9975]]]},"properties":{"cell_id":"g_20_30","score":0.623,"twi":7.13,"hand":22.6,"dist_to_boundary":174,"curvature":-0.0005,"spring_kde":0.747}},{"type":"Feature","geometry":{"type":"Polygon","coordinates":[[[139.095,35.9975],[139.0975,35.9975],[139.0975,36],[139.095,36],[139.095,35.9975]]]},"properties":{"cell_id":"g_21_30","score":0.607,"twi":7.02,"hand":24.4,"dist_to_boundary":17,"curvature":-0.0007,"spring_kde":0.517}},{"type":"Feature","geometry":{"type":"Polygon","coordinates":[[[139.0975,35.9975],[139.1,35.9975],[139.1,36],[139.0975,36],[139.0975,35.9975]]]},"properties":{"cell_id":"g_22_30","score":0.643,"twi":7.97,"hand":16.8,"dist_to_boundary":86,"curvature":0.0005,"spring_kde":0.305}},{"type":"Feature","geometry":{"type":"Polygon","coordinates":[[[139.1,35.9975],[139.1025,35.9975],[139.1025,36],[139.1,36],[139.1,35.9975]]]},"properties":{"cell_id":"g_23_30","score":0.635,"twi":8.04,"hand":12.9,"dist_to_boundary":160,"curvature":-0.0002,"spring_kde":0.159}},{"type":"Feature","geometry":{"type":"Polygon","coordinates":[[[139.1025,35.9975],[139.105,35.9975],[139.105,36],[139.1025,36],[139.1025,35.9975]]]},"properties":{"cell_id":"g_24_30","score":0.678,"twi":8.48,"hand":7.5,"dist_to_boundary":2,"curvature":0.0004,"spring_kde":0.076}},{"type":"Feature","geometry":{"type":"Polygon","coordinates":[[[139.105,35.9975],[139.1075,35.9975],[139.1075,36],[139.105,36],[139.105,35.9975]]]},"properties":{"cell_id":"g_25_30","score":0.696,"twi":9.06,"hand":3.3,"dist_to_boundary":44,"curvature":0,"spring_kde":0.035}},{"type":"Feature","geometry":{"type":"Polygon","coordinates":[[[139.1075,35.9975],[139.11,35.9975],[139.11,36],[139.1075,36],[139.1075,35.9975]]]},"properties":{"cell_id":"g_26_30","score":0.574,"twi":7.27,"hand":15.5,"dist_to_boundary":168,"curvature":0.0003,"spring_kde":0.016}},{"type":"Feature","geometry":{"type":"Polygon","coordinates":[[[139.11,35.9975],[139.1125,35.9975],[139.1125,36],[139.11,36],[139.11,35.9975]]]},"properties":{"cell_id":"g_27_30","score":0.529,"twi":6.23,"hand":23.1,"dist_to_boundary":98,"curvature":-0.0004,"spring_kde":0.009}},{"type":"Feature","geometry":{"type":"Polygon","coordinates":[[[139.1125,35.9975],[139.115,35.9975],[139.115,36],[139.1125,36],[139.1125,35.9975]]]},"properties":{"cell_id":"g_28_30","score":0.525,"twi":6.62,"hand":30.4,"dist_to_boundary":10,"curvature":-0.0013,"spring_kde":0.008}},{"type":"Feature","geometry":{"type":"Polygon","coordinates":[[[139.115,35.9975],[139.1175,35.9975],[139.1175,36],[139.115,36],[139.115,35.9975]]]},"properties":{"cell_id":"g_29_30","score":0.483,"twi":6.4,"hand":50.9,"dist_to_boundary":36,"curvature":0.0002,"spring_kde":0.011}},{"type":"Feature","geometry":{"type":"Polygon","coordinates":[[[139.1175,35.9975],[139.12,35.9975],[139.12,36],[139.1175,36],[139.1175,35.9975]]]},"properties":{"cell_id":"g_30_30","score":0.463,"twi":6.41,"hand":57.9,"dist_to_boundary":117,"curvature":-0.0008,"spring_kde":0.014}},{"type":"Feature","geometry":{"type":"Polygon","coordinates":[[[139.12,35.9975],[139.1225,35.9975],[139.1225,36],[139.12,36],[139.12,35.9975]]]},"properties":{"cell_id":"g_31_30","score":0.415,"twi":6.26,"hand":73.9,"dist_to_boundary":207,"curvature":-0.0036,"spring_kde":0.015}},{"type":"Feature","geometry":{"type":"Polygon","coordinates":[[[139.1225,35.9975],[139.125,35.9975],[139.125,36],[139.1225,36],[139.1225,35.9975]]]},"properties":{"cell_id":"g_32_30","score":0.519,"twi":7.17,"hand":35.5,"dist_to_boundary":244,"curvature":0.0015,"spring_kde":0.013}},{"type":"Feature","geometry":{"type":"Polygon","coordinates":[[[139.125,35.9975],[139.1275,35.9975],[139.1275,36],[139.125,36],[139.125,35.9975]]]},"properties":{"cell_id":"g_33_30","score":0.48,"twi":6.79,"hand":45.7,"dist_to_boundary":287,"curvature":-0.0016,"spring_kde":0.01}},{"type":"Feature","geometry":{"type":"Polygon","coordinates":[[[139.1275,35.9975],[139.13,35.9975],[139.13,36],[139.1275,36],[139.1275,35.9975]]]},"properties":{"cell_id":"g_34_30","score":0.467,"twi":6.66,"hand":51.1,"dist_to_boundary":316,"curvature":0.0013,"spring_kde":0.006}},{"type":"Feature","geometry":{"type":"Polygon","coordinates":[[[139.13,35.9975],[139.1325,35.9975],[139.1325,36],[139.13,36],[139.13,35.9975]]]},"properties":{"cell_id":"g_35_30","score":0.45,"twi":6.58,"hand":50.6,"dist_to_boundary":336,"curvature":-0.0049,"spring_kde":0.003}},{"type":"Feature","geometry":{"type":"Polygon","coordinates":[[[139.1325,35.9975],[139.135,35.9975],[139.135,36],[139.1325,36],[139.1325,35.9975]]]},"properties":{"cell_id":"g_36_30","score":0.459,"twi":6.93,"hand":53.4,"dist_to_boundary":394,"curvature":-0.0014,"spring_kde":0.001}},{"type":"Feature","geometry":{"type":"Polygon","coordinates":[[[139.135,35.9975],[139.1375,35.9975],[139.1375,36],[139.135,36],[139.135,35.9975]]]},"properties":{"cell_id":"g_37_30","score":0.446,"twi":6.59,"hand":52.1,"dist_to_boundary":389,"curvature":-0.0017,"spring_kde":0}},{"type":"Feature","geometry":{"type":"Polygon","coordinates":[[[139.1375,35.9975],[139.14,35.9975],[139.14,36],[139.1375,36],[139.1375,35.9975]]]},"properties":{"cell_id":"g_38_30","score":0.413,"twi":6.41,"hand":64,"dist_to_boundary":464,"curvature":-0.0022,"spring_kde":0}},{"type":"Feature","geometry":{"type":"Polygon","coordinates":[[[139.14,35.9975],[139.1425,35.9975],[139.1425,36],[139.14,36],[139.14,35.9975]]]},"properties":{"cell_id":"g_39_30","score":0.391,"twi":6.37,"hand":66.2,"dist_to_boundary":593,"curvature":-0.0038,"spring_kde":0}},{"type":"Feature","geometry":{"type":"Polygon","coordinates":[[[139.1425,35.9975],[139.145,35.9975],[139.145,36],[139.1425,36],[139.1425,35.9975]]]},"properties":{"cell_id":"g_40_30","score":0.471,"twi":6.61,"hand":35.8,"dist_to_boundary":387,"curvature":0.0005,"spring_kde":0}},{"type":"Feature","geometry":{"type":"Polygon","coordinates":[[[139.145,35.9975],[139.1475,35.9975],[139.1475,36],[139.145,36],[139.145,35.9975]]]},"properties":{"cell_id":"g_41_30","score":0.43,"twi":6.39,"hand":68.8,"dist_to_boundary":222,"curvature":-0.0028,"spring_kde":0}},{"type":"Feature","geometry":{"type":"Polygon","coordinates":[[[139.1475,35.9975],[139.15,35.9975],[139.15,36],[139.1475,36],[139.1475,35.9975]]]},"properties":{"cell_id":"g_42_30","score":0.453,"twi":6.36,"hand":54.1,"dist_to_boundary":224,"curvature":-0.0003,"spring_kde":0}},{"type":"Feature","geometry":{"type":"Polygon","coordinates":[[[139.15,35.9975],[139.1525,35.9975],[139.1525,36],[139.15,36],[139.15,35.9975]]]},"properties":{"cell_id":"g_43_30","score":0.482,"twi":6.65,"hand":35.7,"dist_to_boundary":391,"curvature":0.0027,"spring_kde":0}},{"type":"Feature","geometry":{"type":"Polygon","coordinates":[[[139.1525,35.9975],[139.155,35.9975],[139.155,36],[139.1525,36],[139.1525,35.9975]]]},"properties":{"cell_id":"g_44_30","score":0.405,"twi":6.49,"hand":60.7,"dist_to_boundary":588,"curvature":-0.0025,"spring_kde":0}},{"type":"Feature","geometry":{"type":"Polygon","coordinates":[[[139.155,35.9975],[139.1575,35.9975],[139.1575,36],[139.155,36],[139.155,35.9975]]]},"properties":{"cell_id":"g_45_30","score":0.368,"twi":6.29,"hand":64.7,"dist_to_boundary":786,"curvature":0.0029,"spring_kde":0}},{"type":"Feature","geometry":{"type":"Polygon","coordinates":[[[139.0425,36],[139.045,36],[139.045,36.0025],[139.0425,36.0025],[139.0425,36]]]},"properties":{"cell_id":"g_0_31","score":0.559,"twi":7.62,"hand":16.2,"dist_to_boundary":402,"curvature":-0.0023,"spring_kde":0}},{"type":"Feature","geometry":{"type":"Polygon","coordinates":[[[139.045,36],[139.0475,36],[139.0475,36.0025],[139.045,36.0025],[139.045,36]]]},"properties":{"cell_id":"g_1_31","score":0.598,"twi":7.95,"hand":6.2,"dist_to_boundary":258,"curvature":-0.0003,"spring_kde":0}},{"type":"Feature","geometry":{"type":"Polygon","coordinates":[[[139.0475,36],[139.05,36],[139.05,36.0025],[139.0475,36.0025],[139.0475,36]]]},"properties":{"cell_id":"g_2_31","score":0.548,"twi":6.93,"hand":15.3,"dist_to_boundary":125,"curvature":0.0014,"spring_kde":0}},{"type":"Feature","geometry":{"type":"Polygon","coordinates":[[[139.05,36],[139.0525,36],[139.0525,36.0025],[139.05,36.0025],[139.05,36]]]},"properties":{"cell_id":"g_3_31","score":0.5,"twi":6.25,"hand":29.7,"dist_to_boundary":82,"curvature":-0.0009,"spring_kde":0}},{"type":"Feature","geometry":{"type":"Polygon","coordinates":[[[139.0525,36],[139.055,36],[139.055,36.0025],[139.0525,36.0025],[139.0525,36]]]},"properties":{"cell_id":"g_4_31","score":0.516,"twi":6.92,"hand":38.3,"dist_to_boundary":114,"curvature":0.0006,"spring_kde":0}},{"type":"Feature","geometry":{"type":"Polygon","coordinates":[[[139.055,36],[139.0575,36],[139.0575,36.0025],[139.055,36.0025],[139.055,36]]]},"properties":{"cell_id":"g_5_31","score":0.55,"twi":6.79,"hand":18.9,"dist_to_boundary":64,"curvature":0.0009,"spring_kde":0}},{"type":"Feature","geometry":{"type":"Polygon","coordinates":[[[139.0575,36],[139.06,36],[139.06,36.0025],[139.0575,36.0025],[139.0575,36]]]},"properties":{"cell_id":"g_6_31","score":0.524,"twi":6.77,"hand":33,"dist_to_boundary":151,"curvature":-0.0008,"spring_kde":0}},{"type":"Feature","geometry":{"type":"Polygon","coordinates":[[[139.06,36],[139.0625,36],[139.0625,36.0025],[139.06,36.0025],[139.06,36]]]},"properties":{"cell_id":"g_7_31","score":0.517,"twi":6.49,"hand":26.8,"dist_to_boundary":142,"curvature":-0.0004,"spring_kde":0.001}},{"type":"Feature","geometry":{"type":"Polygon","coordinates":[[[139.0625,36],[139.065,36],[139.065,36.0025],[139.0625,36.0025],[139.0625,36]]]},"properties":{"cell_id":"g_8_31","score":0.519,"twi":6.68,"hand":36.6,"dist_to_boundary":52,"curvature":-0.0001,"spring_kde":0.003}},{"type":"Feature","geometry":{"type":"Polygon","coordinates":[[[139.065,36],[139.0675,36],[139.0675,36.0025],[139.065,36.0025],[139.065,36]]]},"properties":{"cell_id":"g_9_31","score":0.529,"twi":6.72,"hand":32,"dist_to_boundary":97,"curvature":-0.0016,"spring_kde":0.011}},{"type":"Feature","geometry":{"type":"Polygon","coordinates":[[[139.0675,36],[139.07,36],[139.07,36.0025],[139.0675,36.0025],[139.0675,36]]]},"properties":{"cell_id":"g_10_31","score":0.638,"twi":7.77,"hand":9.1,"dist_to_boundary":26,"curvature":0.0027,"spring_kde":0.028}},{"type":"Feature","geometry":{"type":"Polygon","coordinates":[[[139.07,36],[139.0725,36],[139.0725,36.0025],[139.07,36.0025],[139.07,36]]]},"properties":{"cell_id":"g_11_31","score":0.659,"twi":8.6,"hand":8.1,"dist_to_boundary":136,"curvature":0.0002,"spring_kde":0.062}},{"type":"Feature","geometry":{"type":"Polygon","coordinates":[[[139.0725,36],[139.075,36],[139.075,36.0025],[139.0725,36.0025],[139.0725,36]]]},"properties":{"cell_id":"g_12_31","score":0.662,"twi":8.41,"hand":10.1,"dist_to_boundary":40,"curvature":0.0002,"spring_kde":0.115}},{"type":"Feature","geometry":{"type":"Polygon","coordinates":[[[139.075,36],[139.0775,36],[139.0775,36.0025],[139.075,36.0025],[139.075,36]]]},"properties":{"cell_id":"g_13_31","score":0.676,"twi":8.8,"hand":14.2,"dist_to_boundary":85,"curvature":-0.0005,"spring_kde":0.189}},{"type":"Feature","geometry":{"type":"Polygon","coordinates":[[[139.0775,36],[139.08,36],[139.08,36.0025],[139.0775,36.0025],[139.0775,36]]]},"properties":{"cell_id":"g_14_31","score":0.701,"twi":9.07,"hand":1.4,"dist_to_boundary":253,"curvature":0.0001,"spring_kde":0.289}},{"type":"Feature","geometry":{"type":"Polygon","coordinates":[[[139.08,36],[139.0825,36],[139.0825,36.0025],[139.08,36.0025],[139.08,36]]]},"properties":{"cell_id":"g_15_31","score":0.621,"twi":8.76,"hand":41.9,"dist_to_boundary":436,"curvature":-0.0002,"spring_kde":0.434}},{"type":"Feature","geometry":{"type":"Polygon","coordinates":[[[139.0825,36],[139.085,36],[139.085,36.0025],[139.0825,36.0025],[139.0825,36]]]},"properties":{"cell_id":"g_16_31","score":0.7,"twi":9.23,"hand":3.2,"dist_to_boundary":642,"curvature":0,"spring_kde":0.633}},{"type":"Feature","geometry":{"type":"Polygon","coordinates":[[[139.085,36],[139.0875,36],[139.0875,36.0025],[139.085,36.0025],[139.085,36]]]},"properties":{"cell_id":"g_17_31","score":0.745,"twi":9.23,"hand":3,"dist_to_boundary":448,"curvature":-0.0001,"spring_kde":0.852}},{"type":"Feature","geometry":{"type":"Polygon","coordinates":[[[139.0875,36],[139.09,36],[139.09,36.0025],[139.0875,36.0025],[139.0875,36]]]},"properties":{"cell_id":"g_18_31","score":0.779,"twi":9.17,"hand":3.8,"dist_to_boundary":225,"curvature":0.0001,"spring_kde":1}},{"type":"Feature","geometry":{"type":"Polygon","coordinates":[[[139.09,36],[139.0925,36],[139.0925,36.0025],[139.09,36.0025],[139.09,36]]]},"properties":{"cell_id":"g_19_31","score":0.817,"twi":9.37,"hand":1.1,"dist_to_boundary":1,"curvature":0.0004,"spring_kde":0.99}},{"type":"Feature","geometry":{"type":"Polygon","coordinates":[[[139.0925,36],[139.095,36],[139.095,36.0025],[139.0925,36.0025],[139.0925,36]]]},"properties":{"cell_id":"g_20_31","score":0.634,"twi":7.41,"hand":25.8,"dist_to_boundary":222,"curvature":0.0003,"spring_kde":0.812}},{"type":"Feature","geometry":{"type":"Polygon","coordinates":[[[139.095,36],[139.0975,36],[139.0975,36.0025],[139.095,36.0025],[139.095,36]]]},"properties":{"cell_id":"g_21_31","score":0.684,"twi":8.68,"hand":16.2,"dist_to_boundary":212,"curvature":-0.0009,"spring_kde":0.549}},{"type":"Feature","geometry":{"type":"Polygon","coordinates":[[[139.0975,36],[139.1,36],[139.1,36.0025],[139.0975,36.0025],[139.0975,36]]]},"properties":{"cell_id":"g_22_31","score":0.598,"twi":7.44,"hand":27.8,"dist_to_boundary":22,"curvature":0.0001,"spring_kde":0.307}},{"type":"Feature","geometry":{"type":"Polygon","coordinates":[[[139.1,36],[139.1025,36],[139.1025,36.0025],[139.1,36.0025],[139.1,36]]]},"properties":{"cell_id":"g_23_31","score":0.687,"twi":8.73,"hand":7.8,"dist_to_boundary":19,"curvature":0.0011,"spring_kde":0.142}},{"type":"Feature","geometry":{"type":"Polygon","coordinates":[[[139.1025,36],[139.105,36],[139.105,36.0025],[139.1025,36.0025],[139.1025,36]]]},"properties":{"cell_id":"g_24_31","score":0.644,"twi":7.92,"hand":10.8,"dist_to_boundary":45,"curvature":-0.0006,"spring_kde":0.056}},{"type":"Feature","geometry":{"type":"Polygon","coordinates":[[[139.105,36],[139.1075,36],[139.1075,36.0025],[139.105,36.0025],[139.105,36]]]},"properties":{"cell_id":"g_25_31","score":0.67,"twi":8.55,"hand":5.9,"dist_to_boundary":111,"curvature":0,"spring_kde":0.021}},{"type":"Feature","geometry":{"type":"Polygon","coordinates":[[[139.1075,36],[139.11,36],[139.11,36.0025],[139.1075,36.0025],[139.1075,36]]]},"properties":{"cell_id":"g_26_31","score":0.626,"twi":8.06,"hand":11.1,"dist_to_boundary":63,"curvature":0.0002,"spring_kde":0.011}},{"type":"Feature","geometry":{"type":"Polygon","coordinates":[[[139.11,36],[139.1125,36],[139.1125,36.0025],[139.11,36.0025],[139.11,36]]]},"properties":{"cell_id":"g_27_31","score":0.516,"twi":6.19,"hand":20.5,"dist_to_boundary":142,"curvature":-0.0012,"spring_kde":0.014}},{"type":"Feature","geometry":{"type":"Polygon","coordinates":[[[139.1125,36],[139.115,36],[139.115,36.0025],[139.1125,36.0025],[139.1125,36]]]},"properties":{"cell_id":"g_28_31","score":0.573,"twi":6.94,"hand":12.3,"dist_to_boundary":15,"curvature":0.0024,"spring_kde":0.024}},{"type":"Feature","geometry":{"type":"Polygon","coordinates":[[[139.115,36],[139.1175,36],[139.1175,36.0025],[139.115,36.0025],[139.115,36]]]},"properties":{"cell_id":"g_29_31","score":0.56,"twi":6.97,"hand":12,"dist_to_boundary":233,"curvature":0.0015,"spring_kde":0.039}},{"type":"Feature","geometry":{"type":"Polygon","coordinates":[[[139.1175,36],[139.12,36],[139.12,36.0025],[139.1175,36.0025],[139.1175,36]]]},"properties":{"cell_id":"g_30_31","score":0.531,"twi":6.5,"hand":23.3,"dist_to_boundary":88,"curvature":0.0004,"spring_kde":0.052}},{"type":"Feature","geometry":{"type":"Polygon","coordinates":[[[139.12,36],[139.1225,36],[139.1225,36.0025],[139.12,36.0025],[139.12,36]]]},"properties":{"cell_id":"g_31_31","score":0.491,"twi":6.49,"hand":47.2,"dist_to_boundary":65,"curvature":0,"spring_kde":0.056}},{"type":"Feature","geometry":{"type":"Polygon","coordinates":[[[139.1225,36],[139.125,36],[139.125,36.0025],[139.1225,36.0025],[139.1225,36]]]},"properties":{"cell_id":"g_32_31","score":0.465,"twi":6.62,"hand":68.6,"dist_to_boundary":30,"curvature":-0.0012,"spring_kde":0.049}},{"type":"Feature","geometry":{"type":"Polygon","coordinates":[[[139.125,36],[139.1275,36],[139.1275,36.0025],[139.125,36.0025],[139.125,36]]]},"properties":{"cell_id":"g_33_31","score":0.388,"twi":6.25,"hand":102.9,"dist_to_boundary":56,"curvature":-0.003,"spring_kde":0.036}},{"type":"Feature","geometry":{"type":"Polygon","coordinates":[[[139.1275,36],[139.13,36],[139.13,36.0025],[139.1275,36.0025],[139.1275,36]]]},"properties":{"cell_id":"g_34_31","score":0.466,"twi":6.52,"hand":63.3,"dist_to_boundary":44,"curvature":-0.0018,"spring_kde":0.021}},{"type":"Feature","geometry":{"type":"Polygon","coordinates":[[[139.13,36],[139.1325,36],[139.1325,36.0025],[139.13,36.0025],[139.13,36]]]},"properties":{"cell_id":"g_35_31","score":0.518,"twi":7.03,"hand":44.5,"dist_to_boundary":71,"curvature":0.001,"spring_kde":0.01}},{"type":"Feature","geometry":{"type":"Polygon","coordinates":[[[139.1325,36],[139.135,36],[139.135,36.0025],[139.1325,36.0025],[139.1325,36]]]},"properties":{"cell_id":"g_36_31","score":0.454,"twi":6.66,"hand":69.8,"dist_to_boundary":119,"curvature":-0.0009,"spring_kde":0.004}},{"type":"Feature","geometry":{"type":"Polygon","coordinates":[[[139.135,36],[139.1375,36],[139.1375,36.0025],[139.135,36.0025],[139.135,36]]]},"properties":{"cell_id":"g_37_31","score":0.496,"twi":6.3,"hand":33.3,"dist_to_boundary":115,"curvature":-0.0002,"spring_kde":0.001}},{"type":"Feature","geometry":{"type":"Polygon","coordinates":[[[139.1375,36],[139.14,36],[139.14,36.0025],[139.1375,36.0025],[139.1375,36]]]},"properties":{"cell_id":"g_38_31","score":0.551,"twi":7.27,"hand":24.3,"dist_to_boundary":252,"curvature":0.0025,"spring_kde":0}},{"type":"Feature","geometry":{"type":"Polygon","coordinates":[[[139.14,36],[139.1425,36],[139.1425,36.0025],[139.14,36.0025],[139.14,36]]]},"properties":{"cell_id":"g_39_31","score":0.496,"twi":7.04,"hand":34.6,"dist_to_boundary":450,"curvature":-0.0007,"spring_kde":0}},{"type":"Feature","geometry":{"type":"Polygon","coordinates":[[[139.1425,36],[139.145,36],[139.145,36.0025],[139.1425,36.0025],[139.1425,36]]]},"properties":{"cell_id":"g_40_31","score":0.487,"twi":6.95,"hand":42.4,"dist_to_boundary":346,"curvature":-0.0009,"spring_kde":0}},{"type":"Feature","geometry":{"type":"Polygon","coordinates":[[[139.145,36],[139.1475,36],[139.1475,36.0025],[139.145,36.0025],[139.145,36]]]},"properties":{"cell_id":"g_41_31","score":0.441,"twi":6.41,"hand":71.1,"dist_to_boundary":137,"curvature":-0.0031,"spring_kde":0}},{"type":"Feature","geometry":{"type":"Polygon","coordinates":[[[139.1475,36],[139.15,36],[139.15,36.0025],[139.1475,36.0025],[139.1475,36]]]},"properties":{"cell_id":"g_42_31","score":0.498,"twi":6.38,"hand":40.1,"dist_to_boundary":61,"curvature":0.0034,"spring_kde":0}},{"type":"Feature","geometry":{"type":"Polygon","coordinates":[[[139.15,36],[139.1525,36],[139.1525,36.0025],[139.15,36.0025],[139.15,36]]]},"properties":{"cell_id":"g_43_31","score":0.473,"twi":6.52,"hand":43.1,"dist_to_boundary":259,"curvature":-0.0011,"spring_kde":0}},{"type":"Feature","geometry":{"type":"Polygon","coordinates":[[[139.1525,36],[139.155,36],[139.155,36.0025],[139.1525,36.0025],[139.1525,36]]]},"properties":{"cell_id":"g_44_31","score":0.452,"twi":6.47,"hand":42.7,"dist_to_boundary":457,"curvature":0.0002,"spring_kde":0}},{"type":"Feature","geometry":{"type":"Polygon","coordinates":[[[139.155,36],[139.1575,36],[139.1575,36.0025],[139.155,36.0025],[139.155,36]]]},"properties":{"cell_id":"g_45_31","score":0.418,"twi":6.16,"hand":43.9,"dist_to_boundary":664,"curvature":-0.0004,"spring_kde":0}},{"type":"Feature","geometry":{"type":"Polygon","coordinates":[[[139.0425,36.0025],[139.045,36.0025],[139.045,36.005],[139.0425,36.005],[139.0425,36.0025]]]},"properties":{"cell_id":"g_0_32","score":0.474,"twi":6.37,"hand":27,"dist_to_boundary":542,"curvature":0.0002,"spring_kde":0}},{"type":"Feature","geometry":{"type":"Polygon","coordinates":[[[139.045,36.0025],[139.0475,36.0025],[139.0475,36.005],[139.045,36.005],[139.045,36.0025]]]},"properties":{"cell_id":"g_1_32","score":0.546,"twi":7.34,"hand":15.1,"dist_to_boundary":440,"curvature":-0.0011,"spring_kde":0}},{"type":"Feature","geometry":{"type":"Polygon","coordinates":[[[139.0475,36.0025],[139.05,36.0025],[139.05,36.005],[139.0475,36.005],[139.0475,36.0025]]]},"properties":{"cell_id":"g_2_32","score":0.595,"twi":7.75,"hand":7.9,"dist_to_boundary":224,"curvature":0.0007,"spring_kde":0}},{"type":"Feature","geometry":{"type":"Polygon","coordinates":[[[139.05,36.0025],[139.0525,36.0025],[139.0525,36.005],[139.05,36.005],[139.05,36.0025]]]},"properties":{"cell_id":"g_3_32","score":0.577,"twi":7.17,"hand":13.1,"dist_to_boundary":15,"curvature":0.0018,"spring_kde":0}},{"type":"Feature","geometry":{"type":"Polygon","coordinates":[[[139.0525,36.0025],[139.055,36.0025],[139.055,36.005],[139.0525,36.005],[139.0525,36.0025]]]},"properties":{"cell_id":"g_4_32","score":0.475,"twi":6.58,"hand":47.8,"dist_to_boundary":168,"curvature":-0.0019,"spring_kde":0}},{"type":"Feature","geometry":{"type":"Polygon","coordinates":[[[139.055,36.0025],[139.0575,36.0025],[139.0575,36.005],[139.055,36.005],[139.055,36.0025]]]},"properties":{"cell_id":"g_5_32","score":0.508,"twi":6.64,"hand":39.6,"dist_to_boundary":50,"curvature":-0.0018,"spring_kde":0}},{"type":"Feature","geometry":{"type":"Polygon","coordinates":[[[139.0575,36.0025],[139.06,36.0025],[139.06,36.005],[139.0575,36.005],[139.0575,36.0025]]]},"properties":{"cell_id":"g_6_32","score":0.533,"twi":6.63,"hand":33.2,"dist_to_boundary":83,"curvature":0.001,"spring_kde":0}},{"type":"Feature","geometry":{"type":"Polygon","coordinates":[[[139.06,36.0025],[139.0625,36.0025],[139.0625,36.005],[139.06,36.005],[139.06,36.0025]]]},"properties":{"cell_id":"g_7_32","score":0.545,"twi":6.95,"hand":31.5,"dist_to_boundary":46,"curvature":-0.0017,"spring_kde":0}},{"type":"Feature","geometry":{"type":"Polygon","coordinates":[[[139.0625,36.0025],[139.065,36.0025],[139.065,36.005],[139.0625,36.005],[139.0625,36.0025]]]},"properties":{"cell_id":"g_8_32","score":0.544,"twi":6.62,"hand":18.3,"dist_to_boundary":164,"curvature":0.0008,"spring_kde":0.001}},{"type":"Feature","geometry":{"type":"Polygon","coordinates":[[[139.065,36.0025],[139.0675,36.0025],[139.0675,36.005],[139.065,36.005],[139.065,36.0025]]]},"properties":{"cell_id":"g_9_32","score":0.56,"twi":7.02,"hand":18.2,"dist_to_boundary":129,"curvature":0.0019,"spring_kde":0.004}},{"type":"Feature","geometry":{"type":"Polygon","coordinates":[[[139.0675,36.0025],[139.07,36.0025],[139.07,36.005],[139.0675,36.005],[139.0675,36.0025]]]},"properties":{"cell_id":"g_10_32","score":0.618,"twi":8.03,"hand":14.9,"dist_to_boundary":87,"curvature":-0.001,"spring_kde":0.011}},{"type":"Feature","geometry":{"type":"Polygon","coordinates":[[[139.07,36.0025],[139.0725,36.0025],[139.0725,36.005],[139.07,36.005],[139.07,36.0025]]]},"properties":{"cell_id":"g_11_32","score":0.597,"twi":7.32,"hand":18.4,"dist_to_boundary":0,"curvature":0.0007,"spring_kde":0.025}},{"type":"Feature","geometry":{"type":"Polygon","coordinates":[[[139.0725,36.0025],[139.075,36.0025],[139.075,36.005],[139.0725,36.005],[139.0725,36.0025]]]},"properties":{"cell_id":"g_12_32","score":0.664,"twi":8.41,"hand":6.8,"dist_to_boundary":16,"curvature":0.0005,"spring_kde":0.05}},{"type":"Feature","geometry":{"type":"Polygon","coordinates":[[[139.075,36.0025],[139.0775,36.0025],[139.0775,36.005],[139.075,36.005],[139.075,36.0025]]]},"properties":{"cell_id":"g_13_32","score":0.642,"twi":8.01,"hand":10.9,"dist_to_boundary":52,"curvature":0.0002,"spring_kde":0.091}},{"type":"Feature","geometry":{"type":"Polygon","coordinates":[[[139.0775,36.0025],[139.08,36.0025],[139.08,36.005],[139.0775,36.005],[139.0775,36.0025]]]},"properties":{"cell_id":"g_14_32","score":0.643,"twi":9.08,"hand":41.9,"dist_to_boundary":146,"curvature":-0.0001,"spring_kde":0.164}},{"type":"Feature","geometry":{"type":"Polygon","coordinates":[[[139.08,36.0025],[139.0825,36.0025],[139.0825,36.005],[139.08,36.005],[139.08,36.0025]]]},"properties":{"cell_id":"g_15_32","score":0.687,"twi":9.05,"hand":1.1,"dist_to_boundary":369,"curvature":0.0005,"spring_kde":0.287}},{"type":"Feature","geometry":{"type":"Polygon","coordinates":[[[139.0825,36.0025],[139.085,36.0025],[139.085,36.005],[139.0825,36.005],[139.0825,36.0025]]]},"properties":{"cell_id":"g_16_32","score":0.67,"twi":8.89,"hand":5.3,"dist_to_boundary":592,"curvature":-0.0004,"spring_kde":0.468}},{"type":"Feature","geometry":{"type":"Polygon","coordinates":[[[139.085,36.0025],[139.0875,36.0025],[139.0875,36.005],[139.085,36.005],[139.085,36.0025]]]},"properties":{"cell_id":"g_17_32","score":0.743,"twi":9.64,"hand":3.9,"dist_to_boundary":482,"curvature":0.0001,"spring_kde":0.669}},{"type":"Feature","geometry":{"type":"Polygon","coordinates":[[[139.0875,36.0025],[139.09,36.0025],[139.09,36.005],[139.0875,36.005],[139.0875,36.0025]]]},"properties":{"cell_id":"g_18_32","score":0.756,"twi":9.09,"hand":2.4,"dist_to_boundary":260,"curvature":0,"spring_kde":0.808}},{"type":"Feature","geometry":{"type":"Polygon","coordinates":[[[139.09,36.0025],[139.0925,36.0025],[139.0925,36.005],[139.09,36.005],[139.09,36.0025]]]},"properties":{"cell_id":"g_19_32","score":0.798,"twi":9.5,"hand":3.4,"dist_to_boundary":41,"curvature":-0.0002,"spring_kde":0.809}},{"type":"Feature","geometry":{"type":"Polygon","coordinates":[[[139.0925,36.0025],[139.095,36.0025],[139.095,36.005],[139.0925,36.005],[139.0925,36.0025]]]},"properties":{"cell_id":"g_20_32","score":0.657,"twi":7.87,"hand":21.8,"dist_to_boundary":178,"curvature":-0.0002,"spring_kde":0.666}},{"type":"Feature","geometry":{"type":"Polygon","coordinates":[[[139.095,36.0025],[139.0975,36.0025],[139.0975,36.005],[139.095,36.005],[139.095,36.0025]]]},"properties":{"cell_id":"g_21_32","score":0.678,"twi":8.58,"hand":9.7,"dist_to_boundary":249,"curvature":0,"spring_kde":0.449}},{"type":"Feature","geometry":{"type":"Polygon","coordinates":[[[139.0975,36.0025],[139.1,36.0025],[139.1,36.005],[139.0975,36.005],[139.0975,36.0025]]]},"properties":{"cell_id":"g_22_32","score":0.628,"twi":7.92,"hand":17.7,"dist_to_boundary":103,"curvature":-0.0013,"spring_kde":0.248}},{"type":"Feature","geometry":{"type":"Polygon","coordinates":[[[139.1,36.0025],[139.1025,36.0025],[139.1025,36.005],[139.1,36.005],[139.1,36.0025]]]},"properties":{"cell_id":"g_23_32","score":0.533,"twi":6.29,"hand":24.1,"dist_to_boundary":79,"curvature":-0.0009,"spring_kde":0.112}},{"type":"Feature","geometry":{"type":"Polygon","coordinates":[[[139.1025,36.0025],[139.105,36.0025],[139.105,36.005],[139.1025,36.005],[139.1025,36.0025]]]},"properties":{"cell_id":"g_24_32","score":0.602,"twi":7.6,"hand":14.9,"dist_to_boundary":159,"curvature":-0.0014,"spring_kde":0.043}},{"type":"Feature","geometry":{"type":"Polygon","coordinates":[[[139.105,36.0025],[139.1075,36.0025],[139.1075,36.005],[139.105,36.005],[139.105,36.0025]]]},"properties":{"cell_id":"g_25_32","score":0.652,"twi":8.34,"hand":12,"dist_to_boundary":14,"curvature":0.0014,"spring_kde":0.017}},{"type":"Feature","geometry":{"type":"Polygon","coordinates":[[[139.1075,36.0025],[139.11,36.0025],[139.11,36.005],[139.1075,36.005],[139.1075,36.0025]]]},"properties":{"cell_id":"g_26_32","score":0.701,"twi":9.21,"hand":8.7,"dist_to_boundary":1,"curvature":0.0017,"spring_kde":0.017}},{"type":"Feature","geometry":{"type":"Polygon","coordinates":[[[139.11,36.0025],[139.1125,36.0025],[139.1125,36.005],[139.11,36.005],[139.11,36.0025]]]},"properties":{"cell_id":"g_27_32","score":0.552,"twi":6.87,"hand":19.5,"dist_to_boundary":129,"curvature":-0.0011,"spring_kde":0.033}},{"type":"Feature","geometry":{"type":"Polygon","coordinates":[[[139.1125,36.0025],[139.115,36.0025],[139.115,36.005],[139.1125,36.005],[139.1125,36.0025]]]},"properties":{"cell_id":"g_28_32","score":0.606,"twi":7.43,"hand":11.1,"dist_to_boundary":26,"curvature":0.0022,"spring_kde":0.065}},{"type":"Feature","geometry":{"type":"Polygon","coordinates":[[[139.115,36.0025],[139.1175,36.0025],[139.1175,36.005],[139.115,36.005],[139.115,36.0025]]]},"properties":{"cell_id":"g_29_32","score":0.521,"twi":6.65,"hand":27.2,"dist_to_boundary":248,"curvature":0.0014,"spring_kde":0.106}},{"type":"Feature","geometry":{"type":"Polygon","coordinates":[[[139.1175,36.0025],[139.12,36.0025],[139.12,36.005],[139.1175,36.005],[139.1175,36.0025]]]},"properties":{"cell_id":"g_30_32","score":0.492,"twi":6.44,"hand":29.5,"dist_to_boundary":363,"curvature":-0.0015,"spring_kde":0.14}},{"type":"Feature","geometry":{"type":"Polygon","coordinates":[[[139.12,36.0025],[139.1225,36.0025],[139.1225,36.005],[139.12,36.005],[139.12,36.0025]]]},"properties":{"cell_id":"g_31_32","score":0.495,"twi":6.79,"hand":44.2,"dist_to_boundary":338,"curvature":0.0011,"spring_kde":0.152}},{"type":"Feature","geometry":{"type":"Polygon","coordinates":[[[139.1225,36.0025],[139.125,36.0025],[139.125,36.005],[139.1225,36.005],[139.1225,36.0025]]]},"properties":{"cell_id":"g_32_32","score":0.466,"twi":6.81,"hand":61.8,"dist_to_boundary":291,"curvature":-0.001,"spring_kde":0.135}},{"type":"Feature","geometry":{"type":"Polygon","coordinates":[[[139.125,36.0025],[139.1275,36.0025],[139.1275,36.005],[139.125,36.005],[139.125,36.0025]]]},"properties":{"cell_id":"g_33_32","score":0.503,"twi":6.5,"hand":37.7,"dist_to_boundary":213,"curvature":0.002,"spring_kde":0.097}},{"type":"Feature","geometry":{"type":"Polygon","coordinates":[[[139.1275,36.0025],[139.13,36.0025],[139.13,36.005],[139.1275,36.005],[139.1275,36.0025]]]},"properties":{"cell_id":"g_34_32","score":0.482,"twi":6.44,"hand":44.7,"dist_to_boundary":228,"curvature":-0.0013,"spring_kde":0.058}},{"type":"Feature","geometry":{"type":"Polygon","coordinates":[[[139.13,36.0025],[139.1325,36.0025],[139.1325,36.005],[139.13,36.005],[139.13,36.0025]]]},"properties":{"cell_id":"g_35_32","score":0.505,"twi":6.67,"hand":33.9,"dist_to_boundary":192,"curvature":-0.0006,"spring_kde":0.028}},{"type":"Feature","geometry":{"type":"Polygon","coordinates":[[[139.1325,36.0025],[139.135,36.0025],[139.135,36.005],[139.1325,36.005],[139.1325,36.0025]]]},"properties":{"cell_id":"g_36_32","score":0.476,"twi":6.52,"hand":49.2,"dist_to_boundary":157,"curvature":-0.0013,"spring_kde":0.011}},{"type":"Feature","geometry":{"type":"Polygon","coordinates":[[[139.135,36.0025],[139.1375,36.0025],[139.1375,36.005],[139.135,36.005],[139.135,36.0025]]]},"properties":{"cell_id":"g_37_32","score":0.562,"twi":6.84,"hand":24,"dist_to_boundary":70,"curvature":0.004,"spring_kde":0.004}},{"type":"Feature","geometry":{"type":"Polygon","coordinates":[[[139.1375,36.0025],[139.14,36.0025],[139.14,36.005],[139.1375,36.005],[139.1375,36.0025]]]},"properties":{"cell_id":"g_38_32","score":0.398,"twi":6.17,"hand":89.3,"dist_to_boundary":146,"curvature":-0.0055,"spring_kde":0.001}},{"type":"Feature","geometry":{"type":"Polygon","coordinates":[[[139.14,36.0025],[139.1425,36.0025],[139.1425,36.005],[139.14,36.005],[139.14,36.0025]]]},"properties":{"cell_id":"g_39_32","score":0.441,"twi":6.32,"hand":63,"dist_to_boundary":267,"curvature":0.0003,"spring_kde":0}},{"type":"Feature","geometry":{"type":"Polygon","coordinates":[[[139.1425,36.0025],[139.145,36.0025],[139.145,36.005],[139.1425,36.005],[139.1425,36.0025]]]},"properties":{"cell_id":"g_40_32","score":0.443,"twi":6.58,"hand":56.1,"dist_to_boundary":400,"curvature":-0.0029,"spring_kde":0}},{"type":"Feature","geometry":{"type":"Polygon","coordinates":[[[139.145,36.0025],[139.1475,36.0025],[139.1475,36.005],[139.145,36.005],[139.145,36.0025]]]},"properties":{"cell_id":"g_41_32","score":0.481,"twi":6.79,"hand":48.7,"dist_to_boundary":269,"curvature":-0.0019,"spring_kde":0}},{"type":"Feature","geometry":{"type":"Polygon","coordinates":[[[139.1475,36.0025],[139.15,36.0025],[139.15,36.005],[139.1475,36.005],[139.1475,36.0025]]]},"properties":{"cell_id":"g_42_32","score":0.516,"twi":6.57,"hand":34.2,"dist_to_boundary":66,"curvature":0.0008,"spring_kde":0}},{"type":"Feature","geometry":{"type":"Polygon","coordinates":[[[139.15,36.0025],[139.1525,36.0025],[139.1525,36.005],[139.15,36.005],[139.15,36.0025]]]},"properties":{"cell_id":"g_43_32","score":0.466,"twi":6.43,"hand":54,"dist_to_boundary":144,"curvature":-0.0016,"spring_kde":0}},{"type":"Feature","geometry":{"type":"Polygon","coordinates":[[[139.1525,36.0025],[139.155,36.0025],[139.155,36.005],[139.1525,36.005],[139.1525,36.0025]]]},"properties":{"cell_id":"g_44_32","score":0.453,"twi":6.29,"hand":41.6,"dist_to_boundary":354,"curvature":-0.0018,"spring_kde":0}},{"type":"Feature","geometry":{"type":"Polygon","coordinates":[[[139.155,36.0025],[139.1575,36.0025],[139.1575,36.005],[139.155,36.005],[139.155,36.0025]]]},"properties":{"cell_id":"g_45_32","score":0.415,"twi":6.13,"hand":52.1,"dist_to_boundary":564,"curvature":-0.0011,"spring_kde":0}},{"type":"Feature","geometry":{"type":"Polygon","coordinates":[[[139.0425,36.005],[139.045,36.005],[139.045,36.0075],[139.0425,36.0075],[139.0425,36.005]]]},"properties":{"cell_id":"g_0_33","score":0.559,"twi":7.39,"hand":11.7,"dist_to_boundary":432,"curvature":0,"spring_kde":0}},{"type":"Feature","geometry":{"type":"Polygon","coordinates":[[[139.045,36.005],[139.0475,36.005],[139.0475,36.0075],[139.045,36.0075],[139.045,36.005]]]},"properties":{"cell_id":"g_1_33","score":0.516,"twi":7.05,"hand":17.1,"dist_to_boundary":540,"curvature":0.0011,"spring_kde":0}},{"type":"Feature","geometry":{"type":"Polygon","coordinates":[[[139.0475,36.005],[139.05,36.005],[139.05,36.0075],[139.0475,36.0075],[139.0475,36.005]]]},"properties":{"cell_id":"g_2_33","score":0.529,"twi":7.06,"hand":16.8,"dist_to_boundary":348,"curvature":-0.0017,"spring_kde":0}},{"type":"Feature","geometry":{"type":"Polygon","coordinates":[[[139.05,36.005],[139.0525,36.005],[139.0525,36.0075],[139.05,36.0075],[139.05,36.005]]]},"properties":{"cell_id":"g_3_33","score":0.594,"twi":7.63,"hand":8.1,"dist_to_boundary":175,"curvature":0.0016,"spring_kde":0}},{"type":"Feature","geometry":{"type":"Polygon","coordinates":[[[139.0525,36.005],[139.055,36.005],[139.055,36.0075],[139.0525,36.0075],[139.0525,36.005]]]},"properties":{"cell_id":"g_4_33","score":0.553,"twi":7.07,"hand":17.6,"dist_to_boundary":104,"curvature":0.0012,"spring_kde":0}},{"type":"Feature","geometry":{"type":"Polygon","coordinates":[[[139.055,36.005],[139.0575,36.005],[139.0575,36.0075],[139.055,36.0075],[139.055,36.005]]]},"properties":{"cell_id":"g_5_33","score":0.49,"twi":6.6,"hand":38.2,"dist_to_boundary":165,"curvature":-0.0023,"spring_kde":0}},{"type":"Feature","geometry":{"type":"Polygon","coordinates":[[[139.0575,36.005],[139.06,36.005],[139.06,36.0075],[139.0575,36.0075],[139.0575,36.005]]]},"properties":{"cell_id":"g_6_33","score":0.567,"twi":6.73,"hand":17.9,"dist_to_boundary":60,"curvature":0.0052,"spring_kde":0}},{"type":"Feature","geometry":{"type":"Polygon","coordinates":[[[139.06,36.005],[139.0625,36.005],[139.0625,36.0075],[139.06,36.0075],[139.06,36.005]]]},"properties":{"cell_id":"g_7_33","score":0.486,"twi":6.52,"hand":45.4,"dist_to_boundary":145,"curvature":-0.0031,"spring_kde":0}},{"type":"Feature","geometry":{"type":"Polygon","coordinates":[[[139.0625,36.005],[139.065,36.005],[139.065,36.0075],[139.0625,36.0075],[139.0625,36.005]]]},"properties":{"cell_id":"g_8_33","score":0.543,"twi":7.18,"hand":32.3,"dist_to_boundary":80,"curvature":-0.002,"spring_kde":0}},{"type":"Feature","geometry":{"type":"Polygon","coordinates":[[[139.065,36.005],[139.0675,36.005],[139.0675,36.0075],[139.065,36.0075],[139.065,36.005]]]},"properties":{"cell_id":"g_9_33","score":0.518,"twi":6.48,"hand":39.2,"dist_to_boundary":30,"curvature":-0.0006,"spring_kde":0.001}},{"type":"Feature","geometry":{"type":"Polygon","coordinates":[[[139.0675,36.005],[139.07,36.005],[139.07,36.0075],[139.0675,36.0075],[139.0675,36.005]]]},"properties":{"cell_id":"g_10_33","score":0.62,"twi":8.03,"hand":7,"dist_to_boundary":162,"curvature":0.001,"spring_kde":0.003}},{"type":"Feature","geometry":{"type":"Polygon","coordinates":[[[139.07,36.005],[139.0725,36.005],[139.0725,36.0075],[139.07,36.0075],[139.07,36.005]]]},"properties":{"cell_id":"g_11_33","score":0.652,"twi":8.64,"hand":15.4,"dist_to_boundary":87,"curvature":-0.0005,"spring_kde":0.008}},{"type":"Feature","geometry":{"type":"Polygon","coordinates":[[[139.0725,36.005],[139.075,36.005],[139.075,36.0075],[139.0725,36.0075],[139.0725,36.005]]]},"properties":{"cell_id":"g_12_33","score":0.611,"twi":7.79,"hand":19.8,"dist_to_boundary":28,"curvature":-0.0002,"spring_kde":0.017}},{"type":"Feature","geometry":{"type":"Polygon","coordinates":[[[139.075,36.005],[139.0775,36.005],[139.0775,36.0075],[139.075,36.0075],[139.075,36.005]]]},"properties":{"cell_id":"g_13_33","score":0.603,"twi":8.1,"hand":41.9,"dist_to_boundary":7,"curvature":0.0009,"spring_kde":0.037}},{"type":"Feature","geometry":{"type":"Polygon","coordinates":[[[139.0775,36.005],[139.08,36.005],[139.08,36.0075],[139.0775,36.0075],[139.0775,36.005]]]},"properties":{"cell_id":"g_14_33","score":0.622,"twi":8.74,"hand":41.9,"dist_to_boundary":113,"curvature":-0.0015,"spring_kde":0.079}},{"type":"Feature","geometry":{"type":"Polygon","coordinates":[[[139.08,36.005],[139.0825,36.005],[139.0825,36.0075],[139.08,36.0075],[139.08,36.005]]]},"properties":{"cell_id":"g_15_33","score":0.676,"twi":8.98,"hand":0.3,"dist_to_boundary":338,"curvature":-0.0003,"spring_kde":0.155}},{"type":"Feature","geometry":{"type":"Polygon","coordinates":[[[139.0825,36.005],[139.085,36.005],[139.085,36.0075],[139.0825,36.0075],[139.0825,36.005]]]},"properties":{"cell_id":"g_16_33","score":0.664,"twi":9.02,"hand":1.7,"dist_to_boundary":563,"curvature":0.0003,"spring_kde":0.27}},{"type":"Feature","geometry":{"type":"Polygon","coordinates":[[[139.085,36.005],[139.0875,36.005],[139.0875,36.0075],[139.085,36.0075],[139.085,36.005]]]},"properties":{"cell_id":"g_17_33","score":0.678,"twi":9.1,"hand":5.4,"dist_to_boundary":543,"curvature":-0.0003,"spring_kde":0.398}},{"type":"Feature","geometry":{"type":"Polygon","coordinates":[[[139.0875,36.005],[139.09,36.005],[139.09,36.0075],[139.0875,36.0075],[139.0875,36.005]]]},"properties":{"cell_id":"g_18_33","score":0.731,"twi":9.37,"hand":1.2,"dist_to_boundary":324,"curvature":0.0002,"spring_kde":0.487}},{"type":"Feature","geometry":{"type":"Polygon","coordinates":[[[139.09,36.005],[139.0925,36.005],[139.0925,36.0075],[139.09,36.0075],[139.09,36.005]]]},"properties":{"cell_id":"g_19_33","score":0.737,"twi":9.12,"hand":2.7,"dist_to_boundary":106,"curvature":0,"spring_kde":0.491}},{"type":"Feature","geometry":{"type":"Polygon","coordinates":[[[139.0925,36.005],[139.095,36.005],[139.095,36.0075],[139.0925,36.0075],[139.0925,36.005]]]},"properties":{"cell_id":"g_20_33","score":0.659,"twi":8.04,"hand":14.4,"dist_to_boundary":114,"curvature":0.001,"spring_kde":0.405}},{"type":"Feature","geometry":{"type":"Polygon","coordinates":[[[139.095,36.005],[139.0975,36.005],[139.0975,36.0075],[139.095,36.0075],[139.095,36.005]]]},"properties":{"cell_id":"g_21_33","score":0.647,"twi":8.19,"hand":16.9,"dist_to_boundary":30,"curvature":-0.0031,"spring_kde":0.273}},{"type":"Feature","geometry":{"type":"Polygon","coordinates":[[[139.0975,36.005],[139.1,36.005],[139.1,36.0075],[139.0975,36.0075],[139.0975,36.005]]]},"properties":{"cell_id":"g_22_33","score":0.679,"twi":8.6,"hand":8.9,"dist_to_boundary":46,"curvature":0.0018,"spring_kde":0.15}},{"type":"Feature","geometry":{"type":"Polygon","coordinates":[[[139.1,36.005],[139.1025,36.005],[139.1025,36.0075],[139.1,36.0075],[139.1,36.005]]]},"properties":{"cell_id":"g_23_33","score":0.583,"twi":7.53,"hand":20,"dist_to_boundary":102,"curvature":-0.001,"spring_kde":0.068}},{"type":"Feature","geometry":{"type":"Polygon","coordinates":[[[139.1025,36.005],[139.105,36.005],[139.105,36.0075],[139.1025,36.0075],[139.1025,36.005]]]},"properties":{"cell_id":"g_24_33","score":0.54,"twi":7.12,"hand":37.2,"dist_to_boundary":70,"curvature":-0.0009,"spring_kde":0.027}},{"type":"Feature","geometry":{"type":"Polygon","coordinates":[[[139.105,36.005],[139.1075,36.005],[139.1075,36.0075],[139.105,36.0075],[139.105,36.005]]]},"properties":{"cell_id":"g_25_33","score":0.622,"twi":7.61,"hand":10,"dist_to_boundary":75,"curvature":0.0014,"spring_kde":0.016}},{"type":"Feature","geometry":{"type":"Polygon","coordinates":[[[139.1075,36.005],[139.11,36.005],[139.11,36.0075],[139.1075,36.0075],[139.1075,36.005]]]},"properties":{"cell_id":"g_26_33","score":0.656,"twi":8.83,"hand":19.7,"dist_to_boundary":150,"curvature":-0.0006,"spring_kde":0.029}},{"type":"Feature","geometry":{"type":"Polygon","coordinates":[[[139.11,36.005],[139.1125,36.005],[139.1125,36.0075],[139.11,36.0075],[139.11,36.005]]]},"properties":{"cell_id":"g_27_33","score":0.676,"twi":8.72,"hand":5.1,"dist_to_boundary":76,"curvature":0.0005,"spring_kde":0.066}},{"type":"Feature","geometry":{"type":"Polygon","coordinates":[[[139.1125,36.005],[139.115,36.005],[139.115,36.0075],[139.1125,36.0075],[139.1125,36.005]]]},"properties":{"cell_id":"g_28_33","score":0.555,"twi":6.75,"hand":20.1,"dist_to_boundary":66,"curvature":-0.0008,"spring_kde":0.13}},{"type":"Feature","geometry":{"type":"Polygon","coordinates":[[[139.115,36.005],[139.1175,36.005],[139.1175,36.0075],[139.115,36.0075],[139.115,36.005]]]},"properties":{"cell_id":"g_29_33","score":0.511,"twi":5.98,"hand":26.7,"dist_to_boundary":164,"curvature":-0.0036,"spring_kde":0.212}},{"type":"Feature","geometry":{"type":"Polygon","coordinates":[[[139.1175,36.005],[139.12,36.005],[139.12,36.0075],[139.1175,36.0075],[139.1175,36.005]]]},"properties":{"cell_id":"g_30_33","score":0.53,"twi":6.33,"hand":24.3,"dist_to_boundary":235,"curvature":0.0014,"spring_kde":0.282}},{"type":"Feature","geometry":{"type":"Polygon","coordinates":[[[139.12,36.005],[139.1225,36.005],[139.1225,36.0075],[139.12,36.0075],[139.12,36.005]]]},"properties":{"cell_id":"g_31_33","score":0.514,"twi":6.34,"hand":25.6,"dist_to_boundary":427,"curvature":0.0022,"spring_kde":0.305}},{"type":"Feature","geometry":{"type":"Polygon","coordinates":[[[139.1225,36.005],[139.125,36.005],[139.125,36.0075],[139.1225,36.0075],[139.1225,36.005]]]},"properties":{"cell_id":"g_32_33","score":0.473,"twi":6.35,"hand":38.5,"dist_to_boundary":530,"curvature":-0.0011,"spring_kde":0.271}},{"type":"Feature","geometry":{"type":"Polygon","coordinates":[[[139.125,36.005],[139.1275,36.005],[139.1275,36.0075],[139.125,36.0075],[139.125,36.005]]]},"properties":{"cell_id":"g_33_33","score":0.501,"twi":6.77,"hand":31.3,"dist_to_boundary":484,"curvature":0.0004,"spring_kde":0.196}},{"type":"Feature","geometry":{"type":"Polygon","coordinates":[[[139.1275,36.005],[139.13,36.005],[139.13,36.0075],[139.1275,36.0075],[139.1275,36.005]]]},"properties":{"cell_id":"g_34_33","score":0.468,"twi":6.48,"hand":37.9,"dist_to_boundary":500,"curvature":0.0016,"spring_kde":0.115}},{"type":"Feature","geometry":{"type":"Polygon","coordinates":[[[139.13,36.005],[139.1325,36.005],[139.1325,36.0075],[139.13,36.0075],[139.13,36.005]]]},"properties":{"cell_id":"g_35_33","score":0.429,"twi":6.14,"hand":49.4,"dist_to_boundary":454,"curvature":-0.0029,"spring_kde":0.056}},{"type":"Feature","geometry":{"type":"Polygon","coordinates":[[[139.1325,36.005],[139.135,36.005],[139.135,36.0075],[139.1325,36.0075],[139.1325,36.005]]]},"properties":{"cell_id":"g_36_33","score":0.481,"twi":6.41,"hand":32.8,"dist_to_boundary":370,"curvature":0.0024,"spring_kde":0.022}},{"type":"Feature","geometry":{"type":"Polygon","coordinates":[[[139.135,36.005],[139.1375,36.005],[139.1375,36.0075],[139.135,36.0075],[139.135,36.005]]]},"properties":{"cell_id":"g_37_33","score":0.503,"twi":6.33,"hand":30.6,"dist_to_boundary":191,"curvature":-0.0005,"spring_kde":0.007}},{"type":"Feature","geometry":{"type":"Polygon","coordinates":[[[139.1375,36.005],[139.14,36.005],[139.14,36.0075],[139.1375,36.0075],[139.1375,36.005]]]},"properties":{"cell_id":"g_38_33","score":0.496,"twi":6.62,"hand":42.9,"dist_to_boundary":89,"curvature":0.002,"spring_kde":0.002}},{"type":"Feature","geometry":{"type":"Polygon","coordinates":[[[139.14,36.005],[139.1425,36.005],[139.1425,36.0075],[139.14,36.0075],[139.14,36.005]]]},"properties":{"cell_id":"g_39_33","score":0.534,"twi":6.55,"hand":28.4,"dist_to_boundary":44,"curvature":0.0034,"spring_kde":0}},{"type":"Feature","geometry":{"type":"Polygon","coordinates":[[[139.1425,36.005],[139.145,36.005],[139.145,36.0075],[139.1425,36.0075],[139.1425,36.005]]]},"properties":{"cell_id":"g_40_33","score":0.478,"twi":6.65,"hand":44.6,"dist_to_boundary":244,"curvature":-0.001,"spring_kde":0}},{"type":"Feature","geometry":{"type":"Polygon","coordinates":[[[139.145,36.005],[139.1475,36.005],[139.1475,36.0075],[139.145,36.0075],[139.145,36.005]]]},"properties":{"cell_id":"g_41_33","score":0.482,"twi":6.62,"hand":41.6,"dist_to_boundary":283,"curvature":0.0011,"spring_kde":0}},{"type":"Feature","geometry":{"type":"Polygon","coordinates":[[[139.1475,36.005],[139.15,36.005],[139.15,36.0075],[139.1475,36.0075],[139.1475,36.005]]]},"properties":{"cell_id":"g_42_33","score":0.492,"twi":6.59,"hand":42.1,"dist_to_boundary":166,"curvature":0.0006,"spring_kde":0}},{"type":"Feature","geometry":{"type":"Polygon","coordinates":[[[139.15,36.005],[139.1525,36.005],[139.1525,36.0075],[139.15,36.0075],[139.15,36.005]]]},"properties":{"cell_id":"g_43_33","score":0.46,"twi":6.58,"hand":67.8,"dist_to_boundary":44,"curvature":-0.0011,"spring_kde":0}},{"type":"Feature","geometry":{"type":"Polygon","coordinates":[[[139.1525,36.005],[139.155,36.005],[139.155,36.0075],[139.1525,36.0075],[139.1525,36.005]]]},"properties":{"cell_id":"g_44_33","score":0.488,"twi":6.66,"hand":39.6,"dist_to_boundary":259,"curvature":0.0007,"spring_kde":0}},{"type":"Feature","geometry":{"type":"Polygon","coordinates":[[[139.155,36.005],[139.1575,36.005],[139.1575,36.0075],[139.155,36.0075],[139.155,36.005]]]},"properties":{"cell_id":"g_45_33","score":0.456,"twi":6.26,"hand":38.8,"dist_to_boundary":446,"curvature":-0.0013,"spring_kde":0}},{"type":"Feature","geometry":{"type":"Polygon","coordinates":[[[139.0425,36.0075],[139.045,36.0075],[139.045,36.01],[139.0425,36.01],[139.0425,36.0075]]]},"properties":{"cell_id":"g_0_34","score":0.519,"twi":6.35,"hand":17.3,"dist_to_boundary":291,"curvature":0.0005,"spring_kde":0}},{"type":"Feature","geometry":{"type":"Polygon","coordinates":[[[139.045,36.0075],[139.0475,36.0075],[139.0475,36.01],[139.045,36.01],[139.045,36.0075]]]},"properties":{"cell_id":"g_1_34","score":0.469,"twi":6.16,"hand":26.4,"dist_to_boundary":515,"curvature":-0.0014,"spring_kde":0}},{"type":"Feature","geometry":{"type":"Polygon","coordinates":[[[139.0475,36.0075],[139.05,36.0075],[139.05,36.01],[139.0475,36.01],[139.0475,36.0075]]]},"properties":{"cell_id":"g_2_34","score":0.502,"twi":6.71,"hand":16.2,"dist_to_boundary":532,"curvature":0.0014,"spring_kde":0}},{"type":"Feature","geometry":{"type":"Polygon","coordinates":[[[139.05,36.0075],[139.0525,36.0075],[139.0525,36.01],[139.05,36.01],[139.05,36.0075]]]},"properties":{"cell_id":"g_3_34","score":0.54,"twi":7.29,"hand":13.4,"dist_to_boundary":426,"curvature":0.0001,"spring_kde":0}},{"type":"Feature","geometry":{"type":"Polygon","coordinates":[[[139.0525,36.0075],[139.055,36.0075],[139.055,36.01],[139.0525,36.01],[139.0525,36.0075]]]},"properties":{"cell_id":"g_4_34","score":0.558,"twi":7.41,"hand":11.9,"dist_to_boundary":380,"curvature":0.0005,"spring_kde":0}},{"type":"Feature","geometry":{"type":"Polygon","coordinates":[[[139.055,36.0075],[139.0575,36.0075],[139.0575,36.01],[139.055,36.01],[139.055,36.0075]]]},"properties":{"cell_id":"g_5_34","score":0.558,"twi":7.18,"hand":16.6,"dist_to_boundary":155,"curvature":-0.0006,"spring_kde":0}},{"type":"Feature","geometry":{"type":"Polygon","coordinates":[[[139.0575,36.0075],[139.06,36.0075],[139.06,36.01],[139.0575,36.01],[139.0575,36.0075]]]},"properties":{"cell_id":"g_6_34","score":0.571,"twi":6.95,"hand":14.5,"dist_to_boundary":70,"curvature":0.0012,"spring_kde":0}},{"type":"Feature","geometry":{"type":"Polygon","coordinates":[[[139.06,36.0075],[139.0625,36.0075],[139.0625,36.01],[139.06,36.01],[139.06,36.0075]]]},"properties":{"cell_id":"g_7_34","score":0.504,"twi":6.16,"hand":31.7,"dist_to_boundary":27,"curvature":0.0011,"spring_kde":0}},{"type":"Feature","geometry":{"type":"Polygon","coordinates":[[[139.0625,36.0075],[139.065,36.0075],[139.065,36.01],[139.0625,36.01],[139.0625,36.0075]]]},"properties":{"cell_id":"g_8_34","score":0.482,"twi":6.51,"hand":51.1,"dist_to_boundary":48,"curvature":-0.0032,"spring_kde":0}},{"type":"Feature","geometry":{"type":"Polygon","coordinates":[[[139.065,36.0075],[139.0675,36.0075],[139.0675,36.01],[139.065,36.01],[139.065,36.0075]]]},"properties":{"cell_id":"g_9_34","score":0.515,"twi":6.47,"hand":34.1,"dist_to_boundary":46,"curvature":0.0004,"spring_kde":0}},{"type":"Feature","geometry":{"type":"Polygon","coordinates":[[[139.0675,36.0075],[139.07,36.0075],[139.07,36.01],[139.0675,36.01],[139.0675,36.0075]]]},"properties":{"cell_id":"g_10_34","score":0.544,"twi":7,"hand":18.9,"dist_to_boundary":156,"curvature":0.0011,"spring_kde":0.001}},{"type":"Feature","geometry":{"type":"Polygon","coordinates":[[[139.07,36.0075],[139.0725,36.0075],[139.0725,36.01],[139.07,36.01],[139.07,36.0075]]]},"properties":{"cell_id":"g_11_34","score":0.594,"twi":7.79,"hand":10.8,"dist_to_boundary":294,"curvature":0.0005,"spring_kde":0.002}},{"type":"Feature","geometry":{"type":"Polygon","coordinates":[[[139.0725,36.0075],[139.075,36.0075],[139.075,36.01],[139.0725,36.01],[139.0725,36.0075]]]},"properties":{"cell_id":"g_12_34","score":0.597,"twi":7.25,"hand":15.8,"dist_to_boundary":70,"curvature":-0.0008,"spring_kde":0.005}},{"type":"Feature","geometry":{"type":"Polygon","coordinates":[[[139.075,36.0075],[139.0775,36.0075],[139.0775,36.01],[139.075,36.01],[139.075,36.0075]]]},"properties":{"cell_id":"g_13_34","score":0.66,"twi":8.38,"hand":8.6,"dist_to_boundary":11,"curvature":0.001,"spring_kde":0.013}},{"type":"Feature","geometry":{"type":"Polygon","coordinates":[[[139.0775,36.0075],[139.08,36.0075],[139.08,36.01],[139.0775,36.01],[139.0775,36.0075]]]},"properties":{"cell_id":"g_14_34","score":0.617,"twi":8.15,"hand":21.4,"dist_to_boundary":124,"curvature":0,"spring_kde":0.031}},{"type":"Feature","geometry":{"type":"Polygon","coordinates":[[[139.08,36.0075],[139.0825,36.0075],[139.0825,36.01],[139.08,36.01],[139.08,36.0075]]]},"properties":{"cell_id":"g_15_34","score":0.633,"twi":9.02,"hand":23.9,"dist_to_boundary":349,"curvature":0.0004,"spring_kde":0.065}},{"type":"Feature","geometry":{"type":"Polygon","coordinates":[[[139.0825,36.0075],[139.085,36.0075],[139.085,36.01],[139.0825,36.01],[139.0825,36.0075]]]},"properties":{"cell_id":"g_16_34","score":0.646,"twi":9,"hand":1,"dist_to_boundary":574,"curvature":-0.0002,"spring_kde":0.118}},{"type":"Feature","geometry":{"type":"Polygon","coordinates":[[[139.085,36.0075],[139.0875,36.0075],[139.0875,36.01],[139.085,36.01],[139.085,36.0075]]]},"properties":{"cell_id":"g_17_34","score":0.654,"twi":9.06,"hand":3.2,"dist_to_boundary":603,"curvature":0.0002,"spring_kde":0.176}},{"type":"Feature","geometry":{"type":"Polygon","coordinates":[[[139.0875,36.0075],[139.09,36.0075],[139.09,36.01],[139.0875,36.01],[139.0875,36.0075]]]},"properties":{"cell_id":"g_18_34","score":0.681,"twi":9.29,"hand":10.1,"dist_to_boundary":380,"curvature":-0.0002,"spring_kde":0.218}},{"type":"Feature","geometry":{"type":"Polygon","coordinates":[[[139.09,36.0075],[139.0925,36.0075],[139.0925,36.01],[139.09,36.01],[139.09,36.0075]]]},"properties":{"cell_id":"g_19_34","score":0.697,"twi":9.01,"hand":3.3,"dist_to_boundary":156,"curvature":-0.0001,"spring_kde":0.22}},{"type":"Feature","geometry":{"type":"Polygon","coordinates":[[[139.0925,36.0075],[139.095,36.0075],[139.095,36.01],[139.0925,36.01],[139.0925,36.0075]]]},"properties":{"cell_id":"g_20_34","score":0.645,"twi":8.12,"hand":11.9,"dist_to_boundary":67,"curvature":0.0009,"spring_kde":0.181}},{"type":"Feature","geometry":{"type":"Polygon","coordinates":[[[139.095,36.0075],[139.0975,36.0075],[139.0975,36.01],[139.095,36.01],[139.095,36.0075]]]},"properties":{"cell_id":"g_21_34","score":0.629,"twi":7.84,"hand":13.2,"dist_to_boundary":6,"curvature":0.0008,"spring_kde":0.122}},{"type":"Feature","geometry":{"type":"Polygon","coordinates":[[[139.0975,36.0075],[139.1,36.0075],[139.1,36.01],[139.0975,36.01],[139.0975,36.0075]]]},"properties":{"cell_id":"g_22_34","score":0.639,"twi":8.38,"hand":12.9,"dist_to_boundary":132,"curvature":-0.0013,"spring_kde":0.067}},{"type":"Feature","geometry":{"type":"Polygon","coordinates":[[[139.1,36.0075],[139.1025,36.0075],[139.1025,36.01],[139.1,36.01],[139.1,36.0075]]]},"properties":{"cell_id":"g_23_34","score":0.636,"twi":8.44,"hand":15.5,"dist_to_boundary":83,"curvature":-0.0009,"spring_kde":0.031}},{"type":"Feature","geometry":{"type":"Polygon","coordinates":[[[139.1025,36.0075],[139.105,36.0075],[139.105,36.01],[139.1025,36.01],[139.1025,36.0075]]]},"properties":{"cell_id":"g_24_34","score":0.535,"twi":6.45,"hand":26.1,"dist_to_boundary":43,"curvature":-0.0004,"spring_kde":0.015}},{"type":"Feature","geometry":{"type":"Polygon","coordinates":[[[139.105,36.0075],[139.1075,36.0075],[139.1075,36.01],[139.105,36.01],[139.105,36.0075]]]},"properties":{"cell_id":"g_25_34","score":0.515,"twi":5.8,"hand":24.9,"dist_to_boundary":87,"curvature":-0.0044,"spring_kde":0.017}},{"type":"Feature","geometry":{"type":"Polygon","coordinates":[[[139.1075,36.0075],[139.11,36.0075],[139.11,36.01],[139.1075,36.01],[139.1075,36.0075]]]},"properties":{"cell_id":"g_26_34","score":0.618,"twi":7.48,"hand":19.8,"dist_to_boundary":52,"curvature":0.0022,"spring_kde":0.04}},{"type":"Feature","geometry":{"type":"Polygon","coordinates":[[[139.11,36.0075],[139.1125,36.0075],[139.1125,36.01],[139.11,36.01],[139.11,36.0075]]]},"properties":{"cell_id":"g_27_34","score":0.712,"twi":9.36,"hand":2.2,"dist_to_boundary":131,"curvature":0.0001,"spring_kde":0.097}},{"type":"Feature","geometry":{"type":"Polygon","coordinates":[[[139.1125,36.0075],[139.115,36.0075],[139.115,36.01],[139.1125,36.01],[139.1125,36.0075]]]},"properties":{"cell_id":"g_28_34","score":0.655,"twi":8.16,"hand":7.3,"dist_to_boundary":64,"curvature":0.0009,"spring_kde":0.193}},{"type":"Feature","geometry":{"type":"Polygon","coordinates":[[[139.115,36.0075],[139.1175,36.0075],[139.1175,36.01],[139.115,36.01],[139.115,36.0075]]]},"properties":{"cell_id":"g_29_34","score":0.584,"twi":6.83,"hand":18.3,"dist_to_boundary":57,"curvature":0.0014,"spring_kde":0.313}},{"type":"Feature","geometry":{"type":"Polygon","coordinates":[[[139.1175,36.0075],[139.12,36.0075],[139.12,36.01],[139.1175,36.01],[139.1175,36.0075]]]},"properties":{"cell_id":"g_30_34","score":0.58,"twi":6.67,"hand":21.3,"dist_to_boundary":92,"curvature":0.0019,"spring_kde":0.416}},{"type":"Feature","geometry":{"type":"Polygon","coordinates":[[[139.12,36.0075],[139.1225,36.0075],[139.1225,36.01],[139.12,36.01],[139.12,36.0075]]]},"properties":{"cell_id":"g_31_34","score":0.524,"twi":6.06,"hand":37.5,"dist_to_boundary":174,"curvature":-0.0029,"spring_kde":0.452}},{"type":"Feature","geometry":{"type":"Polygon","coordinates":[[[139.1225,36.0075],[139.125,36.0075],[139.125,36.01],[139.1225,36.01],[139.1225,36.0075]]]},"properties":{"cell_id":"g_32_34","score":0.548,"twi":6.58,"hand":26.8,"dist_to_boundary":338,"curvature":0.005,"spring_kde":0.4}},{"type":"Feature","geometry":{"type":"Polygon","coordinates":[[[139.125,36.0075],[139.1275,36.0075],[139.1275,36.01],[139.125,36.01],[139.125,36.0075]]]},"properties":{"cell_id":"g_33_34","score":0.467,"twi":6.28,"hand":40.2,"dist_to_boundary":532,"curvature":-0.001,"spring_kde":0.289}},{"type":"Feature","geometry":{"type":"Polygon","coordinates":[[[139.1275,36.0075],[139.13,36.0075],[139.13,36.01],[139.1275,36.01],[139.1275,36.0075]]]},"properties":{"cell_id":"g_34_34","score":0.451,"twi":6.42,"hand":39.8,"dist_to_boundary":692,"curvature":0.0014,"spring_kde":0.171}},{"type":"Feature","geometry":{"type":"Polygon","coordinates":[[[139.13,36.0075],[139.1325,36.0075],[139.1325,36.01],[139.13,36.01],[139.13,36.0075]]]},"properties":{"cell_id":"g_35_34","score":0.453,"twi":6.66,"hand":38.6,"dist_to_boundary":708,"curvature":0.0026,"spring_kde":0.082}},{"type":"Feature","geometry":{"type":"Polygon","coordinates":[[[139.1325,36.0075],[139.135,36.0075],[139.135,36.01],[139.1325,36.01],[139.1325,36.0075]]]},"properties":{"cell_id":"g_36_34","score":0.445,"twi":6.26,"hand":43,"dist_to_boundary":547,"curvature":-0.0022,"spring_kde":0.032}},{"type":"Feature","geometry":{"type":"Polygon","coordinates":[[[139.135,36.0075],[139.1375,36.0075],[139.1375,36.01],[139.135,36.01],[139.135,36.0075]]]},"properties":{"cell_id":"g_37_34","score":0.515,"twi":6.78,"hand":22.1,"dist_to_boundary":442,"curvature":0.0038,"spring_kde":0.01}},{"type":"Feature","geometry":{"type":"Polygon","coordinates":[[[139.1375,36.0075],[139.14,36.0075],[139.14,36.01],[139.1375,36.01],[139.1375,36.0075]]]},"properties":{"cell_id":"g_38_34","score":0.49,"twi":6.62,"hand":40.8,"dist_to_boundary":281,"curvature":0.0032,"spring_kde":0.003}},{"type":"Feature","geometry":{"type":"Polygon","coordinates":[[[139.14,36.0075],[139.1425,36.0075],[139.1425,36.01],[139.14,36.01],[139.14,36.0075]]]},"properties":{"cell_id":"g_39_34","score":0.446,"twi":6.6,"hand":74.6,"dist_to_boundary":97,"curvature":-0.0004,"spring_kde":0.001}},{"type":"Feature","geometry":{"type":"Polygon","coordinates":[[[139.1425,36.0075],[139.145,36.0075],[139.145,36.01],[139.1425,36.01],[139.1425,36.0075]]]},"properties":{"cell_id":"g_40_34","score":0.398,"twi":5.95,"hand":90.2,"dist_to_boundary":11,"curvature":-0.0064,"spring_kde":0}},{"type":"Feature","geometry":{"type":"Polygon","coordinates":[[[139.145,36.0075],[139.1475,36.0075],[139.1475,36.01],[139.145,36.01],[139.145,36.0075]]]},"properties":{"cell_id":"g_41_34","score":0.486,"twi":6.5,"hand":54.3,"dist_to_boundary":6,"curvature":0.0013,"spring_kde":0}},{"type":"Feature","geometry":{"type":"Polygon","coordinates":[[[139.1475,36.0075],[139.15,36.0075],[139.15,36.01],[139.1475,36.01],[139.1475,36.0075]]]},"properties":{"cell_id":"g_42_34","score":0.51,"twi":6.75,"hand":47.7,"dist_to_boundary":6,"curvature":-0.0001,"spring_kde":0}},{"type":"Feature","geometry":{"type":"Polygon","coordinates":[[[139.15,36.0075],[139.1525,36.0075],[139.1525,36.01],[139.15,36.01],[139.15,36.0075]]]},"properties":{"cell_id":"g_43_34","score":0.527,"twi":6.65,"hand":35.2,"dist_to_boundary":12,"curvature":0.0037,"spring_kde":0}},{"type":"Feature","geometry":{"type":"Polygon","coordinates":[[[139.1525,36.0075],[139.155,36.0075],[139.155,36.01],[139.1525,36.01],[139.1525,36.0075]]]},"properties":{"cell_id":"g_44_34","score":0.518,"twi":6.61,"hand":26.1,"dist_to_boundary":212,"curvature":0.0018,"spring_kde":0}},{"type":"Feature","geometry":{"type":"Polygon","coordinates":[[[139.155,36.0075],[139.1575,36.0075],[139.1575,36.01],[139.155,36.01],[139.155,36.0075]]]},"properties":{"cell_id":"g_45_34","score":0.539,"twi":7.03,"hand":23.4,"dist_to_boundary":291,"curvature":0.0033,"spring_kde":0}},{"type":"Feature","geometry":{"type":"Polygon","coordinates":[[[139.0425,36.01],[139.045,36.01],[139.045,36.0125],[139.0425,36.0125],[139.0425,36.01]]]},"properties":{"cell_id":"g_0_35","score":0.471,"twi":6.24,"hand":33.1,"dist_to_boundary":262,"curvature":-0.0021,"spring_kde":0}},{"type":"Feature","geometry":{"type":"Polygon","coordinates":[[[139.045,36.01],[139.0475,36.01],[139.0475,36.0125],[139.045,36.0125],[139.045,36.01]]]},"properties":{"cell_id":"g_1_35","score":0.491,"twi":6.17,"hand":18.7,"dist_to_boundary":458,"curvature":0.002,"spring_kde":0}},{"type":"Feature","geometry":{"type":"Polygon","coordinates":[[[139.0475,36.01],[139.05,36.01],[139.05,36.0125],[139.0475,36.0125],[139.0475,36.01]]]},"properties":{"cell_id":"g_2_35","score":0.455,"twi":6.23,"hand":24.5,"dist_to_boundary":654,"curvature":-0.0011,"spring_kde":0}},{"type":"Feature","geometry":{"type":"Polygon","coordinates":[[[139.05,36.01],[139.0525,36.01],[139.0525,36.0125],[139.05,36.0125],[139.05,36.01]]]},"properties":{"cell_id":"g_3_35","score":0.46,"twi":6.23,"hand":21.3,"dist_to_boundary":628,"curvature":-0.0016,"spring_kde":0}},{"type":"Feature","geometry":{"type":"Polygon","coordinates":[[[139.0525,36.01],[139.055,36.01],[139.055,36.0125],[139.0525,36.0125],[139.0525,36.01]]]},"properties":{"cell_id":"g_4_35","score":0.587,"twi":7.92,"hand":6.8,"dist_to_boundary":412,"curvature":0.001,"spring_kde":0}},{"type":"Feature","geometry":{"type":"Polygon","coordinates":[[[139.055,36.01],[139.0575,36.01],[139.0575,36.0125],[139.055,36.0125],[139.055,36.01]]]},"properties":{"cell_id":"g_5_35","score":0.642,"twi":8.56,"hand":6.3,"dist_to_boundary":204,"curvature":0,"spring_kde":0}},{"type":"Feature","geometry":{"type":"Polygon","coordinates":[[[139.0575,36.01],[139.06,36.01],[139.06,36.0125],[139.0575,36.0125],[139.0575,36.01]]]},"properties":{"cell_id":"g_6_35","score":0.558,"twi":7.1,"hand":23.3,"dist_to_boundary":81,"curvature":-0.0007,"spring_kde":0}},{"type":"Feature","geometry":{"type":"Polygon","coordinates":[[[139.06,36.01],[139.0625,36.01],[139.0625,36.0125],[139.06,36.0125],[139.06,36.01]]]},"properties":{"cell_id":"g_7_35","score":0.52,"twi":6.57,"hand":27.5,"dist_to_boundary":91,"curvature":0.0022,"spring_kde":0}},{"type":"Feature","geometry":{"type":"Polygon","coordinates":[[[139.0625,36.01],[139.065,36.01],[139.065,36.0125],[139.0625,36.0125],[139.0625,36.01]]]},"properties":{"cell_id":"g_8_35","score":0.48,"twi":5.87,"hand":41.5,"dist_to_boundary":112,"curvature":-0.0023,"spring_kde":0}},{"type":"Feature","geometry":{"type":"Polygon","coordinates":[[[139.065,36.01],[139.0675,36.01],[139.0675,36.0125],[139.065,36.0125],[139.065,36.01]]]},"properties":{"cell_id":"g_9_35","score":0.478,"twi":6.59,"hand":50.3,"dist_to_boundary":98,"curvature":-0.0032,"spring_kde":0}},{"type":"Feature","geometry":{"type":"Polygon","coordinates":[[[139.0675,36.01],[139.07,36.01],[139.07,36.0125],[139.0675,36.0125],[139.0675,36.01]]]},"properties":{"cell_id":"g_10_35","score":0.517,"twi":6.46,"hand":34.4,"dist_to_boundary":18,"curvature":0.0003,"spring_kde":0}},{"type":"Feature","geometry":{"type":"Polygon","coordinates":[[[139.07,36.01],[139.0725,36.01],[139.0725,36.0125],[139.07,36.0125],[139.07,36.01]]]},"properties":{"cell_id":"g_11_35","score":0.571,"twi":7.38,"hand":12.2,"dist_to_boundary":199,"curvature":0.0014,"spring_kde":0}},{"type":"Feature","geometry":{"type":"Polygon","coordinates":[[[139.0725,36.01],[139.075,36.01],[139.075,36.0125],[139.0725,36.0125],[139.0725,36.01]]]},"properties":{"cell_id":"g_12_35","score":0.673,"twi":8.77,"hand":8.1,"dist_to_boundary":42,"curvature":0.0005,"spring_kde":0.001}},{"type":"Feature","geometry":{"type":"Polygon","coordinates":[[[139.075,36.01],[139.0775,36.01],[139.0775,36.0125],[139.075,36.0125],[139.075,36.01]]]},"properties":{"cell_id":"g_13_35","score":0.597,"twi":7.26,"hand":17.1,"dist_to_boundary":24,"curvature":0.0003,"spring_kde":0.004}},{"type":"Feature","geometry":{"type":"Polygon","coordinates":[[[139.0775,36.01],[139.08,36.01],[139.08,36.0125],[139.0775,36.0125],[139.0775,36.01]]]},"properties":{"cell_id":"g_14_35","score":0.643,"twi":8.42,"hand":12.2,"dist_to_boundary":97,"curvature":0.0004,"spring_kde":0.01}},{"type":"Feature","geometry":{"type":"Polygon","coordinates":[[[139.08,36.01],[139.0825,36.01],[139.0825,36.0125],[139.08,36.0125],[139.08,36.01]]]},"properties":{"cell_id":"g_15_35","score":0.61,"twi":8.38,"hand":20,"dist_to_boundary":286,"curvature":-0.0006,"spring_kde":0.021}},{"type":"Feature","geometry":{"type":"Polygon","coordinates":[[[139.0825,36.01],[139.085,36.01],[139.085,36.0125],[139.0825,36.0125],[139.0825,36.01]]]},"properties":{"cell_id":"g_16_35","score":0.66,"twi":9.16,"hand":6.7,"dist_to_boundary":403,"curvature":0,"spring_kde":0.038}},{"type":"Feature","geometry":{"type":"Polygon","coordinates":[[[139.085,36.01],[139.0875,36.01],[139.0875,36.0125],[139.085,36.0125],[139.085,36.01]]]},"properties":{"cell_id":"g_17_35","score":0.63,"twi":8.79,"hand":3.9,"dist_to_boundary":535,"curvature":0.0002,"spring_kde":0.058}},{"type":"Feature","geometry":{"type":"Polygon","coordinates":[[[139.0875,36.01],[139.09,36.01],[139.09,36.0125],[139.0875,36.0125],[139.0875,36.01]]]},"properties":{"cell_id":"g_18_35","score":0.643,"twi":8.85,"hand":9.4,"dist_to_boundary":409,"curvature":-0.0001,"spring_kde":0.072}},{"type":"Feature","geometry":{"type":"Polygon","coordinates":[[[139.09,36.01],[139.0925,36.01],[139.0925,36.0125],[139.09,36.0125],[139.09,36.01]]]},"properties":{"cell_id":"g_19_35","score":0.708,"twi":9.41,"hand":0.8,"dist_to_boundary":185,"curvature":-0.0002,"spring_kde":0.073}},{"type":"Feature","geometry":{"type":"Polygon","coordinates":[[[139.0925,36.01],[139.095,36.01],[139.095,36.0125],[139.0925,36.0125],[139.0925,36.01]]]},"properties":{"cell_id":"g_20_35","score":0.676,"twi":8.57,"hand":2.5,"dist_to_boundary":39,"curvature":0.0009,"spring_kde":0.06}},{"type":"Feature","geometry":{"type":"Polygon","coordinates":[[[139.095,36.01],[139.0975,36.01],[139.0975,36.0125],[139.095,36.0125],[139.095,36.01]]]},"properties":{"cell_id":"g_21_35","score":0.593,"twi":7.76,"hand":20.9,"dist_to_boundary":63,"curvature":-0.0022,"spring_kde":0.04}},{"type":"Feature","geometry":{"type":"Polygon","coordinates":[[[139.0975,36.01],[139.1,36.01],[139.1,36.0125],[139.0975,36.0125],[139.0975,36.01]]]},"properties":{"cell_id":"g_22_35","score":0.615,"twi":7.87,"hand":11.2,"dist_to_boundary":130,"curvature":0.0013,"spring_kde":0.022}},{"type":"Feature","geometry":{"type":"Polygon","coordinates":[[[139.1,36.01],[139.1025,36.01],[139.1025,36.0125],[139.1,36.0125],[139.1,36.01]]]},"properties":{"cell_id":"g_23_35","score":0.57,"twi":7.24,"hand":16,"dist_to_boundary":168,"curvature":0.0001,"spring_kde":0.011}},{"type":"Feature","geometry":{"type":"Polygon","coordinates":[[[139.1025,36.01],[139.105,36.01],[139.105,36.0125],[139.1025,36.0125],[139.1025,36.01]]]},"properties":{"cell_id":"g_24_35","score":0.539,"twi":6.67,"hand":24.5,"dist_to_boundary":55,"curvature":-0.0006,"spring_kde":0.008}},{"type":"Feature","geometry":{"type":"Polygon","coordinates":[[[139.105,36.01],[139.1075,36.01],[139.1075,36.0125],[139.105,36.0125],[139.105,36.01]]]},"properties":{"cell_id":"g_25_35","score":0.573,"twi":6.81,"hand":14.9,"dist_to_boundary":79,"curvature":0.0015,"spring_kde":0.015}},{"type":"Feature","geometry":{"type":"Polygon","coordinates":[[[139.1075,36.01],[139.11,36.01],[139.11,36.0125],[139.1075,36.0125],[139.1075,36.01]]]},"properties":{"cell_id":"g_26_35","score":0.663,"twi":8.45,"hand":15.2,"dist_to_boundary":37,"curvature":0.0028,"spring_kde":0.043}},{"type":"Feature","geometry":{"type":"Polygon","coordinates":[[[139.11,36.01],[139.1125,36.01],[139.1125,36.0125],[139.11,36.0125],[139.11,36.01]]]},"properties":{"cell_id":"g_27_35","score":0.674,"twi":8.87,"hand":6.9,"dist_to_boundary":186,"curvature":-0.0037,"spring_kde":0.105}},{"type":"Feature","geometry":{"type":"Polygon","coordinates":[[[139.1125,36.01],[139.115,36.01],[139.115,36.0125],[139.1125,36.0125],[139.1125,36.01]]]},"properties":{"cell_id":"g_28_35","score":0.675,"twi":8.38,"hand":6.2,"dist_to_boundary":31,"curvature":0.0005,"spring_kde":0.21}},{"type":"Feature","geometry":{"type":"Polygon","coordinates":[[[139.115,36.01],[139.1175,36.01],[139.1175,36.0125],[139.115,36.0125],[139.115,36.01]]]},"properties":{"cell_id":"g_29_35","score":0.548,"twi":6.63,"hand":23.6,"dist_to_boundary":175,"curvature":-0.003,"spring_kde":0.341}},{"type":"Feature","geometry":{"type":"Polygon","coordinates":[[[139.1175,36.01],[139.12,36.01],[139.12,36.0125],[139.1175,36.0125],[139.1175,36.01]]]},"properties":{"cell_id":"g_30_35","score":0.59,"twi":6.75,"hand":23.4,"dist_to_boundary":38,"curvature":0.0007,"spring_kde":0.453}},{"type":"Feature","geometry":{"type":"Polygon","coordinates":[[[139.12,36.01],[139.1225,36.01],[139.1225,36.0125],[139.12,36.0125],[139.12,36.01]]]},"properties":{"cell_id":"g_31_35","score":0.59,"twi":6.61,"hand":24.5,"dist_to_boundary":16,"curvature":0.0016,"spring_kde":0.492}},{"type":"Feature","geometry":{"type":"Polygon","coordinates":[[[139.1225,36.01],[139.125,36.01],[139.125,36.0125],[139.1225,36.0125],[139.1225,36.01]]]},"properties":{"cell_id":"g_32_35","score":0.473,"twi":5.86,"hand":58.4,"dist_to_boundary":220,"curvature":-0.0035,"spring_kde":0.435}},{"type":"Feature","geometry":{"type":"Polygon","coordinates":[[[139.125,36.01],[139.1275,36.01],[139.1275,36.0125],[139.125,36.0125],[139.125,36.01]]]},"properties":{"cell_id":"g_33_35","score":0.492,"twi":6.28,"hand":45.2,"dist_to_boundary":338,"curvature":-0.0019,"spring_kde":0.315}},{"type":"Feature","geometry":{"type":"Polygon","coordinates":[[[139.1275,36.01],[139.13,36.01],[139.13,36.0125],[139.1275,36.0125],[139.1275,36.01]]]},"properties":{"cell_id":"g_34_35","score":0.508,"twi":6.65,"hand":26,"dist_to_boundary":530,"curvature":0.0023,"spring_kde":0.186}},{"type":"Feature","geometry":{"type":"Polygon","coordinates":[[[139.13,36.01],[139.1325,36.01],[139.1325,36.0125],[139.13,36.0125],[139.13,36.01]]]},"properties":{"cell_id":"g_35_35","score":0.456,"twi":6.59,"hand":35.6,"dist_to_boundary":700,"curvature":0.0003,"spring_kde":0.09}},{"type":"Feature","geometry":{"type":"Polygon","coordinates":[[[139.1325,36.01],[139.135,36.01],[139.135,36.0125],[139.1325,36.0125],[139.1325,36.01]]]},"properties":{"cell_id":"g_36_35","score":0.486,"twi":6.61,"hand":22.7,"dist_to_boundary":589,"curvature":0.0013,"spring_kde":0.035}},{"type":"Feature","geometry":{"type":"Polygon","coordinates":[[[139.135,36.01],[139.1375,36.01],[139.1375,36.0125],[139.135,36.0125],[139.135,36.01]]]},"properties":{"cell_id":"g_37_35","score":0.433,"twi":6.36,"hand":49.1,"dist_to_boundary":506,"curvature":0.0013,"spring_kde":0.011}},{"type":"Feature","geometry":{"type":"Polygon","coordinates":[[[139.1375,36.01],[139.14,36.01],[139.14,36.0125],[139.1375,36.0125],[139.1375,36.01]]]},"properties":{"cell_id":"g_38_35","score":0.354,"twi":6.22,"hand":95.4,"dist_to_boundary":454,"curvature":-0.0055,"spring_kde":0.003}},{"type":"Feature","geometry":{"type":"Polygon","coordinates":[[[139.14,36.01],[139.1425,36.01],[139.1425,36.0125],[139.14,36.0125],[139.14,36.01]]]},"properties":{"cell_id":"g_39_35","score":0.437,"twi":6.47,"hand":60.3,"dist_to_boundary":324,"curvature":-0.0002,"spring_kde":0.001}},{"type":"Feature","geometry":{"type":"Polygon","coordinates":[[[139.1425,36.01],[139.145,36.01],[139.145,36.0125],[139.1425,36.0125],[139.1425,36.01]]]},"properties":{"cell_id":"g_40_35","score":0.464,"twi":6.68,"hand":49.6,"dist_to_boundary":286,"curvature":-0.0011,"spring_kde":0}},{"type":"Feature","geometry":{"type":"Polygon","coordinates":[[[139.145,36.01],[139.1475,36.01],[139.1475,36.0125],[139.145,36.0125],[139.145,36.01]]]},"properties":{"cell_id":"g_41_35","score":0.452,"twi":6.6,"hand":61.2,"dist_to_boundary":270,"curvature":0.0011,"spring_kde":0}},{"type":"Feature","geometry":{"type":"Polygon","coordinates":[[[139.1475,36.01],[139.15,36.01],[139.15,36.0125],[139.1475,36.0125],[139.1475,36.01]]]},"properties":{"cell_id":"g_42_35","score":0.38,"twi":6.48,"hand":100.6,"dist_to_boundary":264,"curvature":-0.0032,"spring_kde":0}},{"type":"Feature","geometry":{"type":"Polygon","coordinates":[[[139.15,36.01],[139.1525,36.01],[139.1525,36.0125],[139.15,36.0125],[139.15,36.01]]]},"properties":{"cell_id":"g_43_35","score":0.54,"twi":6.85,"hand":28.8,"dist_to_boundary":40,"curvature":0.0037,"spring_kde":0}},{"type":"Feature","geometry":{"type":"Polygon","coordinates":[[[139.1525,36.01],[139.155,36.01],[139.155,36.0125],[139.1525,36.0125],[139.1525,36.01]]]},"properties":{"cell_id":"g_44_35","score":0.431,"twi":6.14,"hand":65.3,"dist_to_boundary":128,"curvature":-0.0049,"spring_kde":0}},{"type":"Feature","geometry":{"type":"Polygon","coordinates":[[[139.155,36.01],[139.1575,36.01],[139.1575,36.0125],[139.155,36.0125],[139.155,36.01]]]},"properties":{"cell_id":"g_45_35","score":0.463,"twi":6.39,"hand":55.6,"dist_to_boundary":117,"curvature":-0.0023,"spring_kde":0}},{"type":"Feature","geometry":{"type":"Polygon","coordinates":[[[139.0425,36.0125],[139.045,36.0125],[139.045,36.015],[139.0425,36.015],[139.0425,36.0125]]]},"properties":{"cell_id":"g_0_36","score":0.574,"twi":7.56,"hand":21.4,"dist_to_boundary":127,"curvature":0.0025,"spring_kde":0}},{"type":"Feature","geometry":{"type":"Polygon","coordinates":[[[139.045,36.0125],[139.0475,36.0125],[139.0475,36.015],[139.045,36.015],[139.045,36.0125]]]},"properties":{"cell_id":"g_1_36","score":0.445,"twi":5.84,"hand":38.4,"dist_to_boundary":323,"curvature":-0.0061,"spring_kde":0}},{"type":"Feature","geometry":{"type":"Polygon","coordinates":[[[139.0475,36.0125],[139.05,36.0125],[139.05,36.015],[139.0475,36.015],[139.0475,36.0125]]]},"properties":{"cell_id":"g_2_36","score":0.486,"twi":6.18,"hand":19.1,"dist_to_boundary":524,"curvature":0.0023,"spring_kde":0}},{"type":"Feature","geometry":{"type":"Polygon","coordinates":[[[139.05,36.0125],[139.0525,36.0125],[139.0525,36.015],[139.05,36.015],[139.05,36.0125]]]},"properties":{"cell_id":"g_3_36","score":0.442,"twi":6.09,"hand":24.4,"dist_to_boundary":732,"curvature":0.0003,"spring_kde":0}},{"type":"Feature","geometry":{"type":"Polygon","coordinates":[[[139.0525,36.0125],[139.055,36.0125],[139.055,36.015],[139.0525,36.015],[139.0525,36.0125]]]},"properties":{"cell_id":"g_4_36","score":0.523,"twi":7.2,"hand":13.2,"dist_to_boundary":554,"curvature":0.0015,"spring_kde":0}},{"type":"Feature","geometry":{"type":"Polygon","coordinates":[[[139.055,36.0125],[139.0575,36.0125],[139.0575,36.015],[139.055,36.015],[139.055,36.0125]]]},"properties":{"cell_id":"g_5_36","score":0.604,"twi":8.16,"hand":6.4,"dist_to_boundary":421,"curvature":0.0007,"spring_kde":0}},{"type":"Feature","geometry":{"type":"Polygon","coordinates":[[[139.0575,36.0125],[139.06,36.0125],[139.06,36.015],[139.0575,36.015],[139.0575,36.0125]]]},"properties":{"cell_id":"g_6_36","score":0.619,"twi":8.32,"hand":5.3,"dist_to_boundary":357,"curvature":-0.0001,"spring_kde":0}},{"type":"Feature","geometry":{"type":"Polygon","coordinates":[[[139.06,36.0125],[139.0625,36.0125],[139.0625,36.015],[139.06,36.015],[139.06,36.0125]]]},"properties":{"cell_id":"g_7_36","score":0.572,"twi":7.23,"hand":10.8,"dist_to_boundary":183,"curvature":0.0005,"spring_kde":0}},{"type":"Feature","geometry":{"type":"Polygon","coordinates":[[[139.0625,36.0125],[139.065,36.0125],[139.065,36.015],[139.0625,36.015],[139.0625,36.0125]]]},"properties":{"cell_id":"g_8_36","score":0.525,"twi":6.24,"hand":22.7,"dist_to_boundary":26,"curvature":0.0005,"spring_kde":0}},{"type":"Feature","geometry":{"type":"Polygon","coordinates":[[[139.065,36.0125],[139.0675,36.0125],[139.0675,36.015],[139.065,36.015],[139.065,36.0125]]]},"properties":{"cell_id":"g_9_36","score":0.486,"twi":5.88,"hand":45.9,"dist_to_boundary":33,"curvature":-0.0011,"spring_kde":0}},{"type":"Feature","geometry":{"type":"Polygon","coordinates":[[[139.0675,36.0125],[139.07,36.0125],[139.07,36.015],[139.0675,36.015],[139.0675,36.0125]]]},"properties":{"cell_id":"g_10_36","score":0.48,"twi":6.17,"hand":43.5,"dist_to_boundary":147,"curvature":-0.001,"spring_kde":0}},{"type":"Feature","geometry":{"type":"Polygon","coordinates":[[[139.07,36.0125],[139.0725,36.0125],[139.0725,36.015],[139.07,36.015],[139.07,36.0125]]]},"properties":{"cell_id":"g_11_36","score":0.525,"twi":6.59,"hand":30.5,"dist_to_boundary":24,"curvature":0,"spring_kde":0}},{"type":"Feature","geometry":{"type":"Polygon","coordinates":[[[139.0725,36.0125],[139.075,36.0125],[139.075,36.015],[139.0725,36.015],[139.0725,36.0125]]]},"properties":{"cell_id":"g_12_36","score":0.621,"twi":8.07,"hand":10,"dist_to_boundary":114,"curvature":0.0006,"spring_kde":0}},{"type":"Feature","geometry":{"type":"Polygon","coordinates":[[[139.075,36.0125],[139.0775,36.0125],[139.0775,36.015],[139.075,36.015],[139.075,36.0125]]]},"properties":{"cell_id":"g_13_36","score":0.647,"twi":8.24,"hand":8.5,"dist_to_boundary":52,"curvature":-0.0008,"spring_kde":0.001}},{"type":"Feature","geometry":{"type":"Polygon","coordinates":[[[139.0775,36.0125],[139.08,36.0125],[139.08,36.015],[139.0775,36.015],[139.0775,36.0125]]]},"properties":{"cell_id":"g_14_36","score":0.642,"twi":7.94,"hand":7,"dist_to_boundary":43,"curvature":0.0013,"spring_kde":0.002}},{"type":"Feature","geometry":{"type":"Polygon","coordinates":[[[139.08,36.0125],[139.0825,36.0125],[139.0825,36.015],[139.08,36.015],[139.08,36.0125]]]},"properties":{"cell_id":"g_15_36","score":0.638,"twi":7.92,"hand":6.7,"dist_to_boundary":47,"curvature":0.0012,"spring_kde":0.005}},{"type":"Feature","geometry":{"type":"Polygon","coordinates":[[[139.0825,36.0125],[139.085,36.0125],[139.085,36.015],[139.0825,36.015],[139.0825,36.0125]]]},"properties":{"cell_id":"g_16_36","score":0.634,"twi":8.19,"hand":7.4,"dist_to_boundary":179,"curvature":-0.0004,"spring_kde":0.009}},{"type":"Feature","geometry":{"type":"Polygon","coordinates":[[[139.085,36.0125],[139.0875,36.0125],[139.0875,36.015],[139.085,36.015],[139.085,36.0125]]]},"properties":{"cell_id":"g_17_36","score":0.663,"twi":9.22,"hand":10.8,"dist_to_boundary":311,"curvature":-0.0002,"spring_kde":0.014}},{"type":"Feature","geometry":{"type":"Polygon","coordinates":[[[139.0875,36.0125],[139.09,36.0125],[139.09,36.015],[139.0875,36.015],[139.0875,36.0125]]]},"properties":{"cell_id":"g_18_36","score":0.665,"twi":9.28,"hand":3.8,"dist_to_boundary":439,"curvature":0.0002,"spring_kde":0.017}},{"type":"Feature","geometry":{"type":"Polygon","coordinates":[[[139.09,36.0125],[139.0925,36.0125],[139.0925,36.015],[139.09,36.015],[139.09,36.0125]]]},"properties":{"cell_id":"g_19_36","score":0.676,"twi":8.95,"hand":1.1,"dist_to_boundary":215,"curvature":-0.0001,"spring_kde":0.018}},{"type":"Feature","geometry":{"type":"Polygon","coordinates":[[[139.0925,36.0125],[139.095,36.0125],[139.095,36.015],[139.0925,36.015],[139.0925,36.0125]]]},"properties":{"cell_id":"g_20_36","score":0.689,"twi":8.86,"hand":3.4,"dist_to_boundary":9,"curvature":0.0015,"spring_kde":0.015}},{"type":"Feature","geometry":{"type":"Polygon","coordinates":[[[139.095,36.0125],[139.0975,36.0125],[139.0975,36.015],[139.095,36.015],[139.095,36.0125]]]},"properties":{"cell_id":"g_21_36","score":0.59,"twi":7.76,"hand":14.7,"dist_to_boundary":161,"curvature":-0.0007,"spring_kde":0.01}},{"type":"Feature","geometry":{"type":"Polygon","coordinates":[[[139.0975,36.0125],[139.1,36.0125],[139.1,36.015],[139.0975,36.015],[139.0975,36.0125]]]},"properties":{"cell_id":"g_22_36","score":0.622,"twi":8.1,"hand":15.1,"dist_to_boundary":64,"curvature":-0.0002,"spring_kde":0.006}},{"type":"Feature","geometry":{"type":"Polygon","coordinates":[[[139.1,36.0125],[139.1025,36.0125],[139.1025,36.015],[139.1,36.015],[139.1,36.0125]]]},"properties":{"cell_id":"g_23_36","score":0.536,"twi":6.72,"hand":22.2,"dist_to_boundary":103,"curvature":-0.0016,"spring_kde":0.003}},{"type":"Feature","geometry":{"type":"Polygon","coordinates":[[[139.1025,36.0125],[139.105,36.0125],[139.105,36.015],[139.1025,36.015],[139.1025,36.0125]]]},"properties":{"cell_id":"g_24_36","score":0.535,"twi":6.47,"hand":19.3,"dist_to_boundary":143,"curvature":-0.0003,"spring_kde":0.004}},{"type":"Feature","geometry":{"type":"Polygon","coordinates":[[[139.105,36.0125],[139.1075,36.0125],[139.1075,36.015],[139.105,36.015],[139.105,36.0125]]]},"properties":{"cell_id":"g_25_36","score":0.535,"twi":6.78,"hand":24,"dist_to_boundary":129,"curvature":-0.0005,"spring_kde":0.012}},{"type":"Feature","geometry":{"type":"Polygon","coordinates":[[[139.1075,36.0125],[139.11,36.0125],[139.11,36.015],[139.1075,36.015],[139.1075,36.0125]]]},"properties":{"cell_id":"g_26_36","score":0.665,"twi":8.36,"hand":11.5,"dist_to_boundary":23,"curvature":0.0037,"spring_kde":0.035}},{"type":"Feature","geometry":{"type":"Polygon","coordinates":[[[139.11,36.0125],[139.1125,36.0125],[139.1125,36.015],[139.11,36.015],[139.11,36.0125]]]},"properties":{"cell_id":"g_27_36","score":0.628,"twi":7.96,"hand":11.2,"dist_to_boundary":186,"curvature":-0.0004,"spring_kde":0.084}},{"type":"Feature","geometry":{"type":"Polygon","coordinates":[[[139.1125,36.0125],[139.115,36.0125],[139.115,36.015],[139.1125,36.015],[139.1125,36.0125]]]},"properties":{"cell_id":"g_28_36","score":0.662,"twi":8.46,"hand":7.2,"dist_to_boundary":158,"curvature":0.0011,"spring_kde":0.168}},{"type":"Feature","geometry":{"type":"Polygon","coordinates":[[[139.115,36.0125],[139.1175,36.0125],[139.1175,36.015],[139.115,36.015],[139.115,36.0125]]]},"properties":{"cell_id":"g_29_36","score":0.689,"twi":8.39,"hand":7.1,"dist_to_boundary":13,"curvature":0.0016,"spring_kde":0.274}},{"type":"Feature","geometry":{"type":"Polygon","coordinates":[[[139.1175,36.0125],[139.12,36.0125],[139.12,36.015],[139.1175,36.015],[139.1175,36.0125]]]},"properties":{"cell_id":"g_30_36","score":0.611,"twi":7.27,"hand":17.7,"dist_to_boundary":112,"curvature":0.0012,"spring_kde":0.364}},{"type":"Feature","geometry":{"type":"Polygon","coordinates":[[[139.12,36.0125],[139.1225,36.0125],[139.1225,36.015],[139.12,36.015],[139.12,36.0125]]]},"properties":{"cell_id":"g_31_36","score":0.593,"twi":6.78,"hand":19.5,"dist_to_boundary":48,"curvature":0.0008,"spring_kde":0.394}},{"type":"Feature","geometry":{"type":"Polygon","coordinates":[[[139.1225,36.0125],[139.125,36.0125],[139.125,36.015],[139.1225,36.015],[139.1225,36.0125]]]},"properties":{"cell_id":"g_32_36","score":0.587,"twi":6.91,"hand":24.6,"dist_to_boundary":44,"curvature":0.0029,"spring_kde":0.349}},{"type":"Feature","geometry":{"type":"Polygon","coordinates":[[[139.125,36.0125],[139.1275,36.0125],[139.1275,36.015],[139.125,36.015],[139.125,36.0125]]]},"properties":{"cell_id":"g_33_36","score":0.542,"twi":6.77,"hand":27.7,"dist_to_boundary":263,"curvature":0.0029,"spring_kde":0.252}},{"type":"Feature","geometry":{"type":"Polygon","coordinates":[[[139.1275,36.0125],[139.13,36.0125],[139.13,36.015],[139.1275,36.015],[139.1275,36.0125]]]},"properties":{"cell_id":"g_34_36","score":0.461,"twi":6.57,"hand":50.1,"dist_to_boundary":464,"curvature":-0.0007,"spring_kde":0.149}},{"type":"Feature","geometry":{"type":"Polygon","coordinates":[[[139.13,36.0125],[139.1325,36.0125],[139.1325,36.015],[139.13,36.015],[139.13,36.0125]]]},"properties":{"cell_id":"g_35_36","score":0.461,"twi":6.7,"hand":52.2,"dist_to_boundary":424,"curvature":0.0003,"spring_kde":0.072}},{"type":"Feature","geometry":{"type":"Polygon","coordinates":[[[139.1325,36.0125],[139.135,36.0125],[139.135,36.015],[139.1325,36.015],[139.1325,36.0125]]]},"properties":{"cell_id":"g_36_36","score":0.435,"twi":6.11,"hand":53.6,"dist_to_boundary":374,"curvature":-0.0006,"spring_kde":0.028}},{"type":"Feature","geometry":{"type":"Polygon","coordinates":[[[139.135,36.0125],[139.1375,36.0125],[139.1375,36.015],[139.135,36.015],[139.135,36.0125]]]},"properties":{"cell_id":"g_37_36","score":0.445,"twi":6.37,"hand":60.9,"dist_to_boundary":239,"curvature":-0.0026,"spring_kde":0.009}},{"type":"Feature","geometry":{"type":"Polygon","coordinates":[[[139.1375,36.0125],[139.14,36.0125],[139.14,36.015],[139.1375,36.015],[139.1375,36.0125]]]},"properties":{"cell_id":"g_38_36","score":0.431,"twi":6.39,"hand":66.4,"dist_to_boundary":259,"curvature":-0.0004,"spring_kde":0.002}},{"type":"Feature","geometry":{"type":"Polygon","coordinates":[[[139.14,36.0125],[139.1425,36.0125],[139.1425,36.015],[139.14,36.015],[139.14,36.0125]]]},"properties":{"cell_id":"g_39_36","score":0.459,"twi":6.5,"hand":46.3,"dist_to_boundary":353,"curvature":0.0016,"spring_kde":0.001}},{"type":"Feature","geometry":{"type":"Polygon","coordinates":[[[139.1425,36.0125],[139.145,36.0125],[139.145,36.015],[139.1425,36.015],[139.1425,36.0125]]]},"properties":{"cell_id":"g_40_36","score":0.405,"twi":6.27,"hand":63.6,"dist_to_boundary":441,"curvature":-0.0035,"spring_kde":0}},{"type":"Feature","geometry":{"type":"Polygon","coordinates":[[[139.145,36.0125],[139.1475,36.0125],[139.1475,36.015],[139.145,36.015],[139.145,36.0125]]]},"properties":{"cell_id":"g_41_36","score":0.466,"twi":6.56,"hand":34.9,"dist_to_boundary":486,"curvature":0,"spring_kde":0}},{"type":"Feature","geometry":{"type":"Polygon","coordinates":[[[139.1475,36.0125],[139.15,36.0125],[139.15,36.015],[139.1475,36.015],[139.1475,36.0125]]]},"properties":{"cell_id":"g_42_36","score":0.489,"twi":6.59,"hand":36.6,"dist_to_boundary":263,"curvature":-0.0002,"spring_kde":0}},{"type":"Feature","geometry":{"type":"Polygon","coordinates":[[[139.15,36.0125],[139.1525,36.0125],[139.1525,36.015],[139.15,36.015],[139.15,36.0125]]]},"properties":{"cell_id":"g_43_36","score":0.521,"twi":6.4,"hand":31.4,"dist_to_boundary":59,"curvature":0.0004,"spring_kde":0}},{"type":"Feature","geometry":{"type":"Polygon","coordinates":[[[139.1525,36.0125],[139.155,36.0125],[139.155,36.015],[139.1525,36.015],[139.1525,36.0125]]]},"properties":{"cell_id":"g_44_36","score":0.484,"twi":6.3,"hand":47.1,"dist_to_boundary":29,"curvature":0.0012,"spring_kde":0}},{"type":"Feature","geometry":{"type":"Polygon","coordinates":[[[139.155,36.0125],[139.1575,36.0125],[139.1575,36.015],[139.155,36.015],[139.155,36.0125]]]},"properties":{"cell_id":"g_45_36","score":0.494,"twi":6.6,"hand":46.9,"dist_to_boundary":81,"curvature":0.0019,"spring_kde":0}},{"type":"Feature","geometry":{"type":"Polygon","coordinates":[[[139.0425,36.015],[139.045,36.015],[139.045,36.0175],[139.0425,36.0175],[139.0425,36.015]]]},"properties":{"cell_id":"g_0_37","score":0.655,"twi":8.34,"hand":11.7,"dist_to_boundary":5,"curvature":0.0003,"spring_kde":0}},{"type":"Feature","geometry":{"type":"Polygon","coordinates":[[[139.045,36.015],[139.0475,36.015],[139.0475,36.0175],[139.045,36.0175],[139.045,36.015]]]},"properties":{"cell_id":"g_1_37","score":0.521,"twi":6.61,"hand":26.3,"dist_to_boundary":229,"curvature":0.0013,"spring_kde":0}},{"type":"Feature","geometry":{"type":"Polygon","coordinates":[[[139.0475,36.015],[139.05,36.015],[139.05,36.0175],[139.0475,36.0175],[139.0475,36.015]]]},"properties":{"cell_id":"g_2_37","score":0.485,"twi":6.18,"hand":21.5,"dist_to_boundary":454,"curvature":0.0006,"spring_kde":0}},{"type":"Feature","geometry":{"type":"Polygon","coordinates":[[[139.05,36.015],[139.0525,36.015],[139.0525,36.0175],[139.05,36.0175],[139.05,36.015]]]},"properties":{"cell_id":"g_3_37","score":0.442,"twi":5.98,"hand":26.6,"dist_to_boundary":679,"curvature":-0.0025,"spring_kde":0}},{"type":"Feature","geometry":{"type":"Polygon","coordinates":[[[139.0525,36.015],[139.055,36.015],[139.055,36.0175],[139.0525,36.0175],[139.0525,36.015]]]},"properties":{"cell_id":"g_4_37","score":0.43,"twi":5.99,"hand":24.3,"dist_to_boundary":773,"curvature":-0.0013,"spring_kde":0}},{"type":"Feature","geometry":{"type":"Polygon","coordinates":[[[139.055,36.015],[139.0575,36.015],[139.0575,36.0175],[139.055,36.0175],[139.055,36.015]]]},"properties":{"cell_id":"g_5_37","score":0.446,"twi":6.14,"hand":29.5,"dist_to_boundary":581,"curvature":0,"spring_kde":0}},{"type":"Feature","geometry":{"type":"Polygon","coordinates":[[[139.0575,36.015],[139.06,36.015],[139.06,36.0175],[139.0575,36.0175],[139.0575,36.015]]]},"properties":{"cell_id":"g_6_37","score":0.515,"twi":6.99,"hand":23.3,"dist_to_boundary":392,"curvature":-0.0021,"spring_kde":0}},{"type":"Feature","geometry":{"type":"Polygon","coordinates":[[[139.06,36.015],[139.0625,36.015],[139.0625,36.0175],[139.06,36.0175],[139.06,36.015]]]},"properties":{"cell_id":"g_7_37","score":0.641,"twi":8.49,"hand":3.6,"dist_to_boundary":264,"curvature":0.0013,"spring_kde":0}},{"type":"Feature","geometry":{"type":"Polygon","coordinates":[[[139.0625,36.015],[139.065,36.015],[139.065,36.0175],[139.0625,36.0175],[139.0625,36.015]]]},"properties":{"cell_id":"g_8_37","score":0.583,"twi":7.5,"hand":10.7,"dist_to_boundary":158,"curvature":0.0016,"spring_kde":0}},{"type":"Feature","geometry":{"type":"Polygon","coordinates":[[[139.065,36.015],[139.0675,36.015],[139.0675,36.0175],[139.065,36.0175],[139.065,36.015]]]},"properties":{"cell_id":"g_9_37","score":0.523,"twi":6.22,"hand":19.8,"dist_to_boundary":55,"curvature":-0.0012,"spring_kde":0}},{"type":"Feature","geometry":{"type":"Polygon","coordinates":[[[139.0675,36.015],[139.07,36.015],[139.07,36.0175],[139.0675,36.0175],[139.0675,36.015]]]},"properties":{"cell_id":"g_10_37","score":0.517,"twi":6.17,"hand":24.3,"dist_to_boundary":93,"curvature":-0.0016,"spring_kde":0}},{"type":"Feature","geometry":{"type":"Polygon","coordinates":[[[139.07,36.015],[139.0725,36.015],[139.0725,36.0175],[139.07,36.0175],[139.07,36.015]]]},"properties":{"cell_id":"g_11_37","score":0.526,"twi":6.7,"hand":27.2,"dist_to_boundary":163,"curvature":-0.0009,"spring_kde":0}},{"type":"Feature","geometry":{"type":"Polygon","coordinates":[[[139.0725,36.015],[139.075,36.015],[139.075,36.0175],[139.0725,36.0175],[139.0725,36.015]]]},"properties":{"cell_id":"g_12_37","score":0.519,"twi":6.63,"hand":32.5,"dist_to_boundary":4,"curvature":-0.0015,"spring_kde":0}},{"type":"Feature","geometry":{"type":"Polygon","coordinates":[[[139.075,36.015],[139.0775,36.015],[139.0775,36.0175],[139.075,36.0175],[139.075,36.015]]]},"properties":{"cell_id":"g_13_37","score":0.672,"twi":8.98,"hand":5.2,"dist_to_boundary":176,"curvature":0.0019,"spring_kde":0}},{"type":"Feature","geometry":{"type":"Polygon","coordinates":[[[139.0775,36.015],[139.08,36.015],[139.08,36.0175],[139.0775,36.0175],[139.0775,36.015]]]},"properties":{"cell_id":"g_14_37","score":0.69,"twi":8.95,"hand":1.9,"dist_to_boundary":49,"curvature":-0.0002,"spring_kde":0}},{"type":"Feature","geometry":{"type":"Polygon","coordinates":[[[139.08,36.015],[139.0825,36.015],[139.0825,36.0175],[139.08,36.0175],[139.08,36.015]]]},"properties":{"cell_id":"g_15_37","score":0.606,"twi":8.33,"hand":38.1,"dist_to_boundary":64,"curvature":-0.0009,"spring_kde":0.001}},{"type":"Feature","geometry":{"type":"Polygon","coordinates":[[[139.0825,36.015],[139.085,36.015],[139.085,36.0175],[139.0825,36.0175],[139.0825,36.015]]]},"properties":{"cell_id":"g_16_37","score":0.608,"twi":7.75,"hand":16.1,"dist_to_boundary":45,"curvature":0.0018,"spring_kde":0.002}},{"type":"Feature","geometry":{"type":"Polygon","coordinates":[[[139.085,36.015],[139.0875,36.015],[139.0875,36.0175],[139.085,36.0175],[139.085,36.015]]]},"properties":{"cell_id":"g_17_37","score":0.649,"twi":8.52,"hand":9.8,"dist_to_boundary":120,"curvature":-0.0004,"spring_kde":0.003}},{"type":"Feature","geometry":{"type":"Polygon","coordinates":[[[139.0875,36.015],[139.09,36.015],[139.09,36.0175],[139.0875,36.0175],[139.0875,36.015]]]},"properties":{"cell_id":"g_18_37","score":0.658,"twi":8.96,"hand":3.6,"dist_to_boundary":308,"curvature":-0.0002,"spring_kde":0.003}},{"type":"Feature","geometry":{"type":"Polygon","coordinates":[[[139.09,36.015],[139.0925,36.015],[139.0925,36.0175],[139.09,36.0175],[139.09,36.015]]]},"properties":{"cell_id":"g_19_37","score":0.631,"twi":8.45,"hand":8.1,"dist_to_boundary":281,"curvature":0.0001,"spring_kde":0.003}},{"type":"Feature","geometry":{"type":"Polygon","coordinates":[[[139.0925,36.015],[139.095,36.015],[139.095,36.0175],[139.0925,36.0175],[139.0925,36.015]]]},"properties":{"cell_id":"g_20_37","score":0.642,"twi":8.27,"hand":6.2,"dist_to_boundary":71,"curvature":0.0002,"spring_kde":0.003}},{"type":"Feature","geometry":{"type":"Polygon","coordinates":[[[139.095,36.015],[139.0975,36.015],[139.0975,36.0175],[139.095,36.0175],[139.095,36.015]]]},"properties":{"cell_id":"g_21_37","score":0.584,"twi":7.91,"hand":27.7,"dist_to_boundary":113,"curvature":-0.0027,"spring_kde":0.002}},{"type":"Feature","geometry":{"type":"Polygon","coordinates":[[[139.0975,36.015],[139.1,36.015],[139.1,36.0175],[139.0975,36.0175],[139.0975,36.015]]]},"properties":{"cell_id":"g_22_37","score":0.604,"twi":7.69,"hand":16.3,"dist_to_boundary":56,"curvature":-0.0009,"spring_kde":0.001}},{"type":"Feature","geometry":{"type":"Polygon","coordinates":[[[139.1,36.015],[139.1025,36.015],[139.1025,36.0175],[139.1,36.0175],[139.1,36.015]]]},"properties":{"cell_id":"g_23_37","score":0.597,"twi":7.49,"hand":11.8,"dist_to_boundary":68,"curvature":0.0012,"spring_kde":0.001}},{"type":"Feature","geometry":{"type":"Polygon","coordinates":[[[139.1025,36.015],[139.105,36.015],[139.105,36.0175],[139.1025,36.0175],[139.1025,36.015]]]},"properties":{"cell_id":"g_24_37","score":0.56,"twi":7.26,"hand":23.8,"dist_to_boundary":140,"curvature":-0.0013,"spring_kde":0.002}},{"type":"Feature","geometry":{"type":"Polygon","coordinates":[[[139.105,36.015],[139.1075,36.015],[139.1075,36.0175],[139.105,36.0175],[139.105,36.015]]]},"properties":{"cell_id":"g_25_37","score":0.572,"twi":6.91,"hand":17.6,"dist_to_boundary":1,"curvature":-0.0007,"spring_kde":0.007}},{"type":"Feature","geometry":{"type":"Polygon","coordinates":[[[139.1075,36.015],[139.11,36.015],[139.11,36.0175],[139.1075,36.0175],[139.1075,36.015]]]},"properties":{"cell_id":"g_26_37","score":0.636,"twi":8.03,"hand":10.7,"dist_to_boundary":81,"curvature":0.0018,"spring_kde":0.02}},{"type":"Feature","geometry":{"type":"Polygon","coordinates":[[[139.11,36.015],[139.1125,36.015],[139.1125,36.0175],[139.11,36.0175],[139.11,36.015]]]},"properties":{"cell_id":"g_27_37","score":0.653,"twi":8.82,"hand":11.4,"dist_to_boundary":207,"curvature":-0.0008,"spring_kde":0.05}},{"type":"Feature","geometry":{"type":"Polygon","coordinates":[[[139.1125,36.015],[139.115,36.015],[139.115,36.0175],[139.1125,36.0175],[139.1125,36.015]]]},"properties":{"cell_id":"g_28_37","score":0.622,"twi":7.72,"hand":10.9,"dist_to_boundary":10,"curvature":0.0001,"spring_kde":0.099}},{"type":"Feature","geometry":{"type":"Polygon","coordinates":[[[139.115,36.015],[139.1175,36.015],[139.1175,36.0175],[139.115,36.0175],[139.115,36.015]]]},"properties":{"cell_id":"g_29_37","score":0.555,"twi":6.5,"hand":23.2,"dist_to_boundary":16,"curvature":-0.0005,"spring_kde":0.162}},{"type":"Feature","geometry":{"type":"Polygon","coordinates":[[[139.1175,36.015],[139.12,36.015],[139.12,36.0175],[139.1175,36.0175],[139.1175,36.015]]]},"properties":{"cell_id":"g_30_37","score":0.582,"twi":7.17,"hand":20.2,"dist_to_boundary":88,"curvature":-0.0014,"spring_kde":0.215}},{"type":"Feature","geometry":{"type":"Polygon","coordinates":[[[139.12,36.015],[139.1225,36.015],[139.1225,36.0175],[139.12,36.0175],[139.12,36.015]]]},"properties":{"cell_id":"g_31_37","score":0.526,"twi":6.32,"hand":36.2,"dist_to_boundary":56,"curvature":0.0002,"spring_kde":0.233}},{"type":"Feature","geometry":{"type":"Polygon","coordinates":[[[139.1225,36.015],[139.125,36.015],[139.125,36.0175],[139.1225,36.0175],[139.1225,36.015]]]},"properties":{"cell_id":"g_32_37","score":0.489,"twi":6.14,"hand":45.2,"dist_to_boundary":89,"curvature":-0.003,"spring_kde":0.206}},{"type":"Feature","geometry":{"type":"Polygon","coordinates":[[[139.125,36.015],[139.1275,36.015],[139.1275,36.0175],[139.125,36.0175],[139.125,36.015]]]},"properties":{"cell_id":"g_33_37","score":0.442,"twi":5.98,"hand":57.3,"dist_to_boundary":314,"curvature":-0.0033,"spring_kde":0.149}},{"type":"Feature","geometry":{"type":"Polygon","coordinates":[[[139.1275,36.015],[139.13,36.015],[139.13,36.0175],[139.1275,36.0175],[139.1275,36.015]]]},"properties":{"cell_id":"g_34_37","score":0.491,"twi":6.34,"hand":35.2,"dist_to_boundary":240,"curvature":0.0029,"spring_kde":0.088}},{"type":"Feature","geometry":{"type":"Polygon","coordinates":[[[139.13,36.015],[139.1325,36.015],[139.1325,36.0175],[139.13,36.0175],[139.13,36.015]]]},"properties":{"cell_id":"g_35_37","score":0.44,"twi":5.92,"hand":58,"dist_to_boundary":149,"curvature":-0.0048,"spring_kde":0.042}},{"type":"Feature","geometry":{"type":"Polygon","coordinates":[[[139.1325,36.015],[139.135,36.015],[139.135,36.0175],[139.1325,36.0175],[139.1325,36.015]]]},"properties":{"cell_id":"g_36_37","score":0.493,"twi":6.05,"hand":33.7,"dist_to_boundary":171,"curvature":-0.0001,"spring_kde":0.017}},{"type":"Feature","geometry":{"type":"Polygon","coordinates":[[[139.135,36.015],[139.1375,36.015],[139.1375,36.0175],[139.135,36.0175],[139.135,36.015]]]},"properties":{"cell_id":"g_37_37","score":0.512,"twi":6.74,"hand":41.5,"dist_to_boundary":69,"curvature":0.002,"spring_kde":0.005}},{"type":"Feature","geometry":{"type":"Polygon","coordinates":[[[139.1375,36.015],[139.14,36.015],[139.14,36.0175],[139.1375,36.0175],[139.1375,36.015]]]},"properties":{"cell_id":"g_38_37","score":0.461,"twi":6.38,"hand":68.1,"dist_to_boundary":14,"curvature":-0.0018,"spring_kde":0.001}},{"type":"Feature","geometry":{"type":"Polygon","coordinates":[[[139.14,36.015],[139.1425,36.015],[139.1425,36.0175],[139.14,36.0175],[139.14,36.015]]]},"properties":{"cell_id":"g_39_37","score":0.506,"twi":6.86,"hand":43.4,"dist_to_boundary":89,"curvature":0.0001,"spring_kde":0}},{"type":"Feature","geometry":{"type":"Polygon","coordinates":[[[139.1425,36.015],[139.145,36.015],[139.145,36.0175],[139.1425,36.0175],[139.1425,36.015]]]},"properties":{"cell_id":"g_40_37","score":0.49,"twi":6.3,"hand":31.5,"dist_to_boundary":242,"curvature":-0.0006,"spring_kde":0}},{"type":"Feature","geometry":{"type":"Polygon","coordinates":[[[139.145,36.015],[139.1475,36.015],[139.1475,36.0175],[139.145,36.0175],[139.145,36.015]]]},"properties":{"cell_id":"g_41_37","score":0.465,"twi":6.57,"hand":43.4,"dist_to_boundary":443,"curvature":0.0029,"spring_kde":0}},{"type":"Feature","geometry":{"type":"Polygon","coordinates":[[[139.1475,36.015],[139.15,36.015],[139.15,36.0175],[139.1475,36.0175],[139.1475,36.015]]]},"properties":{"cell_id":"g_42_37","score":0.496,"twi":6.62,"hand":30,"dist_to_boundary":415,"curvature":0.0032,"spring_kde":0}},{"type":"Feature","geometry":{"type":"Polygon","coordinates":[[[139.15,36.015],[139.1525,36.015],[139.1525,36.0175],[139.15,36.0175],[139.15,36.015]]]},"properties":{"cell_id":"g_43_37","score":0.503,"twi":6.62,"hand":32.2,"dist_to_boundary":327,"curvature":0.0036,"spring_kde":0}},{"type":"Feature","geometry":{"type":"Polygon","coordinates":[[[139.1525,36.015],[139.155,36.015],[139.155,36.0175],[139.1525,36.0175],[139.1525,36.015]]]},"properties":{"cell_id":"g_44_37","score":0.516,"twi":6.34,"hand":26.1,"dist_to_boundary":160,"curvature":0.0017,"spring_kde":0}},{"type":"Feature","geometry":{"type":"Polygon","coordinates":[[[139.155,36.015],[139.1575,36.015],[139.1575,36.0175],[139.155,36.0175],[139.155,36.015]]]},"properties":{"cell_id":"g_45_37","score":0.515,"twi":6.13,"hand":29.5,"dist_to_boundary":26,"curvature":0.0013,"spring_kde":0}},{"type":"Feature","geometry":{"type":"Polygon","coordinates":[[[139.0425,36.0175],[139.045,36.0175],[139.045,36.02],[139.0425,36.02],[139.0425,36.0175]]]},"properties":{"cell_id":"g_0_38","score":0.654,"twi":8.57,"hand":17.3,"dist_to_boundary":29,"curvature":0.0004,"spring_kde":0}},{"type":"Feature","geometry":{"type":"Polygon","coordinates":[[[139.045,36.0175],[139.0475,36.0175],[139.0475,36.02],[139.045,36.02],[139.045,36.0175]]]},"properties":{"cell_id":"g_1_38","score":0.604,"twi":7.73,"hand":13.1,"dist_to_boundary":170,"curvature":0.0026,"spring_kde":0}},{"type":"Feature","geometry":{"type":"Polygon","coordinates":[[[139.0475,36.0175],[139.05,36.0175],[139.05,36.02],[139.0475,36.02],[139.0475,36.0175]]]},"properties":{"cell_id":"g_2_38","score":0.473,"twi":5.96,"hand":37.9,"dist_to_boundary":384,"curvature":-0.0021,"spring_kde":0}},{"type":"Feature","geometry":{"type":"Polygon","coordinates":[[[139.05,36.0175],[139.0525,36.0175],[139.0525,36.02],[139.05,36.02],[139.05,36.0175]]]},"properties":{"cell_id":"g_3_38","score":0.469,"twi":6.49,"hand":23,"dist_to_boundary":607,"curvature":0.0018,"spring_kde":0}},{"type":"Feature","geometry":{"type":"Polygon","coordinates":[[[139.0525,36.0175],[139.055,36.0175],[139.055,36.02],[139.0525,36.02],[139.0525,36.0175]]]},"properties":{"cell_id":"g_4_38","score":0.468,"twi":6.49,"hand":17.2,"dist_to_boundary":748,"curvature":0.0002,"spring_kde":0}},{"type":"Feature","geometry":{"type":"Polygon","coordinates":[[[139.055,36.0175],[139.0575,36.0175],[139.0575,36.02],[139.055,36.02],[139.055,36.0175]]]},"properties":{"cell_id":"g_5_38","score":0.477,"twi":6.15,"hand":19.2,"dist_to_boundary":523,"curvature":-0.001,"spring_kde":0}},{"type":"Feature","geometry":{"type":"Polygon","coordinates":[[[139.0575,36.0175],[139.06,36.0175],[139.06,36.02],[139.0575,36.02],[139.0575,36.0175]]]},"properties":{"cell_id":"g_6_38","score":0.485,"twi":6.14,"hand":26.3,"dist_to_boundary":298,"curvature":0.0021,"spring_kde":0}},{"type":"Feature","geometry":{"type":"Polygon","coordinates":[[[139.06,36.0175],[139.0625,36.0175],[139.0625,36.02],[139.06,36.02],[139.06,36.0175]]]},"properties":{"cell_id":"g_7_38","score":0.564,"twi":6.85,"hand":12.9,"dist_to_boundary":73,"curvature":0.0013,"spring_kde":0}},{"type":"Feature","geometry":{"type":"Polygon","coordinates":[[[139.0625,36.0175],[139.065,36.0175],[139.065,36.02],[139.0625,36.02],[139.0625,36.0175]]]},"properties":{"cell_id":"g_8_38","score":0.644,"twi":8.19,"hand":6.5,"dist_to_boundary":3,"curvature":-0.0006,"spring_kde":0}},{"type":"Feature","geometry":{"type":"Polygon","coordinates":[[[139.065,36.0175],[139.0675,36.0175],[139.0675,36.02],[139.065,36.02],[139.065,36.0175]]]},"properties":{"cell_id":"g_9_38","score":0.639,"twi":8.29,"hand":7,"dist_to_boundary":174,"curvature":0.0001,"spring_kde":0}},{"type":"Feature","geometry":{"type":"Polygon","coordinates":[[[139.0675,36.0175],[139.07,36.0175],[139.07,36.02],[139.0675,36.02],[139.0675,36.0175]]]},"properties":{"cell_id":"g_10_38","score":0.559,"twi":6.93,"hand":13.5,"dist_to_boundary":234,"curvature":0.0024,"spring_kde":0}},{"type":"Feature","geometry":{"type":"Polygon","coordinates":[[[139.07,36.0175],[139.0725,36.0175],[139.0725,36.02],[139.07,36.02],[139.07,36.0175]]]},"properties":{"cell_id":"g_11_38","score":0.524,"twi":6.42,"hand":24.8,"dist_to_boundary":122,"curvature":0,"spring_kde":0}},{"type":"Feature","geometry":{"type":"Polygon","coordinates":[[[139.0725,36.0175],[139.075,36.0175],[139.075,36.02],[139.0725,36.02],[139.0725,36.0175]]]},"properties":{"cell_id":"g_12_38","score":0.55,"twi":6.97,"hand":25.9,"dist_to_boundary":7,"curvature":-0.0006,"spring_kde":0}},{"type":"Feature","geometry":{"type":"Polygon","coordinates":[[[139.075,36.0175],[139.0775,36.0175],[139.0775,36.02],[139.075,36.02],[139.075,36.0175]]]},"properties":{"cell_id":"g_13_38","score":0.555,"twi":7.12,"hand":25,"dist_to_boundary":33,"curvature":-0.0002,"spring_kde":0}},{"type":"Feature","geometry":{"type":"Polygon","coordinates":[[[139.0775,36.0175],[139.08,36.0175],[139.08,36.02],[139.0775,36.02],[139.0775,36.0175]]]},"properties":{"cell_id":"g_14_38","score":0.66,"twi":8.9,"hand":6.1,"dist_to_boundary":220,"curvature":0.0009,"spring_kde":0}},{"type":"Feature","geometry":{"type":"Polygon","coordinates":[[[139.08,36.0175],[139.0825,36.0175],[139.0825,36.02],[139.08,36.02],[139.08,36.0175]]]},"properties":{"cell_id":"g_15_38","score":0.671,"twi":8.88,"hand":6.2,"dist_to_boundary":124,"curvature":-0.0002,"spring_kde":0}},{"type":"Feature","geometry":{"type":"Polygon","coordinates":[[[139.0825,36.0175],[139.085,36.0175],[139.085,36.02],[139.0825,36.02],[139.0825,36.0175]]]},"properties":{"cell_id":"g_16_38","score":0.679,"twi":8.88,"hand":6.1,"dist_to_boundary":33,"curvature":-0.001,"spring_kde":0}},{"type":"Feature","geometry":{"type":"Polygon","coordinates":[[[139.085,36.0175],[139.0875,36.0175],[139.0875,36.02],[139.085,36.02],[139.085,36.0175]]]},"properties":{"cell_id":"g_17_38","score":0.583,"twi":7.82,"hand":41.9,"dist_to_boundary":33,"curvature":0.0016,"spring_kde":0}},{"type":"Feature","geometry":{"type":"Polygon","coordinates":[[[139.0875,36.0175],[139.09,36.0175],[139.09,36.02],[139.0875,36.02],[139.0875,36.0175]]]},"properties":{"cell_id":"g_18_38","score":0.623,"twi":8.09,"hand":10.6,"dist_to_boundary":161,"curvature":-0.0006,"spring_kde":0}},{"type":"Feature","geometry":{"type":"Polygon","coordinates":[[[139.09,36.0175],[139.0925,36.0175],[139.0925,36.02],[139.09,36.02],[139.09,36.0175]]]},"properties":{"cell_id":"g_19_38","score":0.599,"twi":7.96,"hand":7.7,"dist_to_boundary":359,"curvature":0.0001,"spring_kde":0}},{"type":"Feature","geometry":{"type":"Polygon","coordinates":[[[139.0925,36.0175],[139.095,36.0175],[139.095,36.02],[139.0925,36.02],[139.0925,36.0175]]]},"properties":{"cell_id":"g_20_38","score":0.654,"twi":8.7,"hand":3,"dist_to_boundary":229,"curvature":-0.0002,"spring_kde":0}},{"type":"Feature","geometry":{"type":"Polygon","coordinates":[[[139.095,36.0175],[139.0975,36.0175],[139.0975,36.02],[139.095,36.02],[139.095,36.0175]]]},"properties":{"cell_id":"g_21_38","score":0.664,"twi":8.56,"hand":5,"dist_to_boundary":60,"curvature":0.0009,"spring_kde":0}},{"type":"Feature","geometry":{"type":"Polygon","coordinates":[[[139.0975,36.0175],[139.1,36.0175],[139.1,36.02],[139.0975,36.02],[139.0975,36.0175]]]},"properties":{"cell_id":"g_22_38","score":0.659,"twi":8.49,"hand":5,"dist_to_boundary":68,"curvature":0.0007,"spring_kde":0}},{"type":"Feature","geometry":{"type":"Polygon","coordinates":[[[139.1,36.0175],[139.1025,36.0175],[139.1025,36.02],[139.1,36.02],[139.1,36.0175]]]},"properties":{"cell_id":"g_23_38","score":0.696,"twi":8.99,"hand":2.8,"dist_to_boundary":53,"curvature":0.0008,"spring_kde":0}},{"type":"Feature","geometry":{"type":"Polygon","coordinates":[[[139.1025,36.0175],[139.105,36.0175],[139.105,36.02],[139.1025,36.02],[139.1025,36.0175]]]},"properties":{"cell_id":"g_24_38","score":0.59,"twi":7.69,"hand":24.5,"dist_to_boundary":58,"curvature":-0.0022,"spring_kde":0.001}},{"type":"Feature","geometry":{"type":"Polygon","coordinates":[[[139.105,36.0175],[139.1075,36.0175],[139.1075,36.02],[139.105,36.02],[139.105,36.0175]]]},"properties":{"cell_id":"g_25_38","score":0.594,"twi":7.6,"hand":24,"dist_to_boundary":4,"curvature":0.0019,"spring_kde":0.003}},{"type":"Feature","geometry":{"type":"Polygon","coordinates":[[[139.1075,36.0175],[139.11,36.0175],[139.11,36.02],[139.1075,36.02],[139.1075,36.0175]]]},"properties":{"cell_id":"g_26_38","score":0.637,"twi":8.29,"hand":11.7,"dist_to_boundary":126,"curvature":0.0003,"spring_kde":0.009}},{"type":"Feature","geometry":{"type":"Polygon","coordinates":[[[139.11,36.0175],[139.1125,36.0175],[139.1125,36.02],[139.11,36.02],[139.11,36.0175]]]},"properties":{"cell_id":"g_27_38","score":0.671,"twi":8.97,"hand":7.7,"dist_to_boundary":161,"curvature":-0.0001,"spring_kde":0.022}},{"type":"Feature","geometry":{"type":"Polygon","coordinates":[[[139.1125,36.0175],[139.115,36.0175],[139.115,36.02],[139.1125,36.02],[139.1125,36.0175]]]},"properties":{"cell_id":"g_28_38","score":0.635,"twi":8.07,"hand":6.5,"dist_to_boundary":62,"curvature":0.0007,"spring_kde":0.043}},{"type":"Feature","geometry":{"type":"Polygon","coordinates":[[[139.115,36.0175],[139.1175,36.0175],[139.1175,36.02],[139.115,36.02],[139.115,36.0175]]]},"properties":{"cell_id":"g_29_38","score":0.522,"twi":6.5,"hand":18.5,"dist_to_boundary":268,"curvature":-0.0004,"spring_kde":0.07}},{"type":"Feature","geometry":{"type":"Polygon","coordinates":[[[139.1175,36.0175],[139.12,36.0175],[139.12,36.02],[139.1175,36.02],[139.1175,36.0175]]]},"properties":{"cell_id":"g_30_38","score":0.609,"twi":7.4,"hand":9.2,"dist_to_boundary":123,"curvature":0.001,"spring_kde":0.093}},{"type":"Feature","geometry":{"type":"Polygon","coordinates":[[[139.12,36.0175],[139.1225,36.0175],[139.1225,36.02],[139.12,36.02],[139.12,36.0175]]]},"properties":{"cell_id":"g_31_38","score":0.533,"twi":6.61,"hand":35.9,"dist_to_boundary":26,"curvature":0.001,"spring_kde":0.101}},{"type":"Feature","geometry":{"type":"Polygon","coordinates":[[[139.1225,36.0175],[139.125,36.0175],[139.125,36.02],[139.1225,36.02],[139.1225,36.0175]]]},"properties":{"cell_id":"g_32_38","score":0.504,"twi":6.45,"hand":31.9,"dist_to_boundary":175,"curvature":-0.0003,"spring_kde":0.09}},{"type":"Feature","geometry":{"type":"Polygon","coordinates":[[[139.125,36.0175],[139.1275,36.0175],[139.1275,36.02],[139.125,36.02],[139.125,36.0175]]]},"properties":{"cell_id":"g_33_38","score":0.523,"twi":6.78,"hand":22.8,"dist_to_boundary":324,"curvature":0.0031,"spring_kde":0.065}},{"type":"Feature","geometry":{"type":"Polygon","coordinates":[[[139.1275,36.0175],[139.13,36.0175],[139.13,36.02],[139.1275,36.02],[139.1275,36.0175]]]},"properties":{"cell_id":"g_34_38","score":0.48,"twi":6.06,"hand":36.9,"dist_to_boundary":231,"curvature":0.0009,"spring_kde":0.038}},{"type":"Feature","geometry":{"type":"Polygon","coordinates":[[[139.13,36.0175],[139.1325,36.0175],[139.1325,36.02],[139.13,36.02],[139.13,36.0175]]]},"properties":{"cell_id":"g_35_38","score":0.516,"twi":5.97,"hand":26.2,"dist_to_boundary":47,"curvature":-0.0012,"spring_kde":0.018}},{"type":"Feature","geometry":{"type":"Polygon","coordinates":[[[139.1325,36.0175],[139.135,36.0175],[139.135,36.02],[139.1325,36.02],[139.1325,36.0175]]]},"properties":{"cell_id":"g_36_38","score":0.586,"twi":7.19,"hand":15.8,"dist_to_boundary":42,"curvature":0.0027,"spring_kde":0.007}},{"type":"Feature","geometry":{"type":"Polygon","coordinates":[[[139.135,36.0175],[139.1375,36.0175],[139.1375,36.02],[139.135,36.02],[139.135,36.0175]]]},"properties":{"cell_id":"g_37_38","score":0.571,"twi":7.07,"hand":18.7,"dist_to_boundary":40,"curvature":0.0028,"spring_kde":0.002}},{"type":"Feature","geometry":{"type":"Polygon","coordinates":[[[139.1375,36.0175],[139.14,36.0175],[139.14,36.02],[139.1375,36.02],[139.1375,36.0175]]]},"properties":{"cell_id":"g_38_38","score":0.543,"twi":6.87,"hand":30.2,"dist_to_boundary":84,"curvature":0.0031,"spring_kde":0.001}},{"type":"Feature","geometry":{"type":"Polygon","coordinates":[[[139.14,36.0175],[139.1425,36.0175],[139.1425,36.02],[139.14,36.02],[139.14,36.0175]]]},"properties":{"cell_id":"g_39_38","score":0.57,"twi":7.05,"hand":20.9,"dist_to_boundary":34,"curvature":0.0023,"spring_kde":0}},{"type":"Feature","geometry":{"type":"Polygon","coordinates":[[[139.1425,36.0175],[139.145,36.0175],[139.145,36.02],[139.1425,36.02],[139.1425,36.0175]]]},"properties":{"cell_id":"g_40_38","score":0.543,"twi":6.81,"hand":22.4,"dist_to_boundary":184,"curvature":0.0043,"spring_kde":0}},{"type":"Feature","geometry":{"type":"Polygon","coordinates":[[[139.145,36.0175],[139.1475,36.0175],[139.1475,36.02],[139.145,36.02],[139.145,36.0175]]]},"properties":{"cell_id":"g_41_38","score":0.433,"twi":6.53,"hand":61.9,"dist_to_boundary":404,"curvature":-0.0046,"spring_kde":0}},{"type":"Feature","geometry":{"type":"Polygon","coordinates":[[[139.1475,36.0175],[139.15,36.0175],[139.15,36.02],[139.1475,36.02],[139.1475,36.0175]]]},"properties":{"cell_id":"g_42_38","score":0.441,"twi":6.7,"hand":50.1,"dist_to_boundary":627,"curvature":0.0027,"spring_kde":0}},{"type":"Feature","geometry":{"type":"Polygon","coordinates":[[[139.15,36.0175],[139.1525,36.0175],[139.1525,36.02],[139.15,36.02],[139.15,36.0175]]]},"properties":{"cell_id":"g_43_38","score":0.394,"twi":6.26,"hand":70.2,"dist_to_boundary":491,"curvature":-0.0029,"spring_kde":0}},{"type":"Feature","geometry":{"type":"Polygon","coordinates":[[[139.1525,36.0175],[139.155,36.0175],[139.155,36.02],[139.1525,36.02],[139.1525,36.0175]]]},"properties":{"cell_id":"g_44_38","score":0.468,"twi":6.37,"hand":39.9,"dist_to_boundary":323,"curvature":0.0009,"spring_kde":0}},{"type":"Feature","geometry":{"type":"Polygon","coordinates":[[[139.155,36.0175],[139.1575,36.0175],[139.1575,36.02],[139.155,36.02],[139.155,36.0175]]]},"properties":{"cell_id":"g_45_38","score":0.431,"twi":6.26,"hand":65.7,"dist_to_boundary":232,"curvature":0.0006,"spring_kde":0}},{"type":"Feature","geometry":{"type":"Polygon","coordinates":[[[139.0425,36.02],[139.045,36.02],[139.045,36.0225],[139.0425,36.0225],[139.0425,36.02]]]},"properties":{"cell_id":"g_0_39","score":0.662,"twi":8.94,"hand":21.4,"dist_to_boundary":3,"curvature":0,"spring_kde":0}},{"type":"Feature","geometry":{"type":"Polygon","coordinates":[[[139.045,36.02],[139.0475,36.02],[139.0475,36.0225],[139.045,36.0225],[139.045,36.02]]]},"properties":{"cell_id":"g_1_39","score":0.577,"twi":7.35,"hand":18.4,"dist_to_boundary":213,"curvature":0.0036,"spring_kde":0}},{"type":"Feature","geometry":{"type":"Polygon","coordinates":[[[139.0475,36.02],[139.05,36.02],[139.05,36.0225],[139.0475,36.0225],[139.0475,36.02]]]},"properties":{"cell_id":"g_2_39","score":0.4,"twi":5.63,"hand":74.8,"dist_to_boundary":409,"curvature":-0.0023,"spring_kde":0}},{"type":"Feature","geometry":{"type":"Polygon","coordinates":[[[139.05,36.02],[139.0525,36.02],[139.0525,36.0225],[139.05,36.0225],[139.05,36.02]]]},"properties":{"cell_id":"g_3_39","score":0.393,"twi":6.04,"hand":53.3,"dist_to_boundary":622,"curvature":-0.0028,"spring_kde":0}},{"type":"Feature","geometry":{"type":"Polygon","coordinates":[[[139.0525,36.02],[139.055,36.02],[139.055,36.0225],[139.0525,36.0225],[139.0525,36.02]]]},"properties":{"cell_id":"g_4_39","score":0.418,"twi":6.42,"hand":40,"dist_to_boundary":763,"curvature":0.0005,"spring_kde":0}},{"type":"Feature","geometry":{"type":"Polygon","coordinates":[[[139.055,36.02],[139.0575,36.02],[139.0575,36.0225],[139.055,36.0225],[139.055,36.02]]]},"properties":{"cell_id":"g_5_39","score":0.508,"twi":6.96,"hand":18.3,"dist_to_boundary":544,"curvature":0.0035,"spring_kde":0}},{"type":"Feature","geometry":{"type":"Polygon","coordinates":[[[139.0575,36.02],[139.06,36.02],[139.06,36.0225],[139.0575,36.0225],[139.0575,36.02]]]},"properties":{"cell_id":"g_6_39","score":0.479,"twi":6.07,"hand":30.4,"dist_to_boundary":333,"curvature":-0.0017,"spring_kde":0}},{"type":"Feature","geometry":{"type":"Polygon","coordinates":[[[139.06,36.02],[139.0625,36.02],[139.0625,36.0225],[139.06,36.0225],[139.06,36.02]]]},"properties":{"cell_id":"g_7_39","score":0.484,"twi":6.43,"hand":43.2,"dist_to_boundary":150,"curvature":-0.0008,"spring_kde":0}},{"type":"Feature","geometry":{"type":"Polygon","coordinates":[[[139.0625,36.02],[139.065,36.02],[139.065,36.0225],[139.0625,36.0225],[139.0625,36.02]]]},"properties":{"cell_id":"g_8_39","score":0.559,"twi":7.01,"hand":19.1,"dist_to_boundary":24,"curvature":-0.0007,"spring_kde":0}},{"type":"Feature","geometry":{"type":"Polygon","coordinates":[[[139.065,36.02],[139.0675,36.02],[139.0675,36.0225],[139.065,36.0225],[139.065,36.02]]]},"properties":{"cell_id":"g_9_39","score":0.665,"twi":8.63,"hand":6.5,"dist_to_boundary":21,"curvature":0.0009,"spring_kde":0}},{"type":"Feature","geometry":{"type":"Polygon","coordinates":[[[139.0675,36.02],[139.07,36.02],[139.07,36.0225],[139.0675,36.0225],[139.0675,36.02]]]},"properties":{"cell_id":"g_10_39","score":0.621,"twi":7.77,"hand":9.9,"dist_to_boundary":92,"curvature":0.0003,"spring_kde":0}},{"type":"Feature","geometry":{"type":"Polygon","coordinates":[[[139.07,36.02],[139.0725,36.02],[139.0725,36.0225],[139.07,36.0225],[139.07,36.02]]]},"properties":{"cell_id":"g_11_39","score":0.521,"twi":6.64,"hand":28.5,"dist_to_boundary":31,"curvature":-0.0018,"spring_kde":0}},{"type":"Feature","geometry":{"type":"Polygon","coordinates":[[[139.0725,36.02],[139.075,36.02],[139.075,36.0225],[139.0725,36.0225],[139.0725,36.02]]]},"properties":{"cell_id":"g_12_39","score":0.582,"twi":7.29,"hand":16.3,"dist_to_boundary":31,"curvature":0.0008,"spring_kde":0}},{"type":"Feature","geometry":{"type":"Polygon","coordinates":[[[139.075,36.02],[139.0775,36.02],[139.0775,36.0225],[139.075,36.0225],[139.075,36.02]]]},"properties":{"cell_id":"g_13_39","score":0.598,"twi":7.72,"hand":19.5,"dist_to_boundary":7,"curvature":-0.0009,"spring_kde":0}},{"type":"Feature","geometry":{"type":"Polygon","coordinates":[[[139.0775,36.02],[139.08,36.02],[139.08,36.0225],[139.0775,36.0225],[139.0775,36.02]]]},"properties":{"cell_id":"g_14_39","score":0.563,"twi":7.41,"hand":26.5,"dist_to_boundary":69,"curvature":-0.0017,"spring_kde":0}},{"type":"Feature","geometry":{"type":"Polygon","coordinates":[[[139.08,36.02],[139.0825,36.02],[139.0825,36.0225],[139.08,36.0225],[139.08,36.02]]]},"properties":{"cell_id":"g_15_39","score":0.659,"twi":8.86,"hand":2.8,"dist_to_boundary":267,"curvature":0.0001,"spring_kde":0}},{"type":"Feature","geometry":{"type":"Polygon","coordinates":[[[139.0825,36.02],[139.085,36.02],[139.085,36.0225],[139.0825,36.0225],[139.0825,36.02]]]},"properties":{"cell_id":"g_16_39","score":0.656,"twi":9.06,"hand":24.1,"dist_to_boundary":109,"curvature":0.0012,"spring_kde":0}},{"type":"Feature","geometry":{"type":"Polygon","coordinates":[[[139.085,36.02],[139.0875,36.02],[139.0875,36.0225],[139.085,36.0225],[139.085,36.02]]]},"properties":{"cell_id":"g_17_39","score":0.627,"twi":8.12,"hand":17.1,"dist_to_boundary":49,"curvature":-0.0005,"spring_kde":0}},{"type":"Feature","geometry":{"type":"Polygon","coordinates":[[[139.0875,36.02],[139.09,36.02],[139.09,36.0225],[139.0875,36.0225],[139.0875,36.02]]]},"properties":{"cell_id":"g_18_39","score":0.641,"twi":8.06,"hand":11.2,"dist_to_boundary":19,"curvature":0.0006,"spring_kde":0}},{"type":"Feature","geometry":{"type":"Polygon","coordinates":[[[139.09,36.02],[139.0925,36.02],[139.0925,36.0225],[139.09,36.0225],[139.09,36.02]]]},"properties":{"cell_id":"g_19_39","score":0.684,"twi":9.27,"hand":5.7,"dist_to_boundary":217,"curvature":0,"spring_kde":0}},{"type":"Feature","geometry":{"type":"Polygon","coordinates":[[[139.0925,36.02],[139.095,36.02],[139.095,36.0225],[139.0925,36.0225],[139.0925,36.02]]]},"properties":{"cell_id":"g_20_39","score":0.636,"twi":8.88,"hand":6.6,"dist_to_boundary":415,"curvature":-0.0005,"spring_kde":0}},{"type":"Feature","geometry":{"type":"Polygon","coordinates":[[[139.095,36.02],[139.0975,36.02],[139.0975,36.0225],[139.095,36.0225],[139.095,36.02]]]},"properties":{"cell_id":"g_21_39","score":0.675,"twi":9.09,"hand":0.4,"dist_to_boundary":260,"curvature":-0.0001,"spring_kde":0}},{"type":"Feature","geometry":{"type":"Polygon","coordinates":[[[139.0975,36.02],[139.1,36.02],[139.1,36.0225],[139.0975,36.0225],[139.0975,36.02]]]},"properties":{"cell_id":"g_22_39","score":0.7,"twi":9.28,"hand":1.1,"dist_to_boundary":105,"curvature":0.0002,"spring_kde":0}},{"type":"Feature","geometry":{"type":"Polygon","coordinates":[[[139.1,36.02],[139.1025,36.02],[139.1025,36.0225],[139.1,36.0225],[139.1,36.02]]]},"properties":{"cell_id":"g_23_39","score":0.663,"twi":8.65,"hand":4.9,"dist_to_boundary":118,"curvature":-0.0001,"spring_kde":0}},{"type":"Feature","geometry":{"type":"Polygon","coordinates":[[[139.1025,36.02],[139.105,36.02],[139.105,36.0225],[139.1025,36.0225],[139.1025,36.02]]]},"properties":{"cell_id":"g_24_39","score":0.615,"twi":7.93,"hand":9.4,"dist_to_boundary":176,"curvature":-0.0006,"spring_kde":0}},{"type":"Feature","geometry":{"type":"Polygon","coordinates":[[[139.105,36.02],[139.1075,36.02],[139.1075,36.0225],[139.105,36.0225],[139.105,36.02]]]},"properties":{"cell_id":"g_25_39","score":0.628,"twi":7.9,"hand":12.8,"dist_to_boundary":64,"curvature":0.0007,"spring_kde":0.001}},{"type":"Feature","geometry":{"type":"Polygon","coordinates":[[[139.1075,36.02],[139.11,36.02],[139.11,36.0225],[139.1075,36.0225],[139.1075,36.02]]]},"properties":{"cell_id":"g_26_39","score":0.637,"twi":8.37,"hand":17.9,"dist_to_boundary":89,"curvature":-0.0029,"spring_kde":0.003}},{"type":"Feature","geometry":{"type":"Polygon","coordinates":[[[139.11,36.02],[139.1125,36.02],[139.1125,36.0225],[139.11,36.0225],[139.11,36.02]]]},"properties":{"cell_id":"g_27_39","score":0.647,"twi":8.15,"hand":7.8,"dist_to_boundary":110,"curvature":0.0035,"spring_kde":0.007}},{"type":"Feature","geometry":{"type":"Polygon","coordinates":[[[139.1125,36.02],[139.115,36.02],[139.115,36.0225],[139.1125,36.0225],[139.1125,36.02]]]},"properties":{"cell_id":"g_28_39","score":0.653,"twi":8.34,"hand":6.8,"dist_to_boundary":63,"curvature":0.0005,"spring_kde":0.014}},{"type":"Feature","geometry":{"type":"Polygon","coordinates":[[[139.115,36.02],[139.1175,36.02],[139.1175,36.0225],[139.115,36.0225],[139.115,36.02]]]},"properties":{"cell_id":"g_29_39","score":0.544,"twi":6.67,"hand":13.3,"dist_to_boundary":249,"curvature":-0.0012,"spring_kde":0.023}},{"type":"Feature","geometry":{"type":"Polygon","coordinates":[[[139.1175,36.02],[139.12,36.02],[139.12,36.0225],[139.1175,36.0225],[139.1175,36.02]]]},"properties":{"cell_id":"g_30_39","score":0.583,"twi":7.49,"hand":22.4,"dist_to_boundary":206,"curvature":0.0002,"spring_kde":0.03}},{"type":"Feature","geometry":{"type":"Polygon","coordinates":[[[139.12,36.02],[139.1225,36.02],[139.1225,36.0225],[139.12,36.0225],[139.12,36.02]]]},"properties":{"cell_id":"g_31_39","score":0.589,"twi":7.25,"hand":16.7,"dist_to_boundary":70,"curvature":-0.001,"spring_kde":0.033}},{"type":"Feature","geometry":{"type":"Polygon","coordinates":[[[139.1225,36.02],[139.125,36.02],[139.125,36.0225],[139.1225,36.0225],[139.1225,36.02]]]},"properties":{"cell_id":"g_32_39","score":0.593,"twi":7.45,"hand":13.3,"dist_to_boundary":32,"curvature":0.0014,"spring_kde":0.029}},{"type":"Feature","geometry":{"type":"Polygon","coordinates":[[[139.125,36.02],[139.1275,36.02],[139.1275,36.0225],[139.125,36.0225],[139.125,36.02]]]},"properties":{"cell_id":"g_33_39","score":0.497,"twi":6.42,"hand":30.2,"dist_to_boundary":120,"curvature":-0.0011,"spring_kde":0.021}},{"type":"Feature","geometry":{"type":"Polygon","coordinates":[[[139.1275,36.02],[139.13,36.02],[139.13,36.0225],[139.1275,36.0225],[139.1275,36.02]]]},"properties":{"cell_id":"g_34_39","score":0.436,"twi":6.14,"hand":53.6,"dist_to_boundary":282,"curvature":-0.0044,"spring_kde":0.012}},{"type":"Feature","geometry":{"type":"Polygon","coordinates":[[[139.13,36.02],[139.1325,36.02],[139.1325,36.0225],[139.13,36.0225],[139.13,36.02]]]},"properties":{"cell_id":"g_35_39","score":0.579,"twi":7.16,"hand":9.5,"dist_to_boundary":131,"curvature":0.0021,"spring_kde":0.006}},{"type":"Feature","geometry":{"type":"Polygon","coordinates":[[[139.1325,36.02],[139.135,36.02],[139.135,36.0225],[139.1325,36.0225],[139.1325,36.02]]]},"properties":{"cell_id":"g_36_39","score":0.524,"twi":6.78,"hand":35.8,"dist_to_boundary":38,"curvature":0.0007,"spring_kde":0.002}},{"type":"Feature","geometry":{"type":"Polygon","coordinates":[[[139.135,36.02],[139.1375,36.02],[139.1375,36.0225],[139.135,36.0225],[139.135,36.02]]]},"properties":{"cell_id":"g_37_39","score":0.458,"twi":6.58,"hand":67.3,"dist_to_boundary":81,"curvature":-0.0034,"spring_kde":0.001}},{"type":"Feature","geometry":{"type":"Polygon","coordinates":[[[139.1375,36.02],[139.14,36.02],[139.14,36.0225],[139.1375,36.0225],[139.1375,36.02]]]},"properties":{"cell_id":"g_38_39","score":0.533,"twi":7.13,"hand":40.3,"dist_to_boundary":83,"curvature":-0.0008,"spring_kde":0}},{"type":"Feature","geometry":{"type":"Polygon","coordinates":[[[139.14,36.02],[139.1425,36.02],[139.1425,36.0225],[139.14,36.0225],[139.14,36.02]]]},"properties":{"cell_id":"g_39_39","score":0.564,"twi":7.16,"hand":21.5,"dist_to_boundary":53,"curvature":0.0007,"spring_kde":0}},{"type":"Feature","geometry":{"type":"Polygon","coordinates":[[[139.1425,36.02],[139.145,36.02],[139.145,36.0225],[139.1425,36.0225],[139.1425,36.02]]]},"properties":{"cell_id":"g_40_39","score":0.507,"twi":6.89,"hand":33,"dist_to_boundary":258,"curvature":0.0002,"spring_kde":0}},{"type":"Feature","geometry":{"type":"Polygon","coordinates":[[[139.145,36.02],[139.1475,36.02],[139.1475,36.0225],[139.145,36.0225],[139.145,36.02]]]},"properties":{"cell_id":"g_41_39","score":0.482,"twi":6.74,"hand":40.2,"dist_to_boundary":472,"curvature":-0.0002,"spring_kde":0}},{"type":"Feature","geometry":{"type":"Polygon","coordinates":[[[139.1475,36.02],[139.15,36.02],[139.15,36.0225],[139.1475,36.0225],[139.1475,36.02]]]},"properties":{"cell_id":"g_42_39","score":0.412,"twi":6.43,"hand":64.3,"dist_to_boundary":490,"curvature":0.0006,"spring_kde":0}},{"type":"Feature","geometry":{"type":"Polygon","coordinates":[[[139.15,36.02],[139.1525,36.02],[139.1525,36.0225],[139.15,36.0225],[139.15,36.02]]]},"properties":{"cell_id":"g_43_39","score":0.4,"twi":6.16,"hand":62.3,"dist_to_boundary":412,"curvature":-0.0056,"spring_kde":0}},{"type":"Feature","geometry":{"type":"Polygon","coordinates":[[[139.1525,36.02],[139.155,36.02],[139.155,36.0225],[139.1525,36.0225],[139.1525,36.02]]]},"properties":{"cell_id":"g_44_39","score":0.425,"twi":6.27,"hand":57.4,"dist_to_boundary":410,"curvature":0.0011,"spring_kde":0}},{"type":"Feature","geometry":{"type":"Polygon","coordinates":[[[139.155,36.02],[139.1575,36.02],[139.1575,36.0225],[139.155,36.0225],[139.155,36.02]]]},"properties":{"cell_id":"g_45_39","score":0.412,"twi":6.09,"hand":58.4,"dist_to_boundary":476,"curvature":-0.0025,"spring_kde":0}},{"type":"Feature","geometry":{"type":"Polygon","coordinates":[[[139.0425,36.0225],[139.045,36.0225],[139.045,36.025],[139.0425,36.025],[139.0425,36.0225]]]},"properties":{"cell_id":"g_0_40","score":0.601,"twi":7.56,"hand":12.4,"dist_to_boundary":105,"curvature":0.0004,"spring_kde":0}},{"type":"Feature","geometry":{"type":"Polygon","coordinates":[[[139.045,36.0225],[139.0475,36.0225],[139.0475,36.025],[139.045,36.025],[139.045,36.0225]]]},"properties":{"cell_id":"g_1_40","score":0.497,"twi":6.36,"hand":30.5,"dist_to_boundary":288,"curvature":-0.0011,"spring_kde":0}},{"type":"Feature","geometry":{"type":"Polygon","coordinates":[[[139.0475,36.0225],[139.05,36.0225],[139.05,36.025],[139.0475,36.025],[139.0475,36.0225]]]},"properties":{"cell_id":"g_2_40","score":0.436,"twi":6.02,"hand":41.7,"dist_to_boundary":495,"curvature":0.0014,"spring_kde":0}},{"type":"Feature","geometry":{"type":"Polygon","coordinates":[[[139.05,36.0225],[139.0525,36.0225],[139.0525,36.025],[139.05,36.025],[139.05,36.0225]]]},"properties":{"cell_id":"g_3_40","score":0.437,"twi":6.65,"hand":41.6,"dist_to_boundary":706,"curvature":-0.004,"spring_kde":0}},{"type":"Feature","geometry":{"type":"Polygon","coordinates":[[[139.0525,36.0225],[139.055,36.0225],[139.055,36.025],[139.0525,36.025],[139.0525,36.0225]]]},"properties":{"cell_id":"g_4_40","score":0.465,"twi":7.07,"hand":27.1,"dist_to_boundary":860,"curvature":-0.0004,"spring_kde":0}},{"type":"Feature","geometry":{"type":"Polygon","coordinates":[[[139.055,36.0225],[139.0575,36.0225],[139.0575,36.025],[139.055,36.025],[139.055,36.0225]]]},"properties":{"cell_id":"g_5_40","score":0.41,"twi":6.15,"hand":44.6,"dist_to_boundary":674,"curvature":-0.0023,"spring_kde":0}},{"type":"Feature","geometry":{"type":"Polygon","coordinates":[[[139.0575,36.0225],[139.06,36.0225],[139.06,36.025],[139.0575,36.025],[139.0575,36.0225]]]},"properties":{"cell_id":"g_6_40","score":0.506,"twi":6.72,"hand":19.7,"dist_to_boundary":500,"curvature":0.0049,"spring_kde":0}},{"type":"Feature","geometry":{"type":"Polygon","coordinates":[[[139.06,36.0225],[139.0625,36.0225],[139.0625,36.025],[139.06,36.025],[139.06,36.0225]]]},"properties":{"cell_id":"g_7_40","score":0.451,"twi":5.86,"hand":38.5,"dist_to_boundary":325,"curvature":-0.0021,"spring_kde":0}},{"type":"Feature","geometry":{"type":"Polygon","coordinates":[[[139.0625,36.0225],[139.065,36.0225],[139.065,36.025],[139.0625,36.025],[139.0625,36.0225]]]},"properties":{"cell_id":"g_8_40","score":0.463,"twi":6.17,"hand":46.8,"dist_to_boundary":150,"curvature":-0.0014,"spring_kde":0}},{"type":"Feature","geometry":{"type":"Polygon","coordinates":[[[139.065,36.0225],[139.0675,36.0225],[139.0675,36.025],[139.065,36.025],[139.065,36.0225]]]},"properties":{"cell_id":"g_9_40","score":0.542,"twi":6.78,"hand":20.7,"dist_to_boundary":29,"curvature":-0.0016,"spring_kde":0}},{"type":"Feature","geometry":{"type":"Polygon","coordinates":[[[139.0675,36.0225],[139.07,36.0225],[139.07,36.025],[139.0675,36.025],[139.0675,36.0225]]]},"properties":{"cell_id":"g_10_40","score":0.672,"twi":8.58,"hand":3.4,"dist_to_boundary":3,"curvature":0.0009,"spring_kde":0}},{"type":"Feature","geometry":{"type":"Polygon","coordinates":[[[139.07,36.0225],[139.0725,36.0225],[139.0725,36.025],[139.07,36.025],[139.07,36.0225]]]},"properties":{"cell_id":"g_11_40","score":0.559,"twi":7.1,"hand":27.5,"dist_to_boundary":40,"curvature":0.0008,"spring_kde":0}},{"type":"Feature","geometry":{"type":"Polygon","coordinates":[[[139.0725,36.0225],[139.075,36.0225],[139.075,36.025],[139.0725,36.025],[139.0725,36.0225]]]},"properties":{"cell_id":"g_12_40","score":0.536,"twi":6.89,"hand":20.5,"dist_to_boundary":137,"curvature":-0.0005,"spring_kde":0}},{"type":"Feature","geometry":{"type":"Polygon","coordinates":[[[139.075,36.0225],[139.0775,36.0225],[139.0775,36.025],[139.075,36.025],[139.075,36.0225]]]},"properties":{"cell_id":"g_13_40","score":0.595,"twi":7.72,"hand":14.1,"dist_to_boundary":173,"curvature":-0.0001,"spring_kde":0}},{"type":"Feature","geometry":{"type":"Polygon","coordinates":[[[139.0775,36.0225],[139.08,36.0225],[139.08,36.025],[139.0775,36.025],[139.0775,36.0225]]]},"properties":{"cell_id":"g_14_40","score":0.593,"twi":7.53,"hand":14.6,"dist_to_boundary":64,"curvature":-0.0018,"spring_kde":0}},{"type":"Feature","geometry":{"type":"Polygon","coordinates":[[[139.08,36.0225],[139.0825,36.0225],[139.0825,36.025],[139.08,36.025],[139.08,36.0225]]]},"properties":{"cell_id":"g_15_40","score":0.637,"twi":8.41,"hand":8.6,"dist_to_boundary":138,"curvature":0.0025,"spring_kde":0}},{"type":"Feature","geometry":{"type":"Polygon","coordinates":[[[139.0825,36.0225],[139.085,36.0225],[139.085,36.025],[139.0825,36.025],[139.0825,36.0225]]]},"properties":{"cell_id":"g_16_40","score":0.665,"twi":8.78,"hand":4.5,"dist_to_boundary":199,"curvature":-0.0006,"spring_kde":0}},{"type":"Feature","geometry":{"type":"Polygon","coordinates":[[[139.085,36.0225],[139.0875,36.0225],[139.0875,36.025],[139.085,36.025],[139.085,36.0225]]]},"properties":{"cell_id":"g_17_40","score":0.642,"twi":8.13,"hand":9.6,"dist_to_boundary":3,"curvature":0.0002,"spring_kde":0}},{"type":"Feature","geometry":{"type":"Polygon","coordinates":[[[139.0875,36.0225],[139.09,36.0225],[139.09,36.025],[139.0875,36.025],[139.0875,36.0225]]]},"properties":{"cell_id":"g_18_40","score":0.675,"twi":8.58,"hand":1.2,"dist_to_boundary":12,"curvature":0.0028,"spring_kde":0}},{"type":"Feature","geometry":{"type":"Polygon","coordinates":[[[139.09,36.0225],[139.0925,36.0225],[139.0925,36.025],[139.09,36.025],[139.09,36.0225]]]},"properties":{"cell_id":"g_19_40","score":0.635,"twi":9.07,"hand":41.9,"dist_to_boundary":160,"curvature":-0.0002,"spring_kde":0}},{"type":"Feature","geometry":{"type":"Polygon","coordinates":[[[139.0925,36.0225],[139.095,36.0225],[139.095,36.025],[139.0925,36.025],[139.0925,36.0225]]]},"properties":{"cell_id":"g_20_40","score":0.652,"twi":9,"hand":2.9,"dist_to_boundary":384,"curvature":-0.0004,"spring_kde":0}},{"type":"Feature","geometry":{"type":"Polygon","coordinates":[[[139.095,36.0225],[139.0975,36.0225],[139.0975,36.025],[139.095,36.025],[139.095,36.0225]]]},"properties":{"cell_id":"g_21_40","score":0.649,"twi":9.08,"hand":2.7,"dist_to_boundary":458,"curvature":0,"spring_kde":0}},{"type":"Feature","geometry":{"type":"Polygon","coordinates":[[[139.0975,36.0225],[139.1,36.0225],[139.1,36.025],[139.0975,36.025],[139.0975,36.0225]]]},"properties":{"cell_id":"g_22_40","score":0.686,"twi":9.35,"hand":4.5,"dist_to_boundary":234,"curvature":0,"spring_kde":0}},{"type":"Feature","geometry":{"type":"Polygon","coordinates":[[[139.1,36.0225],[139.1025,36.0225],[139.1025,36.025],[139.1,36.025],[139.1,36.0225]]]},"properties":{"cell_id":"g_23_40","score":0.711,"twi":9.3,"hand":1.7,"dist_to_boundary":18,"curvature":0.0002,"spring_kde":0}},{"type":"Feature","geometry":{"type":"Polygon","coordinates":[[[139.1025,36.0225],[139.105,36.0225],[139.105,36.025],[139.1025,36.025],[139.1025,36.0225]]]},"properties":{"cell_id":"g_24_40","score":0.646,"twi":8.51,"hand":10.3,"dist_to_boundary":95,"curvature":-0.0003,"spring_kde":0}},{"type":"Feature","geometry":{"type":"Polygon","coordinates":[[[139.105,36.0225],[139.1075,36.0225],[139.1075,36.025],[139.105,36.025],[139.105,36.0225]]]},"properties":{"cell_id":"g_25_40","score":0.6,"twi":7.56,"hand":12.5,"dist_to_boundary":194,"curvature":0,"spring_kde":0}},{"type":"Feature","geometry":{"type":"Polygon","coordinates":[[[139.1075,36.0225],[139.11,36.0225],[139.11,36.025],[139.1075,36.025],[139.1075,36.0225]]]},"properties":{"cell_id":"g_26_40","score":0.643,"twi":8.15,"hand":9.2,"dist_to_boundary":31,"curvature":-0.0007,"spring_kde":0.001}},{"type":"Feature","geometry":{"type":"Polygon","coordinates":[[[139.11,36.0225],[139.1125,36.0225],[139.1125,36.025],[139.11,36.025],[139.11,36.0225]]]},"properties":{"cell_id":"g_27_40","score":0.621,"twi":7.78,"hand":12,"dist_to_boundary":95,"curvature":0.0006,"spring_kde":0.002}},{"type":"Feature","geometry":{"type":"Polygon","coordinates":[[[139.1125,36.0225],[139.115,36.0225],[139.115,36.025],[139.1125,36.025],[139.1125,36.0225]]]},"properties":{"cell_id":"g_28_40","score":0.677,"twi":9,"hand":8.1,"dist_to_boundary":96,"curvature":-0.0002,"spring_kde":0.003}},{"type":"Feature","geometry":{"type":"Polygon","coordinates":[[[139.115,36.0225],[139.1175,36.0225],[139.1175,36.025],[139.115,36.025],[139.115,36.0225]]]},"properties":{"cell_id":"g_29_40","score":0.624,"twi":8.16,"hand":11.5,"dist_to_boundary":110,"curvature":0.0012,"spring_kde":0.005}},{"type":"Feature","geometry":{"type":"Polygon","coordinates":[[[139.1175,36.0225],[139.12,36.0225],[139.12,36.025],[139.1175,36.025],[139.1175,36.0225]]]},"properties":{"cell_id":"g_30_40","score":0.628,"twi":7.9,"hand":9.6,"dist_to_boundary":10,"curvature":-0.0005,"spring_kde":0.007}},{"type":"Feature","geometry":{"type":"Polygon","coordinates":[[[139.12,36.0225],[139.1225,36.0225],[139.1225,36.025],[139.12,36.025],[139.12,36.0225]]]},"properties":{"cell_id":"g_31_40","score":0.642,"twi":8.44,"hand":8.9,"dist_to_boundary":149,"curvature":0.0002,"spring_kde":0.008}},{"type":"Feature","geometry":{"type":"Polygon","coordinates":[[[139.1225,36.0225],[139.125,36.0225],[139.125,36.025],[139.1225,36.025],[139.1225,36.0225]]]},"properties":{"cell_id":"g_32_40","score":0.61,"twi":7.6,"hand":12.4,"dist_to_boundary":18,"curvature":0.0004,"spring_kde":0.007}},{"type":"Feature","geometry":{"type":"Polygon","coordinates":[[[139.125,36.0225],[139.1275,36.0225],[139.1275,36.025],[139.125,36.025],[139.125,36.0225]]]},"properties":{"cell_id":"g_33_40","score":0.595,"twi":7.53,"hand":12.4,"dist_to_boundary":72,"curvature":0.001,"spring_kde":0.005}},{"type":"Feature","geometry":{"type":"Polygon","coordinates":[[[139.1275,36.0225],[139.13,36.0225],[139.13,36.025],[139.1275,36.025],[139.1275,36.0225]]]},"properties":{"cell_id":"g_34_40","score":0.543,"twi":6.72,"hand":17.9,"dist_to_boundary":90,"curvature":0.0004,"spring_kde":0.003}},{"type":"Feature","geometry":{"type":"Polygon","coordinates":[[[139.13,36.0225],[139.1325,36.0225],[139.1325,36.025],[139.13,36.025],[139.13,36.0225]]]},"properties":{"cell_id":"g_35_40","score":0.604,"twi":7.26,"hand":11.7,"dist_to_boundary":4,"curvature":0.0044,"spring_kde":0.001}},{"type":"Feature","geometry":{"type":"Polygon","coordinates":[[[139.1325,36.0225],[139.135,36.0225],[139.135,36.025],[139.1325,36.025],[139.1325,36.0225]]]},"properties":{"cell_id":"g_36_40","score":0.51,"twi":6.39,"hand":34.3,"dist_to_boundary":74,"curvature":0.0019,"spring_kde":0.001}},{"type":"Feature","geometry":{"type":"Polygon","coordinates":[[[139.135,36.0225],[139.1375,36.0225],[139.1375,36.025],[139.135,36.025],[139.135,36.0225]]]},"properties":{"cell_id":"g_37_40","score":0.431,"twi":6.23,"hand":70.3,"dist_to_boundary":98,"curvature":-0.0039,"spring_kde":0}},{"type":"Feature","geometry":{"type":"Polygon","coordinates":[[[139.1375,36.0225],[139.14,36.0225],[139.14,36.025],[139.1375,36.025],[139.1375,36.0225]]]},"properties":{"cell_id":"g_38_40","score":0.555,"twi":7.23,"hand":30.1,"dist_to_boundary":38,"curvature":0.002,"spring_kde":0}},{"type":"Feature","geometry":{"type":"Polygon","coordinates":[[[139.14,36.0225],[139.1425,36.0225],[139.1425,36.025],[139.14,36.025],[139.14,36.0225]]]},"properties":{"cell_id":"g_39_40","score":0.506,"twi":6.89,"hand":39.9,"dist_to_boundary":167,"curvature":0.0002,"spring_kde":0}},{"type":"Feature","geometry":{"type":"Polygon","coordinates":[[[139.1425,36.0225],[139.145,36.0225],[139.145,36.025],[139.1425,36.025],[139.1425,36.0225]]]},"properties":{"cell_id":"g_40_40","score":0.494,"twi":6.83,"hand":34.4,"dist_to_boundary":372,"curvature":0.0007,"spring_kde":0}},{"type":"Feature","geometry":{"type":"Polygon","coordinates":[[[139.145,36.0225],[139.1475,36.0225],[139.1475,36.025],[139.145,36.025],[139.145,36.0225]]]},"properties":{"cell_id":"g_41_40","score":0.534,"twi":7.4,"hand":21.9,"dist_to_boundary":423,"curvature":0.0007,"spring_kde":0}},{"type":"Feature","geometry":{"type":"Polygon","coordinates":[[[139.1475,36.0225],[139.15,36.0225],[139.15,36.025],[139.1475,36.025],[139.1475,36.0225]]]},"properties":{"cell_id":"g_42_40","score":0.519,"twi":6.97,"hand":28.5,"dist_to_boundary":276,"curvature":-0.0003,"spring_kde":0}},{"type":"Feature","geometry":{"type":"Polygon","coordinates":[[[139.15,36.0225],[139.1525,36.0225],[139.1525,36.025],[139.15,36.025],[139.15,36.0225]]]},"properties":{"cell_id":"g_43_40","score":0.514,"twi":7.11,"hand":44.9,"dist_to_boundary":140,"curvature":0.0024,"spring_kde":0}},{"type":"Feature","geometry":{"type":"Polygon","coordinates":[[[139.1525,36.0225],[139.155,36.0225],[139.155,36.025],[139.1525,36.025],[139.1525,36.0225]]]},"properties":{"cell_id":"g_44_40","score":0.424,"twi":6.4,"hand":76.9,"dist_to_boundary":135,"curvature":-0.0033,"spring_kde":0}},{"type":"Feature","geometry":{"type":"Polygon","coordinates":[[[139.155,36.0225],[139.1575,36.0225],[139.1575,36.025],[139.155,36.025],[139.155,36.0225]]]},"properties":{"cell_id":"g_45_40","score":0.523,"twi":6.85,"hand":25,"dist_to_boundary":229,"curvature":0.0014,"spring_kde":0}},{"type":"Feature","geometry":{"type":"Polygon","coordinates":[[[139.0425,36.025],[139.045,36.025],[139.045,36.0275],[139.0425,36.0275],[139.0425,36.025]]]},"properties":{"cell_id":"g_0_41","score":0.61,"twi":8.52,"hand":18.9,"dist_to_boundary":326,"curvature":-0.0016,"spring_kde":0}},{"type":"Feature","geometry":{"type":"Polygon","coordinates":[[[139.045,36.025],[139.0475,36.025],[139.0475,36.0275],[139.045,36.0275],[139.045,36.025]]]},"properties":{"cell_id":"g_1_41","score":0.499,"twi":7,"hand":30,"dist_to_boundary":461,"curvature":0.001,"spring_kde":0}},{"type":"Feature","geometry":{"type":"Polygon","coordinates":[[[139.0475,36.025],[139.05,36.025],[139.05,36.0275],[139.0475,36.0275],[139.0475,36.025]]]},"properties":{"cell_id":"g_2_41","score":0.454,"twi":6.66,"hand":34.6,"dist_to_boundary":621,"curvature":-0.0007,"spring_kde":0}},{"type":"Feature","geometry":{"type":"Polygon","coordinates":[[[139.05,36.025],[139.0525,36.025],[139.0525,36.0275],[139.05,36.0275],[139.05,36.025]]]},"properties":{"cell_id":"g_3_41","score":0.458,"twi":7.25,"hand":35.4,"dist_to_boundary":813,"curvature":-0.0019,"spring_kde":0}},{"type":"Feature","geometry":{"type":"Polygon","coordinates":[[[139.0525,36.025],[139.055,36.025],[139.055,36.0275],[139.0525,36.0275],[139.0525,36.025]]]},"properties":{"cell_id":"g_4_41","score":0.448,"twi":6.96,"hand":26.4,"dist_to_boundary":1018,"curvature":0.0013,"spring_kde":0}},{"type":"Feature","geometry":{"type":"Polygon","coordinates":[[[139.055,36.025],[139.0575,36.025],[139.0575,36.0275],[139.055,36.0275],[139.055,36.025]]]},"properties":{"cell_id":"g_5_41","score":0.449,"twi":6.9,"hand":35.1,"dist_to_boundary":849,"curvature":-0.0038,"spring_kde":0}},{"type":"Feature","geometry":{"type":"Polygon","coordinates":[[[139.0575,36.025],[139.06,36.025],[139.06,36.0275],[139.0575,36.0275],[139.0575,36.025]]]},"properties":{"cell_id":"g_6_41","score":0.441,"twi":6.68,"hand":38.2,"dist_to_boundary":674,"curvature":0.0016,"spring_kde":0}},{"type":"Feature","geometry":{"type":"Polygon","coordinates":[[[139.06,36.025],[139.0625,36.025],[139.0625,36.0275],[139.06,36.0275],[139.06,36.025]]]},"properties":{"cell_id":"g_7_41","score":0.497,"twi":6.51,"hand":17.9,"dist_to_boundary":499,"curvature":0.0012,"spring_kde":0}},{"type":"Feature","geometry":{"type":"Polygon","coordinates":[[[139.0625,36.025],[139.065,36.025],[139.065,36.0275],[139.0625,36.0275],[139.0625,36.025]]]},"properties":{"cell_id":"g_8_41","score":0.425,"twi":5.74,"hand":49.6,"dist_to_boundary":308,"curvature":-0.0056,"spring_kde":0}},{"type":"Feature","geometry":{"type":"Polygon","coordinates":[[[139.065,36.025],[139.0675,36.025],[139.0675,36.0275],[139.065,36.0275],[139.065,36.025]]]},"properties":{"cell_id":"g_9_41","score":0.494,"twi":6.3,"hand":37,"dist_to_boundary":119,"curvature":0.0008,"spring_kde":0}},{"type":"Feature","geometry":{"type":"Polygon","coordinates":[[[139.0675,36.025],[139.07,36.025],[139.07,36.0275],[139.0675,36.0275],[139.0675,36.025]]]},"properties":{"cell_id":"g_10_41","score":0.542,"twi":7.04,"hand":26.5,"dist_to_boundary":51,"curvature":-0.0012,"spring_kde":0}},{"type":"Feature","geometry":{"type":"Polygon","coordinates":[[[139.07,36.025],[139.0725,36.025],[139.0725,36.0275],[139.07,36.0275],[139.07,36.025]]]},"properties":{"cell_id":"g_11_41","score":0.672,"twi":8.62,"hand":3.1,"dist_to_boundary":10,"curvature":0.0008,"spring_kde":0}},{"type":"Feature","geometry":{"type":"Polygon","coordinates":[[[139.0725,36.025],[139.075,36.025],[139.075,36.0275],[139.0725,36.0275],[139.0725,36.025]]]},"properties":{"cell_id":"g_12_41","score":0.587,"twi":7.63,"hand":16.6,"dist_to_boundary":93,"curvature":0.0008,"spring_kde":0}},{"type":"Feature","geometry":{"type":"Polygon","coordinates":[[[139.075,36.025],[139.0775,36.025],[139.0775,36.0275],[139.075,36.0275],[139.075,36.025]]]},"properties":{"cell_id":"g_13_41","score":0.568,"twi":7.53,"hand":20.1,"dist_to_boundary":182,"curvature":-0.0003,"spring_kde":0}},{"type":"Feature","geometry":{"type":"Polygon","coordinates":[[[139.0775,36.025],[139.08,36.025],[139.08,36.0275],[139.0775,36.0275],[139.0775,36.025]]]},"properties":{"cell_id":"g_14_41","score":0.584,"twi":7.46,"hand":18.9,"dist_to_boundary":35,"curvature":-0.0005,"spring_kde":0}},{"type":"Feature","geometry":{"type":"Polygon","coordinates":[[[139.08,36.025],[139.0825,36.025],[139.0825,36.0275],[139.08,36.0275],[139.08,36.025]]]},"properties":{"cell_id":"g_15_41","score":0.559,"twi":7.33,"hand":27.3,"dist_to_boundary":43,"curvature":-0.0007,"spring_kde":0}},{"type":"Feature","geometry":{"type":"Polygon","coordinates":[[[139.0825,36.025],[139.085,36.025],[139.085,36.0275],[139.0825,36.0275],[139.0825,36.025]]]},"properties":{"cell_id":"g_16_41","score":0.616,"twi":8.31,"hand":15.1,"dist_to_boundary":254,"curvature":-0.0001,"spring_kde":0}},{"type":"Feature","geometry":{"type":"Polygon","coordinates":[[[139.085,36.025],[139.0875,36.025],[139.0875,36.0275],[139.085,36.0275],[139.085,36.025]]]},"properties":{"cell_id":"g_17_41","score":0.635,"twi":8,"hand":9.9,"dist_to_boundary":56,"curvature":0.0015,"spring_kde":0}},{"type":"Feature","geometry":{"type":"Polygon","coordinates":[[[139.0875,36.025],[139.09,36.025],[139.09,36.0275],[139.0875,36.0275],[139.0875,36.025]]]},"properties":{"cell_id":"g_18_41","score":0.65,"twi":8.01,"hand":3.2,"dist_to_boundary":16,"curvature":0.0005,"spring_kde":0}},{"type":"Feature","geometry":{"type":"Polygon","coordinates":[[[139.09,36.025],[139.0925,36.025],[139.0925,36.0275],[139.09,36.0275],[139.09,36.025]]]},"properties":{"cell_id":"g_19_41","score":0.623,"twi":9.05,"hand":41.9,"dist_to_boundary":175,"curvature":-0.0005,"spring_kde":0}},{"type":"Feature","geometry":{"type":"Polygon","coordinates":[[[139.0925,36.025],[139.095,36.025],[139.095,36.0275],[139.0925,36.0275],[139.0925,36.025]]]},"properties":{"cell_id":"g_20_41","score":0.684,"twi":9.59,"hand":2.9,"dist_to_boundary":397,"curvature":0,"spring_kde":0}},{"type":"Feature","geometry":{"type":"Polygon","coordinates":[[[139.095,36.025],[139.0975,36.025],[139.0975,36.0275],[139.095,36.0275],[139.095,36.025]]]},"properties":{"cell_id":"g_21_41","score":0.679,"twi":9.71,"hand":1.1,"dist_to_boundary":544,"curvature":0.0001,"spring_kde":0}},{"type":"Feature","geometry":{"type":"Polygon","coordinates":[[[139.0975,36.025],[139.1,36.025],[139.1,36.0275],[139.0975,36.0275],[139.0975,36.025]]]},"properties":{"cell_id":"g_22_41","score":0.664,"twi":9.12,"hand":3,"dist_to_boundary":343,"curvature":0.0001,"spring_kde":0}},{"type":"Feature","geometry":{"type":"Polygon","coordinates":[[[139.1,36.025],[139.1025,36.025],[139.1025,36.0275],[139.1,36.0275],[139.1,36.025]]]},"properties":{"cell_id":"g_23_41","score":0.698,"twi":9.44,"hand":6.1,"dist_to_boundary":146,"curvature":-0.0001,"spring_kde":0}},{"type":"Feature","geometry":{"type":"Polygon","coordinates":[[[139.1025,36.025],[139.105,36.025],[139.105,36.0275],[139.1025,36.0275],[139.1025,36.025]]]},"properties":{"cell_id":"g_24_41","score":0.67,"twi":8.48,"hand":7,"dist_to_boundary":17,"curvature":-0.0002,"spring_kde":0}},{"type":"Feature","geometry":{"type":"Polygon","coordinates":[[[139.105,36.025],[139.1075,36.025],[139.1075,36.0275],[139.105,36.0275],[139.105,36.025]]]},"properties":{"cell_id":"g_25_41","score":0.636,"twi":8.56,"hand":18.6,"dist_to_boundary":147,"curvature":-0.0012,"spring_kde":0}},{"type":"Feature","geometry":{"type":"Polygon","coordinates":[[[139.1075,36.025],[139.11,36.025],[139.11,36.0275],[139.1075,36.0275],[139.1075,36.025]]]},"properties":{"cell_id":"g_26_41","score":0.632,"twi":7.83,"hand":6.7,"dist_to_boundary":51,"curvature":0,"spring_kde":0}},{"type":"Feature","geometry":{"type":"Polygon","coordinates":[[[139.11,36.025],[139.1125,36.025],[139.1125,36.0275],[139.11,36.0275],[139.11,36.025]]]},"properties":{"cell_id":"g_27_41","score":0.632,"twi":7.86,"hand":4.9,"dist_to_boundary":41,"curvature":-0.0002,"spring_kde":0}},{"type":"Feature","geometry":{"type":"Polygon","coordinates":[[[139.1125,36.025],[139.115,36.025],[139.115,36.0275],[139.1125,36.0275],[139.1125,36.025]]]},"properties":{"cell_id":"g_28_41","score":0.639,"twi":8.01,"hand":8.4,"dist_to_boundary":29,"curvature":-0.0002,"spring_kde":0.001}},{"type":"Feature","geometry":{"type":"Polygon","coordinates":[[[139.115,36.025],[139.1175,36.025],[139.1175,36.0275],[139.115,36.0275],[139.115,36.025]]]},"properties":{"cell_id":"g_29_41","score":0.633,"twi":7.94,"hand":7.9,"dist_to_boundary":76,"curvature":0.0013,"spring_kde":0.001}},{"type":"Feature","geometry":{"type":"Polygon","coordinates":[[[139.1175,36.025],[139.12,36.025],[139.12,36.0275],[139.1175,36.0275],[139.1175,36.025]]]},"properties":{"cell_id":"g_30_41","score":0.6,"twi":7.41,"hand":15.3,"dist_to_boundary":35,"curvature":-0.0015,"spring_kde":0.001}},{"type":"Feature","geometry":{"type":"Polygon","coordinates":[[[139.12,36.025],[139.1225,36.025],[139.1225,36.0275],[139.12,36.0275],[139.12,36.025]]]},"properties":{"cell_id":"g_31_41","score":0.604,"twi":7.46,"hand":10.2,"dist_to_boundary":51,"curvature":-0.0009,"spring_kde":0.001}},{"type":"Feature","geometry":{"type":"Polygon","coordinates":[[[139.1225,36.025],[139.125,36.025],[139.125,36.0275],[139.1225,36.0275],[139.1225,36.025]]]},"properties":{"cell_id":"g_32_41","score":0.59,"twi":7.34,"hand":12.7,"dist_to_boundary":62,"curvature":-0.0008,"spring_kde":0.001}},{"type":"Feature","geometry":{"type":"Polygon","coordinates":[[[139.125,36.025],[139.1275,36.025],[139.1275,36.0275],[139.125,36.0275],[139.125,36.025]]]},"properties":{"cell_id":"g_33_41","score":0.65,"twi":8.18,"hand":7,"dist_to_boundary":13,"curvature":0.0028,"spring_kde":0.001}},{"type":"Feature","geometry":{"type":"Polygon","coordinates":[[[139.1275,36.025],[139.13,36.025],[139.13,36.0275],[139.1275,36.0275],[139.1275,36.025]]]},"properties":{"cell_id":"g_34_41","score":0.612,"twi":7.81,"hand":7.5,"dist_to_boundary":155,"curvature":0.0022,"spring_kde":0.001}},{"type":"Feature","geometry":{"type":"Polygon","coordinates":[[[139.13,36.025],[139.1325,36.025],[139.1325,36.0275],[139.13,36.0275],[139.13,36.025]]]},"properties":{"cell_id":"g_35_41","score":0.492,"twi":6.52,"hand":40.8,"dist_to_boundary":139,"curvature":-0.0024,"spring_kde":0}},{"type":"Feature","geometry":{"type":"Polygon","coordinates":[[[139.1325,36.025],[139.135,36.025],[139.135,36.0275],[139.1325,36.0275],[139.1325,36.025]]]},"properties":{"cell_id":"g_36_41","score":0.483,"twi":6.04,"hand":48,"dist_to_boundary":69,"curvature":-0.0043,"spring_kde":0}},{"type":"Feature","geometry":{"type":"Polygon","coordinates":[[[139.135,36.025],[139.1375,36.025],[139.1375,36.0275],[139.135,36.0275],[139.135,36.025]]]},"properties":{"cell_id":"g_37_41","score":0.453,"twi":6.22,"hand":66.3,"dist_to_boundary":136,"curvature":0.0003,"spring_kde":0}},{"type":"Feature","geometry":{"type":"Polygon","coordinates":[[[139.1375,36.025],[139.14,36.025],[139.14,36.0275],[139.1375,36.0275],[139.1375,36.025]]]},"properties":{"cell_id":"g_38_41","score":0.42,"twi":6.34,"hand":91.7,"dist_to_boundary":39,"curvature":-0.0031,"spring_kde":0}},{"type":"Feature","geometry":{"type":"Polygon","coordinates":[[[139.14,36.025],[139.1425,36.025],[139.1425,36.0275],[139.14,36.0275],[139.14,36.025]]]},"properties":{"cell_id":"g_39_41","score":0.459,"twi":6.57,"hand":52.3,"dist_to_boundary":260,"curvature":-0.0023,"spring_kde":0}},{"type":"Feature","geometry":{"type":"Polygon","coordinates":[[[139.1425,36.025],[139.145,36.025],[139.145,36.0275],[139.1425,36.0275],[139.1425,36.025]]]},"properties":{"cell_id":"g_40_41","score":0.459,"twi":6.76,"hand":50.8,"dist_to_boundary":389,"curvature":-0.0028,"spring_kde":0}},{"type":"Feature","geometry":{"type":"Polygon","coordinates":[[[139.145,36.025],[139.1475,36.025],[139.1475,36.0275],[139.145,36.0275],[139.145,36.025]]]},"properties":{"cell_id":"g_41_41","score":0.543,"twi":7.33,"hand":26.4,"dist_to_boundary":213,"curvature":0.0019,"spring_kde":0}},{"type":"Feature","geometry":{"type":"Polygon","coordinates":[[[139.1475,36.025],[139.15,36.025],[139.15,36.0275],[139.1475,36.0275],[139.1475,36.025]]]},"properties":{"cell_id":"g_42_41","score":0.431,"twi":6.74,"hand":87.6,"dist_to_boundary":66,"curvature":-0.0017,"spring_kde":0}},{"type":"Feature","geometry":{"type":"Polygon","coordinates":[[[139.15,36.025],[139.1525,36.025],[139.1525,36.0275],[139.15,36.0275],[139.15,36.025]]]},"properties":{"cell_id":"g_43_41","score":0.474,"twi":6.68,"hand":58.1,"dist_to_boundary":80,"curvature":-0.0004,"spring_kde":0}},{"type":"Feature","geometry":{"type":"Polygon","coordinates":[[[139.1525,36.025],[139.155,36.025],[139.155,36.0275],[139.1525,36.0275],[139.1525,36.025]]]},"properties":{"cell_id":"g_44_41","score":0.466,"twi":6.6,"hand":55.5,"dist_to_boundary":119,"curvature":-0.0019,"spring_kde":0}},{"type":"Feature","geometry":{"type":"Polygon","coordinates":[[[139.155,36.025],[139.1575,36.025],[139.1575,36.0275],[139.155,36.0275],[139.155,36.025]]]},"properties":{"cell_id":"g_45_41","score":0.532,"twi":6.91,"hand":37.2,"dist_to_boundary":19,"curvature":-0.0009,"spring_kde":0}},{"type":"Feature","geometry":{"type":"Polygon","coordinates":[[[139.0425,36.0275],[139.045,36.0275],[139.045,36.03],[139.0425,36.03],[139.0425,36.0275]]]},"properties":{"cell_id":"g_0_42","score":0.643,"twi":8.89,"hand":10.3,"dist_to_boundary":348,"curvature":-0.0003,"spring_kde":0}},{"type":"Feature","geometry":{"type":"Polygon","coordinates":[[[139.045,36.0275],[139.0475,36.0275],[139.0475,36.03],[139.045,36.03],[139.045,36.0275]]]},"properties":{"cell_id":"g_1_42","score":0.472,"twi":6.63,"hand":24.4,"dist_to_boundary":573,"curvature":0.0002,"spring_kde":0}},{"type":"Feature","geometry":{"type":"Polygon","coordinates":[[[139.0475,36.0275],[139.05,36.0275],[139.05,36.03],[139.0475,36.03],[139.0475,36.0275]]]},"properties":{"cell_id":"g_2_42","score":0.486,"twi":7.03,"hand":21,"dist_to_boundary":798,"curvature":0.0003,"spring_kde":0}},{"type":"Feature","geometry":{"type":"Polygon","coordinates":[[[139.05,36.0275],[139.0525,36.0275],[139.0525,36.03],[139.05,36.03],[139.05,36.0275]]]},"properties":{"cell_id":"g_3_42","score":0.465,"twi":7.56,"hand":31.4,"dist_to_boundary":971,"curvature":-0.0016,"spring_kde":0}},{"type":"Feature","geometry":{"type":"Polygon","coordinates":[[[139.0525,36.0275],[139.055,36.0275],[139.055,36.03],[139.0525,36.03],[139.0525,36.0275]]]},"properties":{"cell_id":"g_4_42","score":0.435,"twi":7.4,"hand":38.9,"dist_to_boundary":1148,"curvature":-0.0004,"spring_kde":0}},{"type":"Feature","geometry":{"type":"Polygon","coordinates":[[[139.055,36.0275],[139.0575,36.0275],[139.0575,36.03],[139.055,36.03],[139.055,36.0275]]]},"properties":{"cell_id":"g_5_42","score":0.417,"twi":6.37,"hand":28.5,"dist_to_boundary":1023,"curvature":0.0029,"spring_kde":0}},{"type":"Feature","geometry":{"type":"Polygon","coordinates":[[[139.0575,36.0275],[139.06,36.0275],[139.06,36.03],[139.0575,36.03],[139.0575,36.0275]]]},"properties":{"cell_id":"g_6_42","score":0.428,"twi":6.28,"hand":35.6,"dist_to_boundary":836,"curvature":-0.0012,"spring_kde":0}},{"type":"Feature","geometry":{"type":"Polygon","coordinates":[[[139.06,36.0275],[139.0625,36.0275],[139.0625,36.03],[139.06,36.03],[139.06,36.0275]]]},"properties":{"cell_id":"g_7_42","score":0.51,"twi":7.12,"hand":15.8,"dist_to_boundary":645,"curvature":0.0016,"spring_kde":0}},{"type":"Feature","geometry":{"type":"Polygon","coordinates":[[[139.0625,36.0275],[139.065,36.0275],[139.065,36.03],[139.0625,36.03],[139.0625,36.0275]]]},"properties":{"cell_id":"g_8_42","score":0.459,"twi":5.97,"hand":35.3,"dist_to_boundary":470,"curvature":-0.0028,"spring_kde":0}},{"type":"Feature","geometry":{"type":"Polygon","coordinates":[[[139.065,36.0275],[139.0675,36.0275],[139.0675,36.03],[139.065,36.03],[139.065,36.0275]]]},"properties":{"cell_id":"g_9_42","score":0.448,"twi":5.89,"hand":42.8,"dist_to_boundary":298,"curvature":0.0026,"spring_kde":0}},{"type":"Feature","geometry":{"type":"Polygon","coordinates":[[[139.0675,36.0275],[139.07,36.0275],[139.07,36.03],[139.0675,36.03],[139.0675,36.0275]]]},"properties":{"cell_id":"g_10_42","score":0.488,"twi":6.19,"hand":36.1,"dist_to_boundary":112,"curvature":-0.001,"spring_kde":0}},{"type":"Feature","geometry":{"type":"Polygon","coordinates":[[[139.07,36.0275],[139.0725,36.0275],[139.0725,36.03],[139.07,36.03],[139.07,36.0275]]]},"properties":{"cell_id":"g_11_42","score":0.591,"twi":7.45,"hand":11.9,"dist_to_boundary":75,"curvature":0.0006,"spring_kde":0}},{"type":"Feature","geometry":{"type":"Polygon","coordinates":[[[139.0725,36.0275],[139.075,36.0275],[139.075,36.03],[139.0725,36.03],[139.0725,36.0275]]]},"properties":{"cell_id":"g_12_42","score":0.658,"twi":8.38,"hand":4.8,"dist_to_boundary":73,"curvature":0.0013,"spring_kde":0}},{"type":"Feature","geometry":{"type":"Polygon","coordinates":[[[139.075,36.0275],[139.0775,36.0275],[139.0775,36.03],[139.075,36.03],[139.075,36.0275]]]},"properties":{"cell_id":"g_13_42","score":0.508,"twi":6.83,"hand":34.5,"dist_to_boundary":220,"curvature":-0.0037,"spring_kde":0}},{"type":"Feature","geometry":{"type":"Polygon","coordinates":[[[139.0775,36.0275],[139.08,36.0275],[139.08,36.03],[139.0775,36.03],[139.0775,36.0275]]]},"properties":{"cell_id":"g_14_42","score":0.606,"twi":7.48,"hand":12.4,"dist_to_boundary":5,"curvature":0.0049,"spring_kde":0}},{"type":"Feature","geometry":{"type":"Polygon","coordinates":[[[139.08,36.0275],[139.0825,36.0275],[139.0825,36.03],[139.08,36.03],[139.08,36.0275]]]},"properties":{"cell_id":"g_15_42","score":0.602,"twi":8.33,"hand":39.7,"dist_to_boundary":28,"curvature":-0.0033,"spring_kde":0}},{"type":"Feature","geometry":{"type":"Polygon","coordinates":[[[139.0825,36.0275],[139.085,36.0275],[139.085,36.03],[139.0825,36.03],[139.0825,36.0275]]]},"properties":{"cell_id":"g_16_42","score":0.6,"twi":7.92,"hand":18.8,"dist_to_boundary":97,"curvature":-0.001,"spring_kde":0}},{"type":"Feature","geometry":{"type":"Polygon","coordinates":[[[139.085,36.0275],[139.0875,36.0275],[139.0875,36.03],[139.085,36.03],[139.085,36.0275]]]},"properties":{"cell_id":"g_17_42","score":0.619,"twi":7.46,"hand":7.9,"dist_to_boundary":17,"curvature":0.003,"spring_kde":0}},{"type":"Feature","geometry":{"type":"Polygon","coordinates":[[[139.0875,36.0275],[139.09,36.0275],[139.09,36.03],[139.0875,36.03],[139.0875,36.0275]]]},"properties":{"cell_id":"g_18_42","score":0.656,"twi":8.28,"hand":7.6,"dist_to_boundary":19,"curvature":-0.0013,"spring_kde":0}},{"type":"Feature","geometry":{"type":"Polygon","coordinates":[[[139.09,36.0275],[139.0925,36.0275],[139.0925,36.03],[139.09,36.03],[139.09,36.0275]]]},"properties":{"cell_id":"g_19_42","score":0.629,"twi":9.27,"hand":41.9,"dist_to_boundary":220,"curvature":-0.0001,"spring_kde":0}},{"type":"Feature","geometry":{"type":"Polygon","coordinates":[[[139.0925,36.0275],[139.095,36.0275],[139.095,36.03],[139.0925,36.03],[139.0925,36.0275]]]},"properties":{"cell_id":"g_20_42","score":0.682,"twi":9.55,"hand":0.4,"dist_to_boundary":441,"curvature":0,"spring_kde":0}},{"type":"Feature","geometry":{"type":"Polygon","coordinates":[[[139.095,36.0275],[139.0975,36.0275],[139.0975,36.03],[139.095,36.03],[139.095,36.0275]]]},"properties":{"cell_id":"g_21_42","score":0.693,"twi":9.81,"hand":0.3,"dist_to_boundary":484,"curvature":-0.0001,"spring_kde":0}},{"type":"Feature","geometry":{"type":"Polygon","coordinates":[[[139.0975,36.0275],[139.1,36.0275],[139.1,36.03],[139.0975,36.03],[139.0975,36.0275]]]},"properties":{"cell_id":"g_22_42","score":0.665,"twi":9.06,"hand":1.5,"dist_to_boundary":308,"curvature":0.0001,"spring_kde":0}},{"type":"Feature","geometry":{"type":"Polygon","coordinates":[[[139.1,36.0275],[139.1025,36.0275],[139.1025,36.03],[139.1,36.03],[139.1,36.0275]]]},"properties":{"cell_id":"g_23_42","score":0.65,"twi":9.01,"hand":21,"dist_to_boundary":154,"curvature":-0.0001,"spring_kde":0}},{"type":"Feature","geometry":{"type":"Polygon","coordinates":[[[139.1025,36.0275],[139.105,36.0275],[139.105,36.03],[139.1025,36.03],[139.1025,36.0275]]]},"properties":{"cell_id":"g_24_42","score":0.65,"twi":8.06,"hand":7.8,"dist_to_boundary":9,"curvature":-0.0001,"spring_kde":0}},{"type":"Feature","geometry":{"type":"Polygon","coordinates":[[[139.105,36.0275],[139.1075,36.0275],[139.1075,36.03],[139.105,36.03],[139.105,36.0275]]]},"properties":{"cell_id":"g_25_42","score":0.654,"twi":8.07,"hand":4.3,"dist_to_boundary":47,"curvature":0.001,"spring_kde":0}},{"type":"Feature","geometry":{"type":"Polygon","coordinates":[[[139.1075,36.0275],[139.11,36.0275],[139.11,36.03],[139.1075,36.03],[139.1075,36.0275]]]},"properties":{"cell_id":"g_26_42","score":0.662,"twi":8.44,"hand":3.7,"dist_to_boundary":52,"curvature":0.0016,"spring_kde":0}},{"type":"Feature","geometry":{"type":"Polygon","coordinates":[[[139.11,36.0275],[139.1125,36.0275],[139.1125,36.03],[139.11,36.03],[139.11,36.0275]]]},"properties":{"cell_id":"g_27_42","score":0.643,"twi":8.04,"hand":4.9,"dist_to_boundary":42,"curvature":0.0013,"spring_kde":0}},{"type":"Feature","geometry":{"type":"Polygon","coordinates":[[[139.1125,36.0275],[139.115,36.0275],[139.115,36.03],[139.1125,36.03],[139.1125,36.0275]]]},"properties":{"cell_id":"g_28_42","score":0.627,"twi":8.18,"hand":14.6,"dist_to_boundary":66,"curvature":-0.0007,"spring_kde":0}},{"type":"Feature","geometry":{"type":"Polygon","coordinates":[[[139.115,36.0275],[139.1175,36.0275],[139.1175,36.03],[139.115,36.03],[139.115,36.0275]]]},"properties":{"cell_id":"g_29_42","score":0.641,"twi":8.35,"hand":6.6,"dist_to_boundary":125,"curvature":0.0001,"spring_kde":0}},{"type":"Feature","geometry":{"type":"Polygon","coordinates":[[[139.1175,36.0275],[139.12,36.0275],[139.12,36.03],[139.1175,36.03],[139.1175,36.0275]]]},"properties":{"cell_id":"g_30_42","score":0.594,"twi":7.49,"hand":9.4,"dist_to_boundary":115,"curvature":0.0007,"spring_kde":0}},{"type":"Feature","geometry":{"type":"Polygon","coordinates":[[[139.12,36.0275],[139.1225,36.0275],[139.1225,36.03],[139.12,36.03],[139.12,36.0275]]]},"properties":{"cell_id":"g_31_42","score":0.616,"twi":7.5,"hand":4.5,"dist_to_boundary":53,"curvature":0.0023,"spring_kde":0}},{"type":"Feature","geometry":{"type":"Polygon","coordinates":[[[139.1225,36.0275],[139.125,36.0275],[139.125,36.03],[139.1225,36.03],[139.1225,36.0275]]]},"properties":{"cell_id":"g_32_42","score":0.552,"twi":6.75,"hand":15.8,"dist_to_boundary":109,"curvature":-0.0014,"spring_kde":0}},{"type":"Feature","geometry":{"type":"Polygon","coordinates":[[[139.125,36.0275],[139.1275,36.0275],[139.1275,36.03],[139.125,36.03],[139.125,36.0275]]]},"properties":{"cell_id":"g_33_42","score":0.541,"twi":6.7,"hand":16.9,"dist_to_boundary":112,"curvature":-0.002,"spring_kde":0}},{"type":"Feature","geometry":{"type":"Polygon","coordinates":[[[139.1275,36.0275],[139.13,36.0275],[139.13,36.03],[139.1275,36.03],[139.1275,36.0275]]]},"properties":{"cell_id":"g_34_42","score":0.5,"twi":6.58,"hand":20.6,"dist_to_boundary":335,"curvature":0.0006,"spring_kde":0}},{"type":"Feature","geometry":{"type":"Polygon","coordinates":[[[139.13,36.0275],[139.1325,36.0275],[139.1325,36.03],[139.13,36.03],[139.13,36.0275]]]},"properties":{"cell_id":"g_35_42","score":0.524,"twi":6.98,"hand":19.9,"dist_to_boundary":389,"curvature":0.0025,"spring_kde":0}},{"type":"Feature","geometry":{"type":"Polygon","coordinates":[[[139.1325,36.0275],[139.135,36.0275],[139.135,36.03],[139.1325,36.03],[139.1325,36.0275]]]},"properties":{"cell_id":"g_36_42","score":0.523,"twi":6.51,"hand":26.3,"dist_to_boundary":208,"curvature":0.002,"spring_kde":0}},{"type":"Feature","geometry":{"type":"Polygon","coordinates":[[[139.135,36.0275],[139.1375,36.0275],[139.1375,36.03],[139.135,36.03],[139.135,36.0275]]]},"properties":{"cell_id":"g_37_42","score":0.539,"twi":6.14,"hand":19.7,"dist_to_boundary":45,"curvature":0.0012,"spring_kde":0}},{"type":"Feature","geometry":{"type":"Polygon","coordinates":[[[139.1375,36.0275],[139.14,36.0275],[139.14,36.03],[139.1375,36.03],[139.1375,36.0275]]]},"properties":{"cell_id":"g_38_42","score":0.502,"twi":6.23,"hand":39.3,"dist_to_boundary":2,"curvature":-0.0005,"spring_kde":0}},{"type":"Feature","geometry":{"type":"Polygon","coordinates":[[[139.14,36.0275],[139.1425,36.0275],[139.1425,36.03],[139.14,36.03],[139.14,36.0275]]]},"properties":{"cell_id":"g_39_42","score":0.49,"twi":6.09,"hand":38.3,"dist_to_boundary":184,"curvature":0.0023,"spring_kde":0}},{"type":"Feature","geometry":{"type":"Polygon","coordinates":[[[139.1425,36.0275],[139.145,36.0275],[139.145,36.03],[139.1425,36.03],[139.1425,36.0275]]]},"properties":{"cell_id":"g_40_42","score":0.435,"twi":6.32,"hand":63.3,"dist_to_boundary":287,"curvature":-0.0006,"spring_kde":0}},{"type":"Feature","geometry":{"type":"Polygon","coordinates":[[[139.145,36.0275],[139.1475,36.0275],[139.1475,36.03],[139.145,36.03],[139.145,36.0275]]]},"properties":{"cell_id":"g_41_42","score":0.404,"twi":6.38,"hand":95.5,"dist_to_boundary":63,"curvature":-0.0029,"spring_kde":0}},{"type":"Feature","geometry":{"type":"Polygon","coordinates":[[[139.1475,36.0275],[139.15,36.0275],[139.15,36.03],[139.1475,36.03],[139.1475,36.0275]]]},"properties":{"cell_id":"g_42_42","score":0.433,"twi":6.46,"hand":74.1,"dist_to_boundary":96,"curvature":-0.003,"spring_kde":0}},{"type":"Feature","geometry":{"type":"Polygon","coordinates":[[[139.15,36.0275],[139.1525,36.0275],[139.1525,36.03],[139.15,36.03],[139.15,36.0275]]]},"properties":{"cell_id":"g_43_42","score":0.512,"twi":7.09,"hand":42,"dist_to_boundary":187,"curvature":0.0005,"spring_kde":0}},{"type":"Feature","geometry":{"type":"Polygon","coordinates":[[[139.1525,36.0275],[139.155,36.0275],[139.155,36.03],[139.1525,36.03],[139.1525,36.0275]]]},"properties":{"cell_id":"g_44_42","score":0.446,"twi":6.66,"hand":54.1,"dist_to_boundary":338,"curvature":-0.0022,"spring_kde":0}},{"type":"Feature","geometry":{"type":"Polygon","coordinates":[[[139.155,36.0275],[139.1575,36.0275],[139.1575,36.03],[139.155,36.03],[139.155,36.0275]]]},"properties":{"cell_id":"g_45_42","score":0.469,"twi":6.95,"hand":55.3,"dist_to_boundary":266,"curvature":-0.0008,"spring_kde":0}},{"type":"Feature","geometry":{"type":"Polygon","coordinates":[[[139.0425,36.03],[139.045,36.03],[139.045,36.0325],[139.0425,36.0325],[139.0425,36.03]]]},"properties":{"cell_id":"g_0_43","score":0.62,"twi":8.51,"hand":6.3,"dist_to_boundary":393,"curvature":0.0013,"spring_kde":0}},{"type":"Feature","geometry":{"type":"Polygon","coordinates":[[[139.045,36.03],[139.0475,36.03],[139.0475,36.0325],[139.045,36.0325],[139.045,36.03]]]},"properties":{"cell_id":"g_1_43","score":0.39,"twi":5.98,"hand":51.2,"dist_to_boundary":614,"curvature":-0.0047,"spring_kde":0}},{"type":"Feature","geometry":{"type":"Polygon","coordinates":[[[139.0475,36.03],[139.05,36.03],[139.05,36.0325],[139.0475,36.0325],[139.0475,36.03]]]},"properties":{"cell_id":"g_2_43","score":0.48,"twi":6.93,"hand":14.9,"dist_to_boundary":835,"curvature":0.0035,"spring_kde":0}},{"type":"Feature","geometry":{"type":"Polygon","coordinates":[[[139.05,36.03],[139.0525,36.03],[139.0525,36.0325],[139.05,36.0325],[139.05,36.03]]]},"properties":{"cell_id":"g_3_43","score":0.442,"twi":7.12,"hand":28.7,"dist_to_boundary":1057,"curvature":0.0003,"spring_kde":0}},{"type":"Feature","geometry":{"type":"Polygon","coordinates":[[[139.0525,36.03],[139.055,36.03],[139.055,36.0325],[139.0525,36.0325],[139.0525,36.03]]]},"properties":{"cell_id":"g_4_43","score":0.472,"twi":7.93,"hand":17.5,"dist_to_boundary":1278,"curvature":-0.0002,"spring_kde":0}},{"type":"Feature","geometry":{"type":"Polygon","coordinates":[[[139.055,36.03],[139.0575,36.03],[139.0575,36.0325],[139.055,36.0325],[139.055,36.03]]]},"properties":{"cell_id":"g_5_43","score":0.461,"twi":7.45,"hand":24.8,"dist_to_boundary":1080,"curvature":0,"spring_kde":0}},{"type":"Feature","geometry":{"type":"Polygon","coordinates":[[[139.0575,36.03],[139.06,36.03],[139.06,36.0325],[139.0575,36.0325],[139.0575,36.03]]]},"properties":{"cell_id":"g_6_43","score":0.409,"twi":6.17,"hand":33.8,"dist_to_boundary":872,"curvature":-0.0012,"spring_kde":0}},{"type":"Feature","geometry":{"type":"Polygon","coordinates":[[[139.06,36.03],[139.0625,36.03],[139.0625,36.0325],[139.06,36.0325],[139.06,36.03]]]},"properties":{"cell_id":"g_7_43","score":0.49,"twi":7.33,"hand":27,"dist_to_boundary":666,"curvature":-0.0016,"spring_kde":0}},{"type":"Feature","geometry":{"type":"Polygon","coordinates":[[[139.0625,36.03],[139.065,36.03],[139.065,36.0325],[139.0625,36.0325],[139.0625,36.03]]]},"properties":{"cell_id":"g_8_43","score":0.554,"twi":7.37,"hand":11.3,"dist_to_boundary":461,"curvature":0.0038,"spring_kde":0}},{"type":"Feature","geometry":{"type":"Polygon","coordinates":[[[139.065,36.03],[139.0675,36.03],[139.0675,36.0325],[139.065,36.0325],[139.065,36.03]]]},"properties":{"cell_id":"g_9_43","score":0.476,"twi":5.97,"hand":29.5,"dist_to_boundary":278,"curvature":-0.0016,"spring_kde":0}},{"type":"Feature","geometry":{"type":"Polygon","coordinates":[[[139.0675,36.03],[139.07,36.03],[139.07,36.0325],[139.0675,36.0325],[139.0675,36.03]]]},"properties":{"cell_id":"g_10_43","score":0.482,"twi":5.74,"hand":37.4,"dist_to_boundary":130,"curvature":-0.0001,"spring_kde":0}},{"type":"Feature","geometry":{"type":"Polygon","coordinates":[[[139.07,36.03],[139.0725,36.03],[139.0725,36.0325],[139.07,36.0325],[139.07,36.03]]]},"properties":{"cell_id":"g_11_43","score":0.498,"twi":6.28,"hand":37.2,"dist_to_boundary":95,"curvature":-0.0008,"spring_kde":0}},{"type":"Feature","geometry":{"type":"Polygon","coordinates":[[[139.0725,36.03],[139.075,36.03],[139.075,36.0325],[139.0725,36.0325],[139.0725,36.03]]]},"properties":{"cell_id":"g_12_43","score":0.614,"twi":7.9,"hand":11.2,"dist_to_boundary":66,"curvature":0.001,"spring_kde":0}},{"type":"Feature","geometry":{"type":"Polygon","coordinates":[[[139.075,36.03],[139.0775,36.03],[139.0775,36.0325],[139.075,36.0325],[139.075,36.03]]]},"properties":{"cell_id":"g_13_43","score":0.671,"twi":8.56,"hand":4.5,"dist_to_boundary":0,"curvature":0.0005,"spring_kde":0}},{"type":"Feature","geometry":{"type":"Polygon","coordinates":[[[139.0775,36.03],[139.08,36.03],[139.08,36.0325],[139.0775,36.0325],[139.0775,36.03]]]},"properties":{"cell_id":"g_14_43","score":0.627,"twi":7.95,"hand":13.7,"dist_to_boundary":17,"curvature":0.0007,"spring_kde":0}},{"type":"Feature","geometry":{"type":"Polygon","coordinates":[[[139.08,36.03],[139.0825,36.03],[139.0825,36.0325],[139.08,36.0325],[139.08,36.03]]]},"properties":{"cell_id":"g_15_43","score":0.613,"twi":7.91,"hand":20,"dist_to_boundary":7,"curvature":-0.001,"spring_kde":0}},{"type":"Feature","geometry":{"type":"Polygon","coordinates":[[[139.0825,36.03],[139.085,36.03],[139.085,36.0325],[139.0825,36.0325],[139.0825,36.03]]]},"properties":{"cell_id":"g_16_43","score":0.585,"twi":7.69,"hand":22,"dist_to_boundary":80,"curvature":-0.0006,"spring_kde":0}},{"type":"Feature","geometry":{"type":"Polygon","coordinates":[[[139.085,36.03],[139.0875,36.03],[139.0875,36.0325],[139.085,36.0325],[139.085,36.03]]]},"properties":{"cell_id":"g_17_43","score":0.654,"twi":8.48,"hand":16.6,"dist_to_boundary":20,"curvature":-0.0005,"spring_kde":0}},{"type":"Feature","geometry":{"type":"Polygon","coordinates":[[[139.0875,36.03],[139.09,36.03],[139.09,36.0325],[139.0875,36.0325],[139.0875,36.03]]]},"properties":{"cell_id":"g_18_43","score":0.638,"twi":8.07,"hand":13.6,"dist_to_boundary":10,"curvature":0.0018,"spring_kde":0}},{"type":"Feature","geometry":{"type":"Polygon","coordinates":[[[139.09,36.03],[139.0925,36.03],[139.0925,36.0325],[139.09,36.0325],[139.09,36.03]]]},"properties":{"cell_id":"g_19_43","score":0.626,"twi":8.77,"hand":32.5,"dist_to_boundary":145,"curvature":-0.001,"spring_kde":0}},{"type":"Feature","geometry":{"type":"Polygon","coordinates":[[[139.0925,36.03],[139.095,36.03],[139.095,36.0325],[139.0925,36.0325],[139.0925,36.03]]]},"properties":{"cell_id":"g_20_43","score":0.606,"twi":9.04,"hand":41.9,"dist_to_boundary":307,"curvature":-0.0001,"spring_kde":0}},{"type":"Feature","geometry":{"type":"Polygon","coordinates":[[[139.095,36.03],[139.0975,36.03],[139.0975,36.0325],[139.095,36.0325],[139.095,36.03]]]},"properties":{"cell_id":"g_21_43","score":0.606,"twi":9.18,"hand":41.9,"dist_to_boundary":396,"curvature":0.0001,"spring_kde":0}},{"type":"Feature","geometry":{"type":"Polygon","coordinates":[[[139.0975,36.03],[139.1,36.03],[139.1,36.0325],[139.0975,36.0325],[139.0975,36.03]]]},"properties":{"cell_id":"g_22_43","score":0.691,"twi":9.25,"hand":1.1,"dist_to_boundary":176,"curvature":0.0001,"spring_kde":0}},{"type":"Feature","geometry":{"type":"Polygon","coordinates":[[[139.1,36.03],[139.1025,36.03],[139.1025,36.0325],[139.1,36.0325],[139.1,36.03]]]},"properties":{"cell_id":"g_23_43","score":0.668,"twi":8.83,"hand":13.8,"dist_to_boundary":39,"curvature":-0.0005,"spring_kde":0}},{"type":"Feature","geometry":{"type":"Polygon","coordinates":[[[139.1025,36.03],[139.105,36.03],[139.105,36.0325],[139.1025,36.0325],[139.1025,36.03]]]},"properties":{"cell_id":"g_24_43","score":0.651,"twi":8.23,"hand":7,"dist_to_boundary":6,"curvature":0.0009,"spring_kde":0}},{"type":"Feature","geometry":{"type":"Polygon","coordinates":[[[139.105,36.03],[139.1075,36.03],[139.1075,36.0325],[139.105,36.0325],[139.105,36.03]]]},"properties":{"cell_id":"g_25_43","score":0.653,"twi":8.59,"hand":4.5,"dist_to_boundary":156,"curvature":-0.0005,"spring_kde":0}},{"type":"Feature","geometry":{"type":"Polygon","coordinates":[[[139.1075,36.03],[139.11,36.03],[139.11,36.0325],[139.1075,36.0325],[139.1075,36.03]]]},"properties":{"cell_id":"g_26_43","score":0.671,"twi":9.03,"hand":3.4,"dist_to_boundary":202,"curvature":-0.0002,"spring_kde":0}},{"type":"Feature","geometry":{"type":"Polygon","coordinates":[[[139.11,36.03],[139.1125,36.03],[139.1125,36.0325],[139.11,36.0325],[139.11,36.03]]]},"properties":{"cell_id":"g_27_43","score":0.653,"twi":8.63,"hand":4.2,"dist_to_boundary":187,"curvature":-0.0006,"spring_kde":0}},{"type":"Feature","geometry":{"type":"Polygon","coordinates":[[[139.1125,36.03],[139.115,36.03],[139.115,36.0325],[139.1125,36.0325],[139.1125,36.03]]]},"properties":{"cell_id":"g_28_43","score":0.67,"twi":8.66,"hand":4.1,"dist_to_boundary":43,"curvature":0.0008,"spring_kde":0}},{"type":"Feature","geometry":{"type":"Polygon","coordinates":[[[139.115,36.03],[139.1175,36.03],[139.1175,36.0325],[139.115,36.0325],[139.115,36.03]]]},"properties":{"cell_id":"g_29_43","score":0.548,"twi":6.78,"hand":18.9,"dist_to_boundary":116,"curvature":-0.0004,"spring_kde":0}},{"type":"Feature","geometry":{"type":"Polygon","coordinates":[[[139.1175,36.03],[139.12,36.03],[139.12,36.0325],[139.1175,36.0325],[139.1175,36.03]]]},"properties":{"cell_id":"g_30_43","score":0.49,"twi":6.49,"hand":39.2,"dist_to_boundary":159,"curvature":0.0003,"spring_kde":0}},{"type":"Feature","geometry":{"type":"Polygon","coordinates":[[[139.12,36.03],[139.1225,36.03],[139.1225,36.0325],[139.12,36.0325],[139.12,36.03]]]},"properties":{"cell_id":"g_31_43","score":0.51,"twi":6.73,"hand":35.6,"dist_to_boundary":138,"curvature":0.0004,"spring_kde":0}},{"type":"Feature","geometry":{"type":"Polygon","coordinates":[[[139.1225,36.03],[139.125,36.03],[139.125,36.0325],[139.1225,36.0325],[139.1225,36.03]]]},"properties":{"cell_id":"g_32_43","score":0.565,"twi":7,"hand":18,"dist_to_boundary":135,"curvature":0.0003,"spring_kde":0}},{"type":"Feature","geometry":{"type":"Polygon","coordinates":[[[139.125,36.03],[139.1275,36.03],[139.1275,36.0325],[139.125,36.0325],[139.125,36.03]]]},"properties":{"cell_id":"g_33_43","score":0.553,"twi":6.6,"hand":15.7,"dist_to_boundary":89,"curvature":0.0008,"spring_kde":0}},{"type":"Feature","geometry":{"type":"Polygon","coordinates":[[[139.1275,36.03],[139.13,36.03],[139.13,36.0325],[139.1275,36.0325],[139.1275,36.03]]]},"properties":{"cell_id":"g_34_43","score":0.488,"twi":6.14,"hand":31.5,"dist_to_boundary":118,"curvature":-0.0025,"spring_kde":0}},{"type":"Feature","geometry":{"type":"Polygon","coordinates":[[[139.13,36.03],[139.1325,36.03],[139.1325,36.0325],[139.13,36.0325],[139.13,36.03]]]},"properties":{"cell_id":"g_35_43","score":0.478,"twi":6.54,"hand":36.5,"dist_to_boundary":312,"curvature":0.001,"spring_kde":0}},{"type":"Feature","geometry":{"type":"Polygon","coordinates":[[[139.1325,36.03],[139.135,36.03],[139.135,36.0325],[139.1325,36.0325],[139.1325,36.03]]]},"properties":{"cell_id":"g_36_43","score":0.458,"twi":6.16,"hand":39.5,"dist_to_boundary":398,"curvature":0.0006,"spring_kde":0}},{"type":"Feature","geometry":{"type":"Polygon","coordinates":[[[139.135,36.03],[139.1375,36.03],[139.1375,36.0325],[139.135,36.0325],[139.135,36.03]]]},"properties":{"cell_id":"g_37_43","score":0.468,"twi":6.17,"hand":38.7,"dist_to_boundary":256,"curvature":-0.0038,"spring_kde":0}},{"type":"Feature","geometry":{"type":"Polygon","coordinates":[[[139.1375,36.03],[139.14,36.03],[139.14,36.0325],[139.1375,36.0325],[139.1375,36.03]]]},"properties":{"cell_id":"g_38_43","score":0.497,"twi":6.13,"hand":32.8,"dist_to_boundary":132,"curvature":0.0006,"spring_kde":0}},{"type":"Feature","geometry":{"type":"Polygon","coordinates":[[[139.14,36.03],[139.1425,36.03],[139.1425,36.0325],[139.14,36.0325],[139.14,36.03]]]},"properties":{"cell_id":"g_39_43","score":0.524,"twi":6.09,"hand":21.2,"dist_to_boundary":114,"curvature":0.0017,"spring_kde":0}},{"type":"Feature","geometry":{"type":"Polygon","coordinates":[[[139.1425,36.03],[139.145,36.03],[139.145,36.0325],[139.1425,36.0325],[139.1425,36.03]]]},"properties":{"cell_id":"g_40_43","score":0.446,"twi":5.89,"hand":49.3,"dist_to_boundary":306,"curvature":-0.0025,"spring_kde":0}},{"type":"Feature","geometry":{"type":"Polygon","coordinates":[[[139.145,36.03],[139.1475,36.03],[139.1475,36.0325],[139.145,36.0325],[139.145,36.03]]]},"properties":{"cell_id":"g_41_43","score":0.452,"twi":6.02,"hand":50.4,"dist_to_boundary":227,"curvature":0.0001,"spring_kde":0}},{"type":"Feature","geometry":{"type":"Polygon","coordinates":[[[139.1475,36.03],[139.15,36.03],[139.15,36.0325],[139.1475,36.0325],[139.1475,36.03]]]},"properties":{"cell_id":"g_42_43","score":0.506,"twi":6.68,"hand":34.9,"dist_to_boundary":169,"curvature":0.0026,"spring_kde":0}},{"type":"Feature","geometry":{"type":"Polygon","coordinates":[[[139.15,36.03],[139.1525,36.03],[139.1525,36.0325],[139.15,36.0325],[139.15,36.03]]]},"properties":{"cell_id":"g_43_43","score":0.514,"twi":6.44,"hand":38.8,"dist_to_boundary":14,"curvature":0.0001,"spring_kde":0}},{"type":"Feature","geometry":{"type":"Polygon","coordinates":[[[139.1525,36.03],[139.155,36.03],[139.155,36.0325],[139.1525,36.0325],[139.1525,36.03]]]},"properties":{"cell_id":"g_44_43","score":0.486,"twi":6.38,"hand":51.3,"dist_to_boundary":62,"curvature":0.0025,"spring_kde":0}},{"type":"Feature","geometry":{"type":"Polygon","coordinates":[[[139.155,36.03],[139.1575,36.03],[139.1575,36.0325],[139.155,36.0325],[139.155,36.03]]]},"properties":{"cell_id":"g_45_43","score":0.444,"twi":6.55,"hand":72.1,"dist_to_boundary":93,"curvature":-0.0015,"spring_kde":0}},{"type":"Feature","geometry":{"type":"Polygon","coordinates":[[[139.0425,36.0325],[139.045,36.0325],[139.045,36.035],[139.0425,36.035],[139.0425,36.0325]]]},"properties":{"cell_id":"g_0_44","score":0.624,"twi":8.66,"hand":3.5,"dist_to_boundary":482,"curvature":0.0002,"spring_kde":0}},{"type":"Feature","geometry":{"type":"Polygon","coordinates":[[[139.045,36.0325],[139.0475,36.0325],[139.0475,36.035],[139.045,36.035],[139.045,36.0325]]]},"properties":{"cell_id":"g_1_44","score":0.443,"twi":6.8,"hand":42.3,"dist_to_boundary":646,"curvature":0.0006,"spring_kde":0}},{"type":"Feature","geometry":{"type":"Polygon","coordinates":[[[139.0475,36.0325],[139.05,36.0325],[139.05,36.035],[139.0475,36.035],[139.0475,36.0325]]]},"properties":{"cell_id":"g_2_44","score":0.443,"twi":6.67,"hand":29.7,"dist_to_boundary":777,"curvature":0.0008,"spring_kde":0}},{"type":"Feature","geometry":{"type":"Polygon","coordinates":[[[139.05,36.0325],[139.0525,36.0325],[139.0525,36.035],[139.05,36.035],[139.05,36.0325]]]},"properties":{"cell_id":"g_3_44","score":0.461,"twi":6.98,"hand":20.2,"dist_to_boundary":932,"curvature":-0.0021,"spring_kde":0}},{"type":"Feature","geometry":{"type":"Polygon","coordinates":[[[139.0525,36.0325],[139.055,36.0325],[139.055,36.035],[139.0525,36.035],[139.0525,36.0325]]]},"properties":{"cell_id":"g_4_44","score":0.451,"twi":7.45,"hand":32.7,"dist_to_boundary":1073,"curvature":0.0002,"spring_kde":0}},{"type":"Feature","geometry":{"type":"Polygon","coordinates":[[[139.055,36.0325],[139.0575,36.0325],[139.0575,36.035],[139.055,36.035],[139.055,36.0325]]]},"properties":{"cell_id":"g_5_44","score":0.46,"twi":7.19,"hand":22.3,"dist_to_boundary":1010,"curvature":0.0003,"spring_kde":0}},{"type":"Feature","geometry":{"type":"Polygon","coordinates":[[[139.0575,36.0325],[139.06,36.0325],[139.06,36.035],[139.0575,36.035],[139.0575,36.0325]]]},"properties":{"cell_id":"g_6_44","score":0.456,"twi":6.59,"hand":23.3,"dist_to_boundary":790,"curvature":-0.0029,"spring_kde":0}},{"type":"Feature","geometry":{"type":"Polygon","coordinates":[[[139.06,36.0325],[139.0625,36.0325],[139.0625,36.035],[139.06,36.035],[139.06,36.0325]]]},"properties":{"cell_id":"g_7_44","score":0.478,"twi":6.63,"hand":32,"dist_to_boundary":571,"curvature":0.0009,"spring_kde":0}},{"type":"Feature","geometry":{"type":"Polygon","coordinates":[[[139.0625,36.0325],[139.065,36.0325],[139.065,36.035],[139.0625,36.035],[139.0625,36.0325]]]},"properties":{"cell_id":"g_8_44","score":0.541,"twi":7.11,"hand":15.6,"dist_to_boundary":352,"curvature":0.0014,"spring_kde":0}},{"type":"Feature","geometry":{"type":"Polygon","coordinates":[[[139.065,36.0325],[139.0675,36.0325],[139.0675,36.035],[139.065,36.035],[139.065,36.0325]]]},"properties":{"cell_id":"g_9_44","score":0.518,"twi":6.54,"hand":23.8,"dist_to_boundary":142,"curvature":-0.0011,"spring_kde":0}},{"type":"Feature","geometry":{"type":"Polygon","coordinates":[[[139.0675,36.0325],[139.07,36.0325],[139.07,36.035],[139.0675,36.035],[139.0675,36.0325]]]},"properties":{"cell_id":"g_10_44","score":0.539,"twi":6.47,"hand":25.7,"dist_to_boundary":59,"curvature":0.0018,"spring_kde":0}},{"type":"Feature","geometry":{"type":"Polygon","coordinates":[[[139.07,36.0325],[139.0725,36.0325],[139.0725,36.035],[139.07,36.035],[139.07,36.0325]]]},"properties":{"cell_id":"g_11_44","score":0.509,"twi":6.87,"hand":42.2,"dist_to_boundary":164,"curvature":-0.0023,"spring_kde":0}},{"type":"Feature","geometry":{"type":"Polygon","coordinates":[[[139.0725,36.0325],[139.075,36.0325],[139.075,36.035],[139.0725,36.035],[139.0725,36.0325]]]},"properties":{"cell_id":"g_12_44","score":0.552,"twi":7.06,"hand":27,"dist_to_boundary":85,"curvature":0.0008,"spring_kde":0}},{"type":"Feature","geometry":{"type":"Polygon","coordinates":[[[139.075,36.0325],[139.0775,36.0325],[139.0775,36.035],[139.075,36.035],[139.075,36.0325]]]},"properties":{"cell_id":"g_13_44","score":0.654,"twi":8.45,"hand":4.7,"dist_to_boundary":96,"curvature":0.0015,"spring_kde":0}},{"type":"Feature","geometry":{"type":"Polygon","coordinates":[[[139.0775,36.0325],[139.08,36.0325],[139.08,36.035],[139.0775,36.035],[139.0775,36.0325]]]},"properties":{"cell_id":"g_14_44","score":0.689,"twi":9.01,"hand":2.8,"dist_to_boundary":81,"curvature":0.0005,"spring_kde":0}},{"type":"Feature","geometry":{"type":"Polygon","coordinates":[[[139.08,36.0325],[139.0825,36.0325],[139.0825,36.035],[139.08,36.035],[139.08,36.0325]]]},"properties":{"cell_id":"g_15_44","score":0.566,"twi":7.03,"hand":14.7,"dist_to_boundary":69,"curvature":-0.0005,"spring_kde":0}},{"type":"Feature","geometry":{"type":"Polygon","coordinates":[[[139.0825,36.0325],[139.085,36.0325],[139.085,36.035],[139.0825,36.035],[139.0825,36.0325]]]},"properties":{"cell_id":"g_16_44","score":0.544,"twi":6.77,"hand":21.1,"dist_to_boundary":19,"curvature":-0.0012,"spring_kde":0}},{"type":"Feature","geometry":{"type":"Polygon","coordinates":[[[139.085,36.0325],[139.0875,36.0325],[139.0875,36.035],[139.085,36.035],[139.085,36.0325]]]},"properties":{"cell_id":"g_17_44","score":0.675,"twi":9.05,"hand":11,"dist_to_boundary":95,"curvature":0.0008,"spring_kde":0}},{"type":"Feature","geometry":{"type":"Polygon","coordinates":[[[139.0875,36.0325],[139.09,36.0325],[139.09,36.035],[139.0875,36.035],[139.0875,36.0325]]]},"properties":{"cell_id":"g_18_44","score":0.601,"twi":7.6,"hand":13.8,"dist_to_boundary":70,"curvature":-0.0003,"spring_kde":0}},{"type":"Feature","geometry":{"type":"Polygon","coordinates":[[[139.09,36.0325],[139.0925,36.0325],[139.0925,36.035],[139.09,36.035],[139.09,36.0325]]]},"properties":{"cell_id":"g_19_44","score":0.664,"twi":7.93,"hand":1.9,"dist_to_boundary":18,"curvature":0.0006,"spring_kde":0}},{"type":"Feature","geometry":{"type":"Polygon","coordinates":[[[139.0925,36.0325],[139.095,36.0325],[139.095,36.035],[139.0925,36.035],[139.0925,36.0325]]]},"properties":{"cell_id":"g_20_44","score":0.62,"twi":9.03,"hand":41.9,"dist_to_boundary":187,"curvature":0.0001,"spring_kde":0}},{"type":"Feature","geometry":{"type":"Polygon","coordinates":[[[139.095,36.0325],[139.0975,36.0325],[139.0975,36.035],[139.095,36.035],[139.095,36.0325]]]},"properties":{"cell_id":"g_21_44","score":0.569,"twi":8.51,"hand":41.9,"dist_to_boundary":405,"curvature":-0.0004,"spring_kde":0}},{"type":"Feature","geometry":{"type":"Polygon","coordinates":[[[139.0975,36.0325],[139.1,36.0325],[139.1,36.035],[139.0975,36.035],[139.0975,36.0325]]]},"properties":{"cell_id":"g_22_44","score":0.688,"twi":9.23,"hand":1,"dist_to_boundary":203,"curvature":0.0002,"spring_kde":0}},{"type":"Feature","geometry":{"type":"Polygon","coordinates":[[[139.1,36.0325],[139.1025,36.0325],[139.1025,36.035],[139.1,36.035],[139.1,36.0325]]]},"properties":{"cell_id":"g_23_44","score":0.684,"twi":8.85,"hand":6.4,"dist_to_boundary":8,"curvature":-0.0006,"spring_kde":0}},{"type":"Feature","geometry":{"type":"Polygon","coordinates":[[[139.1025,36.0325],[139.105,36.0325],[139.105,36.035],[139.1025,36.035],[139.1025,36.0325]]]},"properties":{"cell_id":"g_24_44","score":0.636,"twi":7.93,"hand":6.1,"dist_to_boundary":40,"curvature":0.0005,"spring_kde":0}},{"type":"Feature","geometry":{"type":"Polygon","coordinates":[[[139.105,36.0325],[139.1075,36.0325],[139.1075,36.035],[139.105,36.035],[139.105,36.0325]]]},"properties":{"cell_id":"g_25_44","score":0.658,"twi":8.46,"hand":4.4,"dist_to_boundary":135,"curvature":0.0001,"spring_kde":0}},{"type":"Feature","geometry":{"type":"Polygon","coordinates":[[[139.1075,36.0325],[139.11,36.0325],[139.11,36.035],[139.1075,36.035],[139.1075,36.0325]]]},"properties":{"cell_id":"g_26_44","score":0.67,"twi":9,"hand":2.7,"dist_to_boundary":264,"curvature":0.0003,"spring_kde":0}},{"type":"Feature","geometry":{"type":"Polygon","coordinates":[[[139.11,36.0325],[139.1125,36.0325],[139.1125,36.035],[139.11,36.035],[139.11,36.0325]]]},"properties":{"cell_id":"g_27_44","score":0.656,"twi":8.42,"hand":4.9,"dist_to_boundary":105,"curvature":0.0008,"spring_kde":0}},{"type":"Feature","geometry":{"type":"Polygon","coordinates":[[[139.1125,36.0325],[139.115,36.0325],[139.115,36.035],[139.1125,36.035],[139.1125,36.0325]]]},"properties":{"cell_id":"g_28_44","score":0.599,"twi":7.12,"hand":15.4,"dist_to_boundary":45,"curvature":-0.0025,"spring_kde":0}},{"type":"Feature","geometry":{"type":"Polygon","coordinates":[[[139.115,36.0325],[139.1175,36.0325],[139.1175,36.035],[139.115,36.035],[139.115,36.0325]]]},"properties":{"cell_id":"g_29_44","score":0.553,"twi":6.98,"hand":23.3,"dist_to_boundary":68,"curvature":0.0014,"spring_kde":0}},{"type":"Feature","geometry":{"type":"Polygon","coordinates":[[[139.1175,36.0325],[139.12,36.0325],[139.12,36.035],[139.1175,36.035],[139.1175,36.0325]]]},"properties":{"cell_id":"g_30_44","score":0.494,"twi":6.38,"hand":40.3,"dist_to_boundary":87,"curvature":-0.0029,"spring_kde":0}},{"type":"Feature","geometry":{"type":"Polygon","coordinates":[[[139.12,36.0325],[139.1225,36.0325],[139.1225,36.035],[139.12,36.035],[139.12,36.0325]]]},"properties":{"cell_id":"g_31_44","score":0.463,"twi":6.36,"hand":55.4,"dist_to_boundary":106,"curvature":-0.0022,"spring_kde":0}},{"type":"Feature","geometry":{"type":"Polygon","coordinates":[[[139.1225,36.0325],[139.125,36.0325],[139.125,36.035],[139.1225,36.035],[139.1225,36.0325]]]},"properties":{"cell_id":"g_32_44","score":0.469,"twi":6.4,"hand":53.7,"dist_to_boundary":102,"curvature":-0.003,"spring_kde":0}},{"type":"Feature","geometry":{"type":"Polygon","coordinates":[[[139.125,36.0325],[139.1275,36.0325],[139.1275,36.035],[139.125,36.035],[139.125,36.0325]]]},"properties":{"cell_id":"g_33_44","score":0.518,"twi":6.68,"hand":33,"dist_to_boundary":85,"curvature":-0.0006,"spring_kde":0}},{"type":"Feature","geometry":{"type":"Polygon","coordinates":[[[139.1275,36.0325],[139.13,36.0325],[139.13,36.035],[139.1275,36.035],[139.1275,36.0325]]]},"properties":{"cell_id":"g_34_44","score":0.497,"twi":6.15,"hand":27.7,"dist_to_boundary":198,"curvature":-0.0014,"spring_kde":0}},{"type":"Feature","geometry":{"type":"Polygon","coordinates":[[[139.13,36.0325],[139.1325,36.0325],[139.1325,36.035],[139.13,36.035],[139.13,36.0325]]]},"properties":{"cell_id":"g_35_44","score":0.439,"twi":5.83,"hand":45.5,"dist_to_boundary":350,"curvature":-0.0035,"spring_kde":0}},{"type":"Feature","geometry":{"type":"Polygon","coordinates":[[[139.1325,36.0325],[139.135,36.0325],[139.135,36.035],[139.1325,36.035],[139.1325,36.0325]]]},"properties":{"cell_id":"g_36_44","score":0.451,"twi":5.88,"hand":40.4,"dist_to_boundary":301,"curvature":-0.0035,"spring_kde":0}},{"type":"Feature","geometry":{"type":"Polygon","coordinates":[[[139.135,36.0325],[139.1375,36.0325],[139.1375,36.035],[139.135,36.035],[139.135,36.0325]]]},"properties":{"cell_id":"g_37_44","score":0.499,"twi":6.26,"hand":36.4,"dist_to_boundary":112,"curvature":0.0024,"spring_kde":0}},{"type":"Feature","geometry":{"type":"Polygon","coordinates":[[[139.1375,36.0325],[139.14,36.0325],[139.14,36.035],[139.1375,36.035],[139.1375,36.0325]]]},"properties":{"cell_id":"g_38_44","score":0.529,"twi":6.33,"hand":20.1,"dist_to_boundary":79,"curvature":-0.0001,"spring_kde":0}},{"type":"Feature","geometry":{"type":"Polygon","coordinates":[[[139.14,36.0325],[139.1425,36.0325],[139.1425,36.035],[139.14,36.035],[139.14,36.0325]]]},"properties":{"cell_id":"g_39_44","score":0.544,"twi":6.35,"hand":16,"dist_to_boundary":126,"curvature":0.0006,"spring_kde":0}},{"type":"Feature","geometry":{"type":"Polygon","coordinates":[[[139.1425,36.0325],[139.145,36.0325],[139.145,36.035],[139.1425,36.035],[139.1425,36.0325]]]},"properties":{"cell_id":"g_40_44","score":0.528,"twi":6.48,"hand":21.3,"dist_to_boundary":230,"curvature":0.0042,"spring_kde":0}},{"type":"Feature","geometry":{"type":"Polygon","coordinates":[[[139.145,36.0325],[139.1475,36.0325],[139.1475,36.035],[139.145,36.035],[139.145,36.0325]]]},"properties":{"cell_id":"g_41_44","score":0.479,"twi":6.3,"hand":34.1,"dist_to_boundary":374,"curvature":-0.0026,"spring_kde":0}},{"type":"Feature","geometry":{"type":"Polygon","coordinates":[[[139.1475,36.0325],[139.15,36.0325],[139.15,36.035],[139.1475,36.035],[139.1475,36.0325]]]},"properties":{"cell_id":"g_42_44","score":0.481,"twi":6.13,"hand":31.4,"dist_to_boundary":369,"curvature":0.0008,"spring_kde":0}},{"type":"Feature","geometry":{"type":"Polygon","coordinates":[[[139.15,36.0325],[139.1525,36.0325],[139.1525,36.035],[139.15,36.035],[139.15,36.0325]]]},"properties":{"cell_id":"g_43_44","score":0.523,"twi":6.82,"hand":26.9,"dist_to_boundary":237,"curvature":0.0043,"spring_kde":0}},{"type":"Feature","geometry":{"type":"Polygon","coordinates":[[[139.1525,36.0325],[139.155,36.0325],[139.155,36.035],[139.1525,36.035],[139.1525,36.0325]]]},"properties":{"cell_id":"g_44_44","score":0.434,"twi":6.24,"hand":62.3,"dist_to_boundary":213,"curvature":-0.0007,"spring_kde":0}},{"type":"Feature","geometry":{"type":"Polygon","coordinates":[[[139.155,36.0325],[139.1575,36.0325],[139.1575,36.035],[139.155,36.035],[139.155,36.0325]]]},"properties":{"cell_id":"g_45_44","score":0.352,"twi":6.04,"hand":113.8,"dist_to_boundary":106,"curvature":-0.0077,"spring_kde":0}},{"type":"Feature","geometry":{"type":"Polygon","coordinates":[[[139.0425,36.035],[139.045,36.035],[139.045,36.0375],[139.0425,36.0375],[139.0425,36.035]]]},"properties":{"cell_id":"g_0_45","score":0.613,"twi":8.05,"hand":6.1,"dist_to_boundary":297,"curvature":0.0014,"spring_kde":0}},{"type":"Feature","geometry":{"type":"Polygon","coordinates":[[[139.045,36.035],[139.0475,36.035],[139.0475,36.0375],[139.045,36.0375],[139.045,36.035]]]},"properties":{"cell_id":"g_1_45","score":0.494,"twi":6.57,"hand":28.2,"dist_to_boundary":420,"curvature":-0.0019,"spring_kde":0}},{"type":"Feature","geometry":{"type":"Polygon","coordinates":[[[139.0475,36.035],[139.05,36.035],[139.05,36.0375],[139.0475,36.0375],[139.0475,36.035]]]},"properties":{"cell_id":"g_2_45","score":0.425,"twi":5.88,"hand":35.8,"dist_to_boundary":583,"curvature":0.0008,"spring_kde":0}},{"type":"Feature","geometry":{"type":"Polygon","coordinates":[[[139.05,36.035],[139.0525,36.035],[139.0525,36.0375],[139.05,36.0375],[139.05,36.035]]]},"properties":{"cell_id":"g_3_45","score":0.491,"twi":7.11,"hand":17.3,"dist_to_boundary":778,"curvature":0.0004,"spring_kde":0}},{"type":"Feature","geometry":{"type":"Polygon","coordinates":[[[139.0525,36.035],[139.055,36.035],[139.055,36.0375],[139.0525,36.0375],[139.0525,36.035]]]},"properties":{"cell_id":"g_4_45","score":0.492,"twi":7.07,"hand":16.3,"dist_to_boundary":814,"curvature":0.0016,"spring_kde":0}},{"type":"Feature","geometry":{"type":"Polygon","coordinates":[[[139.055,36.035],[139.0575,36.035],[139.0575,36.0375],[139.055,36.0375],[139.055,36.035]]]},"properties":{"cell_id":"g_5_45","score":0.473,"twi":6.74,"hand":19.6,"dist_to_boundary":753,"curvature":0.0012,"spring_kde":0}},{"type":"Feature","geometry":{"type":"Polygon","coordinates":[[[139.0575,36.035],[139.06,36.035],[139.06,36.0375],[139.0575,36.0375],[139.0575,36.035]]]},"properties":{"cell_id":"g_6_45","score":0.433,"twi":6.1,"hand":26.6,"dist_to_boundary":756,"curvature":-0.0026,"spring_kde":0}},{"type":"Feature","geometry":{"type":"Polygon","coordinates":[[[139.06,36.035],[139.0625,36.035],[139.0625,36.0375],[139.06,36.0375],[139.06,36.035]]]},"properties":{"cell_id":"g_7_45","score":0.443,"twi":6.16,"hand":34.6,"dist_to_boundary":537,"curvature":0.0013,"spring_kde":0}},{"type":"Feature","geometry":{"type":"Polygon","coordinates":[[[139.0625,36.035],[139.065,36.035],[139.065,36.0375],[139.0625,36.0375],[139.0625,36.035]]]},"properties":{"cell_id":"g_8_45","score":0.534,"twi":6.93,"hand":15.1,"dist_to_boundary":314,"curvature":0.0009,"spring_kde":0}},{"type":"Feature","geometry":{"type":"Polygon","coordinates":[[[139.065,36.035],[139.0675,36.035],[139.0675,36.0375],[139.065,36.0375],[139.065,36.035]]]},"properties":{"cell_id":"g_9_45","score":0.61,"twi":7.6,"hand":8.7,"dist_to_boundary":99,"curvature":0.0013,"spring_kde":0}},{"type":"Feature","geometry":{"type":"Polygon","coordinates":[[[139.0675,36.035],[139.07,36.035],[139.07,36.0375],[139.0675,36.0375],[139.0675,36.035]]]},"properties":{"cell_id":"g_10_45","score":0.52,"twi":6.39,"hand":34.1,"dist_to_boundary":24,"curvature":-0.0014,"spring_kde":0}},{"type":"Feature","geometry":{"type":"Polygon","coordinates":[[[139.07,36.035],[139.0725,36.035],[139.0725,36.0375],[139.07,36.0375],[139.07,36.035]]]},"properties":{"cell_id":"g_11_45","score":0.564,"twi":7.45,"hand":30.1,"dist_to_boundary":76,"curvature":-0.0016,"spring_kde":0}},{"type":"Feature","geometry":{"type":"Polygon","coordinates":[[[139.0725,36.035],[139.075,36.035],[139.075,36.0375],[139.0725,36.0375],[139.0725,36.035]]]},"properties":{"cell_id":"g_12_45","score":0.518,"twi":7.04,"hand":30.9,"dist_to_boundary":256,"curvature":-0.001,"spring_kde":0}},{"type":"Feature","geometry":{"type":"Polygon","coordinates":[[[139.075,36.035],[139.0775,36.035],[139.0775,36.0375],[139.075,36.0375],[139.075,36.035]]]},"properties":{"cell_id":"g_13_45","score":0.545,"twi":6.82,"hand":16.5,"dist_to_boundary":87,"curvature":-0.0019,"spring_kde":0}},{"type":"Feature","geometry":{"type":"Polygon","coordinates":[[[139.0775,36.035],[139.08,36.035],[139.08,36.0375],[139.0775,36.0375],[139.0775,36.035]]]},"properties":{"cell_id":"g_14_45","score":0.672,"twi":8.8,"hand":3.7,"dist_to_boundary":82,"curvature":0.0009,"spring_kde":0}},{"type":"Feature","geometry":{"type":"Polygon","coordinates":[[[139.08,36.035],[139.0825,36.035],[139.0825,36.0375],[139.08,36.0375],[139.08,36.035]]]},"properties":{"cell_id":"g_15_45","score":0.67,"twi":8.66,"hand":3.9,"dist_to_boundary":59,"curvature":0.0004,"spring_kde":0}},{"type":"Feature","geometry":{"type":"Polygon","coordinates":[[[139.0825,36.035],[139.085,36.035],[139.085,36.0375],[139.0825,36.0375],[139.0825,36.035]]]},"properties":{"cell_id":"g_16_45","score":0.56,"twi":7.19,"hand":27.3,"dist_to_boundary":12,"curvature":-0.0005,"spring_kde":0}},{"type":"Feature","geometry":{"type":"Polygon","coordinates":[[[139.085,36.035],[139.0875,36.035],[139.0875,36.0375],[139.085,36.0375],[139.085,36.035]]]},"properties":{"cell_id":"g_17_45","score":0.594,"twi":7.82,"hand":17.3,"dist_to_boundary":68,"curvature":0,"spring_kde":0}},{"type":"Feature","geometry":{"type":"Polygon","coordinates":[[[139.0875,36.035],[139.09,36.035],[139.09,36.0375],[139.0875,36.0375],[139.0875,36.035]]]},"properties":{"cell_id":"g_18_45","score":0.668,"twi":8.95,"hand":17,"dist_to_boundary":63,"curvature":-0.001,"spring_kde":0}},{"type":"Feature","geometry":{"type":"Polygon","coordinates":[[[139.09,36.035],[139.0925,36.035],[139.0925,36.0375],[139.09,36.0375],[139.09,36.035]]]},"properties":{"cell_id":"g_19_45","score":0.66,"twi":8.16,"hand":6.3,"dist_to_boundary":42,"curvature":0.0026,"spring_kde":0}},{"type":"Feature","geometry":{"type":"Polygon","coordinates":[[[139.0925,36.035],[139.095,36.035],[139.095,36.0375],[139.0925,36.0375],[139.0925,36.035]]]},"properties":{"cell_id":"g_20_45","score":0.62,"twi":8.75,"hand":41.9,"dist_to_boundary":138,"curvature":-0.0025,"spring_kde":0}},{"type":"Feature","geometry":{"type":"Polygon","coordinates":[[[139.095,36.035],[139.0975,36.035],[139.0975,36.0375],[139.095,36.0375],[139.095,36.035]]]},"properties":{"cell_id":"g_21_45","score":0.61,"twi":9.23,"hand":41.9,"dist_to_boundary":360,"curvature":-0.0001,"spring_kde":0}},{"type":"Feature","geometry":{"type":"Polygon","coordinates":[[[139.0975,36.035],[139.1,36.035],[139.1,36.0375],[139.0975,36.0375],[139.0975,36.035]]]},"properties":{"cell_id":"g_22_45","score":0.663,"twi":9.14,"hand":2.5,"dist_to_boundary":364,"curvature":0.0002,"spring_kde":0}},{"type":"Feature","geometry":{"type":"Polygon","coordinates":[[[139.1,36.035],[139.1025,36.035],[139.1025,36.0375],[139.1,36.0375],[139.1,36.035]]]},"properties":{"cell_id":"g_23_45","score":0.683,"twi":9.19,"hand":0.7,"dist_to_boundary":220,"curvature":-0.0002,"spring_kde":0}},{"type":"Feature","geometry":{"type":"Polygon","coordinates":[[[139.1025,36.035],[139.105,36.035],[139.105,36.0375],[139.1025,36.0375],[139.1025,36.035]]]},"properties":{"cell_id":"g_24_45","score":0.656,"twi":8.84,"hand":15.9,"dist_to_boundary":75,"curvature":-0.0005,"spring_kde":0}},{"type":"Feature","geometry":{"type":"Polygon","coordinates":[[[139.105,36.035],[139.1075,36.035],[139.1075,36.0375],[139.105,36.0375],[139.105,36.035]]]},"properties":{"cell_id":"g_25_45","score":0.644,"twi":8.17,"hand":7.8,"dist_to_boundary":23,"curvature":0.0013,"spring_kde":0}},{"type":"Feature","geometry":{"type":"Polygon","coordinates":[[[139.1075,36.035],[139.11,36.035],[139.11,36.0375],[139.1075,36.0375],[139.1075,36.035]]]},"properties":{"cell_id":"g_26_45","score":0.625,"twi":7.92,"hand":8.8,"dist_to_boundary":137,"curvature":-0.0006,"spring_kde":0}},{"type":"Feature","geometry":{"type":"Polygon","coordinates":[[[139.11,36.035],[139.1125,36.035],[139.1125,36.0375],[139.11,36.0375],[139.11,36.035]]]},"properties":{"cell_id":"g_27_45","score":0.602,"twi":7.43,"hand":11.6,"dist_to_boundary":76,"curvature":-0.001,"spring_kde":0}},{"type":"Feature","geometry":{"type":"Polygon","coordinates":[[[139.1125,36.035],[139.115,36.035],[139.115,36.0375],[139.1125,36.0375],[139.1125,36.035]]]},"properties":{"cell_id":"g_28_45","score":0.514,"twi":6.15,"hand":30.6,"dist_to_boundary":40,"curvature":0.0012,"spring_kde":0}},{"type":"Feature","geometry":{"type":"Polygon","coordinates":[[[139.115,36.035],[139.1175,36.035],[139.1175,36.0375],[139.115,36.0375],[139.115,36.035]]]},"properties":{"cell_id":"g_29_45","score":0.54,"twi":6.9,"hand":19.4,"dist_to_boundary":237,"curvature":0.0023,"spring_kde":0}},{"type":"Feature","geometry":{"type":"Polygon","coordinates":[[[139.1175,36.035],[139.12,36.035],[139.12,36.0375],[139.1175,36.0375],[139.1175,36.035]]]},"properties":{"cell_id":"g_30_45","score":0.517,"twi":6.79,"hand":19,"dist_to_boundary":362,"curvature":0.0004,"spring_kde":0}},{"type":"Feature","geometry":{"type":"Polygon","coordinates":[[[139.12,36.035],[139.1225,36.035],[139.1225,36.0375],[139.12,36.0375],[139.12,36.035]]]},"properties":{"cell_id":"g_31_45","score":0.524,"twi":6.74,"hand":18.1,"dist_to_boundary":347,"curvature":0.0035,"spring_kde":0}},{"type":"Feature","geometry":{"type":"Polygon","coordinates":[[[139.1225,36.035],[139.125,36.035],[139.125,36.0375],[139.1225,36.0375],[139.1225,36.035]]]},"properties":{"cell_id":"g_32_45","score":0.484,"twi":6.28,"hand":39.2,"dist_to_boundary":134,"curvature":-0.0017,"spring_kde":0}},{"type":"Feature","geometry":{"type":"Polygon","coordinates":[[[139.125,36.035],[139.1275,36.035],[139.1275,36.0375],[139.125,36.0375],[139.125,36.035]]]},"properties":{"cell_id":"g_33_45","score":0.515,"twi":6.54,"hand":28.3,"dist_to_boundary":79,"curvature":-0.0014,"spring_kde":0}},{"type":"Feature","geometry":{"type":"Polygon","coordinates":[[[139.1275,36.035],[139.13,36.035],[139.13,36.0375],[139.1275,36.0375],[139.1275,36.035]]]},"properties":{"cell_id":"g_34_45","score":0.534,"twi":6.68,"hand":14.3,"dist_to_boundary":292,"curvature":0.0013,"spring_kde":0}},{"type":"Feature","geometry":{"type":"Polygon","coordinates":[[[139.13,36.035],[139.1325,36.035],[139.1325,36.0375],[139.13,36.0375],[139.13,36.035]]]},"properties":{"cell_id":"g_35_45","score":0.459,"twi":6.14,"hand":27,"dist_to_boundary":511,"curvature":-0.0023,"spring_kde":0}},{"type":"Feature","geometry":{"type":"Polygon","coordinates":[[[139.1325,36.035],[139.135,36.035],[139.135,36.0375],[139.1325,36.0375],[139.1325,36.035]]]},"properties":{"cell_id":"g_36_45","score":0.524,"twi":6.84,"hand":17.9,"dist_to_boundary":338,"curvature":0.0019,"spring_kde":0}},{"type":"Feature","geometry":{"type":"Polygon","coordinates":[[[139.135,36.035],[139.1375,36.035],[139.1375,36.0375],[139.135,36.0375],[139.135,36.035]]]},"properties":{"cell_id":"g_37_45","score":0.548,"twi":6.89,"hand":16.9,"dist_to_boundary":181,"curvature":0.0006,"spring_kde":0}},{"type":"Feature","geometry":{"type":"Polygon","coordinates":[[[139.1375,36.035],[139.14,36.035],[139.14,36.0375],[139.1375,36.0375],[139.1375,36.035]]]},"properties":{"cell_id":"g_38_45","score":0.6,"twi":7.26,"hand":12.4,"dist_to_boundary":45,"curvature":0.0039,"spring_kde":0}},{"type":"Feature","geometry":{"type":"Polygon","coordinates":[[[139.14,36.035],[139.1425,36.035],[139.1425,36.0375],[139.14,36.0375],[139.14,36.035]]]},"properties":{"cell_id":"g_39_45","score":0.557,"twi":6.74,"hand":17.4,"dist_to_boundary":102,"curvature":0.0016,"spring_kde":0}},{"type":"Feature","geometry":{"type":"Polygon","coordinates":[[[139.1425,36.035],[139.145,36.035],[139.145,36.0375],[139.1425,36.0375],[139.1425,36.035]]]},"properties":{"cell_id":"g_40_45","score":0.517,"twi":6.18,"hand":32.3,"dist_to_boundary":47,"curvature":-0.0004,"spring_kde":0}},{"type":"Feature","geometry":{"type":"Polygon","coordinates":[[[139.145,36.035],[139.1475,36.035],[139.1475,36.0375],[139.145,36.0375],[139.145,36.035]]]},"properties":{"cell_id":"g_41_45","score":0.559,"twi":6.71,"hand":17.7,"dist_to_boundary":108,"curvature":0.0024,"spring_kde":0}},{"type":"Feature","geometry":{"type":"Polygon","coordinates":[[[139.1475,36.035],[139.15,36.035],[139.15,36.0375],[139.1475,36.0375],[139.1475,36.035]]]},"properties":{"cell_id":"g_42_45","score":0.529,"twi":6.59,"hand":15.3,"dist_to_boundary":267,"curvature":0.0007,"spring_kde":0}},{"type":"Feature","geometry":{"type":"Polygon","coordinates":[[[139.15,36.035],[139.1525,36.035],[139.1525,36.0375],[139.15,36.0375],[139.15,36.035]]]},"properties":{"cell_id":"g_43_45","score":0.456,"twi":6.5,"hand":38.6,"dist_to_boundary":471,"curvature":0.0003,"spring_kde":0}},{"type":"Feature","geometry":{"type":"Polygon","coordinates":[[[139.1525,36.035],[139.155,36.035],[139.155,36.0375],[139.1525,36.0375],[139.1525,36.035]]]},"properties":{"cell_id":"g_44_45","score":0.425,"twi":6.18,"hand":59.8,"dist_to_boundary":393,"curvature":0.0015,"spring_kde":0}},{"type":"Feature","geometry":{"type":"Polygon","coordinates":[[[139.155,36.035],[139.1575,36.035],[139.1575,36.0375],[139.155,36.0375],[139.155,36.035]]]},"properties":{"cell_id":"g_45_45","score":0.387,"twi":5.9,"hand":90.4,"dist_to_boundary":175,"curvature":-0.0024,"spring_kde":0}}]}