{"type":"FeatureCollection","features":[{"type":"Feature","geometry":{"type":"Point","coordinates":[139.629391902853,36.0922400112067]},"properties":{"id":"wetland1997_001","name":"北辻地区内の湿地","municipality":"加須市","address":"加須市北辻","category":"湿地・湿原","wetland_no":430,"raw_type_code":0,"raw_naturalness_code":4,"status_note":null,"survey_method":"県民調査","survey_year":1997,"source":"埼玉県環境科学国際センター「1997年版 埼玉県湿地湧水地台帳」（原典: 埼玉県環境生活部自然環境課, 1997年作成）","source_url":"https://atlas-eco-saitama-pref-saitama.hub.arcgis.com/apps/50e96c8bc0cf4bd29418301d7640b33d/explore","data_note":"1997年時点のスナップショットです。現況とは大きく異なる場合があります。categoryは名称文字列からこのスクリプトが独自に推定した分類で、出典データ本来の区分ではありません。"}},{"type":"Feature","geometry":{"type":"Point","coordinates":[139.36819501637,36.0911759480572]},"properties":{"id":"wetland1997_002","name":"武藏丘陵森林公園内の湿地","municipality":"滑川町","address":null,"category":"湿地・湿原","wetland_no":342,"raw_type_code":0,"raw_naturalness_code":0,"status_note":null,"survey_method":"市町村報告","survey_year":1997,"source":"埼玉県環境科学国際センター「1997年版 埼玉県湿地湧水地台帳」（原典: 埼玉県環境生活部自然環境課, 1997年作成）","source_url":"https://atlas-eco-saitama-pref-saitama.hub.arcgis.com/apps/50e96c8bc0cf4bd29418301d7640b33d/explore","data_note":"1997年時点のスナップショットです。現況とは大きく異なる場合があります。categoryは名称文字列からこのスクリプトが独自に推定した分類で、出典データ本来の区分ではありません。"}},{"type":"Feature","geometry":{"type":"Point","coordinates":[139.297167182487,36.0906027737682]},"properties":{"id":"wetland1997_003","name":"宮前地区の南にある湿地","municipality":"小川町","address":null,"category":"湿地・湿原","wetland_no":372,"raw_type_code":0,"raw_naturalness_code":0,"status_note":null,"survey_method":"市町村報告","survey_year":1997,"source":"埼玉県環境科学国際センター「1997年版 埼玉県湿地湧水地台帳」（原典: 埼玉県環境生活部自然環境課, 1997年作成）","source_url":"https://atlas-eco-saitama-pref-saitama.hub.arcgis.com/apps/50e96c8bc0cf4bd29418301d7640b33d/explore","data_note":"1997年時点のスナップショットです。現況とは大きく異なる場合があります。categoryは名称文字列からこのスクリプトが独自に推定した分類で、出典データ本来の区分ではありません。"}},{"type":"Feature","geometry":{"type":"Point","coordinates":[139.684407895617,35.8575330755355]},"properties":{"id":"wetland1997_004","name":"大谷口地内の池①","municipality":"浦和市","address":"大谷口","category":"池・沼","wetland_no":832,"raw_type_code":0,"raw_naturalness_code":0,"status_note":null,"survey_method":"市町村報告","survey_year":1997,"source":"埼玉県環境科学国際センター「1997年版 埼玉県湿地湧水地台帳」（原典: 埼玉県環境生活部自然環境課, 1997年作成）","source_url":"https://atlas-eco-saitama-pref-saitama.hub.arcgis.com/apps/50e96c8bc0cf4bd29418301d7640b33d/explore","data_note":"1997年時点のスナップショットです。現況とは大きく異なる場合があります。categoryは名称文字列からこのスクリプトが独自に推定した分類で、出典データ本来の区分ではありません。"}},{"type":"Feature","geometry":{"type":"Point","coordinates":[139.307907327735,36.074735638242]},"properties":{"id":"wetland1997_005","name":"相模沼上沼","municipality":"嵐山町","address":null,"category":"池・沼","wetland_no":516,"raw_type_code":0,"raw_naturalness_code":0,"status_note":null,"survey_method":"市町村報告","survey_year":1997,"source":"埼玉県環境科学国際センター「1997年版 埼玉県湿地湧水地台帳」（原典: 埼玉県環境生活部自然環境課, 1997年作成）","source_url":"https://atlas-eco-saitama-pref-saitama.hub.arcgis.com/apps/50e96c8bc0cf4bd29418301d7640b33d/explore","data_note":"1997年時点のスナップショットです。現況とは大きく異なる場合があります。categoryは名称文字列からこのスクリプトが独自に推定した分類で、出典データ本来の区分ではありません。"}},{"type":"Feature","geometry":{"type":"Point","coordinates":[139.258287667596,36.0995079706206]},"properties":{"id":"wetland1997_006","name":"牟礼地区の北にある湿地","municipality":"寄居町","address":"寄居町今市","category":"湿地・湿原","wetland_no":1122,"raw_type_code":0,"raw_naturalness_code":0,"status_note":null,"survey_method":"市町村報告","survey_year":1997,"source":"埼玉県環境科学国際センター「1997年版 埼玉県湿地湧水地台帳」（原典: 埼玉県環境生活部自然環境課, 1997年作成）","source_url":"https://atlas-eco-saitama-pref-saitama.hub.arcgis.com/apps/50e96c8bc0cf4bd29418301d7640b33d/explore","data_note":"1997年時点のスナップショットです。現況とは大きく異なる場合があります。categoryは名称文字列からこのスクリプトが独自に推定した分類で、出典データ本来の区分ではありません。"}},{"type":"Feature","geometry":{"type":"Point","coordinates":[139.367327789083,36.091330501652]},"properties":{"id":"wetland1997_007","name":"武藏丘陵森林公園内の湿地","municipality":"滑川町","address":null,"category":"湿地・湿原","wetland_no":341,"raw_type_code":0,"raw_naturalness_code":0,"status_note":null,"survey_method":"市町村報告","survey_year":1997,"source":"埼玉県環境科学国際センター「1997年版 埼玉県湿地湧水地台帳」（原典: 埼玉県環境生活部自然環境課, 1997年作成）","source_url":"https://atlas-eco-saitama-pref-saitama.hub.arcgis.com/apps/50e96c8bc0cf4bd29418301d7640b33d/explore","data_note":"1997年時点のスナップショットです。現況とは大きく異なる場合があります。categoryは名称文字列からこのスクリプトが独自に推定した分類で、出典データ本来の区分ではありません。"}},{"type":"Feature","geometry":{"type":"Point","coordinates":[139.268628997688,35.8564330178511]},"properties":{"id":"wetland1997_008","name":"小岩井地区内の湿地","municipality":"飯能市","address":null,"category":"湿地・湿原","wetland_no":816,"raw_type_code":0,"raw_naturalness_code":0,"status_note":null,"survey_method":"航空写真","survey_year":1997,"source":"埼玉県環境科学国際センター「1997年版 埼玉県湿地湧水地台帳」（原典: 埼玉県環境生活部自然環境課, 1997年作成）","source_url":"https://atlas-eco-saitama-pref-saitama.hub.arcgis.com/apps/50e96c8bc0cf4bd29418301d7640b33d/explore","data_note":"1997年時点のスナップショットです。現況とは大きく異なる場合があります。categoryは名称文字列からこのスクリプトが独自に推定した分類で、出典データ本来の区分ではありません。"}},{"type":"Feature","geometry":{"type":"Point","coordinates":[139.434526477711,36.0494683067688]},"properties":{"id":"wetland1997_009","name":"農協西支所前池","municipality":"吉見町","address":null,"category":"池・沼","wetland_no":637,"raw_type_code":0,"raw_naturalness_code":0,"status_note":null,"survey_method":"市町村報告","survey_year":1997,"source":"埼玉県環境科学国際センター「1997年版 埼玉県湿地湧水地台帳」（原典: 埼玉県環境生活部自然環境課, 1997年作成）","source_url":"https://atlas-eco-saitama-pref-saitama.hub.arcgis.com/apps/50e96c8bc0cf4bd29418301d7640b33d/explore","data_note":"1997年時点のスナップショットです。現況とは大きく異なる場合があります。categoryは名称文字列からこのスクリプトが独自に推定した分類で、出典データ本来の区分ではありません。"}},{"type":"Feature","geometry":{"type":"Point","coordinates":[139.33182935236,36.0776791491964]},"properties":{"id":"wetland1997_010","name":"上伊古地区内の湿地","municipality":"滑川町","address":null,"category":"湿地・湿原","wetland_no":566,"raw_type_code":0,"raw_naturalness_code":0,"status_note":null,"survey_method":"市町村報告","survey_year":1997,"source":"埼玉県環境科学国際センター「1997年版 埼玉県湿地湧水地台帳」（原典: 埼玉県環境生活部自然環境課, 1997年作成）","source_url":"https://atlas-eco-saitama-pref-saitama.hub.arcgis.com/apps/50e96c8bc0cf4bd29418301d7640b33d/explore","data_note":"1997年時点のスナップショットです。現況とは大きく異なる場合があります。categoryは名称文字列からこのスクリプトが独自に推定した分類で、出典データ本来の区分ではありません。"}},{"type":"Feature","geometry":{"type":"Point","coordinates":[139.269536350923,36.0919232911029]},"properties":{"id":"wetland1997_011","name":"深田谷沼","municipality":"小川町","address":null,"category":"池・沼","wetland_no":364,"raw_type_code":0,"raw_naturalness_code":0,"status_note":null,"survey_method":"市町村報告","survey_year":1997,"source":"埼玉県環境科学国際センター「1997年版 埼玉県湿地湧水地台帳」（原典: 埼玉県環境生活部自然環境課, 1997年作成）","source_url":"https://atlas-eco-saitama-pref-saitama.hub.arcgis.com/apps/50e96c8bc0cf4bd29418301d7640b33d/explore","data_note":"1997年時点のスナップショットです。現況とは大きく異なる場合があります。categoryは名称文字列からこのスクリプトが独自に推定した分類で、出典データ本来の区分ではありません。"}},{"type":"Feature","geometry":{"type":"Point","coordinates":[139.255124351833,36.1077106593138]},"properties":{"id":"wetland1997_012","name":"下郷地区の東にある湿地","municipality":"寄居町","address":"寄居町富田","category":"湿地・湿原","wetland_no":1120,"raw_type_code":0,"raw_naturalness_code":0,"status_note":null,"survey_method":"市町村報告","survey_year":1997,"source":"埼玉県環境科学国際センター「1997年版 埼玉県湿地湧水地台帳」（原典: 埼玉県環境生活部自然環境課, 1997年作成）","source_url":"https://atlas-eco-saitama-pref-saitama.hub.arcgis.com/apps/50e96c8bc0cf4bd29418301d7640b33d/explore","data_note":"1997年時点のスナップショットです。現況とは大きく異なる場合があります。categoryは名称文字列からこのスクリプトが独自に推定した分類で、出典データ本来の区分ではありません。"}},{"type":"Feature","geometry":{"type":"Point","coordinates":[139.377105014008,36.0878911705861]},"properties":{"id":"wetland1997_013","name":"上山田地区の南にある湿地","municipality":"滑川町","address":null,"category":"湿地・湿原","wetland_no":389,"raw_type_code":0,"raw_naturalness_code":0,"status_note":null,"survey_method":"市町村報告","survey_year":1997,"source":"埼玉県環境科学国際センター「1997年版 埼玉県湿地湧水地台帳」（原典: 埼玉県環境生活部自然環境課, 1997年作成）","source_url":"https://atlas-eco-saitama-pref-saitama.hub.arcgis.com/apps/50e96c8bc0cf4bd29418301d7640b33d/explore","data_note":"1997年時点のスナップショットです。現況とは大きく異なる場合があります。categoryは名称文字列からこのスクリプトが独自に推定した分類で、出典データ本来の区分ではありません。"}},{"type":"Feature","geometry":{"type":"Point","coordinates":[139.354168381063,36.0717745713442]},"properties":{"id":"wetland1997_014","name":"大木地区の北にある湿地","municipality":"滑川町","address":null,"category":"湿地・湿原","wetland_no":559,"raw_type_code":0,"raw_naturalness_code":0,"status_note":null,"survey_method":"市町村報告","survey_year":1997,"source":"埼玉県環境科学国際センター「1997年版 埼玉県湿地湧水地台帳」（原典: 埼玉県環境生活部自然環境課, 1997年作成）","source_url":"https://atlas-eco-saitama-pref-saitama.hub.arcgis.com/apps/50e96c8bc0cf4bd29418301d7640b33d/explore","data_note":"1997年時点のスナップショットです。現況とは大きく異なる場合があります。categoryは名称文字列からこのスクリプトが独自に推定した分類で、出典データ本来の区分ではありません。"}},{"type":"Feature","geometry":{"type":"Point","coordinates":[139.043226138574,35.9868667954949]},"properties":{"id":"wetland1997_015","name":"秩父ミューズパーク内長尾根ゴルフコース人工池","municipality":"小鹿野町","address":null,"category":"池・沼","wetland_no":690,"raw_type_code":0,"raw_naturalness_code":0,"status_note":null,"survey_method":"市町村報告","survey_year":1997,"source":"埼玉県環境科学国際センター「1997年版 埼玉県湿地湧水地台帳」（原典: 埼玉県環境生活部自然環境課, 1997年作成）","source_url":"https://atlas-eco-saitama-pref-saitama.hub.arcgis.com/apps/50e96c8bc0cf4bd29418301d7640b33d/explore","data_note":"1997年時点のスナップショットです。現況とは大きく異なる場合があります。categoryは名称文字列からこのスクリプトが独自に推定した分類で、出典データ本来の区分ではありません。"}},{"type":"Feature","geometry":{"type":"Point","coordinates":[139.2289848512,36.1014395920327]},"properties":{"id":"wetland1997_016","name":"根岸入池","municipality":"寄居町","address":null,"category":"池・沼","wetland_no":290,"raw_type_code":0,"raw_naturalness_code":0,"status_note":null,"survey_method":"市町村報告","survey_year":1997,"source":"埼玉県環境科学国際センター「1997年版 埼玉県湿地湧水地台帳」（原典: 埼玉県環境生活部自然環境課, 1997年作成）","source_url":"https://atlas-eco-saitama-pref-saitama.hub.arcgis.com/apps/50e96c8bc0cf4bd29418301d7640b33d/explore","data_note":"1997年時点のスナップショットです。現況とは大きく異なる場合があります。categoryは名称文字列からこのスクリプトが独自に推定した分類で、出典データ本来の区分ではありません。"}},{"type":"Feature","geometry":{"type":"Point","coordinates":[139.329040217252,36.1036724951496]},"properties":{"id":"wetland1997_017","name":"内神沼","municipality":"江南町","address":null,"category":"池・沼","wetland_no":305,"raw_type_code":0,"raw_naturalness_code":0,"status_note":null,"survey_method":"市町村報告","survey_year":1997,"source":"埼玉県環境科学国際センター「1997年版 埼玉県湿地湧水地台帳」（原典: 埼玉県環境生活部自然環境課, 1997年作成）","source_url":"https://atlas-eco-saitama-pref-saitama.hub.arcgis.com/apps/50e96c8bc0cf4bd29418301d7640b33d/explore","data_note":"1997年時点のスナップショットです。現況とは大きく異なる場合があります。categoryは名称文字列からこのスクリプトが独自に推定した分類で、出典データ本来の区分ではありません。"}},{"type":"Feature","geometry":{"type":"Point","coordinates":[139.305954234899,36.0750046259636]},"properties":{"id":"wetland1997_018","name":"地方沼下沼","municipality":"嵐山町","address":null,"category":"池・沼","wetland_no":517,"raw_type_code":0,"raw_naturalness_code":0,"status_note":null,"survey_method":"市町村報告","survey_year":1997,"source":"埼玉県環境科学国際センター「1997年版 埼玉県湿地湧水地台帳」（原典: 埼玉県環境生活部自然環境課, 1997年作成）","source_url":"https://atlas-eco-saitama-pref-saitama.hub.arcgis.com/apps/50e96c8bc0cf4bd29418301d7640b33d/explore","data_note":"1997年時点のスナップショットです。現況とは大きく異なる場合があります。categoryは名称文字列からこのスクリプトが独自に推定した分類で、出典データ本来の区分ではありません。"}},{"type":"Feature","geometry":{"type":"Point","coordinates":[139.308275424999,35.9210439366391]},"properties":{"id":"wetland1997_019","name":"(名称未記載)","municipality":"","address":null,"category":"その他","wetland_no":766,"raw_type_code":0,"raw_naturalness_code":0,"status_note":null,"survey_method":null,"survey_year":1997,"source":"埼玉県環境科学国際センター「1997年版 埼玉県湿地湧水地台帳」（原典: 埼玉県環境生活部自然環境課, 1997年作成）","source_url":"https://atlas-eco-saitama-pref-saitama.hub.arcgis.com/apps/50e96c8bc0cf4bd29418301d7640b33d/explore","data_note":"1997年時点のスナップショットです。現況とは大きく異なる場合があります。categoryは名称文字列からこのスクリプトが独自に推定した分類で、出典データ本来の区分ではありません。"}},{"type":"Feature","geometry":{"type":"Point","coordinates":[139.282805931923,36.1900303775969]},"properties":{"id":"wetland1997_020","name":"深谷駅南口（下台池公園）","municipality":"深谷市","address":"大字西島5丁目840地内","category":"池・沼","wetland_no":152,"raw_type_code":2,"raw_naturalness_code":3,"status_note":null,"survey_method":"代表湿地","survey_year":1997,"source":"埼玉県環境科学国際センター「1997年版 埼玉県湿地湧水地台帳」（原典: 埼玉県環境生活部自然環境課, 1997年作成）","source_url":"https://atlas-eco-saitama-pref-saitama.hub.arcgis.com/apps/50e96c8bc0cf4bd29418301d7640b33d/explore","data_note":"1997年時点のスナップショットです。現況とは大きく異なる場合があります。categoryは名称文字列からこのスクリプトが独自に推定した分類で、出典データ本来の区分ではありません。"}},{"type":"Feature","geometry":{"type":"Point","coordinates":[139.629853351244,35.9157493078873]},"properties":{"id":"wetland1997_021","name":"大宮公園内の池","municipality":"大宮市","address":null,"category":"池・沼","wetland_no":830,"raw_type_code":0,"raw_naturalness_code":0,"status_note":null,"survey_method":"航空写真","survey_year":1997,"source":"埼玉県環境科学国際センター「1997年版 埼玉県湿地湧水地台帳」（原典: 埼玉県環境生活部自然環境課, 1997年作成）","source_url":"https://atlas-eco-saitama-pref-saitama.hub.arcgis.com/apps/50e96c8bc0cf4bd29418301d7640b33d/explore","data_note":"1997年時点のスナップショットです。現況とは大きく異なる場合があります。categoryは名称文字列からこのスクリプトが独自に推定した分類で、出典データ本来の区分ではありません。"}},{"type":"Feature","geometry":{"type":"Point","coordinates":[138.931692966696,36.0335776968172]},"properties":{"id":"wetland1997_022","name":"本家の池","municipality":"小鹿野町","address":"小鹿野町大字三山","category":"池・沼","wetland_no":1081,"raw_type_code":4,"raw_naturalness_code":4,"status_note":null,"survey_method":"県民調査","survey_year":1997,"source":"埼玉県環境科学国際センター「1997年版 埼玉県湿地湧水地台帳」（原典: 埼玉県環境生活部自然環境課, 1997年作成）","source_url":"https://atlas-eco-saitama-pref-saitama.hub.arcgis.com/apps/50e96c8bc0cf4bd29418301d7640b33d/explore","data_note":"1997年時点のスナップショットです。現況とは大きく異なる場合があります。categoryは名称文字列からこのスクリプトが独自に推定した分類で、出典データ本来の区分ではありません。"}},{"type":"Feature","geometry":{"type":"Point","coordinates":[139.275973052123,36.0970750317769]},"properties":{"id":"wetland1997_023","name":"宮田の沼","municipality":"寄居町","address":null,"category":"池・沼","wetland_no":382,"raw_type_code":0,"raw_naturalness_code":0,"status_note":null,"survey_method":"市町村報告","survey_year":1997,"source":"埼玉県環境科学国際センター「1997年版 埼玉県湿地湧水地台帳」（原典: 埼玉県環境生活部自然環境課, 1997年作成）","source_url":"https://atlas-eco-saitama-pref-saitama.hub.arcgis.com/apps/50e96c8bc0cf4bd29418301d7640b33d/explore","data_note":"1997年時点のスナップショットです。現況とは大きく異なる場合があります。categoryは名称文字列からこのスクリプトが独自に推定した分類で、出典データ本来の区分ではありません。"}},{"type":"Feature","geometry":{"type":"Point","coordinates":[139.32728423545,36.0176458927315]},"properties":{"id":"wetland1997_024","name":"前沼","municipality":"嵐山町","address":null,"category":"池・沼","wetland_no":541,"raw_type_code":0,"raw_naturalness_code":0,"status_note":null,"survey_method":"市町村報告","survey_year":1997,"source":"埼玉県環境科学国際センター「1997年版 埼玉県湿地湧水地台帳」（原典: 埼玉県環境生活部自然環境課, 1997年作成）","source_url":"https://atlas-eco-saitama-pref-saitama.hub.arcgis.com/apps/50e96c8bc0cf4bd29418301d7640b33d/explore","data_note":"1997年時点のスナップショットです。現況とは大きく異なる場合があります。categoryは名称文字列からこのスクリプトが独自に推定した分類で、出典データ本来の区分ではありません。"}},{"type":"Feature","geometry":{"type":"Point","coordinates":[139.331537356773,36.0990482730682]},"properties":{"id":"wetland1997_025","name":"釜場沼","municipality":"江南町","address":null,"category":"池・沼","wetland_no":303,"raw_type_code":0,"raw_naturalness_code":0,"status_note":null,"survey_method":"市町村報告","survey_year":1997,"source":"埼玉県環境科学国際センター「1997年版 埼玉県湿地湧水地台帳」（原典: 埼玉県環境生活部自然環境課, 1997年作成）","source_url":"https://atlas-eco-saitama-pref-saitama.hub.arcgis.com/apps/50e96c8bc0cf4bd29418301d7640b33d/explore","data_note":"1997年時点のスナップショットです。現況とは大きく異なる場合があります。categoryは名称文字列からこのスクリプトが独自に推定した分類で、出典データ本来の区分ではありません。"}},{"type":"Feature","geometry":{"type":"Point","coordinates":[139.637155620543,36.0313555082838]},"properties":{"id":"wetland1997_026","name":"西浦地区の北にある湿地","municipality":"蓮田市","address":null,"category":"湿地・湿原","wetland_no":652,"raw_type_code":0,"raw_naturalness_code":0,"status_note":null,"survey_method":"市町村報告","survey_year":1997,"source":"埼玉県環境科学国際センター「1997年版 埼玉県湿地湧水地台帳」（原典: 埼玉県環境生活部自然環境課, 1997年作成）","source_url":"https://atlas-eco-saitama-pref-saitama.hub.arcgis.com/apps/50e96c8bc0cf4bd29418301d7640b33d/explore","data_note":"1997年時点のスナップショットです。現況とは大きく異なる場合があります。categoryは名称文字列からこのスクリプトが独自に推定した分類で、出典データ本来の区分ではありません。"}},{"type":"Feature","geometry":{"type":"Point","coordinates":[139.197659971117,36.1314798326455]},"properties":{"id":"wetland1997_027","name":"南飯塚3号池","municipality":"寄居町","address":null,"category":"池・沼","wetland_no":287,"raw_type_code":0,"raw_naturalness_code":0,"status_note":null,"survey_method":"市町村報告","survey_year":1997,"source":"埼玉県環境科学国際センター「1997年版 埼玉県湿地湧水地台帳」（原典: 埼玉県環境生活部自然環境課, 1997年作成）","source_url":"https://atlas-eco-saitama-pref-saitama.hub.arcgis.com/apps/50e96c8bc0cf4bd29418301d7640b33d/explore","data_note":"1997年時点のスナップショットです。現況とは大きく異なる場合があります。categoryは名称文字列からこのスクリプトが独自に推定した分類で、出典データ本来の区分ではありません。"}},{"type":"Feature","geometry":{"type":"Point","coordinates":[139.459645808388,36.1335115615284]},"properties":{"id":"wetland1997_028","name":"あおいの池（水域公園）","municipality":"行田市","address":null,"category":"池・沼","wetland_no":405,"raw_type_code":0,"raw_naturalness_code":0,"status_note":null,"survey_method":"市町村報告","survey_year":1997,"source":"埼玉県環境科学国際センター「1997年版 埼玉県湿地湧水地台帳」（原典: 埼玉県環境生活部自然環境課, 1997年作成）","source_url":"https://atlas-eco-saitama-pref-saitama.hub.arcgis.com/apps/50e96c8bc0cf4bd29418301d7640b33d/explore","data_note":"1997年時点のスナップショットです。現況とは大きく異なる場合があります。categoryは名称文字列からこのスクリプトが独自に推定した分類で、出典データ本来の区分ではありません。"}},{"type":"Feature","geometry":{"type":"Point","coordinates":[139.388716071432,36.0084029520725]},"properties":{"id":"wetland1997_029","name":"深沢沼","municipality":"東松山市","address":null,"category":"池・沼","wetland_no":625,"raw_type_code":0,"raw_naturalness_code":0,"status_note":null,"survey_method":"市町村報告","survey_year":1997,"source":"埼玉県環境科学国際センター「1997年版 埼玉県湿地湧水地台帳」（原典: 埼玉県環境生活部自然環境課, 1997年作成）","source_url":"https://atlas-eco-saitama-pref-saitama.hub.arcgis.com/apps/50e96c8bc0cf4bd29418301d7640b33d/explore","data_note":"1997年時点のスナップショットです。現況とは大きく異なる場合があります。categoryは名称文字列からこのスクリプトが独自に推定した分類で、出典データ本来の区分ではありません。"}},{"type":"Feature","geometry":{"type":"Point","coordinates":[139.319221647366,36.0813979887018]},"properties":{"id":"wetland1997_030","name":"上沼","municipality":"嵐山町","address":null,"category":"池・沼","wetland_no":511,"raw_type_code":0,"raw_naturalness_code":0,"status_note":null,"survey_method":"市町村報告","survey_year":1997,"source":"埼玉県環境科学国際センター「1997年版 埼玉県湿地湧水地台帳」（原典: 埼玉県環境生活部自然環境課, 1997年作成）","source_url":"https://atlas-eco-saitama-pref-saitama.hub.arcgis.com/apps/50e96c8bc0cf4bd29418301d7640b33d/explore","data_note":"1997年時点のスナップショットです。現況とは大きく異なる場合があります。categoryは名称文字列からこのスクリプトが独自に推定した分類で、出典データ本来の区分ではありません。"}},{"type":"Feature","geometry":{"type":"Point","coordinates":[139.046828663137,35.9952967500422]},"properties":{"id":"wetland1997_031","name":"秩父ミューズパーク内長尾根ゴルフコース人工池","municipality":"小鹿野町","address":null,"category":"池・沼","wetland_no":684,"raw_type_code":0,"raw_naturalness_code":0,"status_note":null,"survey_method":"市町村報告","survey_year":1997,"source":"埼玉県環境科学国際センター「1997年版 埼玉県湿地湧水地台帳」（原典: 埼玉県環境生活部自然環境課, 1997年作成）","source_url":"https://atlas-eco-saitama-pref-saitama.hub.arcgis.com/apps/50e96c8bc0cf4bd29418301d7640b33d/explore","data_note":"1997年時点のスナップショットです。現況とは大きく異なる場合があります。categoryは名称文字列からこのスクリプトが独自に推定した分類で、出典データ本来の区分ではありません。"}},{"type":"Feature","geometry":{"type":"Point","coordinates":[139.636591451596,36.0313395101082]},"properties":{"id":"wetland1997_032","name":"西浦地区の北にある湿地","municipality":"蓮田市","address":null,"category":"湿地・湿原","wetland_no":651,"raw_type_code":0,"raw_naturalness_code":0,"status_note":null,"survey_method":"市町村報告","survey_year":1997,"source":"埼玉県環境科学国際センター「1997年版 埼玉県湿地湧水地台帳」（原典: 埼玉県環境生活部自然環境課, 1997年作成）","source_url":"https://atlas-eco-saitama-pref-saitama.hub.arcgis.com/apps/50e96c8bc0cf4bd29418301d7640b33d/explore","data_note":"1997年時点のスナップショットです。現況とは大きく異なる場合があります。categoryは名称文字列からこのスクリプトが独自に推定した分類で、出典データ本来の区分ではありません。"}},{"type":"Feature","geometry":{"type":"Point","coordinates":[139.308969056451,35.921993937383]},"properties":{"id":"wetland1997_033","name":"(名称未記載)","municipality":"","address":null,"category":"その他","wetland_no":765,"raw_type_code":0,"raw_naturalness_code":0,"status_note":null,"survey_method":null,"survey_year":1997,"source":"埼玉県環境科学国際センター「1997年版 埼玉県湿地湧水地台帳」（原典: 埼玉県環境生活部自然環境課, 1997年作成）","source_url":"https://atlas-eco-saitama-pref-saitama.hub.arcgis.com/apps/50e96c8bc0cf4bd29418301d7640b33d/explore","data_note":"1997年時点のスナップショットです。現況とは大きく異なる場合があります。categoryは名称文字列からこのスクリプトが独自に推定した分類で、出典データ本来の区分ではありません。"}},{"type":"Feature","geometry":{"type":"Point","coordinates":[139.291214295933,35.9272248776658]},"properties":{"id":"wetland1997_034","name":"(名称未記載)","municipality":"","address":null,"category":"その他","wetland_no":762,"raw_type_code":0,"raw_naturalness_code":0,"status_note":null,"survey_method":null,"survey_year":1997,"source":"埼玉県環境科学国際センター「1997年版 埼玉県湿地湧水地台帳」（原典: 埼玉県環境生活部自然環境課, 1997年作成）","source_url":"https://atlas-eco-saitama-pref-saitama.hub.arcgis.com/apps/50e96c8bc0cf4bd29418301d7640b33d/explore","data_note":"1997年時点のスナップショットです。現況とは大きく異なる場合があります。categoryは名称文字列からこのスクリプトが独自に推定した分類で、出典データ本来の区分ではありません。"}},{"type":"Feature","geometry":{"type":"Point","coordinates":[139.31301485559,36.0643995274339]},"properties":{"id":"wetland1997_035","name":"城沼","municipality":"嵐山町","address":null,"category":"池・沼","wetland_no":530,"raw_type_code":0,"raw_naturalness_code":0,"status_note":null,"survey_method":"市町村報告","survey_year":1997,"source":"埼玉県環境科学国際センター「1997年版 埼玉県湿地湧水地台帳」（原典: 埼玉県環境生活部自然環境課, 1997年作成）","source_url":"https://atlas-eco-saitama-pref-saitama.hub.arcgis.com/apps/50e96c8bc0cf4bd29418301d7640b33d/explore","data_note":"1997年時点のスナップショットです。現況とは大きく異なる場合があります。categoryは名称文字列からこのスクリプトが独自に推定した分類で、出典データ本来の区分ではありません。"}},{"type":"Feature","geometry":{"type":"Point","coordinates":[139.112904024672,35.9861355945944]},"properties":{"id":"wetland1997_036","name":"苅米五番地区内の湿地","municipality":"横瀬町","address":null,"category":"湿地・湿原","wetland_no":701,"raw_type_code":0,"raw_naturalness_code":0,"status_note":null,"survey_method":"航空写真","survey_year":1997,"source":"埼玉県環境科学国際センター「1997年版 埼玉県湿地湧水地台帳」（原典: 埼玉県環境生活部自然環境課, 1997年作成）","source_url":"https://atlas-eco-saitama-pref-saitama.hub.arcgis.com/apps/50e96c8bc0cf4bd29418301d7640b33d/explore","data_note":"1997年時点のスナップショットです。現況とは大きく異なる場合があります。categoryは名称文字列からこのスクリプトが独自に推定した分類で、出典データ本来の区分ではありません。"}},{"type":"Feature","geometry":{"type":"Point","coordinates":[139.266499522443,35.861530439623]},"properties":{"id":"wetland1997_037","name":"小岩井地区内の湿地","municipality":"飯能市","address":null,"category":"湿地・湿原","wetland_no":812,"raw_type_code":0,"raw_naturalness_code":0,"status_note":null,"survey_method":"航空写真","survey_year":1997,"source":"埼玉県環境科学国際センター「1997年版 埼玉県湿地湧水地台帳」（原典: 埼玉県環境生活部自然環境課, 1997年作成）","source_url":"https://atlas-eco-saitama-pref-saitama.hub.arcgis.com/apps/50e96c8bc0cf4bd29418301d7640b33d/explore","data_note":"1997年時点のスナップショットです。現況とは大きく異なる場合があります。categoryは名称文字列からこのスクリプトが独自に推定した分類で、出典データ本来の区分ではありません。"}},{"type":"Feature","geometry":{"type":"Point","coordinates":[139.28963861589,36.0667112172536]},"properties":{"id":"wetland1997_038","name":"谷地区の南にある湿地","municipality":"小川町","address":null,"category":"湿地・湿原","wetland_no":482,"raw_type_code":0,"raw_naturalness_code":0,"status_note":null,"survey_method":"市町村報告","survey_year":1997,"source":"埼玉県環境科学国際センター「1997年版 埼玉県湿地湧水地台帳」（原典: 埼玉県環境生活部自然環境課, 1997年作成）","source_url":"https://atlas-eco-saitama-pref-saitama.hub.arcgis.com/apps/50e96c8bc0cf4bd29418301d7640b33d/explore","data_note":"1997年時点のスナップショットです。現況とは大きく異なる場合があります。categoryは名称文字列からこのスクリプトが独自に推定した分類で、出典データ本来の区分ではありません。"}},{"type":"Feature","geometry":{"type":"Point","coordinates":[139.311685569056,36.0703493179332]},"properties":{"id":"wetland1997_039","name":"打越沼下","municipality":"嵐山町","address":null,"category":"池・沼","wetland_no":521,"raw_type_code":0,"raw_naturalness_code":0,"status_note":null,"survey_method":"市町村報告","survey_year":1997,"source":"埼玉県環境科学国際センター「1997年版 埼玉県湿地湧水地台帳」（原典: 埼玉県環境生活部自然環境課, 1997年作成）","source_url":"https://atlas-eco-saitama-pref-saitama.hub.arcgis.com/apps/50e96c8bc0cf4bd29418301d7640b33d/explore","data_note":"1997年時点のスナップショットです。現況とは大きく異なる場合があります。categoryは名称文字列からこのスクリプトが独自に推定した分類で、出典データ本来の区分ではありません。"}},{"type":"Feature","geometry":{"type":"Point","coordinates":[139.291393572714,36.0887758530963]},"properties":{"id":"wetland1997_040","name":"奈梨地区の湿地","municipality":"小川町","address":null,"category":"湿地・湿原","wetland_no":369,"raw_type_code":0,"raw_naturalness_code":0,"status_note":null,"survey_method":"市町村報告","survey_year":1997,"source":"埼玉県環境科学国際センター「1997年版 埼玉県湿地湧水地台帳」（原典: 埼玉県環境生活部自然環境課, 1997年作成）","source_url":"https://atlas-eco-saitama-pref-saitama.hub.arcgis.com/apps/50e96c8bc0cf4bd29418301d7640b33d/explore","data_note":"1997年時点のスナップショットです。現況とは大きく異なる場合があります。categoryは名称文字列からこのスクリプトが独自に推定した分類で、出典データ本来の区分ではありません。"}},{"type":"Feature","geometry":{"type":"Point","coordinates":[139.187000040035,36.1591290384878]},"properties":{"id":"wetland1997_041","name":"猪俣地区内の湿地","municipality":"美里町","address":null,"category":"湿地・湿原","wetland_no":277,"raw_type_code":0,"raw_naturalness_code":0,"status_note":null,"survey_method":"航空写真","survey_year":1997,"source":"埼玉県環境科学国際センター「1997年版 埼玉県湿地湧水地台帳」（原典: 埼玉県環境生活部自然環境課, 1997年作成）","source_url":"https://atlas-eco-saitama-pref-saitama.hub.arcgis.com/apps/50e96c8bc0cf4bd29418301d7640b33d/explore","data_note":"1997年時点のスナップショットです。現況とは大きく異なる場合があります。categoryは名称文字列からこのスクリプトが独自に推定した分類で、出典データ本来の区分ではありません。"}},{"type":"Feature","geometry":{"type":"Point","coordinates":[139.336411831999,36.0957757383018]},"properties":{"id":"wetland1997_042","name":"(名称未記載)","municipality":"","address":null,"category":"その他","wetland_no":308,"raw_type_code":0,"raw_naturalness_code":0,"status_note":null,"survey_method":null,"survey_year":1997,"source":"埼玉県環境科学国際センター「1997年版 埼玉県湿地湧水地台帳」（原典: 埼玉県環境生活部自然環境課, 1997年作成）","source_url":"https://atlas-eco-saitama-pref-saitama.hub.arcgis.com/apps/50e96c8bc0cf4bd29418301d7640b33d/explore","data_note":"1997年時点のスナップショットです。現況とは大きく異なる場合があります。categoryは名称文字列からこのスクリプトが独自に推定した分類で、出典データ本来の区分ではありません。"}},{"type":"Feature","geometry":{"type":"Point","coordinates":[139.18263631993,36.0997803147566]},"properties":{"id":"wetland1997_043","name":"東国寺池","municipality":"寄居町","address":"寄居町秋山","category":"池・沼","wetland_no":1106,"raw_type_code":0,"raw_naturalness_code":0,"status_note":null,"survey_method":"市町村報告","survey_year":1997,"source":"埼玉県環境科学国際センター「1997年版 埼玉県湿地湧水地台帳」（原典: 埼玉県環境生活部自然環境課, 1997年作成）","source_url":"https://atlas-eco-saitama-pref-saitama.hub.arcgis.com/apps/50e96c8bc0cf4bd29418301d7640b33d/explore","data_note":"1997年時点のスナップショットです。現況とは大きく異なる場合があります。categoryは名称文字列からこのスクリプトが独自に推定した分類で、出典データ本来の区分ではありません。"}},{"type":"Feature","geometry":{"type":"Point","coordinates":[139.163818797634,36.1664563250561]},"properties":{"id":"wetland1997_044","name":"万場地区内の湿地","municipality":"美里町","address":null,"category":"湿地・湿原","wetland_no":276,"raw_type_code":0,"raw_naturalness_code":0,"status_note":null,"survey_method":"航空写真","survey_year":1997,"source":"埼玉県環境科学国際センター「1997年版 埼玉県湿地湧水地台帳」（原典: 埼玉県環境生活部自然環境課, 1997年作成）","source_url":"https://atlas-eco-saitama-pref-saitama.hub.arcgis.com/apps/50e96c8bc0cf4bd29418301d7640b33d/explore","data_note":"1997年時点のスナップショットです。現況とは大きく異なる場合があります。categoryは名称文字列からこのスクリプトが独自に推定した分類で、出典データ本来の区分ではありません。"}},{"type":"Feature","geometry":{"type":"Point","coordinates":[139.071890127937,36.0301528275494]},"properties":{"id":"wetland1997_045","name":"上蒔田地区の北にある湿地","municipality":"秩父市","address":"秩父市上蒔田","category":"湿地・湿原","wetland_no":453,"raw_type_code":0,"raw_naturalness_code":0,"status_note":null,"survey_method":"航空写真","survey_year":1997,"source":"埼玉県環境科学国際センター「1997年版 埼玉県湿地湧水地台帳」（原典: 埼玉県環境生活部自然環境課, 1997年作成）","source_url":"https://atlas-eco-saitama-pref-saitama.hub.arcgis.com/apps/50e96c8bc0cf4bd29418301d7640b33d/explore","data_note":"1997年時点のスナップショットです。現況とは大きく異なる場合があります。categoryは名称文字列からこのスクリプトが独自に推定した分類で、出典データ本来の区分ではありません。"}},{"type":"Feature","geometry":{"type":"Point","coordinates":[139.326470304311,36.0025102116965]},"properties":{"id":"wetland1997_046","name":"須江地区にある湿地","municipality":"鳩山町","address":null,"category":"湿地・湿原","wetland_no":720,"raw_type_code":0,"raw_naturalness_code":0,"status_note":null,"survey_method":null,"survey_year":1997,"source":"埼玉県環境科学国際センター「1997年版 埼玉県湿地湧水地台帳」（原典: 埼玉県環境生活部自然環境課, 1997年作成）","source_url":"https://atlas-eco-saitama-pref-saitama.hub.arcgis.com/apps/50e96c8bc0cf4bd29418301d7640b33d/explore","data_note":"1997年時点のスナップショットです。現況とは大きく異なる場合があります。categoryは名称文字列からこのスクリプトが独自に推定した分類で、出典データ本来の区分ではありません。"}},{"type":"Feature","geometry":{"type":"Point","coordinates":[139.271984405599,35.9875705838357]},"properties":{"id":"wetland1997_047","name":"瀬戸地区の南にある湿地","municipality":"都幾川村","address":null,"category":"河川・水路","wetland_no":715,"raw_type_code":0,"raw_naturalness_code":0,"status_note":null,"survey_method":"航空写真","survey_year":1997,"source":"埼玉県環境科学国際センター「1997年版 埼玉県湿地湧水地台帳」（原典: 埼玉県環境生活部自然環境課, 1997年作成）","source_url":"https://atlas-eco-saitama-pref-saitama.hub.arcgis.com/apps/50e96c8bc0cf4bd29418301d7640b33d/explore","data_note":"1997年時点のスナップショットです。現況とは大きく異なる場合があります。categoryは名称文字列からこのスクリプトが独自に推定した分類で、出典データ本来の区分ではありません。"}},{"type":"Feature","geometry":{"type":"Point","coordinates":[139.320296867879,35.9674226005254]},"properties":{"id":"wetland1997_048","name":"武藏富士ゴルフ場内の湿地","municipality":"鳩山町","address":null,"category":"湿地・湿原","wetland_no":733,"raw_type_code":0,"raw_naturalness_code":0,"status_note":null,"survey_method":null,"survey_year":1997,"source":"埼玉県環境科学国際センター「1997年版 埼玉県湿地湧水地台帳」（原典: 埼玉県環境生活部自然環境課, 1997年作成）","source_url":"https://atlas-eco-saitama-pref-saitama.hub.arcgis.com/apps/50e96c8bc0cf4bd29418301d7640b33d/explore","data_note":"1997年時点のスナップショットです。現況とは大きく異なる場合があります。categoryは名称文字列からこのスクリプトが独自に推定した分類で、出典データ本来の区分ではありません。"}},{"type":"Feature","geometry":{"type":"Point","coordinates":[139.358337162259,36.0991949532694]},"properties":{"id":"wetland1997_049","name":"薬王子地区内の湿地","municipality":"滑川町","address":null,"category":"湿地・湿原","wetland_no":333,"raw_type_code":0,"raw_naturalness_code":0,"status_note":null,"survey_method":"市町村報告","survey_year":1997,"source":"埼玉県環境科学国際センター「1997年版 埼玉県湿地湧水地台帳」（原典: 埼玉県環境生活部自然環境課, 1997年作成）","source_url":"https://atlas-eco-saitama-pref-saitama.hub.arcgis.com/apps/50e96c8bc0cf4bd29418301d7640b33d/explore","data_note":"1997年時点のスナップショットです。現況とは大きく異なる場合があります。categoryは名称文字列からこのスクリプトが独自に推定した分類で、出典データ本来の区分ではありません。"}},{"type":"Feature","geometry":{"type":"Point","coordinates":[139.298217588837,36.1073525961432]},"properties":{"id":"wetland1997_050","name":"新林新沼","municipality":"嵐山町","address":null,"category":"池・沼","wetland_no":359,"raw_type_code":0,"raw_naturalness_code":0,"status_note":null,"survey_method":"市町村報告","survey_year":1997,"source":"埼玉県環境科学国際センター「1997年版 埼玉県湿地湧水地台帳」（原典: 埼玉県環境生活部自然環境課, 1997年作成）","source_url":"https://atlas-eco-saitama-pref-saitama.hub.arcgis.com/apps/50e96c8bc0cf4bd29418301d7640b33d/explore","data_note":"1997年時点のスナップショットです。現況とは大きく異なる場合があります。categoryは名称文字列からこのスクリプトが独自に推定した分類で、出典データ本来の区分ではありません。"}},{"type":"Feature","geometry":{"type":"Point","coordinates":[139.318343724737,36.0823197902618]},"properties":{"id":"wetland1997_051","name":"新沼","municipality":"嵐山町","address":null,"category":"池・沼","wetland_no":509,"raw_type_code":0,"raw_naturalness_code":0,"status_note":null,"survey_method":"市町村報告","survey_year":1997,"source":"埼玉県環境科学国際センター「1997年版 埼玉県湿地湧水地台帳」（原典: 埼玉県環境生活部自然環境課, 1997年作成）","source_url":"https://atlas-eco-saitama-pref-saitama.hub.arcgis.com/apps/50e96c8bc0cf4bd29418301d7640b33d/explore","data_note":"1997年時点のスナップショットです。現況とは大きく異なる場合があります。categoryは名称文字列からこのスクリプトが独自に推定した分類で、出典データ本来の区分ではありません。"}},{"type":"Feature","geometry":{"type":"Point","coordinates":[139.268303200294,36.0852322973481]},"properties":{"id":"wetland1997_052","name":"関下新沼","municipality":"小川町","address":null,"category":"池・沼","wetland_no":467,"raw_type_code":0,"raw_naturalness_code":0,"status_note":null,"survey_method":"市町村報告","survey_year":1997,"source":"埼玉県環境科学国際センター「1997年版 埼玉県湿地湧水地台帳」（原典: 埼玉県環境生活部自然環境課, 1997年作成）","source_url":"https://atlas-eco-saitama-pref-saitama.hub.arcgis.com/apps/50e96c8bc0cf4bd29418301d7640b33d/explore","data_note":"1997年時点のスナップショットです。現況とは大きく異なる場合があります。categoryは名称文字列からこのスクリプトが独自に推定した分類で、出典データ本来の区分ではありません。"}},{"type":"Feature","geometry":{"type":"Point","coordinates":[139.266538746481,35.8605957597422]},"properties":{"id":"wetland1997_053","name":"小岩井地区内の湿地","municipality":"飯能市","address":null,"category":"湿地・湿原","wetland_no":813,"raw_type_code":0,"raw_naturalness_code":0,"status_note":null,"survey_method":"航空写真","survey_year":1997,"source":"埼玉県環境科学国際センター「1997年版 埼玉県湿地湧水地台帳」（原典: 埼玉県環境生活部自然環境課, 1997年作成）","source_url":"https://atlas-eco-saitama-pref-saitama.hub.arcgis.com/apps/50e96c8bc0cf4bd29418301d7640b33d/explore","data_note":"1997年時点のスナップショットです。現況とは大きく異なる場合があります。categoryは名称文字列からこのスクリプトが独自に推定した分類で、出典データ本来の区分ではありません。"}},{"type":"Feature","geometry":{"type":"Point","coordinates":[139.332111511394,36.0855026640666]},"properties":{"id":"wetland1997_054","name":"和泉地区内の湿地","municipality":"滑川町","address":null,"category":"湿地・湿原","wetland_no":542,"raw_type_code":0,"raw_naturalness_code":0,"status_note":null,"survey_method":"市町村報告","survey_year":1997,"source":"埼玉県環境科学国際センター「1997年版 埼玉県湿地湧水地台帳」（原典: 埼玉県環境生活部自然環境課, 1997年作成）","source_url":"https://atlas-eco-saitama-pref-saitama.hub.arcgis.com/apps/50e96c8bc0cf4bd29418301d7640b33d/explore","data_note":"1997年時点のスナップショットです。現況とは大きく異なる場合があります。categoryは名称文字列からこのスクリプトが独自に推定した分類で、出典データ本来の区分ではありません。"}},{"type":"Feature","geometry":{"type":"Point","coordinates":[139.358197430215,36.0985178720863]},"properties":{"id":"wetland1997_055","name":"薬王子地区内の湿地","municipality":"滑川町","address":null,"category":"湿地・湿原","wetland_no":334,"raw_type_code":0,"raw_naturalness_code":0,"status_note":null,"survey_method":"市町村報告","survey_year":1997,"source":"埼玉県環境科学国際センター「1997年版 埼玉県湿地湧水地台帳」（原典: 埼玉県環境生活部自然環境課, 1997年作成）","source_url":"https://atlas-eco-saitama-pref-saitama.hub.arcgis.com/apps/50e96c8bc0cf4bd29418301d7640b33d/explore","data_note":"1997年時点のスナップショットです。現況とは大きく異なる場合があります。categoryは名称文字列からこのスクリプトが独自に推定した分類で、出典データ本来の区分ではありません。"}},{"type":"Feature","geometry":{"type":"Point","coordinates":[139.174318782782,36.10220377351]},"properties":{"id":"wetland1997_056","name":"久々戸後池","municipality":"寄居町","address":"寄居町上平","category":"池・沼","wetland_no":1104,"raw_type_code":0,"raw_naturalness_code":0,"status_note":null,"survey_method":"市町村報告","survey_year":1997,"source":"埼玉県環境科学国際センター「1997年版 埼玉県湿地湧水地台帳」（原典: 埼玉県環境生活部自然環境課, 1997年作成）","source_url":"https://atlas-eco-saitama-pref-saitama.hub.arcgis.com/apps/50e96c8bc0cf4bd29418301d7640b33d/explore","data_note":"1997年時点のスナップショットです。現況とは大きく異なる場合があります。categoryは名称文字列からこのスクリプトが独自に推定した分類で、出典データ本来の区分ではありません。"}},{"type":"Feature","geometry":{"type":"Point","coordinates":[139.365905475714,36.0847843873556]},"properties":{"id":"wetland1997_057","name":"川谷地区の湿地","municipality":"滑川町","address":null,"category":"河川・水路","wetland_no":548,"raw_type_code":0,"raw_naturalness_code":0,"status_note":null,"survey_method":"市町村報告","survey_year":1997,"source":"埼玉県環境科学国際センター「1997年版 埼玉県湿地湧水地台帳」（原典: 埼玉県環境生活部自然環境課, 1997年作成）","source_url":"https://atlas-eco-saitama-pref-saitama.hub.arcgis.com/apps/50e96c8bc0cf4bd29418301d7640b33d/explore","data_note":"1997年時点のスナップショットです。現況とは大きく異なる場合があります。categoryは名称文字列からこのスクリプトが独自に推定した分類で、出典データ本来の区分ではありません。"}},{"type":"Feature","geometry":{"type":"Point","coordinates":[139.377315251226,36.1000946166703]},"properties":{"id":"wetland1997_058","name":"武蔵丘陵森林公園内の湿地","municipality":"熊谷市","address":null,"category":"湿地・湿原","wetland_no":399,"raw_type_code":0,"raw_naturalness_code":0,"status_note":null,"survey_method":"航空写真","survey_year":1997,"source":"埼玉県環境科学国際センター「1997年版 埼玉県湿地湧水地台帳」（原典: 埼玉県環境生活部自然環境課, 1997年作成）","source_url":"https://atlas-eco-saitama-pref-saitama.hub.arcgis.com/apps/50e96c8bc0cf4bd29418301d7640b33d/explore","data_note":"1997年時点のスナップショットです。現況とは大きく異なる場合があります。categoryは名称文字列からこのスクリプトが独自に推定した分類で、出典データ本来の区分ではありません。"}},{"type":"Feature","geometry":{"type":"Point","coordinates":[139.323478480528,35.9995697901948]},"properties":{"id":"wetland1997_059","name":"須江地区の南にある湿地","municipality":"鳩山町","address":null,"category":"湿地・湿原","wetland_no":721,"raw_type_code":0,"raw_naturalness_code":0,"status_note":null,"survey_method":null,"survey_year":1997,"source":"埼玉県環境科学国際センター「1997年版 埼玉県湿地湧水地台帳」（原典: 埼玉県環境生活部自然環境課, 1997年作成）","source_url":"https://atlas-eco-saitama-pref-saitama.hub.arcgis.com/apps/50e96c8bc0cf4bd29418301d7640b33d/explore","data_note":"1997年時点のスナップショットです。現況とは大きく異なる場合があります。categoryは名称文字列からこのスクリプトが独自に推定した分類で、出典データ本来の区分ではありません。"}},{"type":"Feature","geometry":{"type":"Point","coordinates":[139.378459075179,35.9971372455778]},"properties":{"id":"wetland1997_060","name":"傾城池","municipality":"東松山市","address":null,"category":"池・沼","wetland_no":775,"raw_type_code":0,"raw_naturalness_code":0,"status_note":null,"survey_method":"市町村報告","survey_year":1997,"source":"埼玉県環境科学国際センター「1997年版 埼玉県湿地湧水地台帳」（原典: 埼玉県環境生活部自然環境課, 1997年作成）","source_url":"https://atlas-eco-saitama-pref-saitama.hub.arcgis.com/apps/50e96c8bc0cf4bd29418301d7640b33d/explore","data_note":"1997年時点のスナップショットです。現況とは大きく異なる場合があります。categoryは名称文字列からこのスクリプトが独自に推定した分類で、出典データ本来の区分ではありません。"}},{"type":"Feature","geometry":{"type":"Point","coordinates":[139.193410132238,36.1061385296283]},"properties":{"id":"wetland1997_061","name":"三角池","municipality":"寄居町","address":"寄居町立原","category":"池・沼","wetland_no":1107,"raw_type_code":0,"raw_naturalness_code":0,"status_note":null,"survey_method":"市町村報告","survey_year":1997,"source":"埼玉県環境科学国際センター「1997年版 埼玉県湿地湧水地台帳」（原典: 埼玉県環境生活部自然環境課, 1997年作成）","source_url":"https://atlas-eco-saitama-pref-saitama.hub.arcgis.com/apps/50e96c8bc0cf4bd29418301d7640b33d/explore","data_note":"1997年時点のスナップショットです。現況とは大きく異なる場合があります。categoryは名称文字列からこのスクリプトが独自に推定した分類で、出典データ本来の区分ではありません。"}},{"type":"Feature","geometry":{"type":"Point","coordinates":[139.254267831565,36.1022219187405]},"properties":{"id":"wetland1997_062","name":"牟礼地区の北にある湿地","municipality":"寄居町","address":null,"category":"湿地・湿原","wetland_no":381,"raw_type_code":0,"raw_naturalness_code":0,"status_note":null,"survey_method":"市町村報告","survey_year":1997,"source":"埼玉県環境科学国際センター「1997年版 埼玉県湿地湧水地台帳」（原典: 埼玉県環境生活部自然環境課, 1997年作成）","source_url":"https://atlas-eco-saitama-pref-saitama.hub.arcgis.com/apps/50e96c8bc0cf4bd29418301d7640b33d/explore","data_note":"1997年時点のスナップショットです。現況とは大きく異なる場合があります。categoryは名称文字列からこのスクリプトが独自に推定した分類で、出典データ本来の区分ではありません。"}},{"type":"Feature","geometry":{"type":"Point","coordinates":[139.375334807384,35.9292683270307]},"properties":{"id":"wetland1997_063","name":"おかねが井戸","municipality":"鶴ヶ島市","address":"鶴ヶ島市大字高倉","category":"湧水・井戸","wetland_no":1043,"raw_type_code":2,"raw_naturalness_code":4,"status_note":null,"survey_method":"県民調査","survey_year":1997,"source":"埼玉県環境科学国際センター「1997年版 埼玉県湿地湧水地台帳」（原典: 埼玉県環境生活部自然環境課, 1997年作成）","source_url":"https://atlas-eco-saitama-pref-saitama.hub.arcgis.com/apps/50e96c8bc0cf4bd29418301d7640b33d/explore","data_note":"1997年時点のスナップショットです。現況とは大きく異なる場合があります。categoryは名称文字列からこのスクリプトが独自に推定した分類で、出典データ本来の区分ではありません。"}},{"type":"Feature","geometry":{"type":"Point","coordinates":[139.200810177766,36.1015883254553]},"properties":{"id":"wetland1997_064","name":"木持地区の南にある湿地","municipality":"寄居町","address":"寄居町立原","category":"湿地・湿原","wetland_no":1108,"raw_type_code":0,"raw_naturalness_code":0,"status_note":null,"survey_method":"市町村報告","survey_year":1997,"source":"埼玉県環境科学国際センター「1997年版 埼玉県湿地湧水地台帳」（原典: 埼玉県環境生活部自然環境課, 1997年作成）","source_url":"https://atlas-eco-saitama-pref-saitama.hub.arcgis.com/apps/50e96c8bc0cf4bd29418301d7640b33d/explore","data_note":"1997年時点のスナップショットです。現況とは大きく異なる場合があります。categoryは名称文字列からこのスクリプトが独自に推定した分類で、出典データ本来の区分ではありません。"}},{"type":"Feature","geometry":{"type":"Point","coordinates":[139.276163930646,36.0673530820309]},"properties":{"id":"wetland1997_065","name":"中沼","municipality":"小川町","address":null,"category":"池・沼","wetland_no":480,"raw_type_code":0,"raw_naturalness_code":0,"status_note":null,"survey_method":"市町村報告","survey_year":1997,"source":"埼玉県環境科学国際センター「1997年版 埼玉県湿地湧水地台帳」（原典: 埼玉県環境生活部自然環境課, 1997年作成）","source_url":"https://atlas-eco-saitama-pref-saitama.hub.arcgis.com/apps/50e96c8bc0cf4bd29418301d7640b33d/explore","data_note":"1997年時点のスナップショットです。現況とは大きく異なる場合があります。categoryは名称文字列からこのスクリプトが独自に推定した分類で、出典データ本来の区分ではありません。"}},{"type":"Feature","geometry":{"type":"Point","coordinates":[139.049748773512,35.9953234059957]},"properties":{"id":"wetland1997_066","name":"田村地区の南にある湿地","municipality":"秩父市","address":null,"category":"湿地・湿原","wetland_no":692,"raw_type_code":0,"raw_naturalness_code":0,"status_note":null,"survey_method":"航空写真","survey_year":1997,"source":"埼玉県環境科学国際センター「1997年版 埼玉県湿地湧水地台帳」（原典: 埼玉県環境生活部自然環境課, 1997年作成）","source_url":"https://atlas-eco-saitama-pref-saitama.hub.arcgis.com/apps/50e96c8bc0cf4bd29418301d7640b33d/explore","data_note":"1997年時点のスナップショットです。現況とは大きく異なる場合があります。categoryは名称文字列からこのスクリプトが独自に推定した分類で、出典データ本来の区分ではありません。"}},{"type":"Feature","geometry":{"type":"Point","coordinates":[139.340357517493,35.9869708168167]},"properties":{"id":"wetland1997_067","name":"大橋地区の南にある湿地","municipality":"鳩山町","address":null,"category":"湿地・湿原","wetland_no":738,"raw_type_code":0,"raw_naturalness_code":0,"status_note":null,"survey_method":null,"survey_year":1997,"source":"埼玉県環境科学国際センター「1997年版 埼玉県湿地湧水地台帳」（原典: 埼玉県環境生活部自然環境課, 1997年作成）","source_url":"https://atlas-eco-saitama-pref-saitama.hub.arcgis.com/apps/50e96c8bc0cf4bd29418301d7640b33d/explore","data_note":"1997年時点のスナップショットです。現況とは大きく異なる場合があります。categoryは名称文字列からこのスクリプトが独自に推定した分類で、出典データ本来の区分ではありません。"}},{"type":"Feature","geometry":{"type":"Point","coordinates":[139.316671142527,36.0631556395031]},"properties":{"id":"wetland1997_068","name":"溝掘沼","municipality":"嵐山町","address":null,"category":"池・沼","wetland_no":531,"raw_type_code":0,"raw_naturalness_code":0,"status_note":null,"survey_method":"市町村報告","survey_year":1997,"source":"埼玉県環境科学国際センター「1997年版 埼玉県湿地湧水地台帳」（原典: 埼玉県環境生活部自然環境課, 1997年作成）","source_url":"https://atlas-eco-saitama-pref-saitama.hub.arcgis.com/apps/50e96c8bc0cf4bd29418301d7640b33d/explore","data_note":"1997年時点のスナップショットです。現況とは大きく異なる場合があります。categoryは名称文字列からこのスクリプトが独自に推定した分類で、出典データ本来の区分ではありません。"}},{"type":"Feature","geometry":{"type":"Point","coordinates":[139.287614826539,36.0651606684535]},"properties":{"id":"wetland1997_069","name":"小川ゴルフ場の南にある湿地","municipality":"小川町","address":null,"category":"河川・水路","wetland_no":484,"raw_type_code":0,"raw_naturalness_code":0,"status_note":null,"survey_method":"市町村報告","survey_year":1997,"source":"埼玉県環境科学国際センター「1997年版 埼玉県湿地湧水地台帳」（原典: 埼玉県環境生活部自然環境課, 1997年作成）","source_url":"https://atlas-eco-saitama-pref-saitama.hub.arcgis.com/apps/50e96c8bc0cf4bd29418301d7640b33d/explore","data_note":"1997年時点のスナップショットです。現況とは大きく異なる場合があります。categoryは名称文字列からこのスクリプトが独自に推定した分類で、出典データ本来の区分ではありません。"}},{"type":"Feature","geometry":{"type":"Point","coordinates":[139.055674539928,35.9981781733335]},"properties":{"id":"wetland1997_070","name":"田村地区の南にある湿地","municipality":"秩父市","address":null,"category":"湿地・湿原","wetland_no":693,"raw_type_code":0,"raw_naturalness_code":0,"status_note":null,"survey_method":"航空写真","survey_year":1997,"source":"埼玉県環境科学国際センター「1997年版 埼玉県湿地湧水地台帳」（原典: 埼玉県環境生活部自然環境課, 1997年作成）","source_url":"https://atlas-eco-saitama-pref-saitama.hub.arcgis.com/apps/50e96c8bc0cf4bd29418301d7640b33d/explore","data_note":"1997年時点のスナップショットです。現況とは大きく異なる場合があります。categoryは名称文字列からこのスクリプトが独自に推定した分類で、出典データ本来の区分ではありません。"}},{"type":"Feature","geometry":{"type":"Point","coordinates":[139.345326029261,36.1002464112756]},"properties":{"id":"wetland1997_071","name":"高根ゴルフ場内の湿地","municipality":"滑川町","address":null,"category":"湿地・湿原","wetland_no":325,"raw_type_code":0,"raw_naturalness_code":0,"status_note":null,"survey_method":"市町村報告","survey_year":1997,"source":"埼玉県環境科学国際センター「1997年版 埼玉県湿地湧水地台帳」（原典: 埼玉県環境生活部自然環境課, 1997年作成）","source_url":"https://atlas-eco-saitama-pref-saitama.hub.arcgis.com/apps/50e96c8bc0cf4bd29418301d7640b33d/explore","data_note":"1997年時点のスナップショットです。現況とは大きく異なる場合があります。categoryは名称文字列からこのスクリプトが独自に推定した分類で、出典データ本来の区分ではありません。"}},{"type":"Feature","geometry":{"type":"Point","coordinates":[139.288001704881,36.0657327908675]},"properties":{"id":"wetland1997_072","name":"入山沼","municipality":"小川町","address":null,"category":"池・沼","wetland_no":483,"raw_type_code":0,"raw_naturalness_code":0,"status_note":null,"survey_method":"市町村報告","survey_year":1997,"source":"埼玉県環境科学国際センター「1997年版 埼玉県湿地湧水地台帳」（原典: 埼玉県環境生活部自然環境課, 1997年作成）","source_url":"https://atlas-eco-saitama-pref-saitama.hub.arcgis.com/apps/50e96c8bc0cf4bd29418301d7640b33d/explore","data_note":"1997年時点のスナップショットです。現況とは大きく異なる場合があります。categoryは名称文字列からこのスクリプトが独自に推定した分類で、出典データ本来の区分ではありません。"}},{"type":"Feature","geometry":{"type":"Point","coordinates":[139.379490293514,36.0891928310012]},"properties":{"id":"wetland1997_073","name":"上山田地区の南にある湿地","municipality":"滑川町","address":null,"category":"湿地・湿原","wetland_no":391,"raw_type_code":0,"raw_naturalness_code":0,"status_note":null,"survey_method":"市町村報告","survey_year":1997,"source":"埼玉県環境科学国際センター「1997年版 埼玉県湿地湧水地台帳」（原典: 埼玉県環境生活部自然環境課, 1997年作成）","source_url":"https://atlas-eco-saitama-pref-saitama.hub.arcgis.com/apps/50e96c8bc0cf4bd29418301d7640b33d/explore","data_note":"1997年時点のスナップショットです。現況とは大きく異なる場合があります。categoryは名称文字列からこのスクリプトが独自に推定した分類で、出典データ本来の区分ではありません。"}},{"type":"Feature","geometry":{"type":"Point","coordinates":[139.350214333152,36.0975836016149]},"properties":{"id":"wetland1997_074","name":"高根ゴルフ場内の東側にある湿地","municipality":"滑川町","address":null,"category":"湿地・湿原","wetland_no":328,"raw_type_code":0,"raw_naturalness_code":0,"status_note":null,"survey_method":"市町村報告","survey_year":1997,"source":"埼玉県環境科学国際センター「1997年版 埼玉県湿地湧水地台帳」（原典: 埼玉県環境生活部自然環境課, 1997年作成）","source_url":"https://atlas-eco-saitama-pref-saitama.hub.arcgis.com/apps/50e96c8bc0cf4bd29418301d7640b33d/explore","data_note":"1997年時点のスナップショットです。現況とは大きく異なる場合があります。categoryは名称文字列からこのスクリプトが独自に推定した分類で、出典データ本来の区分ではありません。"}},{"type":"Feature","geometry":{"type":"Point","coordinates":[139.32867457149,36.1031303078971]},"properties":{"id":"wetland1997_075","name":"内神沼","municipality":"江南町","address":null,"category":"池・沼","wetland_no":304,"raw_type_code":0,"raw_naturalness_code":0,"status_note":null,"survey_method":"市町村報告","survey_year":1997,"source":"埼玉県環境科学国際センター「1997年版 埼玉県湿地湧水地台帳」（原典: 埼玉県環境生活部自然環境課, 1997年作成）","source_url":"https://atlas-eco-saitama-pref-saitama.hub.arcgis.com/apps/50e96c8bc0cf4bd29418301d7640b33d/explore","data_note":"1997年時点のスナップショットです。現況とは大きく異なる場合があります。categoryは名称文字列からこのスクリプトが独自に推定した分類で、出典データ本来の区分ではありません。"}},{"type":"Feature","geometry":{"type":"Point","coordinates":[139.458400611351,35.7849585437408]},"properties":{"id":"wetland1997_076","name":"弁財天池","municipality":"所沢市","address":"所沢市久米","category":"池・沼","wetland_no":1127,"raw_type_code":4,"raw_naturalness_code":1,"status_note":null,"survey_method":"県民調査","survey_year":1997,"source":"埼玉県環境科学国際センター「1997年版 埼玉県湿地湧水地台帳」（原典: 埼玉県環境生活部自然環境課, 1997年作成）","source_url":"https://atlas-eco-saitama-pref-saitama.hub.arcgis.com/apps/50e96c8bc0cf4bd29418301d7640b33d/explore","data_note":"1997年時点のスナップショットです。現況とは大きく異なる場合があります。categoryは名称文字列からこのスクリプトが独自に推定した分類で、出典データ本来の区分ではありません。"}},{"type":"Feature","geometry":{"type":"Point","coordinates":[139.113720098293,36.1009495722807]},"properties":{"id":"wetland1997_077","name":"小沼","municipality":"長瀞町","address":"長瀞町大字井戸上郷","category":"池・沼","wetland_no":1076,"raw_type_code":4,"raw_naturalness_code":5,"status_note":null,"survey_method":"県民調査","survey_year":1997,"source":"埼玉県環境科学国際センター「1997年版 埼玉県湿地湧水地台帳」（原典: 埼玉県環境生活部自然環境課, 1997年作成）","source_url":"https://atlas-eco-saitama-pref-saitama.hub.arcgis.com/apps/50e96c8bc0cf4bd29418301d7640b33d/explore","data_note":"1997年時点のスナップショットです。現況とは大きく異なる場合があります。categoryは名称文字列からこのスクリプトが独自に推定した分類で、出典データ本来の区分ではありません。"}},{"type":"Feature","geometry":{"type":"Point","coordinates":[139.275721203145,35.8596943265862]},"properties":{"id":"wetland1997_078","name":"小岩井地区の東にある湿地","municipality":"飯能市","address":null,"category":"湿地・湿原","wetland_no":818,"raw_type_code":0,"raw_naturalness_code":0,"status_note":null,"survey_method":"航空写真","survey_year":1997,"source":"埼玉県環境科学国際センター「1997年版 埼玉県湿地湧水地台帳」（原典: 埼玉県環境生活部自然環境課, 1997年作成）","source_url":"https://atlas-eco-saitama-pref-saitama.hub.arcgis.com/apps/50e96c8bc0cf4bd29418301d7640b33d/explore","data_note":"1997年時点のスナップショットです。現況とは大きく異なる場合があります。categoryは名称文字列からこのスクリプトが独自に推定した分類で、出典データ本来の区分ではありません。"}},{"type":"Feature","geometry":{"type":"Point","coordinates":[139.305526001715,36.0910543288061]},"properties":{"id":"wetland1997_079","name":"姥谷沼","municipality":"嵐山町","address":null,"category":"池・沼","wetland_no":351,"raw_type_code":0,"raw_naturalness_code":0,"status_note":null,"survey_method":"市町村報告","survey_year":1997,"source":"埼玉県環境科学国際センター「1997年版 埼玉県湿地湧水地台帳」（原典: 埼玉県環境生活部自然環境課, 1997年作成）","source_url":"https://atlas-eco-saitama-pref-saitama.hub.arcgis.com/apps/50e96c8bc0cf4bd29418301d7640b33d/explore","data_note":"1997年時点のスナップショットです。現況とは大きく異なる場合があります。categoryは名称文字列からこのスクリプトが独自に推定した分類で、出典データ本来の区分ではありません。"}},{"type":"Feature","geometry":{"type":"Point","coordinates":[139.208446800013,36.1018935699852]},"properties":{"id":"wetland1997_080","name":"平地池","municipality":"寄居町","address":"寄居町立原","category":"池・沼","wetland_no":1110,"raw_type_code":0,"raw_naturalness_code":0,"status_note":null,"survey_method":"市町村報告","survey_year":1997,"source":"埼玉県環境科学国際センター「1997年版 埼玉県湿地湧水地台帳」（原典: 埼玉県環境生活部自然環境課, 1997年作成）","source_url":"https://atlas-eco-saitama-pref-saitama.hub.arcgis.com/apps/50e96c8bc0cf4bd29418301d7640b33d/explore","data_note":"1997年時点のスナップショットです。現況とは大きく異なる場合があります。categoryは名称文字列からこのスクリプトが独自に推定した分類で、出典データ本来の区分ではありません。"}},{"type":"Feature","geometry":{"type":"Point","coordinates":[139.07423793961,36.0348013227641]},"properties":{"id":"wetland1997_081","name":"蒔田地区の湿地","municipality":"秩父市","address":"秩父市蒔田","category":"湿地・湿原","wetland_no":452,"raw_type_code":0,"raw_naturalness_code":0,"status_note":null,"survey_method":"航空写真","survey_year":1997,"source":"埼玉県環境科学国際センター「1997年版 埼玉県湿地湧水地台帳」（原典: 埼玉県環境生活部自然環境課, 1997年作成）","source_url":"https://atlas-eco-saitama-pref-saitama.hub.arcgis.com/apps/50e96c8bc0cf4bd29418301d7640b33d/explore","data_note":"1997年時点のスナップショットです。現況とは大きく異なる場合があります。categoryは名称文字列からこのスクリプトが独自に推定した分類で、出典データ本来の区分ではありません。"}},{"type":"Feature","geometry":{"type":"Point","coordinates":[139.304197894669,35.9265947265766]},"properties":{"id":"wetland1997_082","name":"(名称未記載)","municipality":"","address":null,"category":"その他","wetland_no":764,"raw_type_code":0,"raw_naturalness_code":0,"status_note":null,"survey_method":null,"survey_year":1997,"source":"埼玉県環境科学国際センター「1997年版 埼玉県湿地湧水地台帳」（原典: 埼玉県環境生活部自然環境課, 1997年作成）","source_url":"https://atlas-eco-saitama-pref-saitama.hub.arcgis.com/apps/50e96c8bc0cf4bd29418301d7640b33d/explore","data_note":"1997年時点のスナップショットです。現況とは大きく異なる場合があります。categoryは名称文字列からこのスクリプトが独自に推定した分類で、出典データ本来の区分ではありません。"}},{"type":"Feature","geometry":{"type":"Point","coordinates":[139.113476754564,36.1014795257131]},"properties":{"id":"wetland1997_083","name":"大沼","municipality":"長瀞町","address":"長瀞町大字井戸中郷","category":"池・沼","wetland_no":1075,"raw_type_code":4,"raw_naturalness_code":4,"status_note":null,"survey_method":"県民調査","survey_year":1997,"source":"埼玉県環境科学国際センター「1997年版 埼玉県湿地湧水地台帳」（原典: 埼玉県環境生活部自然環境課, 1997年作成）","source_url":"https://atlas-eco-saitama-pref-saitama.hub.arcgis.com/apps/50e96c8bc0cf4bd29418301d7640b33d/explore","data_note":"1997年時点のスナップショットです。現況とは大きく異なる場合があります。categoryは名称文字列からこのスクリプトが独自に推定した分類で、出典データ本来の区分ではありません。"}},{"type":"Feature","geometry":{"type":"Point","coordinates":[139.433856606698,36.1491853705953]},"properties":{"id":"wetland1997_084","name":"第3場水機場（元荒川土地改良区）","municipality":"行田市","address":null,"category":"河川・水路","wetland_no":402,"raw_type_code":0,"raw_naturalness_code":0,"status_note":null,"survey_method":"市町村報告","survey_year":1997,"source":"埼玉県環境科学国際センター「1997年版 埼玉県湿地湧水地台帳」（原典: 埼玉県環境生活部自然環境課, 1997年作成）","source_url":"https://atlas-eco-saitama-pref-saitama.hub.arcgis.com/apps/50e96c8bc0cf4bd29418301d7640b33d/explore","data_note":"1997年時点のスナップショットです。現況とは大きく異なる場合があります。categoryは名称文字列からこのスクリプトが独自に推定した分類で、出典データ本来の区分ではありません。"}},{"type":"Feature","geometry":{"type":"Point","coordinates":[139.720565616707,35.9502101155798]},"properties":{"id":"wetland1997_085","name":"オッポリ沼","municipality":"岩槻市","address":null,"category":"池・沼","wetland_no":791,"raw_type_code":0,"raw_naturalness_code":0,"status_note":null,"survey_method":"市町村報告","survey_year":1997,"source":"埼玉県環境科学国際センター「1997年版 埼玉県湿地湧水地台帳」（原典: 埼玉県環境生活部自然環境課, 1997年作成）","source_url":"https://atlas-eco-saitama-pref-saitama.hub.arcgis.com/apps/50e96c8bc0cf4bd29418301d7640b33d/explore","data_note":"1997年時点のスナップショットです。現況とは大きく異なる場合があります。categoryは名称文字列からこのスクリプトが独自に推定した分類で、出典データ本来の区分ではありません。"}},{"type":"Feature","geometry":{"type":"Point","coordinates":[139.395743987158,36.0174213318789]},"properties":{"id":"wetland1997_086","name":"上押垂地内の湿地","municipality":"東松山市","address":"上押垂227-3","category":"湿地・湿原","wetland_no":627,"raw_type_code":0,"raw_naturalness_code":0,"status_note":null,"survey_method":"市町村報告","survey_year":1997,"source":"埼玉県環境科学国際センター「1997年版 埼玉県湿地湧水地台帳」（原典: 埼玉県環境生活部自然環境課, 1997年作成）","source_url":"https://atlas-eco-saitama-pref-saitama.hub.arcgis.com/apps/50e96c8bc0cf4bd29418301d7640b33d/explore","data_note":"1997年時点のスナップショットです。現況とは大きく異なる場合があります。categoryは名称文字列からこのスクリプトが独自に推定した分類で、出典データ本来の区分ではありません。"}},{"type":"Feature","geometry":{"type":"Point","coordinates":[139.273817470937,36.0880880594683]},"properties":{"id":"wetland1997_087","name":"新田沼","municipality":"小川町","address":null,"category":"池・沼","wetland_no":366,"raw_type_code":0,"raw_naturalness_code":0,"status_note":null,"survey_method":"市町村報告","survey_year":1997,"source":"埼玉県環境科学国際センター「1997年版 埼玉県湿地湧水地台帳」（原典: 埼玉県環境生活部自然環境課, 1997年作成）","source_url":"https://atlas-eco-saitama-pref-saitama.hub.arcgis.com/apps/50e96c8bc0cf4bd29418301d7640b33d/explore","data_note":"1997年時点のスナップショットです。現況とは大きく異なる場合があります。categoryは名称文字列からこのスクリプトが独自に推定した分類で、出典データ本来の区分ではありません。"}},{"type":"Feature","geometry":{"type":"Point","coordinates":[139.282213624147,36.0981328831027]},"properties":{"id":"wetland1997_088","name":"表の沼","municipality":"寄居町","address":null,"category":"池・沼","wetland_no":384,"raw_type_code":0,"raw_naturalness_code":0,"status_note":null,"survey_method":"市町村報告","survey_year":1997,"source":"埼玉県環境科学国際センター「1997年版 埼玉県湿地湧水地台帳」（原典: 埼玉県環境生活部自然環境課, 1997年作成）","source_url":"https://atlas-eco-saitama-pref-saitama.hub.arcgis.com/apps/50e96c8bc0cf4bd29418301d7640b33d/explore","data_note":"1997年時点のスナップショットです。現況とは大きく異なる場合があります。categoryは名称文字列からこのスクリプトが独自に推定した分類で、出典データ本来の区分ではありません。"}},{"type":"Feature","geometry":{"type":"Point","coordinates":[139.220427191681,36.0881680441882]},"properties":{"id":"wetland1997_089","name":"木呂子地区内の北にある湿地","municipality":"小川町","address":null,"category":"湿地・湿原","wetland_no":280,"raw_type_code":0,"raw_naturalness_code":0,"status_note":null,"survey_method":"市町村報告","survey_year":1997,"source":"埼玉県環境科学国際センター「1997年版 埼玉県湿地湧水地台帳」（原典: 埼玉県環境生活部自然環境課, 1997年作成）","source_url":"https://atlas-eco-saitama-pref-saitama.hub.arcgis.com/apps/50e96c8bc0cf4bd29418301d7640b33d/explore","data_note":"1997年時点のスナップショットです。現況とは大きく異なる場合があります。categoryは名称文字列からこのスクリプトが独自に推定した分類で、出典データ本来の区分ではありません。"}},{"type":"Feature","geometry":{"type":"Point","coordinates":[139.319711556183,36.0677967200325]},"properties":{"id":"wetland1997_090","name":"寺沼","municipality":"嵐山町","address":null,"category":"池・沼","wetland_no":527,"raw_type_code":0,"raw_naturalness_code":0,"status_note":null,"survey_method":"市町村報告","survey_year":1997,"source":"埼玉県環境科学国際センター「1997年版 埼玉県湿地湧水地台帳」（原典: 埼玉県環境生活部自然環境課, 1997年作成）","source_url":"https://atlas-eco-saitama-pref-saitama.hub.arcgis.com/apps/50e96c8bc0cf4bd29418301d7640b33d/explore","data_note":"1997年時点のスナップショットです。現況とは大きく異なる場合があります。categoryは名称文字列からこのスクリプトが独自に推定した分類で、出典データ本来の区分ではありません。"}},{"type":"Feature","geometry":{"type":"Point","coordinates":[139.374768371987,36.0894649103524]},"properties":{"id":"wetland1997_091","name":"上山田地区の湿地","municipality":"滑川町","address":null,"category":"湿地・湿原","wetland_no":388,"raw_type_code":0,"raw_naturalness_code":0,"status_note":null,"survey_method":"市町村報告","survey_year":1997,"source":"埼玉県環境科学国際センター「1997年版 埼玉県湿地湧水地台帳」（原典: 埼玉県環境生活部自然環境課, 1997年作成）","source_url":"https://atlas-eco-saitama-pref-saitama.hub.arcgis.com/apps/50e96c8bc0cf4bd29418301d7640b33d/explore","data_note":"1997年時点のスナップショットです。現況とは大きく異なる場合があります。categoryは名称文字列からこのスクリプトが独自に推定した分類で、出典データ本来の区分ではありません。"}},{"type":"Feature","geometry":{"type":"Point","coordinates":[139.38975544647,36.095874954326]},"properties":{"id":"wetland1997_092","name":"赤熊谷沼","municipality":"東松山市","address":null,"category":"池・沼","wetland_no":394,"raw_type_code":0,"raw_naturalness_code":0,"status_note":null,"survey_method":"市町村報告","survey_year":1997,"source":"埼玉県環境科学国際センター「1997年版 埼玉県湿地湧水地台帳」（原典: 埼玉県環境生活部自然環境課, 1997年作成）","source_url":"https://atlas-eco-saitama-pref-saitama.hub.arcgis.com/apps/50e96c8bc0cf4bd29418301d7640b33d/explore","data_note":"1997年時点のスナップショットです。現況とは大きく異なる場合があります。categoryは名称文字列からこのスクリプトが独自に推定した分類で、出典データ本来の区分ではありません。"}},{"type":"Feature","geometry":{"type":"Point","coordinates":[139.205913676676,36.0988988990016]},"properties":{"id":"wetland1997_093","name":"入田沼","municipality":"寄居町","address":"寄居町立原","category":"池・沼","wetland_no":1109,"raw_type_code":0,"raw_naturalness_code":0,"status_note":null,"survey_method":"市町村報告","survey_year":1997,"source":"埼玉県環境科学国際センター「1997年版 埼玉県湿地湧水地台帳」（原典: 埼玉県環境生活部自然環境課, 1997年作成）","source_url":"https://atlas-eco-saitama-pref-saitama.hub.arcgis.com/apps/50e96c8bc0cf4bd29418301d7640b33d/explore","data_note":"1997年時点のスナップショットです。現況とは大きく異なる場合があります。categoryは名称文字列からこのスクリプトが独自に推定した分類で、出典データ本来の区分ではありません。"}},{"type":"Feature","geometry":{"type":"Point","coordinates":[139.046038430453,35.9918497335965]},"properties":{"id":"wetland1997_094","name":"秩父ミューズパーク内長尾根ゴルフコース人工池","municipality":"小鹿野町","address":null,"category":"池・沼","wetland_no":686,"raw_type_code":0,"raw_naturalness_code":0,"status_note":null,"survey_method":"市町村報告","survey_year":1997,"source":"埼玉県環境科学国際センター「1997年版 埼玉県湿地湧水地台帳」（原典: 埼玉県環境生活部自然環境課, 1997年作成）","source_url":"https://atlas-eco-saitama-pref-saitama.hub.arcgis.com/apps/50e96c8bc0cf4bd29418301d7640b33d/explore","data_note":"1997年時点のスナップショットです。現況とは大きく異なる場合があります。categoryは名称文字列からこのスクリプトが独自に推定した分類で、出典データ本来の区分ではありません。"}},{"type":"Feature","geometry":{"type":"Point","coordinates":[139.272343283453,35.9802900010995]},"properties":{"id":"wetland1997_095","name":"奥武藏ゴルフ場内の湿地","municipality":"越生町","address":null,"category":"湿地・湿原","wetland_no":748,"raw_type_code":0,"raw_naturalness_code":0,"status_note":null,"survey_method":"市町村報告","survey_year":1997,"source":"埼玉県環境科学国際センター「1997年版 埼玉県湿地湧水地台帳」（原典: 埼玉県環境生活部自然環境課, 1997年作成）","source_url":"https://atlas-eco-saitama-pref-saitama.hub.arcgis.com/apps/50e96c8bc0cf4bd29418301d7640b33d/explore","data_note":"1997年時点のスナップショットです。現況とは大きく異なる場合があります。categoryは名称文字列からこのスクリプトが独自に推定した分類で、出典データ本来の区分ではありません。"}},{"type":"Feature","geometry":{"type":"Point","coordinates":[139.373913234227,35.9880502585357]},"properties":{"id":"wetland1997_096","name":"児沢地区の南にある湿地","municipality":"鳩山町","address":null,"category":"湿地・湿原","wetland_no":782,"raw_type_code":0,"raw_naturalness_code":0,"status_note":null,"survey_method":null,"survey_year":1997,"source":"埼玉県環境科学国際センター「1997年版 埼玉県湿地湧水地台帳」（原典: 埼玉県環境生活部自然環境課, 1997年作成）","source_url":"https://atlas-eco-saitama-pref-saitama.hub.arcgis.com/apps/50e96c8bc0cf4bd29418301d7640b33d/explore","data_note":"1997年時点のスナップショットです。現況とは大きく異なる場合があります。categoryは名称文字列からこのスクリプトが独自に推定した分類で、出典データ本来の区分ではありません。"}},{"type":"Feature","geometry":{"type":"Point","coordinates":[139.11538443397,36.0918828524177]},"properties":{"id":"wetland1997_097","name":"四十八沼（いろは沼）","municipality":"長瀞町","address":"長瀞906","category":"池・沼","wetland_no":241,"raw_type_code":4,"raw_naturalness_code":4,"status_note":null,"survey_method":"代表湿地","survey_year":1997,"source":"埼玉県環境科学国際センター「1997年版 埼玉県湿地湧水地台帳」（原典: 埼玉県環境生活部自然環境課, 1997年作成）","source_url":"https://atlas-eco-saitama-pref-saitama.hub.arcgis.com/apps/50e96c8bc0cf4bd29418301d7640b33d/explore","data_note":"1997年時点のスナップショットです。現況とは大きく異なる場合があります。categoryは名称文字列からこのスクリプトが独自に推定した分類で、出典データ本来の区分ではありません。"}},{"type":"Feature","geometry":{"type":"Point","coordinates":[139.043210131494,35.9881181423703]},"properties":{"id":"wetland1997_098","name":"秩父ミューズパーク内長尾根ゴルフコース人工池","municipality":"小鹿野町","address":null,"category":"池・沼","wetland_no":689,"raw_type_code":0,"raw_naturalness_code":0,"status_note":null,"survey_method":"市町村報告","survey_year":1997,"source":"埼玉県環境科学国際センター「1997年版 埼玉県湿地湧水地台帳」（原典: 埼玉県環境生活部自然環境課, 1997年作成）","source_url":"https://atlas-eco-saitama-pref-saitama.hub.arcgis.com/apps/50e96c8bc0cf4bd29418301d7640b33d/explore","data_note":"1997年時点のスナップショットです。現況とは大きく異なる場合があります。categoryは名称文字列からこのスクリプトが独自に推定した分類で、出典データ本来の区分ではありません。"}},{"type":"Feature","geometry":{"type":"Point","coordinates":[139.297769200153,35.9317101607052]},"properties":{"id":"wetland1997_099","name":"(名称未記載)","municipality":"","address":null,"category":"その他","wetland_no":759,"raw_type_code":0,"raw_naturalness_code":0,"status_note":null,"survey_method":null,"survey_year":1997,"source":"埼玉県環境科学国際センター「1997年版 埼玉県湿地湧水地台帳」（原典: 埼玉県環境生活部自然環境課, 1997年作成）","source_url":"https://atlas-eco-saitama-pref-saitama.hub.arcgis.com/apps/50e96c8bc0cf4bd29418301d7640b33d/explore","data_note":"1997年時点のスナップショットです。現況とは大きく異なる場合があります。categoryは名称文字列からこのスクリプトが独自に推定した分類で、出典データ本来の区分ではありません。"}},{"type":"Feature","geometry":{"type":"Point","coordinates":[139.343526893291,36.0567324985115]},"properties":{"id":"wetland1997_100","name":"下組地区内の湿地","municipality":"滑川町","address":null,"category":"湿地・湿原","wetland_no":588,"raw_type_code":0,"raw_naturalness_code":0,"status_note":null,"survey_method":"市町村報告","survey_year":1997,"source":"埼玉県環境科学国際センター「1997年版 埼玉県湿地湧水地台帳」（原典: 埼玉県環境生活部自然環境課, 1997年作成）","source_url":"https://atlas-eco-saitama-pref-saitama.hub.arcgis.com/apps/50e96c8bc0cf4bd29418301d7640b33d/explore","data_note":"1997年時点のスナップショットです。現況とは大きく異なる場合があります。categoryは名称文字列からこのスクリプトが独自に推定した分類で、出典データ本来の区分ではありません。"}},{"type":"Feature","geometry":{"type":"Point","coordinates":[139.225454268216,36.0971689996749]},"properties":{"id":"wetland1997_101","name":"天神田入池","municipality":"寄居町","address":"寄居町三ヶ山","category":"池・沼","wetland_no":1113,"raw_type_code":0,"raw_naturalness_code":0,"status_note":null,"survey_method":"市町村報告","survey_year":1997,"source":"埼玉県環境科学国際センター「1997年版 埼玉県湿地湧水地台帳」（原典: 埼玉県環境生活部自然環境課, 1997年作成）","source_url":"https://atlas-eco-saitama-pref-saitama.hub.arcgis.com/apps/50e96c8bc0cf4bd29418301d7640b33d/explore","data_note":"1997年時点のスナップショットです。現況とは大きく異なる場合があります。categoryは名称文字列からこのスクリプトが独自に推定した分類で、出典データ本来の区分ではありません。"}},{"type":"Feature","geometry":{"type":"Point","coordinates":[139.366794054159,36.0549444265049]},"properties":{"id":"wetland1997_102","name":"山屋敷地区内の湿地","municipality":"滑川町","address":null,"category":"湿地・湿原","wetland_no":581,"raw_type_code":0,"raw_naturalness_code":0,"status_note":null,"survey_method":"市町村報告","survey_year":1997,"source":"埼玉県環境科学国際センター「1997年版 埼玉県湿地湧水地台帳」（原典: 埼玉県環境生活部自然環境課, 1997年作成）","source_url":"https://atlas-eco-saitama-pref-saitama.hub.arcgis.com/apps/50e96c8bc0cf4bd29418301d7640b33d/explore","data_note":"1997年時点のスナップショットです。現況とは大きく異なる場合があります。categoryは名称文字列からこのスクリプトが独自に推定した分類で、出典データ本来の区分ではありません。"}},{"type":"Feature","geometry":{"type":"Point","coordinates":[139.200581840393,36.1784186109614]},"properties":{"id":"wetland1997_103","name":"弘法の井戸","municipality":"岡部町","address":"大字本郷字西ノ原2882地内","category":"湧水・井戸","wetland_no":163,"raw_type_code":2,"raw_naturalness_code":3,"status_note":null,"survey_method":"代表湿地","survey_year":1997,"source":"埼玉県環境科学国際センター「1997年版 埼玉県湿地湧水地台帳」（原典: 埼玉県環境生活部自然環境課, 1997年作成）","source_url":"https://atlas-eco-saitama-pref-saitama.hub.arcgis.com/apps/50e96c8bc0cf4bd29418301d7640b33d/explore","data_note":"1997年時点のスナップショットです。現況とは大きく異なる場合があります。categoryは名称文字列からこのスクリプトが独自に推定した分類で、出典データ本来の区分ではありません。"}},{"type":"Feature","geometry":{"type":"Point","coordinates":[139.301674626749,35.9738827554703]},"properties":{"id":"wetland1997_104","name":"六地蔵地内の南にある湿地","municipality":"越生町","address":null,"category":"湿地・湿原","wetland_no":755,"raw_type_code":0,"raw_naturalness_code":0,"status_note":null,"survey_method":"市町村報告","survey_year":1997,"source":"埼玉県環境科学国際センター「1997年版 埼玉県湿地湧水地台帳」（原典: 埼玉県環境生活部自然環境課, 1997年作成）","source_url":"https://atlas-eco-saitama-pref-saitama.hub.arcgis.com/apps/50e96c8bc0cf4bd29418301d7640b33d/explore","data_note":"1997年時点のスナップショットです。現況とは大きく異なる場合があります。categoryは名称文字列からこのスクリプトが独自に推定した分類で、出典データ本来の区分ではありません。"}},{"type":"Feature","geometry":{"type":"Point","coordinates":[139.635772488992,36.0309761475286]},"properties":{"id":"wetland1997_105","name":"西浦地区の北にある湿地","municipality":"蓮田市","address":null,"category":"湿地・湿原","wetland_no":650,"raw_type_code":0,"raw_naturalness_code":0,"status_note":null,"survey_method":"市町村報告","survey_year":1997,"source":"埼玉県環境科学国際センター「1997年版 埼玉県湿地湧水地台帳」（原典: 埼玉県環境生活部自然環境課, 1997年作成）","source_url":"https://atlas-eco-saitama-pref-saitama.hub.arcgis.com/apps/50e96c8bc0cf4bd29418301d7640b33d/explore","data_note":"1997年時点のスナップショットです。現況とは大きく異なる場合があります。categoryは名称文字列からこのスクリプトが独自に推定した分類で、出典データ本来の区分ではありません。"}},{"type":"Feature","geometry":{"type":"Point","coordinates":[139.423995152139,35.7733370225062]},"properties":{"id":"wetland1997_106","name":"上山口地内の湧水地","municipality":"所沢市","address":"所沢市新堀","category":"湧水・井戸","wetland_no":1130,"raw_type_code":0,"raw_naturalness_code":0,"status_note":null,"survey_method":"市町村報告","survey_year":1997,"source":"埼玉県環境科学国際センター「1997年版 埼玉県湿地湧水地台帳」（原典: 埼玉県環境生活部自然環境課, 1997年作成）","source_url":"https://atlas-eco-saitama-pref-saitama.hub.arcgis.com/apps/50e96c8bc0cf4bd29418301d7640b33d/explore","data_note":"1997年時点のスナップショットです。現況とは大きく異なる場合があります。categoryは名称文字列からこのスクリプトが独自に推定した分類で、出典データ本来の区分ではありません。"}},{"type":"Feature","geometry":{"type":"Point","coordinates":[139.29248598788,35.9284184880926]},"properties":{"id":"wetland1997_107","name":"(名称未記載)","municipality":"","address":null,"category":"その他","wetland_no":761,"raw_type_code":0,"raw_naturalness_code":0,"status_note":null,"survey_method":null,"survey_year":1997,"source":"埼玉県環境科学国際センター「1997年版 埼玉県湿地湧水地台帳」（原典: 埼玉県環境生活部自然環境課, 1997年作成）","source_url":"https://atlas-eco-saitama-pref-saitama.hub.arcgis.com/apps/50e96c8bc0cf4bd29418301d7640b33d/explore","data_note":"1997年時点のスナップショットです。現況とは大きく異なる場合があります。categoryは名称文字列からこのスクリプトが独自に推定した分類で、出典データ本来の区分ではありません。"}},{"type":"Feature","geometry":{"type":"Point","coordinates":[139.317920107097,35.9802071393114]},"properties":{"id":"wetland1997_108","name":"観音寺沼","municipality":"鳩山町","address":"鳩山町大字熊井","category":"池・沼","wetland_no":1068,"raw_type_code":4,"raw_naturalness_code":5,"status_note":null,"survey_method":"県民調査","survey_year":1997,"source":"埼玉県環境科学国際センター「1997年版 埼玉県湿地湧水地台帳」（原典: 埼玉県環境生活部自然環境課, 1997年作成）","source_url":"https://atlas-eco-saitama-pref-saitama.hub.arcgis.com/apps/50e96c8bc0cf4bd29418301d7640b33d/explore","data_note":"1997年時点のスナップショットです。現況とは大きく異なる場合があります。categoryは名称文字列からこのスクリプトが独自に推定した分類で、出典データ本来の区分ではありません。"}},{"type":"Feature","geometry":{"type":"Point","coordinates":[139.277626180418,35.9921663898689]},"properties":{"id":"wetland1997_109","name":"瀬戸地区の湿地","municipality":"都幾川村","address":null,"category":"河川・水路","wetland_no":713,"raw_type_code":0,"raw_naturalness_code":0,"status_note":null,"survey_method":"航空写真","survey_year":1997,"source":"埼玉県環境科学国際センター「1997年版 埼玉県湿地湧水地台帳」（原典: 埼玉県環境生活部自然環境課, 1997年作成）","source_url":"https://atlas-eco-saitama-pref-saitama.hub.arcgis.com/apps/50e96c8bc0cf4bd29418301d7640b33d/explore","data_note":"1997年時点のスナップショットです。現況とは大きく異なる場合があります。categoryは名称文字列からこのスクリプトが独自に推定した分類で、出典データ本来の区分ではありません。"}},{"type":"Feature","geometry":{"type":"Point","coordinates":[139.273565894148,36.0906374297384]},"properties":{"id":"wetland1997_110","name":"前峰沼","municipality":"小川町","address":null,"category":"池・沼","wetland_no":365,"raw_type_code":0,"raw_naturalness_code":0,"status_note":null,"survey_method":"市町村報告","survey_year":1997,"source":"埼玉県環境科学国際センター「1997年版 埼玉県湿地湧水地台帳」（原典: 埼玉県環境生活部自然環境課, 1997年作成）","source_url":"https://atlas-eco-saitama-pref-saitama.hub.arcgis.com/apps/50e96c8bc0cf4bd29418301d7640b33d/explore","data_note":"1997年時点のスナップショットです。現況とは大きく異なる場合があります。categoryは名称文字列からこのスクリプトが独自に推定した分類で、出典データ本来の区分ではありません。"}},{"type":"Feature","geometry":{"type":"Point","coordinates":[139.255050452824,36.0564165947335]},"properties":{"id":"wetland1997_111","name":"陣屋沼緑地","municipality":"小川町","address":"小川町大塚","category":"池・沼","wetland_no":1067,"raw_type_code":0,"raw_naturalness_code":0,"status_note":null,"survey_method":"市町村報告","survey_year":1997,"source":"埼玉県環境科学国際センター「1997年版 埼玉県湿地湧水地台帳」（原典: 埼玉県環境生活部自然環境課, 1997年作成）","source_url":"https://atlas-eco-saitama-pref-saitama.hub.arcgis.com/apps/50e96c8bc0cf4bd29418301d7640b33d/explore","data_note":"1997年時点のスナップショットです。現況とは大きく異なる場合があります。categoryは名称文字列からこのスクリプトが独自に推定した分類で、出典データ本来の区分ではありません。"}},{"type":"Feature","geometry":{"type":"Point","coordinates":[139.295374269148,35.8757590643715]},"properties":{"id":"wetland1997_112","name":"武藏台7丁目下湿地","municipality":"日高市","address":null,"category":"湿地・湿原","wetland_no":826,"raw_type_code":0,"raw_naturalness_code":0,"status_note":null,"survey_method":"市町村報告","survey_year":1997,"source":"埼玉県環境科学国際センター「1997年版 埼玉県湿地湧水地台帳」（原典: 埼玉県環境生活部自然環境課, 1997年作成）","source_url":"https://atlas-eco-saitama-pref-saitama.hub.arcgis.com/apps/50e96c8bc0cf4bd29418301d7640b33d/explore","data_note":"1997年時点のスナップショットです。現況とは大きく異なる場合があります。categoryは名称文字列からこのスクリプトが独自に推定した分類で、出典データ本来の区分ではありません。"}},{"type":"Feature","geometry":{"type":"Point","coordinates":[139.827444785981,35.9665002927724]},"properties":{"id":"wetland1997_113","name":"(名称未記載)","municipality":"","address":null,"category":"その他","wetland_no":800,"raw_type_code":0,"raw_naturalness_code":0,"status_note":null,"survey_method":null,"survey_year":1997,"source":"埼玉県環境科学国際センター「1997年版 埼玉県湿地湧水地台帳」（原典: 埼玉県環境生活部自然環境課, 1997年作成）","source_url":"https://atlas-eco-saitama-pref-saitama.hub.arcgis.com/apps/50e96c8bc0cf4bd29418301d7640b33d/explore","data_note":"1997年時点のスナップショットです。現況とは大きく異なる場合があります。categoryは名称文字列からこのスクリプトが独自に推定した分類で、出典データ本来の区分ではありません。"}},{"type":"Feature","geometry":{"type":"Point","coordinates":[139.267604178951,35.8578894746805]},"properties":{"id":"wetland1997_114","name":"小岩井地区内の湿地","municipality":"飯能市","address":null,"category":"湿地・湿原","wetland_no":815,"raw_type_code":0,"raw_naturalness_code":0,"status_note":null,"survey_method":"航空写真","survey_year":1997,"source":"埼玉県環境科学国際センター「1997年版 埼玉県湿地湧水地台帳」（原典: 埼玉県環境生活部自然環境課, 1997年作成）","source_url":"https://atlas-eco-saitama-pref-saitama.hub.arcgis.com/apps/50e96c8bc0cf4bd29418301d7640b33d/explore","data_note":"1997年時点のスナップショットです。現況とは大きく異なる場合があります。categoryは名称文字列からこのスクリプトが独自に推定した分類で、出典データ本来の区分ではありません。"}},{"type":"Feature","geometry":{"type":"Point","coordinates":[139.324202587326,35.9796530204935]},"properties":{"id":"wetland1997_115","name":"大豆戸地区の東にある湿地","municipality":"鳩山町","address":null,"category":"湿地・湿原","wetland_no":726,"raw_type_code":0,"raw_naturalness_code":0,"status_note":null,"survey_method":null,"survey_year":1997,"source":"埼玉県環境科学国際センター「1997年版 埼玉県湿地湧水地台帳」（原典: 埼玉県環境生活部自然環境課, 1997年作成）","source_url":"https://atlas-eco-saitama-pref-saitama.hub.arcgis.com/apps/50e96c8bc0cf4bd29418301d7640b33d/explore","data_note":"1997年時点のスナップショットです。現況とは大きく異なる場合があります。categoryは名称文字列からこのスクリプトが独自に推定した分類で、出典データ本来の区分ではありません。"}},{"type":"Feature","geometry":{"type":"Point","coordinates":[139.043539038855,35.9896956893082]},"properties":{"id":"wetland1997_116","name":"秩父ミューズパーク内長尾根ゴルフコース人工池","municipality":"小鹿野町","address":null,"category":"池・沼","wetland_no":688,"raw_type_code":0,"raw_naturalness_code":0,"status_note":null,"survey_method":"市町村報告","survey_year":1997,"source":"埼玉県環境科学国際センター「1997年版 埼玉県湿地湧水地台帳」（原典: 埼玉県環境生活部自然環境課, 1997年作成）","source_url":"https://atlas-eco-saitama-pref-saitama.hub.arcgis.com/apps/50e96c8bc0cf4bd29418301d7640b33d/explore","data_note":"1997年時点のスナップショットです。現況とは大きく異なる場合があります。categoryは名称文字列からこのスクリプトが独自に推定した分類で、出典データ本来の区分ではありません。"}},{"type":"Feature","geometry":{"type":"Point","coordinates":[139.440238707397,35.7734156609003]},"properties":{"id":"wetland1997_117","name":"西ハイツの湿地","municipality":"所沢市","address":"所沢市町谷","category":"湿地・湿原","wetland_no":1131,"raw_type_code":0,"raw_naturalness_code":0,"status_note":null,"survey_method":"市町村報告","survey_year":1997,"source":"埼玉県環境科学国際センター「1997年版 埼玉県湿地湧水地台帳」（原典: 埼玉県環境生活部自然環境課, 1997年作成）","source_url":"https://atlas-eco-saitama-pref-saitama.hub.arcgis.com/apps/50e96c8bc0cf4bd29418301d7640b33d/explore","data_note":"1997年時点のスナップショットです。現況とは大きく異なる場合があります。categoryは名称文字列からこのスクリプトが独自に推定した分類で、出典データ本来の区分ではありません。"}},{"type":"Feature","geometry":{"type":"Point","coordinates":[139.704421758276,35.9976171215661]},"properties":{"id":"wetland1997_118","name":"新堀口の湿地","municipality":"白岡町","address":"白岡町大字太田新井","category":"湿地・湿原","wetland_no":1134,"raw_type_code":2,"raw_naturalness_code":3,"status_note":null,"survey_method":"県民調査","survey_year":1997,"source":"埼玉県環境科学国際センター「1997年版 埼玉県湿地湧水地台帳」（原典: 埼玉県環境生活部自然環境課, 1997年作成）","source_url":"https://atlas-eco-saitama-pref-saitama.hub.arcgis.com/apps/50e96c8bc0cf4bd29418301d7640b33d/explore","data_note":"1997年時点のスナップショットです。現況とは大きく異なる場合があります。categoryは名称文字列からこのスクリプトが独自に推定した分類で、出典データ本来の区分ではありません。"}},{"type":"Feature","geometry":{"type":"Point","coordinates":[139.331575674412,36.0995438529523]},"properties":{"id":"wetland1997_119","name":"釜場沼","municipality":"江南町","address":null,"category":"池・沼","wetland_no":302,"raw_type_code":0,"raw_naturalness_code":0,"status_note":null,"survey_method":"市町村報告","survey_year":1997,"source":"埼玉県環境科学国際センター「1997年版 埼玉県湿地湧水地台帳」（原典: 埼玉県環境生活部自然環境課, 1997年作成）","source_url":"https://atlas-eco-saitama-pref-saitama.hub.arcgis.com/apps/50e96c8bc0cf4bd29418301d7640b33d/explore","data_note":"1997年時点のスナップショットです。現況とは大きく異なる場合があります。categoryは名称文字列からこのスクリプトが独自に推定した分類で、出典データ本来の区分ではありません。"}},{"type":"Feature","geometry":{"type":"Point","coordinates":[139.325940645941,35.9774853493033]},"properties":{"id":"wetland1997_120","name":"大豆戸地区の東にある湿地","municipality":"鳩山町","address":null,"category":"湿地・湿原","wetland_no":728,"raw_type_code":0,"raw_naturalness_code":0,"status_note":null,"survey_method":null,"survey_year":1997,"source":"埼玉県環境科学国際センター「1997年版 埼玉県湿地湧水地台帳」（原典: 埼玉県環境生活部自然環境課, 1997年作成）","source_url":"https://atlas-eco-saitama-pref-saitama.hub.arcgis.com/apps/50e96c8bc0cf4bd29418301d7640b33d/explore","data_note":"1997年時点のスナップショットです。現況とは大きく異なる場合があります。categoryは名称文字列からこのスクリプトが独自に推定した分類で、出典データ本来の区分ではありません。"}},{"type":"Feature","geometry":{"type":"Point","coordinates":[139.349784115589,36.0617225149613]},"properties":{"id":"wetland1997_121","name":"内郷地区内の湿地","municipality":"滑川町","address":null,"category":"湿地・湿原","wetland_no":575,"raw_type_code":0,"raw_naturalness_code":0,"status_note":null,"survey_method":"市町村報告","survey_year":1997,"source":"埼玉県環境科学国際センター「1997年版 埼玉県湿地湧水地台帳」（原典: 埼玉県環境生活部自然環境課, 1997年作成）","source_url":"https://atlas-eco-saitama-pref-saitama.hub.arcgis.com/apps/50e96c8bc0cf4bd29418301d7640b33d/explore","data_note":"1997年時点のスナップショットです。現況とは大きく異なる場合があります。categoryは名称文字列からこのスクリプトが独自に推定した分類で、出典データ本来の区分ではありません。"}},{"type":"Feature","geometry":{"type":"Point","coordinates":[139.242035422934,36.0572349857493]},"properties":{"id":"wetland1997_122","name":"日附沼","municipality":"小川町","address":null,"category":"池・沼","wetland_no":461,"raw_type_code":0,"raw_naturalness_code":0,"status_note":null,"survey_method":"市町村報告","survey_year":1997,"source":"埼玉県環境科学国際センター「1997年版 埼玉県湿地湧水地台帳」（原典: 埼玉県環境生活部自然環境課, 1997年作成）","source_url":"https://atlas-eco-saitama-pref-saitama.hub.arcgis.com/apps/50e96c8bc0cf4bd29418301d7640b33d/explore","data_note":"1997年時点のスナップショットです。現況とは大きく異なる場合があります。categoryは名称文字列からこのスクリプトが独自に推定した分類で、出典データ本来の区分ではありません。"}},{"type":"Feature","geometry":{"type":"Point","coordinates":[139.30717290199,36.0598091313996]},"properties":{"id":"wetland1997_123","name":"杉山地区の西にある湿地","municipality":"嵐山町","address":null,"category":"湿地・湿原","wetland_no":533,"raw_type_code":0,"raw_naturalness_code":0,"status_note":null,"survey_method":"市町村報告","survey_year":1997,"source":"埼玉県環境科学国際センター「1997年版 埼玉県湿地湧水地台帳」（原典: 埼玉県環境生活部自然環境課, 1997年作成）","source_url":"https://atlas-eco-saitama-pref-saitama.hub.arcgis.com/apps/50e96c8bc0cf4bd29418301d7640b33d/explore","data_note":"1997年時点のスナップショットです。現況とは大きく異なる場合があります。categoryは名称文字列からこのスクリプトが独自に推定した分類で、出典データ本来の区分ではありません。"}},{"type":"Feature","geometry":{"type":"Point","coordinates":[139.259545271265,36.0445130895561]},"properties":{"id":"wetland1997_124","name":"青山地区内の湿地","municipality":"小川町","address":null,"category":"湿地・湿原","wetland_no":492,"raw_type_code":0,"raw_naturalness_code":0,"status_note":null,"survey_method":"市町村報告","survey_year":1997,"source":"埼玉県環境科学国際センター「1997年版 埼玉県湿地湧水地台帳」（原典: 埼玉県環境生活部自然環境課, 1997年作成）","source_url":"https://atlas-eco-saitama-pref-saitama.hub.arcgis.com/apps/50e96c8bc0cf4bd29418301d7640b33d/explore","data_note":"1997年時点のスナップショットです。現況とは大きく異なる場合があります。categoryは名称文字列からこのスクリプトが独自に推定した分類で、出典データ本来の区分ではありません。"}},{"type":"Feature","geometry":{"type":"Point","coordinates":[139.3546348708,36.0740460140679]},"properties":{"id":"wetland1997_125","name":"大木地区の北にある湿地","municipality":"滑川町","address":null,"category":"湿地・湿原","wetland_no":557,"raw_type_code":0,"raw_naturalness_code":0,"status_note":null,"survey_method":"市町村報告","survey_year":1997,"source":"埼玉県環境科学国際センター「1997年版 埼玉県湿地湧水地台帳」（原典: 埼玉県環境生活部自然環境課, 1997年作成）","source_url":"https://atlas-eco-saitama-pref-saitama.hub.arcgis.com/apps/50e96c8bc0cf4bd29418301d7640b33d/explore","data_note":"1997年時点のスナップショットです。現況とは大きく異なる場合があります。categoryは名称文字列からこのスクリプトが独自に推定した分類で、出典データ本来の区分ではありません。"}},{"type":"Feature","geometry":{"type":"Point","coordinates":[139.197922842424,36.1341233582085]},"properties":{"id":"wetland1997_126","name":"南飯塚2号池","municipality":"寄居町","address":"寄居町桜沢","category":"池・沼","wetland_no":1103,"raw_type_code":0,"raw_naturalness_code":0,"status_note":null,"survey_method":"市町村報告","survey_year":1997,"source":"埼玉県環境科学国際センター「1997年版 埼玉県湿地湧水地台帳」（原典: 埼玉県環境生活部自然環境課, 1997年作成）","source_url":"https://atlas-eco-saitama-pref-saitama.hub.arcgis.com/apps/50e96c8bc0cf4bd29418301d7640b33d/explore","data_note":"1997年時点のスナップショットです。現況とは大きく異なる場合があります。categoryは名称文字列からこのスクリプトが独自に推定した分類で、出典データ本来の区分ではありません。"}},{"type":"Feature","geometry":{"type":"Point","coordinates":[139.319784795828,36.1189117858062]},"properties":{"id":"wetland1997_127","name":"三角沼","municipality":"江南町","address":null,"category":"池・沼","wetland_no":293,"raw_type_code":0,"raw_naturalness_code":0,"status_note":null,"survey_method":"市町村報告","survey_year":1997,"source":"埼玉県環境科学国際センター「1997年版 埼玉県湿地湧水地台帳」（原典: 埼玉県環境生活部自然環境課, 1997年作成）","source_url":"https://atlas-eco-saitama-pref-saitama.hub.arcgis.com/apps/50e96c8bc0cf4bd29418301d7640b33d/explore","data_note":"1997年時点のスナップショットです。現況とは大きく異なる場合があります。categoryは名称文字列からこのスクリプトが独自に推定した分類で、出典データ本来の区分ではありません。"}},{"type":"Feature","geometry":{"type":"Point","coordinates":[139.072630826618,36.0539995490977]},"properties":{"id":"wetland1997_128","name":"山ノ根地区の湿地","municipality":"秩父市","address":"秩父市山ノ根","category":"湿地・湿原","wetland_no":446,"raw_type_code":0,"raw_naturalness_code":0,"status_note":null,"survey_method":"航空写真","survey_year":1997,"source":"埼玉県環境科学国際センター「1997年版 埼玉県湿地湧水地台帳」（原典: 埼玉県環境生活部自然環境課, 1997年作成）","source_url":"https://atlas-eco-saitama-pref-saitama.hub.arcgis.com/apps/50e96c8bc0cf4bd29418301d7640b33d/explore","data_note":"1997年時点のスナップショットです。現況とは大きく異なる場合があります。categoryは名称文字列からこのスクリプトが独自に推定した分類で、出典データ本来の区分ではありません。"}},{"type":"Feature","geometry":{"type":"Point","coordinates":[139.286405133618,36.0956719796603]},"properties":{"id":"wetland1997_129","name":"北谷津沼（ショウブ沼）","municipality":"寄居町","address":null,"category":"池・沼","wetland_no":376,"raw_type_code":0,"raw_naturalness_code":0,"status_note":null,"survey_method":"市町村報告","survey_year":1997,"source":"埼玉県環境科学国際センター「1997年版 埼玉県湿地湧水地台帳」（原典: 埼玉県環境生活部自然環境課, 1997年作成）","source_url":"https://atlas-eco-saitama-pref-saitama.hub.arcgis.com/apps/50e96c8bc0cf4bd29418301d7640b33d/explore","data_note":"1997年時点のスナップショットです。現況とは大きく異なる場合があります。categoryは名称文字列からこのスクリプトが独自に推定した分類で、出典データ本来の区分ではありません。"}},{"type":"Feature","geometry":{"type":"Point","coordinates":[139.824459572901,35.9642174964005]},"properties":{"id":"wetland1997_130","name":"(名称未記載)","municipality":"","address":null,"category":"その他","wetland_no":799,"raw_type_code":0,"raw_naturalness_code":0,"status_note":null,"survey_method":null,"survey_year":1997,"source":"埼玉県環境科学国際センター「1997年版 埼玉県湿地湧水地台帳」（原典: 埼玉県環境生活部自然環境課, 1997年作成）","source_url":"https://atlas-eco-saitama-pref-saitama.hub.arcgis.com/apps/50e96c8bc0cf4bd29418301d7640b33d/explore","data_note":"1997年時点のスナップショットです。現況とは大きく異なる場合があります。categoryは名称文字列からこのスクリプトが独自に推定した分類で、出典データ本来の区分ではありません。"}},{"type":"Feature","geometry":{"type":"Point","coordinates":[139.267161608655,35.8595843548632]},"properties":{"id":"wetland1997_131","name":"小岩井地区内の湿地","municipality":"飯能市","address":null,"category":"湿地・湿原","wetland_no":814,"raw_type_code":0,"raw_naturalness_code":0,"status_note":null,"survey_method":"航空写真","survey_year":1997,"source":"埼玉県環境科学国際センター「1997年版 埼玉県湿地湧水地台帳」（原典: 埼玉県環境生活部自然環境課, 1997年作成）","source_url":"https://atlas-eco-saitama-pref-saitama.hub.arcgis.com/apps/50e96c8bc0cf4bd29418301d7640b33d/explore","data_note":"1997年時点のスナップショットです。現況とは大きく異なる場合があります。categoryは名称文字列からこのスクリプトが独自に推定した分類で、出典データ本来の区分ではありません。"}},{"type":"Feature","geometry":{"type":"Point","coordinates":[139.0442953799,35.991303573221]},"properties":{"id":"wetland1997_132","name":"秩父ミューズパーク内長尾根ゴルフコース人工池","municipality":"小鹿野町","address":null,"category":"池・沼","wetland_no":687,"raw_type_code":0,"raw_naturalness_code":0,"status_note":null,"survey_method":"市町村報告","survey_year":1997,"source":"埼玉県環境科学国際センター「1997年版 埼玉県湿地湧水地台帳」（原典: 埼玉県環境生活部自然環境課, 1997年作成）","source_url":"https://atlas-eco-saitama-pref-saitama.hub.arcgis.com/apps/50e96c8bc0cf4bd29418301d7640b33d/explore","data_note":"1997年時点のスナップショットです。現況とは大きく異なる場合があります。categoryは名称文字列からこのスクリプトが独自に推定した分類で、出典データ本来の区分ではありません。"}},{"type":"Feature","geometry":{"type":"Point","coordinates":[139.684913853734,35.8576151180008]},"properties":{"id":"wetland1997_133","name":"大谷口地内の池②","municipality":"浦和市","address":"大谷口","category":"池・沼","wetland_no":833,"raw_type_code":0,"raw_naturalness_code":0,"status_note":null,"survey_method":"市町村報告","survey_year":1997,"source":"埼玉県環境科学国際センター「1997年版 埼玉県湿地湧水地台帳」（原典: 埼玉県環境生活部自然環境課, 1997年作成）","source_url":"https://atlas-eco-saitama-pref-saitama.hub.arcgis.com/apps/50e96c8bc0cf4bd29418301d7640b33d/explore","data_note":"1997年時点のスナップショットです。現況とは大きく異なる場合があります。categoryは名称文字列からこのスクリプトが独自に推定した分類で、出典データ本来の区分ではありません。"}},{"type":"Feature","geometry":{"type":"Point","coordinates":[139.255285988397,36.1119475720831]},"properties":{"id":"wetland1997_134","name":"赤浜地区内の湿地","municipality":"寄居町","address":"寄居町赤浜","category":"湿地・湿原","wetland_no":1119,"raw_type_code":0,"raw_naturalness_code":0,"status_note":null,"survey_method":"市町村報告","survey_year":1997,"source":"埼玉県環境科学国際センター「1997年版 埼玉県湿地湧水地台帳」（原典: 埼玉県環境生活部自然環境課, 1997年作成）","source_url":"https://atlas-eco-saitama-pref-saitama.hub.arcgis.com/apps/50e96c8bc0cf4bd29418301d7640b33d/explore","data_note":"1997年時点のスナップショットです。現況とは大きく異なる場合があります。categoryは名称文字列からこのスクリプトが独自に推定した分類で、出典データ本来の区分ではありません。"}},{"type":"Feature","geometry":{"type":"Point","coordinates":[139.307221674221,36.06945723159]},"properties":{"id":"wetland1997_135","name":"台山沼","municipality":"嵐山町","address":null,"category":"池・沼","wetland_no":520,"raw_type_code":0,"raw_naturalness_code":0,"status_note":null,"survey_method":"市町村報告","survey_year":1997,"source":"埼玉県環境科学国際センター「1997年版 埼玉県湿地湧水地台帳」（原典: 埼玉県環境生活部自然環境課, 1997年作成）","source_url":"https://atlas-eco-saitama-pref-saitama.hub.arcgis.com/apps/50e96c8bc0cf4bd29418301d7640b33d/explore","data_note":"1997年時点のスナップショットです。現況とは大きく異なる場合があります。categoryは名称文字列からこのスクリプトが独自に推定した分類で、出典データ本来の区分ではありません。"}},{"type":"Feature","geometry":{"type":"Point","coordinates":[139.256357554563,36.0460181151392]},"properties":{"id":"wetland1997_136","name":"青山地区内の湿地","municipality":"小川町","address":null,"category":"湿地・湿原","wetland_no":494,"raw_type_code":0,"raw_naturalness_code":0,"status_note":null,"survey_method":"市町村報告","survey_year":1997,"source":"埼玉県環境科学国際センター「1997年版 埼玉県湿地湧水地台帳」（原典: 埼玉県環境生活部自然環境課, 1997年作成）","source_url":"https://atlas-eco-saitama-pref-saitama.hub.arcgis.com/apps/50e96c8bc0cf4bd29418301d7640b33d/explore","data_note":"1997年時点のスナップショットです。現況とは大きく異なる場合があります。categoryは名称文字列からこのスクリプトが独自に推定した分類で、出典データ本来の区分ではありません。"}},{"type":"Feature","geometry":{"type":"Point","coordinates":[139.493049860755,35.7804542977122]},"properties":{"id":"wetland1997_137","name":"前屋敷湿地","municipality":"所沢市","address":"所沢市上安町","category":"湿地・湿原","wetland_no":1129,"raw_type_code":0,"raw_naturalness_code":0,"status_note":null,"survey_method":"市町村報告","survey_year":1997,"source":"埼玉県環境科学国際センター「1997年版 埼玉県湿地湧水地台帳」（原典: 埼玉県環境生活部自然環境課, 1997年作成）","source_url":"https://atlas-eco-saitama-pref-saitama.hub.arcgis.com/apps/50e96c8bc0cf4bd29418301d7640b33d/explore","data_note":"1997年時点のスナップショットです。現況とは大きく異なる場合があります。categoryは名称文字列からこのスクリプトが独自に推定した分類で、出典データ本来の区分ではありません。"}},{"type":"Feature","geometry":{"type":"Point","coordinates":[139.293639166888,35.9820373855302]},"properties":{"id":"wetland1997_138","name":"谷田沼","municipality":"越生町","address":null,"category":"池・沼","wetland_no":753,"raw_type_code":4,"raw_naturalness_code":0,"status_note":null,"survey_method":"県民調査","survey_year":1997,"source":"埼玉県環境科学国際センター「1997年版 埼玉県湿地湧水地台帳」（原典: 埼玉県環境生活部自然環境課, 1997年作成）","source_url":"https://atlas-eco-saitama-pref-saitama.hub.arcgis.com/apps/50e96c8bc0cf4bd29418301d7640b33d/explore","data_note":"1997年時点のスナップショットです。現況とは大きく異なる場合があります。categoryは名称文字列からこのスクリプトが独自に推定した分類で、出典データ本来の区分ではありません。"}},{"type":"Feature","geometry":{"type":"Point","coordinates":[139.366960319742,36.0847489106361]},"properties":{"id":"wetland1997_139","name":"川谷地区の湿地","municipality":"滑川町","address":null,"category":"河川・水路","wetland_no":549,"raw_type_code":0,"raw_naturalness_code":0,"status_note":null,"survey_method":"市町村報告","survey_year":1997,"source":"埼玉県環境科学国際センター「1997年版 埼玉県湿地湧水地台帳」（原典: 埼玉県環境生活部自然環境課, 1997年作成）","source_url":"https://atlas-eco-saitama-pref-saitama.hub.arcgis.com/apps/50e96c8bc0cf4bd29418301d7640b33d/explore","data_note":"1997年時点のスナップショットです。現況とは大きく異なる場合があります。categoryは名称文字列からこのスクリプトが独自に推定した分類で、出典データ本来の区分ではありません。"}},{"type":"Feature","geometry":{"type":"Point","coordinates":[139.319728320542,36.0697974446849]},"properties":{"id":"wetland1997_140","name":"トバ沼","municipality":"嵐山町","address":null,"category":"池・沼","wetland_no":524,"raw_type_code":0,"raw_naturalness_code":0,"status_note":null,"survey_method":"市町村報告","survey_year":1997,"source":"埼玉県環境科学国際センター「1997年版 埼玉県湿地湧水地台帳」（原典: 埼玉県環境生活部自然環境課, 1997年作成）","source_url":"https://atlas-eco-saitama-pref-saitama.hub.arcgis.com/apps/50e96c8bc0cf4bd29418301d7640b33d/explore","data_note":"1997年時点のスナップショットです。現況とは大きく異なる場合があります。categoryは名称文字列からこのスクリプトが独自に推定した分類で、出典データ本来の区分ではありません。"}},{"type":"Feature","geometry":{"type":"Point","coordinates":[139.263204245961,36.0998653836364]},"properties":{"id":"wetland1997_141","name":"牟礼地区の東にある湿地","municipality":"寄居町","address":null,"category":"湿地・湿原","wetland_no":380,"raw_type_code":0,"raw_naturalness_code":0,"status_note":null,"survey_method":"市町村報告","survey_year":1997,"source":"埼玉県環境科学国際センター「1997年版 埼玉県湿地湧水地台帳」（原典: 埼玉県環境生活部自然環境課, 1997年作成）","source_url":"https://atlas-eco-saitama-pref-saitama.hub.arcgis.com/apps/50e96c8bc0cf4bd29418301d7640b33d/explore","data_note":"1997年時点のスナップショットです。現況とは大きく異なる場合があります。categoryは名称文字列からこのスクリプトが独自に推定した分類で、出典データ本来の区分ではありません。"}},{"type":"Feature","geometry":{"type":"Point","coordinates":[139.249708345204,36.1218601092036]},"properties":{"id":"wetland1997_142","name":"黒田台地内の湧水","municipality":"花園町","address":"花園町大字黒田","category":"湧水・井戸","wetland_no":1096,"raw_type_code":2,"raw_naturalness_code":2,"status_note":null,"survey_method":"県民調査","survey_year":1997,"source":"埼玉県環境科学国際センター「1997年版 埼玉県湿地湧水地台帳」（原典: 埼玉県環境生活部自然環境課, 1997年作成）","source_url":"https://atlas-eco-saitama-pref-saitama.hub.arcgis.com/apps/50e96c8bc0cf4bd29418301d7640b33d/explore","data_note":"1997年時点のスナップショットです。現況とは大きく異なる場合があります。categoryは名称文字列からこのスクリプトが独自に推定した分類で、出典データ本来の区分ではありません。"}},{"type":"Feature","geometry":{"type":"Point","coordinates":[139.354058886311,36.1008963659624]},"properties":{"id":"wetland1997_143","name":"土塩上地区内の湿地","municipality":"滑川町","address":null,"category":"湿地・湿原","wetland_no":332,"raw_type_code":0,"raw_naturalness_code":0,"status_note":null,"survey_method":"市町村報告","survey_year":1997,"source":"埼玉県環境科学国際センター「1997年版 埼玉県湿地湧水地台帳」（原典: 埼玉県環境生活部自然環境課, 1997年作成）","source_url":"https://atlas-eco-saitama-pref-saitama.hub.arcgis.com/apps/50e96c8bc0cf4bd29418301d7640b33d/explore","data_note":"1997年時点のスナップショットです。現況とは大きく異なる場合があります。categoryは名称文字列からこのスクリプトが独自に推定した分類で、出典データ本来の区分ではありません。"}},{"type":"Feature","geometry":{"type":"Point","coordinates":[139.068336474419,36.0511465058715]},"properties":{"id":"wetland1997_144","name":"山ノ根地区の湿地","municipality":"秩父市","address":"秩父市山ノ根","category":"湿地・湿原","wetland_no":449,"raw_type_code":0,"raw_naturalness_code":0,"status_note":null,"survey_method":"航空写真","survey_year":1997,"source":"埼玉県環境科学国際センター「1997年版 埼玉県湿地湧水地台帳」（原典: 埼玉県環境生活部自然環境課, 1997年作成）","source_url":"https://atlas-eco-saitama-pref-saitama.hub.arcgis.com/apps/50e96c8bc0cf4bd29418301d7640b33d/explore","data_note":"1997年時点のスナップショットです。現況とは大きく異なる場合があります。categoryは名称文字列からこのスクリプトが独自に推定した分類で、出典データ本来の区分ではありません。"}},{"type":"Feature","geometry":{"type":"Point","coordinates":[139.321207755984,35.9678188329294]},"properties":{"id":"wetland1997_145","name":"武藏富士ゴルフ場内の湿地","municipality":"鳩山町","address":null,"category":"湿地・湿原","wetland_no":732,"raw_type_code":0,"raw_naturalness_code":0,"status_note":null,"survey_method":null,"survey_year":1997,"source":"埼玉県環境科学国際センター「1997年版 埼玉県湿地湧水地台帳」（原典: 埼玉県環境生活部自然環境課, 1997年作成）","source_url":"https://atlas-eco-saitama-pref-saitama.hub.arcgis.com/apps/50e96c8bc0cf4bd29418301d7640b33d/explore","data_note":"1997年時点のスナップショットです。現況とは大きく異なる場合があります。categoryは名称文字列からこのスクリプトが独自に推定した分類で、出典データ本来の区分ではありません。"}},{"type":"Feature","geometry":{"type":"Point","coordinates":[139.433645305876,36.1663100642298]},"properties":{"id":"wetland1997_146","name":"榎戸地区の湿地","municipality":"熊谷市","address":"熊谷市榎戸","category":"湿地・湿原","wetland_no":397,"raw_type_code":0,"raw_naturalness_code":0,"status_note":null,"survey_method":"航空写真","survey_year":1997,"source":"埼玉県環境科学国際センター「1997年版 埼玉県湿地湧水地台帳」（原典: 埼玉県環境生活部自然環境課, 1997年作成）","source_url":"https://atlas-eco-saitama-pref-saitama.hub.arcgis.com/apps/50e96c8bc0cf4bd29418301d7640b33d/explore","data_note":"1997年時点のスナップショットです。現況とは大きく異なる場合があります。categoryは名称文字列からこのスクリプトが独自に推定した分類で、出典データ本来の区分ではありません。"}},{"type":"Feature","geometry":{"type":"Point","coordinates":[139.354291911092,36.0711712852762]},"properties":{"id":"wetland1997_147","name":"大木地区の北にある湿地","municipality":"滑川町","address":null,"category":"湿地・湿原","wetland_no":560,"raw_type_code":0,"raw_naturalness_code":0,"status_note":null,"survey_method":"市町村報告","survey_year":1997,"source":"埼玉県環境科学国際センター「1997年版 埼玉県湿地湧水地台帳」（原典: 埼玉県環境生活部自然環境課, 1997年作成）","source_url":"https://atlas-eco-saitama-pref-saitama.hub.arcgis.com/apps/50e96c8bc0cf4bd29418301d7640b33d/explore","data_note":"1997年時点のスナップショットです。現況とは大きく異なる場合があります。categoryは名称文字列からこのスクリプトが独自に推定した分類で、出典データ本来の区分ではありません。"}},{"type":"Feature","geometry":{"type":"Point","coordinates":[139.29326074349,35.9828490970605]},"properties":{"id":"wetland1997_148","name":"谷田沼","municipality":"越生町","address":null,"category":"池・沼","wetland_no":752,"raw_type_code":4,"raw_naturalness_code":0,"status_note":null,"survey_method":"県民調査","survey_year":1997,"source":"埼玉県環境科学国際センター「1997年版 埼玉県湿地湧水地台帳」（原典: 埼玉県環境生活部自然環境課, 1997年作成）","source_url":"https://atlas-eco-saitama-pref-saitama.hub.arcgis.com/apps/50e96c8bc0cf4bd29418301d7640b33d/explore","data_note":"1997年時点のスナップショットです。現況とは大きく異なる場合があります。categoryは名称文字列からこのスクリプトが独自に推定した分類で、出典データ本来の区分ではありません。"}},{"type":"Feature","geometry":{"type":"Point","coordinates":[139.443947670644,36.0001321405834]},"properties":{"id":"wetland1997_149","name":"戸守地区の北にある湿地","municipality":"川島町","address":null,"category":"湿地・湿原","wetland_no":783,"raw_type_code":0,"raw_naturalness_code":0,"status_note":null,"survey_method":"航空写真","survey_year":1997,"source":"埼玉県環境科学国際センター「1997年版 埼玉県湿地湧水地台帳」（原典: 埼玉県環境生活部自然環境課, 1997年作成）","source_url":"https://atlas-eco-saitama-pref-saitama.hub.arcgis.com/apps/50e96c8bc0cf4bd29418301d7640b33d/explore","data_note":"1997年時点のスナップショットです。現況とは大きく異なる場合があります。categoryは名称文字列からこのスクリプトが独自に推定した分類で、出典データ本来の区分ではありません。"}},{"type":"Feature","geometry":{"type":"Point","coordinates":[139.237890100343,36.053311004654]},"properties":{"id":"wetland1997_150","name":"小瀬田沼","municipality":"小川町","address":null,"category":"池・沼","wetland_no":462,"raw_type_code":0,"raw_naturalness_code":0,"status_note":null,"survey_method":"市町村報告","survey_year":1997,"source":"埼玉県環境科学国際センター「1997年版 埼玉県湿地湧水地台帳」（原典: 埼玉県環境生活部自然環境課, 1997年作成）","source_url":"https://atlas-eco-saitama-pref-saitama.hub.arcgis.com/apps/50e96c8bc0cf4bd29418301d7640b33d/explore","data_note":"1997年時点のスナップショットです。現況とは大きく異なる場合があります。categoryは名称文字列からこのスクリプトが独自に推定した分類で、出典データ本来の区分ではありません。"}},{"type":"Feature","geometry":{"type":"Point","coordinates":[139.353722532814,36.0565862735889]},"properties":{"id":"wetland1997_151","name":"平地区内の湿地","municipality":"滑川町","address":null,"category":"湿地・湿原","wetland_no":584,"raw_type_code":0,"raw_naturalness_code":0,"status_note":null,"survey_method":"市町村報告","survey_year":1997,"source":"埼玉県環境科学国際センター「1997年版 埼玉県湿地湧水地台帳」（原典: 埼玉県環境生活部自然環境課, 1997年作成）","source_url":"https://atlas-eco-saitama-pref-saitama.hub.arcgis.com/apps/50e96c8bc0cf4bd29418301d7640b33d/explore","data_note":"1997年時点のスナップショットです。現況とは大きく異なる場合があります。categoryは名称文字列からこのスクリプトが独自に推定した分類で、出典データ本来の区分ではありません。"}},{"type":"Feature","geometry":{"type":"Point","coordinates":[139.528379249813,35.9519916131243]},"properties":{"id":"wetland1997_152","name":"出丸中郷地区内にある湿地","municipality":"川島町","address":null,"category":"湿地・湿原","wetland_no":786,"raw_type_code":0,"raw_naturalness_code":0,"status_note":null,"survey_method":"航空写真","survey_year":1997,"source":"埼玉県環境科学国際センター「1997年版 埼玉県湿地湧水地台帳」（原典: 埼玉県環境生活部自然環境課, 1997年作成）","source_url":"https://atlas-eco-saitama-pref-saitama.hub.arcgis.com/apps/50e96c8bc0cf4bd29418301d7640b33d/explore","data_note":"1997年時点のスナップショットです。現況とは大きく異なる場合があります。categoryは名称文字列からこのスクリプトが独自に推定した分類で、出典データ本来の区分ではありません。"}},{"type":"Feature","geometry":{"type":"Point","coordinates":[139.261411687456,36.087902368959]},"properties":{"id":"wetland1997_153","name":"森林公園ゴルフ場の南にある湿地","municipality":"小川町","address":null,"category":"湿地・湿原","wetland_no":361,"raw_type_code":0,"raw_naturalness_code":0,"status_note":null,"survey_method":"市町村報告","survey_year":1997,"source":"埼玉県環境科学国際センター「1997年版 埼玉県湿地湧水地台帳」（原典: 埼玉県環境生活部自然環境課, 1997年作成）","source_url":"https://atlas-eco-saitama-pref-saitama.hub.arcgis.com/apps/50e96c8bc0cf4bd29418301d7640b33d/explore","data_note":"1997年時点のスナップショットです。現況とは大きく異なる場合があります。categoryは名称文字列からこのスクリプトが独自に推定した分類で、出典データ本来の区分ではありません。"}},{"type":"Feature","geometry":{"type":"Point","coordinates":[139.374492491278,36.0907277445433]},"properties":{"id":"wetland1997_154","name":"山田地区の湿地","municipality":"滑川町","address":null,"category":"湿地・湿原","wetland_no":387,"raw_type_code":0,"raw_naturalness_code":0,"status_note":null,"survey_method":"市町村報告","survey_year":1997,"source":"埼玉県環境科学国際センター「1997年版 埼玉県湿地湧水地台帳」（原典: 埼玉県環境生活部自然環境課, 1997年作成）","source_url":"https://atlas-eco-saitama-pref-saitama.hub.arcgis.com/apps/50e96c8bc0cf4bd29418301d7640b33d/explore","data_note":"1997年時点のスナップショットです。現況とは大きく異なる場合があります。categoryは名称文字列からこのスクリプトが独自に推定した分類で、出典データ本来の区分ではありません。"}},{"type":"Feature","geometry":{"type":"Point","coordinates":[139.544624118409,35.8154927728024]},"properties":{"id":"wetland1997_155","name":"中野の御滝","municipality":"新座市","address":"新座市中野1丁目","category":"湧水・井戸","wetland_no":1040,"raw_type_code":2,"raw_naturalness_code":3,"status_note":null,"survey_method":"県民調査","survey_year":1997,"source":"埼玉県環境科学国際センター「1997年版 埼玉県湿地湧水地台帳」（原典: 埼玉県環境生活部自然環境課, 1997年作成）","source_url":"https://atlas-eco-saitama-pref-saitama.hub.arcgis.com/apps/50e96c8bc0cf4bd29418301d7640b33d/explore","data_note":"1997年時点のスナップショットです。現況とは大きく異なる場合があります。categoryは名称文字列からこのスクリプトが独自に推定した分類で、出典データ本来の区分ではありません。"}},{"type":"Feature","geometry":{"type":"Point","coordinates":[139.297263059678,36.090285551264]},"properties":{"id":"wetland1997_156","name":"宮前地区の南にある湿地","municipality":"小川町","address":null,"category":"湿地・湿原","wetland_no":373,"raw_type_code":0,"raw_naturalness_code":0,"status_note":null,"survey_method":"市町村報告","survey_year":1997,"source":"埼玉県環境科学国際センター「1997年版 埼玉県湿地湧水地台帳」（原典: 埼玉県環境生活部自然環境課, 1997年作成）","source_url":"https://atlas-eco-saitama-pref-saitama.hub.arcgis.com/apps/50e96c8bc0cf4bd29418301d7640b33d/explore","data_note":"1997年時点のスナップショットです。現況とは大きく異なる場合があります。categoryは名称文字列からこのスクリプトが独自に推定した分類で、出典データ本来の区分ではありません。"}},{"type":"Feature","geometry":{"type":"Point","coordinates":[139.312574298418,35.9986429255542]},"properties":{"id":"wetland1997_157","name":"竹本地区にある湿地","municipality":"鳩山町","address":null,"category":"湿地・湿原","wetland_no":719,"raw_type_code":0,"raw_naturalness_code":0,"status_note":null,"survey_method":null,"survey_year":1997,"source":"埼玉県環境科学国際センター「1997年版 埼玉県湿地湧水地台帳」（原典: 埼玉県環境生活部自然環境課, 1997年作成）","source_url":"https://atlas-eco-saitama-pref-saitama.hub.arcgis.com/apps/50e96c8bc0cf4bd29418301d7640b33d/explore","data_note":"1997年時点のスナップショットです。現況とは大きく異なる場合があります。categoryは名称文字列からこのスクリプトが独自に推定した分類で、出典データ本来の区分ではありません。"}},{"type":"Feature","geometry":{"type":"Point","coordinates":[139.332396511799,36.0778597039284]},"properties":{"id":"wetland1997_158","name":"上伊古地区内の湿地","municipality":"滑川町","address":null,"category":"湿地・湿原","wetland_no":565,"raw_type_code":0,"raw_naturalness_code":0,"status_note":null,"survey_method":"市町村報告","survey_year":1997,"source":"埼玉県環境科学国際センター「1997年版 埼玉県湿地湧水地台帳」（原典: 埼玉県環境生活部自然環境課, 1997年作成）","source_url":"https://atlas-eco-saitama-pref-saitama.hub.arcgis.com/apps/50e96c8bc0cf4bd29418301d7640b33d/explore","data_note":"1997年時点のスナップショットです。現況とは大きく異なる場合があります。categoryは名称文字列からこのスクリプトが独自に推定した分類で、出典データ本来の区分ではありません。"}},{"type":"Feature","geometry":{"type":"Point","coordinates":[139.510518156614,36.1171793120133]},"properties":{"id":"wetland1997_159","name":"(名称未記載)","municipality":"","address":null,"category":"その他","wetland_no":422,"raw_type_code":0,"raw_naturalness_code":0,"status_note":null,"survey_method":null,"survey_year":1997,"source":"埼玉県環境科学国際センター「1997年版 埼玉県湿地湧水地台帳」（原典: 埼玉県環境生活部自然環境課, 1997年作成）","source_url":"https://atlas-eco-saitama-pref-saitama.hub.arcgis.com/apps/50e96c8bc0cf4bd29418301d7640b33d/explore","data_note":"1997年時点のスナップショットです。現況とは大きく異なる場合があります。categoryは名称文字列からこのスクリプトが独自に推定した分類で、出典データ本来の区分ではありません。"}},{"type":"Feature","geometry":{"type":"Point","coordinates":[139.256011675331,36.1286591825956]},"properties":{"id":"wetland1997_160","name":"黒田宮ノ台地内の湧水","municipality":"花園町","address":"花園町大字黒田","category":"湧水・井戸","wetland_no":1092,"raw_type_code":2,"raw_naturalness_code":3,"status_note":null,"survey_method":"県民調査","survey_year":1997,"source":"埼玉県環境科学国際センター「1997年版 埼玉県湿地湧水地台帳」（原典: 埼玉県環境生活部自然環境課, 1997年作成）","source_url":"https://atlas-eco-saitama-pref-saitama.hub.arcgis.com/apps/50e96c8bc0cf4bd29418301d7640b33d/explore","data_note":"1997年時点のスナップショットです。現況とは大きく異なる場合があります。categoryは名称文字列からこのスクリプトが独自に推定した分類で、出典データ本来の区分ではありません。"}},{"type":"Feature","geometry":{"type":"Point","coordinates":[139.263156495113,36.101630424165]},"properties":{"id":"wetland1997_161","name":"牟礼地区市野川右岸にある湿地","municipality":"寄居町","address":"寄居町今市","category":"河川・水路","wetland_no":1121,"raw_type_code":0,"raw_naturalness_code":0,"status_note":null,"survey_method":"市町村報告","survey_year":1997,"source":"埼玉県環境科学国際センター「1997年版 埼玉県湿地湧水地台帳」（原典: 埼玉県環境生活部自然環境課, 1997年作成）","source_url":"https://atlas-eco-saitama-pref-saitama.hub.arcgis.com/apps/50e96c8bc0cf4bd29418301d7640b33d/explore","data_note":"1997年時点のスナップショットです。現況とは大きく異なる場合があります。categoryは名称文字列からこのスクリプトが独自に推定した分類で、出典データ本来の区分ではありません。"}},{"type":"Feature","geometry":{"type":"Point","coordinates":[139.244245741166,36.1037250536302]},"properties":{"id":"wetland1997_162","name":"下郷地区の北にある湿地","municipality":"寄居町","address":"寄居町富田","category":"湿地・湿原","wetland_no":1117,"raw_type_code":0,"raw_naturalness_code":0,"status_note":null,"survey_method":"市町村報告","survey_year":1997,"source":"埼玉県環境科学国際センター「1997年版 埼玉県湿地湧水地台帳」（原典: 埼玉県環境生活部自然環境課, 1997年作成）","source_url":"https://atlas-eco-saitama-pref-saitama.hub.arcgis.com/apps/50e96c8bc0cf4bd29418301d7640b33d/explore","data_note":"1997年時点のスナップショットです。現況とは大きく異なる場合があります。categoryは名称文字列からこのスクリプトが独自に推定した分類で、出典データ本来の区分ではありません。"}},{"type":"Feature","geometry":{"type":"Point","coordinates":[139.318987437707,36.1150939934336]},"properties":{"id":"wetland1997_163","name":"柴沼","municipality":"江南町","address":null,"category":"池・沼","wetland_no":296,"raw_type_code":0,"raw_naturalness_code":0,"status_note":null,"survey_method":"市町村報告","survey_year":1997,"source":"埼玉県環境科学国際センター「1997年版 埼玉県湿地湧水地台帳」（原典: 埼玉県環境生活部自然環境課, 1997年作成）","source_url":"https://atlas-eco-saitama-pref-saitama.hub.arcgis.com/apps/50e96c8bc0cf4bd29418301d7640b33d/explore","data_note":"1997年時点のスナップショットです。現況とは大きく異なる場合があります。categoryは名称文字列からこのスクリプトが独自に推定した分類で、出典データ本来の区分ではありません。"}},{"type":"Feature","geometry":{"type":"Point","coordinates":[139.28377255061,36.1035103464087]},"properties":{"id":"wetland1997_164","name":"鷹巣地区にある湿地","municipality":"寄居町","address":"寄居町鷹巣","category":"湿地・湿原","wetland_no":1124,"raw_type_code":0,"raw_naturalness_code":0,"status_note":null,"survey_method":"市町村報告","survey_year":1997,"source":"埼玉県環境科学国際センター「1997年版 埼玉県湿地湧水地台帳」（原典: 埼玉県環境生活部自然環境課, 1997年作成）","source_url":"https://atlas-eco-saitama-pref-saitama.hub.arcgis.com/apps/50e96c8bc0cf4bd29418301d7640b33d/explore","data_note":"1997年時点のスナップショットです。現況とは大きく異なる場合があります。categoryは名称文字列からこのスクリプトが独自に推定した分類で、出典データ本来の区分ではありません。"}},{"type":"Feature","geometry":{"type":"Point","coordinates":[139.258095896147,36.0482387910382]},"properties":{"id":"wetland1997_165","name":"青山地区内の湿地","municipality":"小川町","address":null,"category":"湿地・湿原","wetland_no":493,"raw_type_code":0,"raw_naturalness_code":0,"status_note":null,"survey_method":"市町村報告","survey_year":1997,"source":"埼玉県環境科学国際センター「1997年版 埼玉県湿地湧水地台帳」（原典: 埼玉県環境生活部自然環境課, 1997年作成）","source_url":"https://atlas-eco-saitama-pref-saitama.hub.arcgis.com/apps/50e96c8bc0cf4bd29418301d7640b33d/explore","data_note":"1997年時点のスナップショットです。現況とは大きく異なる場合があります。categoryは名称文字列からこのスクリプトが独自に推定した分類で、出典データ本来の区分ではありません。"}},{"type":"Feature","geometry":{"type":"Point","coordinates":[139.343959553373,36.0686826531973]},"properties":{"id":"wetland1997_166","name":"広瀬地区内の湿地","municipality":"滑川町","address":null,"category":"河川・水路","wetland_no":571,"raw_type_code":0,"raw_naturalness_code":0,"status_note":null,"survey_method":"市町村報告","survey_year":1997,"source":"埼玉県環境科学国際センター「1997年版 埼玉県湿地湧水地台帳」（原典: 埼玉県環境生活部自然環境課, 1997年作成）","source_url":"https://atlas-eco-saitama-pref-saitama.hub.arcgis.com/apps/50e96c8bc0cf4bd29418301d7640b33d/explore","data_note":"1997年時点のスナップショットです。現況とは大きく異なる場合があります。categoryは名称文字列からこのスクリプトが独自に推定した分類で、出典データ本来の区分ではありません。"}},{"type":"Feature","geometry":{"type":"Point","coordinates":[139.274064705269,36.0866133107777]},"properties":{"id":"wetland1997_167","name":"足り沼（上）","municipality":"小川町","address":null,"category":"池・沼","wetland_no":367,"raw_type_code":0,"raw_naturalness_code":0,"status_note":null,"survey_method":"市町村報告","survey_year":1997,"source":"埼玉県環境科学国際センター「1997年版 埼玉県湿地湧水地台帳」（原典: 埼玉県環境生活部自然環境課, 1997年作成）","source_url":"https://atlas-eco-saitama-pref-saitama.hub.arcgis.com/apps/50e96c8bc0cf4bd29418301d7640b33d/explore","data_note":"1997年時点のスナップショットです。現況とは大きく異なる場合があります。categoryは名称文字列からこのスクリプトが独自に推定した分類で、出典データ本来の区分ではありません。"}},{"type":"Feature","geometry":{"type":"Point","coordinates":[139.271400736023,35.8577631591286]},"properties":{"id":"wetland1997_168","name":"小岩井地区内の湿地","municipality":"飯能市","address":null,"category":"湿地・湿原","wetland_no":817,"raw_type_code":0,"raw_naturalness_code":0,"status_note":null,"survey_method":"航空写真","survey_year":1997,"source":"埼玉県環境科学国際センター「1997年版 埼玉県湿地湧水地台帳」（原典: 埼玉県環境生活部自然環境課, 1997年作成）","source_url":"https://atlas-eco-saitama-pref-saitama.hub.arcgis.com/apps/50e96c8bc0cf4bd29418301d7640b33d/explore","data_note":"1997年時点のスナップショットです。現況とは大きく異なる場合があります。categoryは名称文字列からこのスクリプトが独自に推定した分類で、出典データ本来の区分ではありません。"}},{"type":"Feature","geometry":{"type":"Point","coordinates":[139.399491224925,36.0679050639202]},"properties":{"id":"wetland1997_169","name":"笹山沼","municipality":"東松山市","address":null,"category":"池・沼","wetland_no":617,"raw_type_code":0,"raw_naturalness_code":0,"status_note":null,"survey_method":"市町村報告","survey_year":1997,"source":"埼玉県環境科学国際センター「1997年版 埼玉県湿地湧水地台帳」（原典: 埼玉県環境生活部自然環境課, 1997年作成）","source_url":"https://atlas-eco-saitama-pref-saitama.hub.arcgis.com/apps/50e96c8bc0cf4bd29418301d7640b33d/explore","data_note":"1997年時点のスナップショットです。現況とは大きく異なる場合があります。categoryは名称文字列からこのスクリプトが独自に推定した分類で、出典データ本来の区分ではありません。"}},{"type":"Feature","geometry":{"type":"Point","coordinates":[139.284684397217,36.0928284210009]},"properties":{"id":"wetland1997_170","name":"梅の木沼（一の入裏）","municipality":"寄居町","address":null,"category":"池・沼","wetland_no":385,"raw_type_code":0,"raw_naturalness_code":0,"status_note":null,"survey_method":"市町村報告","survey_year":1997,"source":"埼玉県環境科学国際センター「1997年版 埼玉県湿地湧水地台帳」（原典: 埼玉県環境生活部自然環境課, 1997年作成）","source_url":"https://atlas-eco-saitama-pref-saitama.hub.arcgis.com/apps/50e96c8bc0cf4bd29418301d7640b33d/explore","data_note":"1997年時点のスナップショットです。現況とは大きく異なる場合があります。categoryは名称文字列からこのスクリプトが独自に推定した分類で、出典データ本来の区分ではありません。"}},{"type":"Feature","geometry":{"type":"Point","coordinates":[139.357225072192,36.0607595350907]},"properties":{"id":"wetland1997_171","name":"大山地区内の湿地","municipality":"滑川町","address":null,"category":"湿地・湿原","wetland_no":578,"raw_type_code":0,"raw_naturalness_code":0,"status_note":null,"survey_method":"市町村報告","survey_year":1997,"source":"埼玉県環境科学国際センター「1997年版 埼玉県湿地湧水地台帳」（原典: 埼玉県環境生活部自然環境課, 1997年作成）","source_url":"https://atlas-eco-saitama-pref-saitama.hub.arcgis.com/apps/50e96c8bc0cf4bd29418301d7640b33d/explore","data_note":"1997年時点のスナップショットです。現況とは大きく異なる場合があります。categoryは名称文字列からこのスクリプトが独自に推定した分類で、出典データ本来の区分ではありません。"}},{"type":"Feature","geometry":{"type":"Point","coordinates":[139.330618206863,36.0869883562353]},"properties":{"id":"wetland1997_172","name":"和泉地区の湿地","municipality":"滑川町","address":null,"category":"湿地・湿原","wetland_no":323,"raw_type_code":0,"raw_naturalness_code":0,"status_note":null,"survey_method":"市町村報告","survey_year":1997,"source":"埼玉県環境科学国際センター「1997年版 埼玉県湿地湧水地台帳」（原典: 埼玉県環境生活部自然環境課, 1997年作成）","source_url":"https://atlas-eco-saitama-pref-saitama.hub.arcgis.com/apps/50e96c8bc0cf4bd29418301d7640b33d/explore","data_note":"1997年時点のスナップショットです。現況とは大きく異なる場合があります。categoryは名称文字列からこのスクリプトが独自に推定した分類で、出典データ本来の区分ではありません。"}},{"type":"Feature","geometry":{"type":"Point","coordinates":[139.753659840133,36.0746607005203]},"properties":{"id":"wetland1997_173","name":"観現堂第二揚水機場","municipality":"幸手市","address":null,"category":"その他","wetland_no":665,"raw_type_code":0,"raw_naturalness_code":0,"status_note":null,"survey_method":"市町村報告","survey_year":1997,"source":"埼玉県環境科学国際センター「1997年版 埼玉県湿地湧水地台帳」（原典: 埼玉県環境生活部自然環境課, 1997年作成）","source_url":"https://atlas-eco-saitama-pref-saitama.hub.arcgis.com/apps/50e96c8bc0cf4bd29418301d7640b33d/explore","data_note":"1997年時点のスナップショットです。現況とは大きく異なる場合があります。categoryは名称文字列からこのスクリプトが独自に推定した分類で、出典データ本来の区分ではありません。"}},{"type":"Feature","geometry":{"type":"Point","coordinates":[139.198420223427,36.1689116791105]},"properties":{"id":"wetland1997_174","name":"貉久保池","municipality":"寄居町","address":"寄居町用上","category":"池・沼","wetland_no":1101,"raw_type_code":0,"raw_naturalness_code":0,"status_note":null,"survey_method":"市町村報告","survey_year":1997,"source":"埼玉県環境科学国際センター「1997年版 埼玉県湿地湧水地台帳」（原典: 埼玉県環境生活部自然環境課, 1997年作成）","source_url":"https://atlas-eco-saitama-pref-saitama.hub.arcgis.com/apps/50e96c8bc0cf4bd29418301d7640b33d/explore","data_note":"1997年時点のスナップショットです。現況とは大きく異なる場合があります。categoryは名称文字列からこのスクリプトが独自に推定した分類で、出典データ本来の区分ではありません。"}},{"type":"Feature","geometry":{"type":"Point","coordinates":[139.254910020992,36.1265595549292]},"properties":{"id":"wetland1997_175","name":"黒田宮ノ台地内の池","municipality":"花園町","address":"花園町大字黒田","category":"池・沼","wetland_no":1091,"raw_type_code":2,"raw_naturalness_code":2,"status_note":null,"survey_method":"県民調査","survey_year":1997,"source":"埼玉県環境科学国際センター「1997年版 埼玉県湿地湧水地台帳」（原典: 埼玉県環境生活部自然環境課, 1997年作成）","source_url":"https://atlas-eco-saitama-pref-saitama.hub.arcgis.com/apps/50e96c8bc0cf4bd29418301d7640b33d/explore","data_note":"1997年時点のスナップショットです。現況とは大きく異なる場合があります。categoryは名称文字列からこのスクリプトが独自に推定した分類で、出典データ本来の区分ではありません。"}},{"type":"Feature","geometry":{"type":"Point","coordinates":[139.263205167632,36.0873101415554]},"properties":{"id":"wetland1997_176","name":"堂場沼","municipality":"小川町","address":null,"category":"池・沼","wetland_no":363,"raw_type_code":0,"raw_naturalness_code":0,"status_note":null,"survey_method":"市町村報告","survey_year":1997,"source":"埼玉県環境科学国際センター「1997年版 埼玉県湿地湧水地台帳」（原典: 埼玉県環境生活部自然環境課, 1997年作成）","source_url":"https://atlas-eco-saitama-pref-saitama.hub.arcgis.com/apps/50e96c8bc0cf4bd29418301d7640b33d/explore","data_note":"1997年時点のスナップショットです。現況とは大きく異なる場合があります。categoryは名称文字列からこのスクリプトが独自に推定した分類で、出典データ本来の区分ではありません。"}},{"type":"Feature","geometry":{"type":"Point","coordinates":[139.339916821083,36.0991392989643]},"properties":{"id":"wetland1997_177","name":"竹内沼","municipality":"江南町","address":null,"category":"池・沼","wetland_no":313,"raw_type_code":0,"raw_naturalness_code":0,"status_note":null,"survey_method":"市町村報告","survey_year":1997,"source":"埼玉県環境科学国際センター「1997年版 埼玉県湿地湧水地台帳」（原典: 埼玉県環境生活部自然環境課, 1997年作成）","source_url":"https://atlas-eco-saitama-pref-saitama.hub.arcgis.com/apps/50e96c8bc0cf4bd29418301d7640b33d/explore","data_note":"1997年時点のスナップショットです。現況とは大きく異なる場合があります。categoryは名称文字列からこのスクリプトが独自に推定した分類で、出典データ本来の区分ではありません。"}},{"type":"Feature","geometry":{"type":"Point","coordinates":[139.30284991689,36.0793776894312]},"properties":{"id":"wetland1997_178","name":"大堂沼","municipality":"嵐山町","address":null,"category":"池・沼","wetland_no":514,"raw_type_code":0,"raw_naturalness_code":0,"status_note":null,"survey_method":"市町村報告","survey_year":1997,"source":"埼玉県環境科学国際センター「1997年版 埼玉県湿地湧水地台帳」（原典: 埼玉県環境生活部自然環境課, 1997年作成）","source_url":"https://atlas-eco-saitama-pref-saitama.hub.arcgis.com/apps/50e96c8bc0cf4bd29418301d7640b33d/explore","data_note":"1997年時点のスナップショットです。現況とは大きく異なる場合があります。categoryは名称文字列からこのスクリプトが独自に推定した分類で、出典データ本来の区分ではありません。"}},{"type":"Feature","geometry":{"type":"Point","coordinates":[139.247175182341,36.1374575530781]},"properties":{"id":"wetland1997_179","name":"弁天池","municipality":"花園町","address":"花園町大字永田","category":"池・沼","wetland_no":1089,"raw_type_code":2,"raw_naturalness_code":1,"status_note":null,"survey_method":"県民調査","survey_year":1997,"source":"埼玉県環境科学国際センター「1997年版 埼玉県湿地湧水地台帳」（原典: 埼玉県環境生活部自然環境課, 1997年作成）","source_url":"https://atlas-eco-saitama-pref-saitama.hub.arcgis.com/apps/50e96c8bc0cf4bd29418301d7640b33d/explore","data_note":"1997年時点のスナップショットです。現況とは大きく異なる場合があります。categoryは名称文字列からこのスクリプトが独自に推定した分類で、出典データ本来の区分ではありません。"}},{"type":"Feature","geometry":{"type":"Point","coordinates":[139.393529642678,36.0856242810181]},"properties":{"id":"wetland1997_180","name":"アシマ沼上池","municipality":"東松山市","address":null,"category":"池・沼","wetland_no":603,"raw_type_code":0,"raw_naturalness_code":0,"status_note":null,"survey_method":"市町村報告","survey_year":1997,"source":"埼玉県環境科学国際センター「1997年版 埼玉県湿地湧水地台帳」（原典: 埼玉県環境生活部自然環境課, 1997年作成）","source_url":"https://atlas-eco-saitama-pref-saitama.hub.arcgis.com/apps/50e96c8bc0cf4bd29418301d7640b33d/explore","data_note":"1997年時点のスナップショットです。現況とは大きく異なる場合があります。categoryは名称文字列からこのスクリプトが独自に推定した分類で、出典データ本来の区分ではありません。"}},{"type":"Feature","geometry":{"type":"Point","coordinates":[139.300551070586,36.0583623889408]},"properties":{"id":"wetland1997_181","name":"諏訪沼上沼","municipality":"嵐山町","address":null,"category":"池・沼","wetland_no":535,"raw_type_code":0,"raw_naturalness_code":0,"status_note":null,"survey_method":"市町村報告","survey_year":1997,"source":"埼玉県環境科学国際センター「1997年版 埼玉県湿地湧水地台帳」（原典: 埼玉県環境生活部自然環境課, 1997年作成）","source_url":"https://atlas-eco-saitama-pref-saitama.hub.arcgis.com/apps/50e96c8bc0cf4bd29418301d7640b33d/explore","data_note":"1997年時点のスナップショットです。現況とは大きく異なる場合があります。categoryは名称文字列からこのスクリプトが独自に推定した分類で、出典データ本来の区分ではありません。"}},{"type":"Feature","geometry":{"type":"Point","coordinates":[139.379290562992,36.0148298293204]},"properties":{"id":"wetland1997_182","name":"葛袋地内の湿地","municipality":"東松山市","address":"葛袋116","category":"湿地・湿原","wetland_no":624,"raw_type_code":0,"raw_naturalness_code":0,"status_note":null,"survey_method":"市町村報告","survey_year":1997,"source":"埼玉県環境科学国際センター「1997年版 埼玉県湿地湧水地台帳」（原典: 埼玉県環境生活部自然環境課, 1997年作成）","source_url":"https://atlas-eco-saitama-pref-saitama.hub.arcgis.com/apps/50e96c8bc0cf4bd29418301d7640b33d/explore","data_note":"1997年時点のスナップショットです。現況とは大きく異なる場合があります。categoryは名称文字列からこのスクリプトが独自に推定した分類で、出典データ本来の区分ではありません。"}},{"type":"Feature","geometry":{"type":"Point","coordinates":[139.344951898013,36.0665862954404]},"properties":{"id":"wetland1997_183","name":"加田地区内にある湿地","municipality":"滑川町","address":null,"category":"湿地・湿原","wetland_no":572,"raw_type_code":0,"raw_naturalness_code":0,"status_note":null,"survey_method":"市町村報告","survey_year":1997,"source":"埼玉県環境科学国際センター「1997年版 埼玉県湿地湧水地台帳」（原典: 埼玉県環境生活部自然環境課, 1997年作成）","source_url":"https://atlas-eco-saitama-pref-saitama.hub.arcgis.com/apps/50e96c8bc0cf4bd29418301d7640b33d/explore","data_note":"1997年時点のスナップショットです。現況とは大きく異なる場合があります。categoryは名称文字列からこのスクリプトが独自に推定した分類で、出典データ本来の区分ではありません。"}},{"type":"Feature","geometry":{"type":"Point","coordinates":[139.256471866081,36.1300131815381]},"properties":{"id":"wetland1997_184","name":"黒田宮ノ台地内の湧水","municipality":"花園町","address":"花園町大字黒田","category":"湧水・井戸","wetland_no":1093,"raw_type_code":2,"raw_naturalness_code":3,"status_note":null,"survey_method":"県民調査","survey_year":1997,"source":"埼玉県環境科学国際センター「1997年版 埼玉県湿地湧水地台帳」（原典: 埼玉県環境生活部自然環境課, 1997年作成）","source_url":"https://atlas-eco-saitama-pref-saitama.hub.arcgis.com/apps/50e96c8bc0cf4bd29418301d7640b33d/explore","data_note":"1997年時点のスナップショットです。現況とは大きく異なる場合があります。categoryは名称文字列からこのスクリプトが独自に推定した分類で、出典データ本来の区分ではありません。"}},{"type":"Feature","geometry":{"type":"Point","coordinates":[139.308954501947,35.9207949019058]},"properties":{"id":"wetland1997_185","name":"(名称未記載)","municipality":"","address":null,"category":"その他","wetland_no":767,"raw_type_code":0,"raw_naturalness_code":0,"status_note":null,"survey_method":null,"survey_year":1997,"source":"埼玉県環境科学国際センター「1997年版 埼玉県湿地湧水地台帳」（原典: 埼玉県環境生活部自然環境課, 1997年作成）","source_url":"https://atlas-eco-saitama-pref-saitama.hub.arcgis.com/apps/50e96c8bc0cf4bd29418301d7640b33d/explore","data_note":"1997年時点のスナップショットです。現況とは大きく異なる場合があります。categoryは名称文字列からこのスクリプトが独自に推定した分類で、出典データ本来の区分ではありません。"}},{"type":"Feature","geometry":{"type":"Point","coordinates":[139.331341321921,36.0876066612547]},"properties":{"id":"wetland1997_186","name":"和泉地区の湿地","municipality":"滑川町","address":null,"category":"湿地・湿原","wetland_no":322,"raw_type_code":0,"raw_naturalness_code":0,"status_note":null,"survey_method":"市町村報告","survey_year":1997,"source":"埼玉県環境科学国際センター「1997年版 埼玉県湿地湧水地台帳」（原典: 埼玉県環境生活部自然環境課, 1997年作成）","source_url":"https://atlas-eco-saitama-pref-saitama.hub.arcgis.com/apps/50e96c8bc0cf4bd29418301d7640b33d/explore","data_note":"1997年時点のスナップショットです。現況とは大きく異なる場合があります。categoryは名称文字列からこのスクリプトが独自に推定した分類で、出典データ本来の区分ではありません。"}},{"type":"Feature","geometry":{"type":"Point","coordinates":[139.477371547932,36.1278066044687]},"properties":{"id":"wetland1997_187","name":"埼玉古墳群の南にある湿地","municipality":"行田市","address":null,"category":"湿地・湿原","wetland_no":406,"raw_type_code":0,"raw_naturalness_code":0,"status_note":null,"survey_method":"市町村報告","survey_year":1997,"source":"埼玉県環境科学国際センター「1997年版 埼玉県湿地湧水地台帳」（原典: 埼玉県環境生活部自然環境課, 1997年作成）","source_url":"https://atlas-eco-saitama-pref-saitama.hub.arcgis.com/apps/50e96c8bc0cf4bd29418301d7640b33d/explore","data_note":"1997年時点のスナップショットです。現況とは大きく異なる場合があります。categoryは名称文字列からこのスクリプトが独自に推定した分類で、出典データ本来の区分ではありません。"}},{"type":"Feature","geometry":{"type":"Point","coordinates":[139.38791181425,36.0685731456843]},"properties":{"id":"wetland1997_188","name":"前沼","municipality":"東松山市","address":null,"category":"池・沼","wetland_no":614,"raw_type_code":0,"raw_naturalness_code":0,"status_note":null,"survey_method":"市町村報告","survey_year":1997,"source":"埼玉県環境科学国際センター「1997年版 埼玉県湿地湧水地台帳」（原典: 埼玉県環境生活部自然環境課, 1997年作成）","source_url":"https://atlas-eco-saitama-pref-saitama.hub.arcgis.com/apps/50e96c8bc0cf4bd29418301d7640b33d/explore","data_note":"1997年時点のスナップショットです。現況とは大きく異なる場合があります。categoryは名称文字列からこのスクリプトが独自に推定した分類で、出典データ本来の区分ではありません。"}},{"type":"Feature","geometry":{"type":"Point","coordinates":[139.318303693113,36.1154223682893]},"properties":{"id":"wetland1997_189","name":"柴沼","municipality":"江南町","address":null,"category":"池・沼","wetland_no":295,"raw_type_code":0,"raw_naturalness_code":0,"status_note":null,"survey_method":"市町村報告","survey_year":1997,"source":"埼玉県環境科学国際センター「1997年版 埼玉県湿地湧水地台帳」（原典: 埼玉県環境生活部自然環境課, 1997年作成）","source_url":"https://atlas-eco-saitama-pref-saitama.hub.arcgis.com/apps/50e96c8bc0cf4bd29418301d7640b33d/explore","data_note":"1997年時点のスナップショットです。現況とは大きく異なる場合があります。categoryは名称文字列からこのスクリプトが独自に推定した分類で、出典データ本来の区分ではありません。"}},{"type":"Feature","geometry":{"type":"Point","coordinates":[139.048438156666,35.9932864730076]},"properties":{"id":"wetland1997_190","name":"秩父ミューズパーク内長尾根ゴルフコース人工池","municipality":"小鹿野町","address":null,"category":"池・沼","wetland_no":685,"raw_type_code":0,"raw_naturalness_code":0,"status_note":null,"survey_method":"市町村報告","survey_year":1997,"source":"埼玉県環境科学国際センター「1997年版 埼玉県湿地湧水地台帳」（原典: 埼玉県環境生活部自然環境課, 1997年作成）","source_url":"https://atlas-eco-saitama-pref-saitama.hub.arcgis.com/apps/50e96c8bc0cf4bd29418301d7640b33d/explore","data_note":"1997年時点のスナップショットです。現況とは大きく異なる場合があります。categoryは名称文字列からこのスクリプトが独自に推定した分類で、出典データ本来の区分ではありません。"}},{"type":"Feature","geometry":{"type":"Point","coordinates":[139.596736342051,35.7921358602259]},"properties":{"id":"wetland1997_191","name":"栄町1丁目の湧水地（広沢の池）","municipality":"朝霞市","address":"栄町1-1地内","category":"湧水・井戸","wetland_no":82,"raw_type_code":2,"raw_naturalness_code":3,"status_note":null,"survey_method":"代表湿地","survey_year":1997,"source":"埼玉県環境科学国際センター「1997年版 埼玉県湿地湧水地台帳」（原典: 埼玉県環境生活部自然環境課, 1997年作成）","source_url":"https://atlas-eco-saitama-pref-saitama.hub.arcgis.com/apps/50e96c8bc0cf4bd29418301d7640b33d/explore","data_note":"1997年時点のスナップショットです。現況とは大きく異なる場合があります。categoryは名称文字列からこのスクリプトが独自に推定した分類で、出典データ本来の区分ではありません。"}},{"type":"Feature","geometry":{"type":"Point","coordinates":[139.384669570709,36.0982685640967]},"properties":{"id":"wetland1997_192","name":"及山地区の湿地","municipality":"滑川町","address":null,"category":"湿地・湿原","wetland_no":393,"raw_type_code":0,"raw_naturalness_code":0,"status_note":null,"survey_method":"市町村報告","survey_year":1997,"source":"埼玉県環境科学国際センター「1997年版 埼玉県湿地湧水地台帳」（原典: 埼玉県環境生活部自然環境課, 1997年作成）","source_url":"https://atlas-eco-saitama-pref-saitama.hub.arcgis.com/apps/50e96c8bc0cf4bd29418301d7640b33d/explore","data_note":"1997年時点のスナップショットです。現況とは大きく異なる場合があります。categoryは名称文字列からこのスクリプトが独自に推定した分類で、出典データ本来の区分ではありません。"}},{"type":"Feature","geometry":{"type":"Point","coordinates":[139.411069263872,36.1298772542742]},"properties":{"id":"wetland1997_193","name":"佐谷田の中河原地区の湿地","municipality":"熊谷市","address":null,"category":"河川・水路","wetland_no":398,"raw_type_code":0,"raw_naturalness_code":0,"status_note":null,"survey_method":"航空写真","survey_year":1997,"source":"埼玉県環境科学国際センター「1997年版 埼玉県湿地湧水地台帳」（原典: 埼玉県環境生活部自然環境課, 1997年作成）","source_url":"https://atlas-eco-saitama-pref-saitama.hub.arcgis.com/apps/50e96c8bc0cf4bd29418301d7640b33d/explore","data_note":"1997年時点のスナップショットです。現況とは大きく異なる場合があります。categoryは名称文字列からこのスクリプトが独自に推定した分類で、出典データ本来の区分ではありません。"}},{"type":"Feature","geometry":{"type":"Point","coordinates":[139.21122548502,36.1924739610081]},"properties":{"id":"wetland1997_194","name":"山崎弁天池","municipality":"岡部町","address":"大字山崎字東590地内","category":"池・沼","wetland_no":164,"raw_type_code":2,"raw_naturalness_code":0,"status_note":null,"survey_method":"代表湿地","survey_year":1997,"source":"埼玉県環境科学国際センター「1997年版 埼玉県湿地湧水地台帳」（原典: 埼玉県環境生活部自然環境課, 1997年作成）","source_url":"https://atlas-eco-saitama-pref-saitama.hub.arcgis.com/apps/50e96c8bc0cf4bd29418301d7640b33d/explore","data_note":"1997年時点のスナップショットです。現況とは大きく異なる場合があります。categoryは名称文字列からこのスクリプトが独自に推定した分類で、出典データ本来の区分ではありません。"}},{"type":"Feature","geometry":{"type":"Point","coordinates":[139.200464370399,36.1264524368557]},"properties":{"id":"wetland1997_195","name":"三反田池","municipality":"寄居町","address":"寄居町桜沢","category":"池・沼","wetland_no":1100,"raw_type_code":0,"raw_naturalness_code":0,"status_note":null,"survey_method":"市町村報告","survey_year":1997,"source":"埼玉県環境科学国際センター「1997年版 埼玉県湿地湧水地台帳」（原典: 埼玉県環境生活部自然環境課, 1997年作成）","source_url":"https://atlas-eco-saitama-pref-saitama.hub.arcgis.com/apps/50e96c8bc0cf4bd29418301d7640b33d/explore","data_note":"1997年時点のスナップショットです。現況とは大きく異なる場合があります。categoryは名称文字列からこのスクリプトが独自に推定した分類で、出典データ本来の区分ではありません。"}},{"type":"Feature","geometry":{"type":"Point","coordinates":[139.317285098802,36.0045765424393]},"properties":{"id":"wetland1997_196","name":"竹本地区の東にある湿地","municipality":"鳩山町","address":null,"category":"湿地・湿原","wetland_no":600,"raw_type_code":0,"raw_naturalness_code":0,"status_note":null,"survey_method":null,"survey_year":1997,"source":"埼玉県環境科学国際センター「1997年版 埼玉県湿地湧水地台帳」（原典: 埼玉県環境生活部自然環境課, 1997年作成）","source_url":"https://atlas-eco-saitama-pref-saitama.hub.arcgis.com/apps/50e96c8bc0cf4bd29418301d7640b33d/explore","data_note":"1997年時点のスナップショットです。現況とは大きく異なる場合があります。categoryは名称文字列からこのスクリプトが独自に推定した分類で、出典データ本来の区分ではありません。"}},{"type":"Feature","geometry":{"type":"Point","coordinates":[139.388283906322,35.9965533217811]},"properties":{"id":"wetland1997_197","name":"桜山台の調整池","municipality":"東松山市","address":null,"category":"池・沼","wetland_no":777,"raw_type_code":0,"raw_naturalness_code":0,"status_note":null,"survey_method":"市町村報告","survey_year":1997,"source":"埼玉県環境科学国際センター「1997年版 埼玉県湿地湧水地台帳」（原典: 埼玉県環境生活部自然環境課, 1997年作成）","source_url":"https://atlas-eco-saitama-pref-saitama.hub.arcgis.com/apps/50e96c8bc0cf4bd29418301d7640b33d/explore","data_note":"1997年時点のスナップショットです。現況とは大きく異なる場合があります。categoryは名称文字列からこのスクリプトが独自に推定した分類で、出典データ本来の区分ではありません。"}},{"type":"Feature","geometry":{"type":"Point","coordinates":[139.423407657537,36.0276557699412]},"properties":{"id":"wetland1997_198","name":"薬師寺沼","municipality":"東松山市","address":null,"category":"池・沼","wetland_no":629,"raw_type_code":0,"raw_naturalness_code":0,"status_note":null,"survey_method":"市町村報告","survey_year":1997,"source":"埼玉県環境科学国際センター「1997年版 埼玉県湿地湧水地台帳」（原典: 埼玉県環境生活部自然環境課, 1997年作成）","source_url":"https://atlas-eco-saitama-pref-saitama.hub.arcgis.com/apps/50e96c8bc0cf4bd29418301d7640b33d/explore","data_note":"1997年時点のスナップショットです。現況とは大きく異なる場合があります。categoryは名称文字列からこのスクリプトが独自に推定した分類で、出典データ本来の区分ではありません。"}},{"type":"Feature","geometry":{"type":"Point","coordinates":[139.37749477684,36.0992095825147]},"properties":{"id":"wetland1997_199","name":"武蔵丘陵森林公園内の湿地","municipality":"熊谷市","address":null,"category":"湿地・湿原","wetland_no":400,"raw_type_code":0,"raw_naturalness_code":0,"status_note":null,"survey_method":"航空写真","survey_year":1997,"source":"埼玉県環境科学国際センター「1997年版 埼玉県湿地湧水地台帳」（原典: 埼玉県環境生活部自然環境課, 1997年作成）","source_url":"https://atlas-eco-saitama-pref-saitama.hub.arcgis.com/apps/50e96c8bc0cf4bd29418301d7640b33d/explore","data_note":"1997年時点のスナップショットです。現況とは大きく異なる場合があります。categoryは名称文字列からこのスクリプトが独自に推定した分類で、出典データ本来の区分ではありません。"}},{"type":"Feature","geometry":{"type":"Point","coordinates":[139.278842337616,36.1907803443438]},"properties":{"id":"wetland1997_200","name":"滝の宮神社境内の池","municipality":"深谷市","address":"深谷市","category":"湧水・井戸","wetland_no":1026,"raw_type_code":2,"raw_naturalness_code":3,"status_note":null,"survey_method":"県民調査","survey_year":1997,"source":"埼玉県環境科学国際センター「1997年版 埼玉県湿地湧水地台帳」（原典: 埼玉県環境生活部自然環境課, 1997年作成）","source_url":"https://atlas-eco-saitama-pref-saitama.hub.arcgis.com/apps/50e96c8bc0cf4bd29418301d7640b33d/explore","data_note":"1997年時点のスナップショットです。現況とは大きく異なる場合があります。categoryは名称文字列からこのスクリプトが独自に推定した分類で、出典データ本来の区分ではありません。"}},{"type":"Feature","geometry":{"type":"Point","coordinates":[139.345700258425,36.1012815163279]},"properties":{"id":"wetland1997_201","name":"高根ゴルフ場内の湿地","municipality":"滑川町","address":null,"category":"湿地・湿原","wetland_no":326,"raw_type_code":0,"raw_naturalness_code":0,"status_note":null,"survey_method":"市町村報告","survey_year":1997,"source":"埼玉県環境科学国際センター「1997年版 埼玉県湿地湧水地台帳」（原典: 埼玉県環境生活部自然環境課, 1997年作成）","source_url":"https://atlas-eco-saitama-pref-saitama.hub.arcgis.com/apps/50e96c8bc0cf4bd29418301d7640b33d/explore","data_note":"1997年時点のスナップショットです。現況とは大きく異なる場合があります。categoryは名称文字列からこのスクリプトが独自に推定した分類で、出典データ本来の区分ではありません。"}},{"type":"Feature","geometry":{"type":"Point","coordinates":[139.381275215441,35.9908390757564]},"properties":{"id":"wetland1997_202","name":"旗立台地内の湿地","municipality":"東松山市","address":"東松山市旗立台","category":"湿地・湿原","wetland_no":1022,"raw_type_code":2,"raw_naturalness_code":3,"status_note":null,"survey_method":"県民調査","survey_year":1997,"source":"埼玉県環境科学国際センター「1997年版 埼玉県湿地湧水地台帳」（原典: 埼玉県環境生活部自然環境課, 1997年作成）","source_url":"https://atlas-eco-saitama-pref-saitama.hub.arcgis.com/apps/50e96c8bc0cf4bd29418301d7640b33d/explore","data_note":"1997年時点のスナップショットです。現況とは大きく異なる場合があります。categoryは名称文字列からこのスクリプトが独自に推定した分類で、出典データ本来の区分ではありません。"}},{"type":"Feature","geometry":{"type":"Point","coordinates":[139.070574193962,36.0530576380255]},"properties":{"id":"wetland1997_203","name":"山ノ根地区の湿地","municipality":"秩父市","address":"秩父市山ノ根","category":"湿地・湿原","wetland_no":447,"raw_type_code":0,"raw_naturalness_code":0,"status_note":null,"survey_method":"航空写真","survey_year":1997,"source":"埼玉県環境科学国際センター「1997年版 埼玉県湿地湧水地台帳」（原典: 埼玉県環境生活部自然環境課, 1997年作成）","source_url":"https://atlas-eco-saitama-pref-saitama.hub.arcgis.com/apps/50e96c8bc0cf4bd29418301d7640b33d/explore","data_note":"1997年時点のスナップショットです。現況とは大きく異なる場合があります。categoryは名称文字列からこのスクリプトが独自に推定した分類で、出典データ本来の区分ではありません。"}},{"type":"Feature","geometry":{"type":"Point","coordinates":[139.32917435369,36.1179317921543]},"properties":{"id":"wetland1997_204","name":"つけげ沼","municipality":"江南町","address":null,"category":"池・沼","wetland_no":317,"raw_type_code":0,"raw_naturalness_code":0,"status_note":null,"survey_method":"市町村報告","survey_year":1997,"source":"埼玉県環境科学国際センター「1997年版 埼玉県湿地湧水地台帳」（原典: 埼玉県環境生活部自然環境課, 1997年作成）","source_url":"https://atlas-eco-saitama-pref-saitama.hub.arcgis.com/apps/50e96c8bc0cf4bd29418301d7640b33d/explore","data_note":"1997年時点のスナップショットです。現況とは大きく異なる場合があります。categoryは名称文字列からこのスクリプトが独自に推定した分類で、出典データ本来の区分ではありません。"}},{"type":"Feature","geometry":{"type":"Point","coordinates":[139.305501976272,36.0744966571542]},"properties":{"id":"wetland1997_205","name":"地方沼上沼","municipality":"嵐山町","address":null,"category":"池・沼","wetland_no":518,"raw_type_code":0,"raw_naturalness_code":0,"status_note":null,"survey_method":"市町村報告","survey_year":1997,"source":"埼玉県環境科学国際センター「1997年版 埼玉県湿地湧水地台帳」（原典: 埼玉県環境生活部自然環境課, 1997年作成）","source_url":"https://atlas-eco-saitama-pref-saitama.hub.arcgis.com/apps/50e96c8bc0cf4bd29418301d7640b33d/explore","data_note":"1997年時点のスナップショットです。現況とは大きく異なる場合があります。categoryは名称文字列からこのスクリプトが独自に推定した分類で、出典データ本来の区分ではありません。"}},{"type":"Feature","geometry":{"type":"Point","coordinates":[139.244668499118,36.1364754156854]},"properties":{"id":"wetland1997_206","name":"柳出井","municipality":"花園町","address":"花園町大字永田","category":"その他","wetland_no":1090,"raw_type_code":2,"raw_naturalness_code":4,"status_note":null,"survey_method":"県民調査","survey_year":1997,"source":"埼玉県環境科学国際センター「1997年版 埼玉県湿地湧水地台帳」（原典: 埼玉県環境生活部自然環境課, 1997年作成）","source_url":"https://atlas-eco-saitama-pref-saitama.hub.arcgis.com/apps/50e96c8bc0cf4bd29418301d7640b33d/explore","data_note":"1997年時点のスナップショットです。現況とは大きく異なる場合があります。categoryは名称文字列からこのスクリプトが独自に推定した分類で、出典データ本来の区分ではありません。"}},{"type":"Feature","geometry":{"type":"Point","coordinates":[139.306570767543,35.9341341328591]},"properties":{"id":"wetland1997_207","name":"長栄寺の池","municipality":"毛呂山町","address":"毛呂山町大字小田谷","category":"池・沼","wetland_no":1056,"raw_type_code":4,"raw_naturalness_code":5,"status_note":null,"survey_method":"県民調査","survey_year":1997,"source":"埼玉県環境科学国際センター「1997年版 埼玉県湿地湧水地台帳」（原典: 埼玉県環境生活部自然環境課, 1997年作成）","source_url":"https://atlas-eco-saitama-pref-saitama.hub.arcgis.com/apps/50e96c8bc0cf4bd29418301d7640b33d/explore","data_note":"1997年時点のスナップショットです。現況とは大きく異なる場合があります。categoryは名称文字列からこのスクリプトが独自に推定した分類で、出典データ本来の区分ではありません。"}},{"type":"Feature","geometry":{"type":"Point","coordinates":[139.300021253214,35.9753492676334]},"properties":{"id":"wetland1997_208","name":"弁天沼","municipality":"越生町","address":null,"category":"池・沼","wetland_no":754,"raw_type_code":0,"raw_naturalness_code":0,"status_note":null,"survey_method":"市町村報告","survey_year":1997,"source":"埼玉県環境科学国際センター「1997年版 埼玉県湿地湧水地台帳」（原典: 埼玉県環境生活部自然環境課, 1997年作成）","source_url":"https://atlas-eco-saitama-pref-saitama.hub.arcgis.com/apps/50e96c8bc0cf4bd29418301d7640b33d/explore","data_note":"1997年時点のスナップショットです。現況とは大きく異なる場合があります。categoryは名称文字列からこのスクリプトが独自に推定した分類で、出典データ本来の区分ではありません。"}},{"type":"Feature","geometry":{"type":"Point","coordinates":[139.382838346917,36.0984713534978]},"properties":{"id":"wetland1997_209","name":"武蔵丘陵森林公園内の湿地","municipality":"熊谷市","address":null,"category":"湿地・湿原","wetland_no":401,"raw_type_code":0,"raw_naturalness_code":0,"status_note":null,"survey_method":"航空写真","survey_year":1997,"source":"埼玉県環境科学国際センター「1997年版 埼玉県湿地湧水地台帳」（原典: 埼玉県環境生活部自然環境課, 1997年作成）","source_url":"https://atlas-eco-saitama-pref-saitama.hub.arcgis.com/apps/50e96c8bc0cf4bd29418301d7640b33d/explore","data_note":"1997年時点のスナップショットです。現況とは大きく異なる場合があります。categoryは名称文字列からこのスクリプトが独自に推定した分類で、出典データ本来の区分ではありません。"}},{"type":"Feature","geometry":{"type":"Point","coordinates":[139.323167265486,35.969978293153]},"properties":{"id":"wetland1997_210","name":"武藏富士ゴルフ場内の湿地","municipality":"鳩山町","address":null,"category":"湿地・湿原","wetland_no":730,"raw_type_code":0,"raw_naturalness_code":0,"status_note":null,"survey_method":null,"survey_year":1997,"source":"埼玉県環境科学国際センター「1997年版 埼玉県湿地湧水地台帳」（原典: 埼玉県環境生活部自然環境課, 1997年作成）","source_url":"https://atlas-eco-saitama-pref-saitama.hub.arcgis.com/apps/50e96c8bc0cf4bd29418301d7640b33d/explore","data_note":"1997年時点のスナップショットです。現況とは大きく異なる場合があります。categoryは名称文字列からこのスクリプトが独自に推定した分類で、出典データ本来の区分ではありません。"}},{"type":"Feature","geometry":{"type":"Point","coordinates":[139.357927581693,36.0610921157933]},"properties":{"id":"wetland1997_211","name":"大山地区内の湿地","municipality":"滑川町","address":null,"category":"湿地・湿原","wetland_no":577,"raw_type_code":0,"raw_naturalness_code":0,"status_note":null,"survey_method":"市町村報告","survey_year":1997,"source":"埼玉県環境科学国際センター「1997年版 埼玉県湿地湧水地台帳」（原典: 埼玉県環境生活部自然環境課, 1997年作成）","source_url":"https://atlas-eco-saitama-pref-saitama.hub.arcgis.com/apps/50e96c8bc0cf4bd29418301d7640b33d/explore","data_note":"1997年時点のスナップショットです。現況とは大きく異なる場合があります。categoryは名称文字列からこのスクリプトが独自に推定した分類で、出典データ本来の区分ではありません。"}},{"type":"Feature","geometry":{"type":"Point","coordinates":[139.390221749358,35.78459437446]},"properties":{"id":"wetland1997_212","name":"堀之内の堂入池","municipality":"所沢市","address":"大字堀之内253（ドウイリ）","category":"池・沼","wetland_no":49,"raw_type_code":2,"raw_naturalness_code":0,"status_note":null,"survey_method":"代表湿地","survey_year":1997,"source":"埼玉県環境科学国際センター「1997年版 埼玉県湿地湧水地台帳」（原典: 埼玉県環境生活部自然環境課, 1997年作成）","source_url":"https://atlas-eco-saitama-pref-saitama.hub.arcgis.com/apps/50e96c8bc0cf4bd29418301d7640b33d/explore","data_note":"1997年時点のスナップショットです。現況とは大きく異なる場合があります。categoryは名称文字列からこのスクリプトが独自に推定した分類で、出典データ本来の区分ではありません。"}},{"type":"Feature","geometry":{"type":"Point","coordinates":[139.154500137509,36.1756301412587]},"properties":{"id":"wetland1997_213","name":"摩詞池付近の池","municipality":"美里町","address":null,"category":"池・沼","wetland_no":252,"raw_type_code":0,"raw_naturalness_code":0,"status_note":null,"survey_method":"航空写真","survey_year":1997,"source":"埼玉県環境科学国際センター「1997年版 埼玉県湿地湧水地台帳」（原典: 埼玉県環境生活部自然環境課, 1997年作成）","source_url":"https://atlas-eco-saitama-pref-saitama.hub.arcgis.com/apps/50e96c8bc0cf4bd29418301d7640b33d/explore","data_note":"1997年時点のスナップショットです。現況とは大きく異なる場合があります。categoryは名称文字列からこのスクリプトが独自に推定した分類で、出典データ本来の区分ではありません。"}},{"type":"Feature","geometry":{"type":"Point","coordinates":[139.297505674873,36.085164667047]},"properties":{"id":"wetland1997_214","name":"沢後岩沼小沼","municipality":"嵐山町","address":null,"category":"池・沼","wetland_no":505,"raw_type_code":0,"raw_naturalness_code":0,"status_note":null,"survey_method":"市町村報告","survey_year":1997,"source":"埼玉県環境科学国際センター「1997年版 埼玉県湿地湧水地台帳」（原典: 埼玉県環境生活部自然環境課, 1997年作成）","source_url":"https://atlas-eco-saitama-pref-saitama.hub.arcgis.com/apps/50e96c8bc0cf4bd29418301d7640b33d/explore","data_note":"1997年時点のスナップショットです。現況とは大きく異なる場合があります。categoryは名称文字列からこのスクリプトが独自に推定した分類で、出典データ本来の区分ではありません。"}},{"type":"Feature","geometry":{"type":"Point","coordinates":[139.296261096776,35.9954106955318]},"properties":{"id":"wetland1997_215","name":"鳩山町高野倉地区の湿地","municipality":"越生町","address":"越生まち古池","category":"湿地・湿原","wetland_no":1055,"raw_type_code":4,"raw_naturalness_code":4,"status_note":null,"survey_method":"県民調査","survey_year":1997,"source":"埼玉県環境科学国際センター「1997年版 埼玉県湿地湧水地台帳」（原典: 埼玉県環境生活部自然環境課, 1997年作成）","source_url":"https://atlas-eco-saitama-pref-saitama.hub.arcgis.com/apps/50e96c8bc0cf4bd29418301d7640b33d/explore","data_note":"1997年時点のスナップショットです。現況とは大きく異なる場合があります。categoryは名称文字列からこのスクリプトが独自に推定した分類で、出典データ本来の区分ではありません。"}},{"type":"Feature","geometry":{"type":"Point","coordinates":[139.39548345776,36.1905445184692]},"properties":{"id":"wetland1997_216","name":"四方寺地区内の北の湿地","municipality":"熊谷市","address":"熊谷市四方寺","category":"湿地・湿原","wetland_no":260,"raw_type_code":0,"raw_naturalness_code":0,"status_note":null,"survey_method":"航空写真","survey_year":1997,"source":"埼玉県環境科学国際センター「1997年版 埼玉県湿地湧水地台帳」（原典: 埼玉県環境生活部自然環境課, 1997年作成）","source_url":"https://atlas-eco-saitama-pref-saitama.hub.arcgis.com/apps/50e96c8bc0cf4bd29418301d7640b33d/explore","data_note":"1997年時点のスナップショットです。現況とは大きく異なる場合があります。categoryは名称文字列からこのスクリプトが独自に推定した分類で、出典データ本来の区分ではありません。"}},{"type":"Feature","geometry":{"type":"Point","coordinates":[139.382167273061,35.995533461223]},"properties":{"id":"wetland1997_217","name":"地獄坊池（松風台公園）","municipality":"東松山市","address":null,"category":"池・沼","wetland_no":776,"raw_type_code":0,"raw_naturalness_code":0,"status_note":null,"survey_method":"市町村報告","survey_year":1997,"source":"埼玉県環境科学国際センター「1997年版 埼玉県湿地湧水地台帳」（原典: 埼玉県環境生活部自然環境課, 1997年作成）","source_url":"https://atlas-eco-saitama-pref-saitama.hub.arcgis.com/apps/50e96c8bc0cf4bd29418301d7640b33d/explore","data_note":"1997年時点のスナップショットです。現況とは大きく異なる場合があります。categoryは名称文字列からこのスクリプトが独自に推定した分類で、出典データ本来の区分ではありません。"}},{"type":"Feature","geometry":{"type":"Point","coordinates":[139.082805963891,36.0865928926124]},"properties":{"id":"wetland1997_218","name":"一ト星池","municipality":"皆野町","address":"大字国神地内","category":"池・沼","wetland_no":238,"raw_type_code":4,"raw_naturalness_code":5,"status_note":null,"survey_method":"代表湿地","survey_year":1997,"source":"埼玉県環境科学国際センター「1997年版 埼玉県湿地湧水地台帳」（原典: 埼玉県環境生活部自然環境課, 1997年作成）","source_url":"https://atlas-eco-saitama-pref-saitama.hub.arcgis.com/apps/50e96c8bc0cf4bd29418301d7640b33d/explore","data_note":"1997年時点のスナップショットです。現況とは大きく異なる場合があります。categoryは名称文字列からこのスクリプトが独自に推定した分類で、出典データ本来の区分ではありません。"}},{"type":"Feature","geometry":{"type":"Point","coordinates":[139.614593593156,35.7925289292993]},"properties":{"id":"wetland1997_219","name":"柿木坂湧き水公園の湧水地","municipality":"和光市","address":"新倉1-3781-1","category":"湧水・井戸","wetland_no":86,"raw_type_code":2,"raw_naturalness_code":0,"status_note":null,"survey_method":"代表湿地","survey_year":1997,"source":"埼玉県環境科学国際センター「1997年版 埼玉県湿地湧水地台帳」（原典: 埼玉県環境生活部自然環境課, 1997年作成）","source_url":"https://atlas-eco-saitama-pref-saitama.hub.arcgis.com/apps/50e96c8bc0cf4bd29418301d7640b33d/explore","data_note":"1997年時点のスナップショットです。現況とは大きく異なる場合があります。categoryは名称文字列からこのスクリプトが独自に推定した分類で、出典データ本来の区分ではありません。"}},{"type":"Feature","geometry":{"type":"Point","coordinates":[139.35597685502,36.0761064375528]},"properties":{"id":"wetland1997_220","name":"古姓地区の南にある湿地","municipality":"滑川町","address":null,"category":"湿地・湿原","wetland_no":555,"raw_type_code":0,"raw_naturalness_code":0,"status_note":null,"survey_method":"市町村報告","survey_year":1997,"source":"埼玉県環境科学国際センター「1997年版 埼玉県湿地湧水地台帳」（原典: 埼玉県環境生活部自然環境課, 1997年作成）","source_url":"https://atlas-eco-saitama-pref-saitama.hub.arcgis.com/apps/50e96c8bc0cf4bd29418301d7640b33d/explore","data_note":"1997年時点のスナップショットです。現況とは大きく異なる場合があります。categoryは名称文字列からこのスクリプトが独自に推定した分類で、出典データ本来の区分ではありません。"}},{"type":"Feature","geometry":{"type":"Point","coordinates":[139.29880923725,36.1077533585735]},"properties":{"id":"wetland1997_221","name":"古沼","municipality":"嵐山町","address":null,"category":"池・沼","wetland_no":360,"raw_type_code":0,"raw_naturalness_code":0,"status_note":null,"survey_method":"市町村報告","survey_year":1997,"source":"埼玉県環境科学国際センター「1997年版 埼玉県湿地湧水地台帳」（原典: 埼玉県環境生活部自然環境課, 1997年作成）","source_url":"https://atlas-eco-saitama-pref-saitama.hub.arcgis.com/apps/50e96c8bc0cf4bd29418301d7640b33d/explore","data_note":"1997年時点のスナップショットです。現況とは大きく異なる場合があります。categoryは名称文字列からこのスクリプトが独自に推定した分類で、出典データ本来の区分ではありません。"}},{"type":"Feature","geometry":{"type":"Point","coordinates":[139.228569652571,36.1009354797411]},"properties":{"id":"wetland1997_222","name":"根岸入池","municipality":"寄居町","address":null,"category":"池・沼","wetland_no":291,"raw_type_code":0,"raw_naturalness_code":0,"status_note":null,"survey_method":"市町村報告","survey_year":1997,"source":"埼玉県環境科学国際センター「1997年版 埼玉県湿地湧水地台帳」（原典: 埼玉県環境生活部自然環境課, 1997年作成）","source_url":"https://atlas-eco-saitama-pref-saitama.hub.arcgis.com/apps/50e96c8bc0cf4bd29418301d7640b33d/explore","data_note":"1997年時点のスナップショットです。現況とは大きく異なる場合があります。categoryは名称文字列からこのスクリプトが独自に推定した分類で、出典データ本来の区分ではありません。"}},{"type":"Feature","geometry":{"type":"Point","coordinates":[139.311081858965,36.0698763791813]},"properties":{"id":"wetland1997_223","name":"打越沼上","municipality":"嵐山町","address":null,"category":"池・沼","wetland_no":522,"raw_type_code":0,"raw_naturalness_code":0,"status_note":null,"survey_method":"市町村報告","survey_year":1997,"source":"埼玉県環境科学国際センター「1997年版 埼玉県湿地湧水地台帳」（原典: 埼玉県環境生活部自然環境課, 1997年作成）","source_url":"https://atlas-eco-saitama-pref-saitama.hub.arcgis.com/apps/50e96c8bc0cf4bd29418301d7640b33d/explore","data_note":"1997年時点のスナップショットです。現況とは大きく異なる場合があります。categoryは名称文字列からこのスクリプトが独自に推定した分類で、出典データ本来の区分ではありません。"}},{"type":"Feature","geometry":{"type":"Point","coordinates":[139.086505231621,36.1940226455719]},"properties":{"id":"wetland1997_224","name":"古池","municipality":"神川町","address":"大字二ノ宮359-1","category":"池・沼","wetland_no":158,"raw_type_code":4,"raw_naturalness_code":5,"status_note":null,"survey_method":"代表湿地","survey_year":1997,"source":"埼玉県環境科学国際センター「1997年版 埼玉県湿地湧水地台帳」（原典: 埼玉県環境生活部自然環境課, 1997年作成）","source_url":"https://atlas-eco-saitama-pref-saitama.hub.arcgis.com/apps/50e96c8bc0cf4bd29418301d7640b33d/explore","data_note":"1997年時点のスナップショットです。現況とは大きく異なる場合があります。categoryは名称文字列からこのスクリプトが独自に推定した分類で、出典データ本来の区分ではありません。"}},{"type":"Feature","geometry":{"type":"Point","coordinates":[139.298765891741,36.0919343618681]},"properties":{"id":"wetland1997_225","name":"宮前地区の南にある湿地","municipality":"小川町","address":null,"category":"湿地・湿原","wetland_no":374,"raw_type_code":0,"raw_naturalness_code":0,"status_note":null,"survey_method":"市町村報告","survey_year":1997,"source":"埼玉県環境科学国際センター「1997年版 埼玉県湿地湧水地台帳」（原典: 埼玉県環境生活部自然環境課, 1997年作成）","source_url":"https://atlas-eco-saitama-pref-saitama.hub.arcgis.com/apps/50e96c8bc0cf4bd29418301d7640b33d/explore","data_note":"1997年時点のスナップショットです。現況とは大きく異なる場合があります。categoryは名称文字列からこのスクリプトが独自に推定した分類で、出典データ本来の区分ではありません。"}},{"type":"Feature","geometry":{"type":"Point","coordinates":[139.338174808982,36.0937849129716]},"properties":{"id":"wetland1997_226","name":"スウゲイ沼","municipality":"江南町","address":null,"category":"池・沼","wetland_no":309,"raw_type_code":0,"raw_naturalness_code":0,"status_note":null,"survey_method":"市町村報告","survey_year":1997,"source":"埼玉県環境科学国際センター「1997年版 埼玉県湿地湧水地台帳」（原典: 埼玉県環境生活部自然環境課, 1997年作成）","source_url":"https://atlas-eco-saitama-pref-saitama.hub.arcgis.com/apps/50e96c8bc0cf4bd29418301d7640b33d/explore","data_note":"1997年時点のスナップショットです。現況とは大きく異なる場合があります。categoryは名称文字列からこのスクリプトが独自に推定した分類で、出典データ本来の区分ではありません。"}},{"type":"Feature","geometry":{"type":"Point","coordinates":[139.394495312744,36.0849222039646]},"properties":{"id":"wetland1997_227","name":"アシマ沼下池","municipality":"東松山市","address":null,"category":"池・沼","wetland_no":604,"raw_type_code":0,"raw_naturalness_code":0,"status_note":null,"survey_method":"市町村報告","survey_year":1997,"source":"埼玉県環境科学国際センター「1997年版 埼玉県湿地湧水地台帳」（原典: 埼玉県環境生活部自然環境課, 1997年作成）","source_url":"https://atlas-eco-saitama-pref-saitama.hub.arcgis.com/apps/50e96c8bc0cf4bd29418301d7640b33d/explore","data_note":"1997年時点のスナップショットです。現況とは大きく異なる場合があります。categoryは名称文字列からこのスクリプトが独自に推定した分類で、出典データ本来の区分ではありません。"}},{"type":"Feature","geometry":{"type":"Point","coordinates":[139.276379577518,36.0775791275366]},"properties":{"id":"wetland1997_228","name":"にごり沼（上）","municipality":"小川町","address":null,"category":"池・沼","wetland_no":477,"raw_type_code":0,"raw_naturalness_code":0,"status_note":null,"survey_method":"市町村報告","survey_year":1997,"source":"埼玉県環境科学国際センター「1997年版 埼玉県湿地湧水地台帳」（原典: 埼玉県環境生活部自然環境課, 1997年作成）","source_url":"https://atlas-eco-saitama-pref-saitama.hub.arcgis.com/apps/50e96c8bc0cf4bd29418301d7640b33d/explore","data_note":"1997年時点のスナップショットです。現況とは大きく異なる場合があります。categoryは名称文字列からこのスクリプトが独自に推定した分類で、出典データ本来の区分ではありません。"}},{"type":"Feature","geometry":{"type":"Point","coordinates":[139.214696972333,36.0983199953255]},"properties":{"id":"wetland1997_229","name":"三ヶ山地区の湿地","municipality":"寄居町","address":"寄居町三ヶ山","category":"湿地・湿原","wetland_no":1112,"raw_type_code":0,"raw_naturalness_code":0,"status_note":null,"survey_method":"市町村報告","survey_year":1997,"source":"埼玉県環境科学国際センター「1997年版 埼玉県湿地湧水地台帳」（原典: 埼玉県環境生活部自然環境課, 1997年作成）","source_url":"https://atlas-eco-saitama-pref-saitama.hub.arcgis.com/apps/50e96c8bc0cf4bd29418301d7640b33d/explore","data_note":"1997年時点のスナップショットです。現況とは大きく異なる場合があります。categoryは名称文字列からこのスクリプトが独自に推定した分類で、出典データ本来の区分ではありません。"}},{"type":"Feature","geometry":{"type":"Point","coordinates":[139.596569797092,35.8125463353335]},"properties":{"id":"wetland1997_230","name":"岡2丁目の湧水地（東円寺：不動の滝）","municipality":"朝霞市","address":"大字岡2-8地内","category":"湧水・井戸","wetland_no":79,"raw_type_code":2,"raw_naturalness_code":0,"status_note":null,"survey_method":"代表湿地","survey_year":1997,"source":"埼玉県環境科学国際センター「1997年版 埼玉県湿地湧水地台帳」（原典: 埼玉県環境生活部自然環境課, 1997年作成）","source_url":"https://atlas-eco-saitama-pref-saitama.hub.arcgis.com/apps/50e96c8bc0cf4bd29418301d7640b33d/explore","data_note":"1997年時点のスナップショットです。現況とは大きく異なる場合があります。categoryは名称文字列からこのスクリプトが独自に推定した分類で、出典データ本来の区分ではありません。"}},{"type":"Feature","geometry":{"type":"Point","coordinates":[139.249388596167,36.1267009842295]},"properties":{"id":"wetland1997_231","name":"赤口池","municipality":"花園町","address":"花園町大字黒田","category":"池・沼","wetland_no":1094,"raw_type_code":2,"raw_naturalness_code":4,"status_note":null,"survey_method":"県民調査","survey_year":1997,"source":"埼玉県環境科学国際センター「1997年版 埼玉県湿地湧水地台帳」（原典: 埼玉県環境生活部自然環境課, 1997年作成）","source_url":"https://atlas-eco-saitama-pref-saitama.hub.arcgis.com/apps/50e96c8bc0cf4bd29418301d7640b33d/explore","data_note":"1997年時点のスナップショットです。現況とは大きく異なる場合があります。categoryは名称文字列からこのスクリプトが独自に推定した分類で、出典データ本来の区分ではありません。"}},{"type":"Feature","geometry":{"type":"Point","coordinates":[139.068260794052,36.0518269800065]},"properties":{"id":"wetland1997_232","name":"山ノ根地区の湿地","municipality":"秩父市","address":"秩父市山ノ根","category":"湿地・湿原","wetland_no":448,"raw_type_code":0,"raw_naturalness_code":0,"status_note":null,"survey_method":"航空写真","survey_year":1997,"source":"埼玉県環境科学国際センター「1997年版 埼玉県湿地湧水地台帳」（原典: 埼玉県環境生活部自然環境課, 1997年作成）","source_url":"https://atlas-eco-saitama-pref-saitama.hub.arcgis.com/apps/50e96c8bc0cf4bd29418301d7640b33d/explore","data_note":"1997年時点のスナップショットです。現況とは大きく異なる場合があります。categoryは名称文字列からこのスクリプトが独自に推定した分類で、出典データ本来の区分ではありません。"}},{"type":"Feature","geometry":{"type":"Point","coordinates":[139.323669489307,35.9979503519616]},"properties":{"id":"wetland1997_233","name":"須江地区の南にある湿地","municipality":"鳩山町","address":null,"category":"湿地・湿原","wetland_no":722,"raw_type_code":0,"raw_naturalness_code":0,"status_note":null,"survey_method":null,"survey_year":1997,"source":"埼玉県環境科学国際センター「1997年版 埼玉県湿地湧水地台帳」（原典: 埼玉県環境生活部自然環境課, 1997年作成）","source_url":"https://atlas-eco-saitama-pref-saitama.hub.arcgis.com/apps/50e96c8bc0cf4bd29418301d7640b33d/explore","data_note":"1997年時点のスナップショットです。現況とは大きく異なる場合があります。categoryは名称文字列からこのスクリプトが独自に推定した分類で、出典データ本来の区分ではありません。"}},{"type":"Feature","geometry":{"type":"Point","coordinates":[139.201885489008,36.1326822203511]},"properties":{"id":"wetland1997_234","name":"南飯塚4号池","municipality":"寄居町","address":null,"category":"池・沼","wetland_no":288,"raw_type_code":0,"raw_naturalness_code":0,"status_note":null,"survey_method":"市町村報告","survey_year":1997,"source":"埼玉県環境科学国際センター「1997年版 埼玉県湿地湧水地台帳」（原典: 埼玉県環境生活部自然環境課, 1997年作成）","source_url":"https://atlas-eco-saitama-pref-saitama.hub.arcgis.com/apps/50e96c8bc0cf4bd29418301d7640b33d/explore","data_note":"1997年時点のスナップショットです。現況とは大きく異なる場合があります。categoryは名称文字列からこのスクリプトが独自に推定した分類で、出典データ本来の区分ではありません。"}},{"type":"Feature","geometry":{"type":"Point","coordinates":[139.231656086919,36.0571870854183]},"properties":{"id":"wetland1997_235","name":"増尾地区の西にある湿地","municipality":"小川町","address":null,"category":"湿地・湿原","wetland_no":460,"raw_type_code":0,"raw_naturalness_code":0,"status_note":null,"survey_method":"市町村報告","survey_year":1997,"source":"埼玉県環境科学国際センター「1997年版 埼玉県湿地湧水地台帳」（原典: 埼玉県環境生活部自然環境課, 1997年作成）","source_url":"https://atlas-eco-saitama-pref-saitama.hub.arcgis.com/apps/50e96c8bc0cf4bd29418301d7640b33d/explore","data_note":"1997年時点のスナップショットです。現況とは大きく異なる場合があります。categoryは名称文字列からこのスクリプトが独自に推定した分類で、出典データ本来の区分ではありません。"}},{"type":"Feature","geometry":{"type":"Point","coordinates":[139.208156196816,36.0858755558175]},"properties":{"id":"wetland1997_236","name":"梨ノ木池","municipality":"寄居町","address":"寄居町西ノ入","category":"池・沼","wetland_no":1111,"raw_type_code":0,"raw_naturalness_code":0,"status_note":null,"survey_method":"市町村報告","survey_year":1997,"source":"埼玉県環境科学国際センター「1997年版 埼玉県湿地湧水地台帳」（原典: 埼玉県環境生活部自然環境課, 1997年作成）","source_url":"https://atlas-eco-saitama-pref-saitama.hub.arcgis.com/apps/50e96c8bc0cf4bd29418301d7640b33d/explore","data_note":"1997年時点のスナップショットです。現況とは大きく異なる場合があります。categoryは名称文字列からこのスクリプトが独自に推定した分類で、出典データ本来の区分ではありません。"}},{"type":"Feature","geometry":{"type":"Point","coordinates":[139.730913799148,36.0862511804785]},"properties":{"id":"wetland1997_237","name":"堤下地区の中川の左岸にある湿地","municipality":"幸手市","address":null,"category":"河川・水路","wetland_no":661,"raw_type_code":0,"raw_naturalness_code":0,"status_note":null,"survey_method":"市町村報告","survey_year":1997,"source":"埼玉県環境科学国際センター「1997年版 埼玉県湿地湧水地台帳」（原典: 埼玉県環境生活部自然環境課, 1997年作成）","source_url":"https://atlas-eco-saitama-pref-saitama.hub.arcgis.com/apps/50e96c8bc0cf4bd29418301d7640b33d/explore","data_note":"1997年時点のスナップショットです。現況とは大きく異なる場合があります。categoryは名称文字列からこのスクリプトが独自に推定した分類で、出典データ本来の区分ではありません。"}},{"type":"Feature","geometry":{"type":"Point","coordinates":[139.720958022383,35.9497289557487]},"properties":{"id":"wetland1997_238","name":"オッポリ沼","municipality":"岩槻市","address":null,"category":"池・沼","wetland_no":792,"raw_type_code":0,"raw_naturalness_code":0,"status_note":null,"survey_method":"市町村報告","survey_year":1997,"source":"埼玉県環境科学国際センター「1997年版 埼玉県湿地湧水地台帳」（原典: 埼玉県環境生活部自然環境課, 1997年作成）","source_url":"https://atlas-eco-saitama-pref-saitama.hub.arcgis.com/apps/50e96c8bc0cf4bd29418301d7640b33d/explore","data_note":"1997年時点のスナップショットです。現況とは大きく異なる場合があります。categoryは名称文字列からこのスクリプトが独自に推定した分類で、出典データ本来の区分ではありません。"}},{"type":"Feature","geometry":{"type":"Point","coordinates":[139.261407490527,36.0465699968385]},"properties":{"id":"wetland1997_239","name":"青山地区内の湿地","municipality":"小川町","address":null,"category":"湿地・湿原","wetland_no":491,"raw_type_code":0,"raw_naturalness_code":0,"status_note":null,"survey_method":"市町村報告","survey_year":1997,"source":"埼玉県環境科学国際センター「1997年版 埼玉県湿地湧水地台帳」（原典: 埼玉県環境生活部自然環境課, 1997年作成）","source_url":"https://atlas-eco-saitama-pref-saitama.hub.arcgis.com/apps/50e96c8bc0cf4bd29418301d7640b33d/explore","data_note":"1997年時点のスナップショットです。現況とは大きく異なる場合があります。categoryは名称文字列からこのスクリプトが独自に推定した分類で、出典データ本来の区分ではありません。"}},{"type":"Feature","geometry":{"type":"Point","coordinates":[139.349721213756,36.0948320532631]},"properties":{"id":"wetland1997_240","name":"高根ゴルフ場内の東側にある湿地","municipality":"滑川町","address":null,"category":"湿地・湿原","wetland_no":329,"raw_type_code":0,"raw_naturalness_code":0,"status_note":null,"survey_method":"市町村報告","survey_year":1997,"source":"埼玉県環境科学国際センター「1997年版 埼玉県湿地湧水地台帳」（原典: 埼玉県環境生活部自然環境課, 1997年作成）","source_url":"https://atlas-eco-saitama-pref-saitama.hub.arcgis.com/apps/50e96c8bc0cf4bd29418301d7640b33d/explore","data_note":"1997年時点のスナップショットです。現況とは大きく異なる場合があります。categoryは名称文字列からこのスクリプトが独自に推定した分類で、出典データ本来の区分ではありません。"}},{"type":"Feature","geometry":{"type":"Point","coordinates":[139.286178871354,36.0546759344826]},"properties":{"id":"wetland1997_241","name":"中台沼","municipality":"小川町","address":null,"category":"池・沼","wetland_no":487,"raw_type_code":0,"raw_naturalness_code":0,"status_note":null,"survey_method":"市町村報告","survey_year":1997,"source":"埼玉県環境科学国際センター「1997年版 埼玉県湿地湧水地台帳」（原典: 埼玉県環境生活部自然環境課, 1997年作成）","source_url":"https://atlas-eco-saitama-pref-saitama.hub.arcgis.com/apps/50e96c8bc0cf4bd29418301d7640b33d/explore","data_note":"1997年時点のスナップショットです。現況とは大きく異なる場合があります。categoryは名称文字列からこのスクリプトが独自に推定した分類で、出典データ本来の区分ではありません。"}},{"type":"Feature","geometry":{"type":"Point","coordinates":[139.306440170467,35.9291263835443]},"properties":{"id":"wetland1997_242","name":"(名称未記載)","municipality":"","address":null,"category":"その他","wetland_no":763,"raw_type_code":0,"raw_naturalness_code":0,"status_note":null,"survey_method":null,"survey_year":1997,"source":"埼玉県環境科学国際センター「1997年版 埼玉県湿地湧水地台帳」（原典: 埼玉県環境生活部自然環境課, 1997年作成）","source_url":"https://atlas-eco-saitama-pref-saitama.hub.arcgis.com/apps/50e96c8bc0cf4bd29418301d7640b33d/explore","data_note":"1997年時点のスナップショットです。現況とは大きく異なる場合があります。categoryは名称文字列からこのスクリプトが独自に推定した分類で、出典データ本来の区分ではありません。"}},{"type":"Feature","geometry":{"type":"Point","coordinates":[139.25053641942,36.12871436033]},"properties":{"id":"wetland1997_243","name":"黒田上南原地内の湧水","municipality":"花園町","address":"花園町大字黒田","category":"湧水・井戸","wetland_no":1095,"raw_type_code":2,"raw_naturalness_code":3,"status_note":null,"survey_method":"県民調査","survey_year":1997,"source":"埼玉県環境科学国際センター「1997年版 埼玉県湿地湧水地台帳」（原典: 埼玉県環境生活部自然環境課, 1997年作成）","source_url":"https://atlas-eco-saitama-pref-saitama.hub.arcgis.com/apps/50e96c8bc0cf4bd29418301d7640b33d/explore","data_note":"1997年時点のスナップショットです。現況とは大きく異なる場合があります。categoryは名称文字列からこのスクリプトが独自に推定した分類で、出典データ本来の区分ではありません。"}},{"type":"Feature","geometry":{"type":"Point","coordinates":[139.339015834209,36.0919807609226]},"properties":{"id":"wetland1997_244","name":"日向沼","municipality":"江南町","address":null,"category":"池・沼","wetland_no":310,"raw_type_code":0,"raw_naturalness_code":0,"status_note":null,"survey_method":"市町村報告","survey_year":1997,"source":"埼玉県環境科学国際センター「1997年版 埼玉県湿地湧水地台帳」（原典: 埼玉県環境生活部自然環境課, 1997年作成）","source_url":"https://atlas-eco-saitama-pref-saitama.hub.arcgis.com/apps/50e96c8bc0cf4bd29418301d7640b33d/explore","data_note":"1997年時点のスナップショットです。現況とは大きく異なる場合があります。categoryは名称文字列からこのスクリプトが独自に推定した分類で、出典データ本来の区分ではありません。"}},{"type":"Feature","geometry":{"type":"Point","coordinates":[139.349234236143,36.1015810963377]},"properties":{"id":"wetland1997_245","name":"高根ゴルフ場内の湿地","municipality":"滑川町","address":null,"category":"湿地・湿原","wetland_no":327,"raw_type_code":0,"raw_naturalness_code":0,"status_note":null,"survey_method":"市町村報告","survey_year":1997,"source":"埼玉県環境科学国際センター「1997年版 埼玉県湿地湧水地台帳」（原典: 埼玉県環境生活部自然環境課, 1997年作成）","source_url":"https://atlas-eco-saitama-pref-saitama.hub.arcgis.com/apps/50e96c8bc0cf4bd29418301d7640b33d/explore","data_note":"1997年時点のスナップショットです。現況とは大きく異なる場合があります。categoryは名称文字列からこのスクリプトが独自に推定した分類で、出典データ本来の区分ではありません。"}},{"type":"Feature","geometry":{"type":"Point","coordinates":[139.403251985929,36.0781382391705]},"properties":{"id":"wetland1997_246","name":"亀ノ甲沼","municipality":"東松山市","address":null,"category":"池・沼","wetland_no":609,"raw_type_code":0,"raw_naturalness_code":0,"status_note":null,"survey_method":"市町村報告","survey_year":1997,"source":"埼玉県環境科学国際センター「1997年版 埼玉県湿地湧水地台帳」（原典: 埼玉県環境生活部自然環境課, 1997年作成）","source_url":"https://atlas-eco-saitama-pref-saitama.hub.arcgis.com/apps/50e96c8bc0cf4bd29418301d7640b33d/explore","data_note":"1997年時点のスナップショットです。現況とは大きく異なる場合があります。categoryは名称文字列からこのスクリプトが独自に推定した分類で、出典データ本来の区分ではありません。"}},{"type":"Feature","geometry":{"type":"Point","coordinates":[139.601440562276,35.8079963984963]},"properties":{"id":"wetland1997_247","name":"岡3丁目の湧水地（代官水）","municipality":"朝霞市","address":"大字岡3-8地内","category":"湧水・井戸","wetland_no":81,"raw_type_code":2,"raw_naturalness_code":0,"status_note":null,"survey_method":"代表湿地","survey_year":1997,"source":"埼玉県環境科学国際センター「1997年版 埼玉県湿地湧水地台帳」（原典: 埼玉県環境生活部自然環境課, 1997年作成）","source_url":"https://atlas-eco-saitama-pref-saitama.hub.arcgis.com/apps/50e96c8bc0cf4bd29418301d7640b33d/explore","data_note":"1997年時点のスナップショットです。現況とは大きく異なる場合があります。categoryは名称文字列からこのスクリプトが独自に推定した分類で、出典データ本来の区分ではありません。"}},{"type":"Feature","geometry":{"type":"Point","coordinates":[139.275464912896,36.0781190951679]},"properties":{"id":"wetland1997_248","name":"下在家地区内の湿地","municipality":"小川町","address":null,"category":"湿地・湿原","wetland_no":476,"raw_type_code":0,"raw_naturalness_code":0,"status_note":null,"survey_method":"市町村報告","survey_year":1997,"source":"埼玉県環境科学国際センター「1997年版 埼玉県湿地湧水地台帳」（原典: 埼玉県環境生活部自然環境課, 1997年作成）","source_url":"https://atlas-eco-saitama-pref-saitama.hub.arcgis.com/apps/50e96c8bc0cf4bd29418301d7640b33d/explore","data_note":"1997年時点のスナップショットです。現況とは大きく異なる場合があります。categoryは名称文字列からこのスクリプトが独自に推定した分類で、出典データ本来の区分ではありません。"}},{"type":"Feature","geometry":{"type":"Point","coordinates":[139.369397791366,36.0830470822822]},"properties":{"id":"wetland1997_249","name":"武藏丘陵森林公園内の湿地","municipality":"滑川町","address":null,"category":"湿地・湿原","wetland_no":550,"raw_type_code":0,"raw_naturalness_code":0,"status_note":null,"survey_method":"市町村報告","survey_year":1997,"source":"埼玉県環境科学国際センター「1997年版 埼玉県湿地湧水地台帳」（原典: 埼玉県環境生活部自然環境課, 1997年作成）","source_url":"https://atlas-eco-saitama-pref-saitama.hub.arcgis.com/apps/50e96c8bc0cf4bd29418301d7640b33d/explore","data_note":"1997年時点のスナップショットです。現況とは大きく異なる場合があります。categoryは名称文字列からこのスクリプトが独自に推定した分類で、出典データ本来の区分ではありません。"}},{"type":"Feature","geometry":{"type":"Point","coordinates":[139.436381840132,35.9343008818807]},"properties":{"id":"wetland1997_250","name":"大越記念庭園池","municipality":"川越市","address":"川越市鯨井","category":"池・沼","wetland_no":1013,"raw_type_code":4,"raw_naturalness_code":4,"status_note":null,"survey_method":"県民調査","survey_year":1997,"source":"埼玉県環境科学国際センター「1997年版 埼玉県湿地湧水地台帳」（原典: 埼玉県環境生活部自然環境課, 1997年作成）","source_url":"https://atlas-eco-saitama-pref-saitama.hub.arcgis.com/apps/50e96c8bc0cf4bd29418301d7640b33d/explore","data_note":"1997年時点のスナップショットです。現況とは大きく異なる場合があります。categoryは名称文字列からこのスクリプトが独自に推定した分類で、出典データ本来の区分ではありません。"}},{"type":"Feature","geometry":{"type":"Point","coordinates":[139.58728707407,36.1357045992656]},"properties":{"id":"wetland1997_251","name":"不動岡地区の南にある湿地","municipality":"加須市","address":null,"category":"湿地・湿原","wetland_no":414,"raw_type_code":0,"raw_naturalness_code":0,"status_note":null,"survey_method":"航空写真","survey_year":1997,"source":"埼玉県環境科学国際センター「1997年版 埼玉県湿地湧水地台帳」（原典: 埼玉県環境生活部自然環境課, 1997年作成）","source_url":"https://atlas-eco-saitama-pref-saitama.hub.arcgis.com/apps/50e96c8bc0cf4bd29418301d7640b33d/explore","data_note":"1997年時点のスナップショットです。現況とは大きく異なる場合があります。categoryは名称文字列からこのスクリプトが独自に推定した分類で、出典データ本来の区分ではありません。"}},{"type":"Feature","geometry":{"type":"Point","coordinates":[139.630848754648,35.9164477774872]},"properties":{"id":"wetland1997_252","name":"大宮公園内の池","municipality":"大宮市","address":null,"category":"池・沼","wetland_no":829,"raw_type_code":0,"raw_naturalness_code":0,"status_note":null,"survey_method":"航空写真","survey_year":1997,"source":"埼玉県環境科学国際センター「1997年版 埼玉県湿地湧水地台帳」（原典: 埼玉県環境生活部自然環境課, 1997年作成）","source_url":"https://atlas-eco-saitama-pref-saitama.hub.arcgis.com/apps/50e96c8bc0cf4bd29418301d7640b33d/explore","data_note":"1997年時点のスナップショットです。現況とは大きく異なる場合があります。categoryは名称文字列からこのスクリプトが独自に推定した分類で、出典データ本来の区分ではありません。"}},{"type":"Feature","geometry":{"type":"Point","coordinates":[139.340303497303,36.0983915200771]},"properties":{"id":"wetland1997_253","name":"竹内沼","municipality":"江南町","address":null,"category":"池・沼","wetland_no":312,"raw_type_code":0,"raw_naturalness_code":0,"status_note":null,"survey_method":"市町村報告","survey_year":1997,"source":"埼玉県環境科学国際センター「1997年版 埼玉県湿地湧水地台帳」（原典: 埼玉県環境生活部自然環境課, 1997年作成）","source_url":"https://atlas-eco-saitama-pref-saitama.hub.arcgis.com/apps/50e96c8bc0cf4bd29418301d7640b33d/explore","data_note":"1997年時点のスナップショットです。現況とは大きく異なる場合があります。categoryは名称文字列からこのスクリプトが独自に推定した分類で、出典データ本来の区分ではありません。"}},{"type":"Feature","geometry":{"type":"Point","coordinates":[139.320641587386,35.9957423799157]},"properties":{"id":"wetland1997_254","name":"泉井地区の北にある湿地","municipality":"鳩山町","address":null,"category":"湿地・湿原","wetland_no":723,"raw_type_code":0,"raw_naturalness_code":0,"status_note":null,"survey_method":null,"survey_year":1997,"source":"埼玉県環境科学国際センター「1997年版 埼玉県湿地湧水地台帳」（原典: 埼玉県環境生活部自然環境課, 1997年作成）","source_url":"https://atlas-eco-saitama-pref-saitama.hub.arcgis.com/apps/50e96c8bc0cf4bd29418301d7640b33d/explore","data_note":"1997年時点のスナップショットです。現況とは大きく異なる場合があります。categoryは名称文字列からこのスクリプトが独自に推定した分類で、出典データ本来の区分ではありません。"}},{"type":"Feature","geometry":{"type":"Point","coordinates":[139.611291821855,35.8044855643282]},"properties":{"id":"wetland1997_255","name":"根岸水路遊歩道","municipality":"朝霞市","address":"朝霞市根岸台4丁目","category":"河川・水路","wetland_no":1037,"raw_type_code":2,"raw_naturalness_code":3,"status_note":null,"survey_method":"県民調査","survey_year":1997,"source":"埼玉県環境科学国際センター「1997年版 埼玉県湿地湧水地台帳」（原典: 埼玉県環境生活部自然環境課, 1997年作成）","source_url":"https://atlas-eco-saitama-pref-saitama.hub.arcgis.com/apps/50e96c8bc0cf4bd29418301d7640b33d/explore","data_note":"1997年時点のスナップショットです。現況とは大きく異なる場合があります。categoryは名称文字列からこのスクリプトが独自に推定した分類で、出典データ本来の区分ではありません。"}},{"type":"Feature","geometry":{"type":"Point","coordinates":[139.296080044026,35.9304101307854]},"properties":{"id":"wetland1997_256","name":"(名称未記載)","municipality":"","address":null,"category":"その他","wetland_no":760,"raw_type_code":0,"raw_naturalness_code":0,"status_note":null,"survey_method":null,"survey_year":1997,"source":"埼玉県環境科学国際センター「1997年版 埼玉県湿地湧水地台帳」（原典: 埼玉県環境生活部自然環境課, 1997年作成）","source_url":"https://atlas-eco-saitama-pref-saitama.hub.arcgis.com/apps/50e96c8bc0cf4bd29418301d7640b33d/explore","data_note":"1997年時点のスナップショットです。現況とは大きく異なる場合があります。categoryは名称文字列からこのスクリプトが独自に推定した分類で、出典データ本来の区分ではありません。"}},{"type":"Feature","geometry":{"type":"Point","coordinates":[139.325001411497,36.1002657364274]},"properties":{"id":"wetland1997_257","name":"桧谷沼","municipality":"江南町","address":null,"category":"池・沼","wetland_no":300,"raw_type_code":0,"raw_naturalness_code":0,"status_note":null,"survey_method":"市町村報告","survey_year":1997,"source":"埼玉県環境科学国際センター「1997年版 埼玉県湿地湧水地台帳」（原典: 埼玉県環境生活部自然環境課, 1997年作成）","source_url":"https://atlas-eco-saitama-pref-saitama.hub.arcgis.com/apps/50e96c8bc0cf4bd29418301d7640b33d/explore","data_note":"1997年時点のスナップショットです。現況とは大きく異なる場合があります。categoryは名称文字列からこのスクリプトが独自に推定した分類で、出典データ本来の区分ではありません。"}},{"type":"Feature","geometry":{"type":"Point","coordinates":[139.381218021503,35.859160838064]},"properties":{"id":"wetland1997_258","name":"白髪神社内の湧水地","municipality":"狭山市","address":"大字根岸地内","category":"湧水・井戸","wetland_no":67,"raw_type_code":2,"raw_naturalness_code":2,"status_note":null,"survey_method":"代表湿地","survey_year":1997,"source":"埼玉県環境科学国際センター「1997年版 埼玉県湿地湧水地台帳」（原典: 埼玉県環境生活部自然環境課, 1997年作成）","source_url":"https://atlas-eco-saitama-pref-saitama.hub.arcgis.com/apps/50e96c8bc0cf4bd29418301d7640b33d/explore","data_note":"1997年時点のスナップショットです。現況とは大きく異なる場合があります。categoryは名称文字列からこのスクリプトが独自に推定した分類で、出典データ本来の区分ではありません。"}},{"type":"Feature","geometry":{"type":"Point","coordinates":[139.371354882603,36.0923381624433]},"properties":{"id":"wetland1997_259","name":"武藏丘陵森林公園内の湿地","municipality":"滑川町","address":null,"category":"湿地・湿原","wetland_no":343,"raw_type_code":0,"raw_naturalness_code":0,"status_note":null,"survey_method":"市町村報告","survey_year":1997,"source":"埼玉県環境科学国際センター「1997年版 埼玉県湿地湧水地台帳」（原典: 埼玉県環境生活部自然環境課, 1997年作成）","source_url":"https://atlas-eco-saitama-pref-saitama.hub.arcgis.com/apps/50e96c8bc0cf4bd29418301d7640b33d/explore","data_note":"1997年時点のスナップショットです。現況とは大きく異なる場合があります。categoryは名称文字列からこのスクリプトが独自に推定した分類で、出典データ本来の区分ではありません。"}},{"type":"Feature","geometry":{"type":"Point","coordinates":[139.310634573412,36.1025756090913]},"properties":{"id":"wetland1997_260","name":"駒込沼","municipality":"嵐山町","address":null,"category":"池・沼","wetland_no":355,"raw_type_code":0,"raw_naturalness_code":0,"status_note":null,"survey_method":"市町村報告","survey_year":1997,"source":"埼玉県環境科学国際センター「1997年版 埼玉県湿地湧水地台帳」（原典: 埼玉県環境生活部自然環境課, 1997年作成）","source_url":"https://atlas-eco-saitama-pref-saitama.hub.arcgis.com/apps/50e96c8bc0cf4bd29418301d7640b33d/explore","data_note":"1997年時点のスナップショットです。現況とは大きく異なる場合があります。categoryは名称文字列からこのスクリプトが独自に推定した分類で、出典データ本来の区分ではありません。"}},{"type":"Feature","geometry":{"type":"Point","coordinates":[139.377974514033,36.0877978391353]},"properties":{"id":"wetland1997_261","name":"上山田地区の南にある湿地","municipality":"滑川町","address":null,"category":"湿地・湿原","wetland_no":390,"raw_type_code":0,"raw_naturalness_code":0,"status_note":null,"survey_method":"市町村報告","survey_year":1997,"source":"埼玉県環境科学国際センター「1997年版 埼玉県湿地湧水地台帳」（原典: 埼玉県環境生活部自然環境課, 1997年作成）","source_url":"https://atlas-eco-saitama-pref-saitama.hub.arcgis.com/apps/50e96c8bc0cf4bd29418301d7640b33d/explore","data_note":"1997年時点のスナップショットです。現況とは大きく異なる場合があります。categoryは名称文字列からこのスクリプトが独自に推定した分類で、出典データ本来の区分ではありません。"}},{"type":"Feature","geometry":{"type":"Point","coordinates":[139.02282779877,36.0331770415454]},"properties":{"id":"wetland1997_262","name":"関の大池","municipality":"吉田町","address":null,"category":"池・沼","wetland_no":438,"raw_type_code":0,"raw_naturalness_code":0,"status_note":null,"survey_method":"市町村報告","survey_year":1997,"source":"埼玉県環境科学国際センター「1997年版 埼玉県湿地湧水地台帳」（原典: 埼玉県環境生活部自然環境課, 1997年作成）","source_url":"https://atlas-eco-saitama-pref-saitama.hub.arcgis.com/apps/50e96c8bc0cf4bd29418301d7640b33d/explore","data_note":"1997年時点のスナップショットです。現況とは大きく異なる場合があります。categoryは名称文字列からこのスクリプトが独自に推定した分類で、出典データ本来の区分ではありません。"}},{"type":"Feature","geometry":{"type":"Point","coordinates":[139.345473922499,36.0037632827265]},"properties":{"id":"wetland1997_263","name":"奥田地区の東にある湿地","municipality":"鳩山町","address":null,"category":"湿地・湿原","wetland_no":596,"raw_type_code":0,"raw_naturalness_code":0,"status_note":null,"survey_method":null,"survey_year":1997,"source":"埼玉県環境科学国際センター「1997年版 埼玉県湿地湧水地台帳」（原典: 埼玉県環境生活部自然環境課, 1997年作成）","source_url":"https://atlas-eco-saitama-pref-saitama.hub.arcgis.com/apps/50e96c8bc0cf4bd29418301d7640b33d/explore","data_note":"1997年時点のスナップショットです。現況とは大きく異なる場合があります。categoryは名称文字列からこのスクリプトが独自に推定した分類で、出典データ本来の区分ではありません。"}},{"type":"Feature","geometry":{"type":"Point","coordinates":[139.694325669154,36.0521687574681]},"properties":{"id":"wetland1997_264","name":"和戸のミドリシジミの生息地①","municipality":"宮代町","address":"大字和戸字備中岐1761","category":"その他","wetland_no":222,"raw_type_code":3,"raw_naturalness_code":0,"status_note":null,"survey_method":"代表湿地","survey_year":1997,"source":"埼玉県環境科学国際センター「1997年版 埼玉県湿地湧水地台帳」（原典: 埼玉県環境生活部自然環境課, 1997年作成）","source_url":"https://atlas-eco-saitama-pref-saitama.hub.arcgis.com/apps/50e96c8bc0cf4bd29418301d7640b33d/explore","data_note":"1997年時点のスナップショットです。現況とは大きく異なる場合があります。categoryは名称文字列からこのスクリプトが独自に推定した分類で、出典データ本来の区分ではありません。"}},{"type":"Feature","geometry":{"type":"Point","coordinates":[139.32529916798,35.9274071862431]},"properties":{"id":"wetland1997_265","name":"サワギキョウの沼","municipality":"坂戸市","address":"坂戸市西坂戸4丁目","category":"池・沼","wetland_no":1044,"raw_type_code":4,"raw_naturalness_code":4,"status_note":null,"survey_method":"県民調査","survey_year":1997,"source":"埼玉県環境科学国際センター「1997年版 埼玉県湿地湧水地台帳」（原典: 埼玉県環境生活部自然環境課, 1997年作成）","source_url":"https://atlas-eco-saitama-pref-saitama.hub.arcgis.com/apps/50e96c8bc0cf4bd29418301d7640b33d/explore","data_note":"1997年時点のスナップショットです。現況とは大きく異なる場合があります。categoryは名称文字列からこのスクリプトが独自に推定した分類で、出典データ本来の区分ではありません。"}},{"type":"Feature","geometry":{"type":"Point","coordinates":[139.29333681732,36.067092836204]},"properties":{"id":"wetland1997_266","name":"稲岡沼（下）","municipality":"小川町","address":null,"category":"池・沼","wetland_no":485,"raw_type_code":0,"raw_naturalness_code":0,"status_note":null,"survey_method":"市町村報告","survey_year":1997,"source":"埼玉県環境科学国際センター「1997年版 埼玉県湿地湧水地台帳」（原典: 埼玉県環境生活部自然環境課, 1997年作成）","source_url":"https://atlas-eco-saitama-pref-saitama.hub.arcgis.com/apps/50e96c8bc0cf4bd29418301d7640b33d/explore","data_note":"1997年時点のスナップショットです。現況とは大きく異なる場合があります。categoryは名称文字列からこのスクリプトが独自に推定した分類で、出典データ本来の区分ではありません。"}},{"type":"Feature","geometry":{"type":"Point","coordinates":[139.801451929031,36.0234792706268]},"properties":{"id":"wetland1997_267","name":"(名称未記載)","municipality":"","address":null,"category":"その他","wetland_no":670,"raw_type_code":0,"raw_naturalness_code":0,"status_note":null,"survey_method":null,"survey_year":1997,"source":"埼玉県環境科学国際センター「1997年版 埼玉県湿地湧水地台帳」（原典: 埼玉県環境生活部自然環境課, 1997年作成）","source_url":"https://atlas-eco-saitama-pref-saitama.hub.arcgis.com/apps/50e96c8bc0cf4bd29418301d7640b33d/explore","data_note":"1997年時点のスナップショットです。現況とは大きく異なる場合があります。categoryは名称文字列からこのスクリプトが独自に推定した分類で、出典データ本来の区分ではありません。"}},{"type":"Feature","geometry":{"type":"Point","coordinates":[139.324708424171,36.0678050980857]},"properties":{"id":"wetland1997_268","name":"弁天沼","municipality":"嵐山町","address":null,"category":"池・沼","wetland_no":528,"raw_type_code":0,"raw_naturalness_code":0,"status_note":null,"survey_method":"市町村報告","survey_year":1997,"source":"埼玉県環境科学国際センター「1997年版 埼玉県湿地湧水地台帳」（原典: 埼玉県環境生活部自然環境課, 1997年作成）","source_url":"https://atlas-eco-saitama-pref-saitama.hub.arcgis.com/apps/50e96c8bc0cf4bd29418301d7640b33d/explore","data_note":"1997年時点のスナップショットです。現況とは大きく異なる場合があります。categoryは名称文字列からこのスクリプトが独自に推定した分類で、出典データ本来の区分ではありません。"}},{"type":"Feature","geometry":{"type":"Point","coordinates":[139.630064298131,36.0927343949222]},"properties":{"id":"wetland1997_269","name":"北辻地区内の湿地","municipality":"加須市","address":"加須市北辻","category":"湿地・湿原","wetland_no":428,"raw_type_code":0,"raw_naturalness_code":4,"status_note":null,"survey_method":"県民調査","survey_year":1997,"source":"埼玉県環境科学国際センター「1997年版 埼玉県湿地湧水地台帳」（原典: 埼玉県環境生活部自然環境課, 1997年作成）","source_url":"https://atlas-eco-saitama-pref-saitama.hub.arcgis.com/apps/50e96c8bc0cf4bd29418301d7640b33d/explore","data_note":"1997年時点のスナップショットです。現況とは大きく異なる場合があります。categoryは名称文字列からこのスクリプトが独自に推定した分類で、出典データ本来の区分ではありません。"}},{"type":"Feature","geometry":{"type":"Point","coordinates":[139.257628598825,36.0924431420939]},"properties":{"id":"wetland1997_270","name":"森林公園ゴルフ場内の東にある湿地","municipality":"寄居町","address":null,"category":"湿地・湿原","wetland_no":378,"raw_type_code":0,"raw_naturalness_code":0,"status_note":null,"survey_method":"市町村報告","survey_year":1997,"source":"埼玉県環境科学国際センター「1997年版 埼玉県湿地湧水地台帳」（原典: 埼玉県環境生活部自然環境課, 1997年作成）","source_url":"https://atlas-eco-saitama-pref-saitama.hub.arcgis.com/apps/50e96c8bc0cf4bd29418301d7640b33d/explore","data_note":"1997年時点のスナップショットです。現況とは大きく異なる場合があります。categoryは名称文字列からこのスクリプトが独自に推定した分類で、出典データ本来の区分ではありません。"}},{"type":"Feature","geometry":{"type":"Point","coordinates":[139.03367929379,36.0315026917825]},"properties":{"id":"wetland1997_271","name":"弁天池","municipality":"吉田町","address":"吉田町下吉田","category":"池・沼","wetland_no":1078,"raw_type_code":0,"raw_naturalness_code":0,"status_note":null,"survey_method":"市町村報告","survey_year":1997,"source":"埼玉県環境科学国際センター「1997年版 埼玉県湿地湧水地台帳」（原典: 埼玉県環境生活部自然環境課, 1997年作成）","source_url":"https://atlas-eco-saitama-pref-saitama.hub.arcgis.com/apps/50e96c8bc0cf4bd29418301d7640b33d/explore","data_note":"1997年時点のスナップショットです。現況とは大きく異なる場合があります。categoryは名称文字列からこのスクリプトが独自に推定した分類で、出典データ本来の区分ではありません。"}},{"type":"Feature","geometry":{"type":"Point","coordinates":[139.267374804025,36.0763780038639]},"properties":{"id":"wetland1997_272","name":"山田入沼","municipality":"小川町","address":null,"category":"池・沼","wetland_no":474,"raw_type_code":0,"raw_naturalness_code":0,"status_note":null,"survey_method":"市町村報告","survey_year":1997,"source":"埼玉県環境科学国際センター「1997年版 埼玉県湿地湧水地台帳」（原典: 埼玉県環境生活部自然環境課, 1997年作成）","source_url":"https://atlas-eco-saitama-pref-saitama.hub.arcgis.com/apps/50e96c8bc0cf4bd29418301d7640b33d/explore","data_note":"1997年時点のスナップショットです。現況とは大きく異なる場合があります。categoryは名称文字列からこのスクリプトが独自に推定した分類で、出典データ本来の区分ではありません。"}},{"type":"Feature","geometry":{"type":"Point","coordinates":[139.267693080723,36.0736602924134]},"properties":{"id":"wetland1997_273","name":"鬼ヶ谷沼","municipality":"小川町","address":null,"category":"池・沼","wetland_no":475,"raw_type_code":0,"raw_naturalness_code":0,"status_note":null,"survey_method":"市町村報告","survey_year":1997,"source":"埼玉県環境科学国際センター「1997年版 埼玉県湿地湧水地台帳」（原典: 埼玉県環境生活部自然環境課, 1997年作成）","source_url":"https://atlas-eco-saitama-pref-saitama.hub.arcgis.com/apps/50e96c8bc0cf4bd29418301d7640b33d/explore","data_note":"1997年時点のスナップショットです。現況とは大きく異なる場合があります。categoryは名称文字列からこのスクリプトが独自に推定した分類で、出典データ本来の区分ではありません。"}},{"type":"Feature","geometry":{"type":"Point","coordinates":[139.350236479319,35.9930003439102]},"properties":{"id":"wetland1997_274","name":"松ヶ丘地区の東にある湿地","municipality":"鳩山町","address":null,"category":"湿地・湿原","wetland_no":737,"raw_type_code":0,"raw_naturalness_code":0,"status_note":null,"survey_method":null,"survey_year":1997,"source":"埼玉県環境科学国際センター「1997年版 埼玉県湿地湧水地台帳」（原典: 埼玉県環境生活部自然環境課, 1997年作成）","source_url":"https://atlas-eco-saitama-pref-saitama.hub.arcgis.com/apps/50e96c8bc0cf4bd29418301d7640b33d/explore","data_note":"1997年時点のスナップショットです。現況とは大きく異なる場合があります。categoryは名称文字列からこのスクリプトが独自に推定した分類で、出典データ本来の区分ではありません。"}},{"type":"Feature","geometry":{"type":"Point","coordinates":[139.267403202466,35.8403825223939]},"properties":{"id":"wetland1997_275","name":"飯能パークゴルフ場の東にある湿地","municipality":"飯能市","address":null,"category":"湿地・湿原","wetland_no":822,"raw_type_code":0,"raw_naturalness_code":0,"status_note":null,"survey_method":"航空写真","survey_year":1997,"source":"埼玉県環境科学国際センター「1997年版 埼玉県湿地湧水地台帳」（原典: 埼玉県環境生活部自然環境課, 1997年作成）","source_url":"https://atlas-eco-saitama-pref-saitama.hub.arcgis.com/apps/50e96c8bc0cf4bd29418301d7640b33d/explore","data_note":"1997年時点のスナップショットです。現況とは大きく異なる場合があります。categoryは名称文字列からこのスクリプトが独自に推定した分類で、出典データ本来の区分ではありません。"}},{"type":"Feature","geometry":{"type":"Point","coordinates":[139.374386722738,36.0181314108113]},"properties":{"id":"wetland1997_276","name":"葛袋地内の湿地","municipality":"東松山市","address":"葛袋886","category":"湿地・湿原","wetland_no":623,"raw_type_code":0,"raw_naturalness_code":0,"status_note":null,"survey_method":"市町村報告","survey_year":1997,"source":"埼玉県環境科学国際センター「1997年版 埼玉県湿地湧水地台帳」（原典: 埼玉県環境生活部自然環境課, 1997年作成）","source_url":"https://atlas-eco-saitama-pref-saitama.hub.arcgis.com/apps/50e96c8bc0cf4bd29418301d7640b33d/explore","data_note":"1997年時点のスナップショットです。現況とは大きく異なる場合があります。categoryは名称文字列からこのスクリプトが独自に推定した分類で、出典データ本来の区分ではありません。"}},{"type":"Feature","geometry":{"type":"Point","coordinates":[139.104253529658,36.0090834351115]},"properties":{"id":"wetland1997_277","name":"聖地公園の西にある湿地","municipality":"秩父市","address":null,"category":"湿地・湿原","wetland_no":458,"raw_type_code":0,"raw_naturalness_code":0,"status_note":null,"survey_method":"航空写真","survey_year":1997,"source":"埼玉県環境科学国際センター「1997年版 埼玉県湿地湧水地台帳」（原典: 埼玉県環境生活部自然環境課, 1997年作成）","source_url":"https://atlas-eco-saitama-pref-saitama.hub.arcgis.com/apps/50e96c8bc0cf4bd29418301d7640b33d/explore","data_note":"1997年時点のスナップショットです。現況とは大きく異なる場合があります。categoryは名称文字列からこのスクリプトが独自に推定した分類で、出典データ本来の区分ではありません。"}},{"type":"Feature","geometry":{"type":"Point","coordinates":[139.220869764672,36.0937545948405]},"properties":{"id":"wetland1997_278","name":"天神田入1号池","municipality":"寄居町","address":"寄居町三ヶ山","category":"池・沼","wetland_no":1114,"raw_type_code":0,"raw_naturalness_code":0,"status_note":null,"survey_method":"市町村報告","survey_year":1997,"source":"埼玉県環境科学国際センター「1997年版 埼玉県湿地湧水地台帳」（原典: 埼玉県環境生活部自然環境課, 1997年作成）","source_url":"https://atlas-eco-saitama-pref-saitama.hub.arcgis.com/apps/50e96c8bc0cf4bd29418301d7640b33d/explore","data_note":"1997年時点のスナップショットです。現況とは大きく異なる場合があります。categoryは名称文字列からこのスクリプトが独自に推定した分類で、出典データ本来の区分ではありません。"}},{"type":"Feature","geometry":{"type":"Point","coordinates":[139.25205474293,36.0624795840674]},"properties":{"id":"wetland1997_279","name":"蟹沢沼緑地","municipality":"小川町","address":"小川町蟹沢","category":"池・沼","wetland_no":1066,"raw_type_code":0,"raw_naturalness_code":0,"status_note":null,"survey_method":"市町村報告","survey_year":1997,"source":"埼玉県環境科学国際センター「1997年版 埼玉県湿地湧水地台帳」（原典: 埼玉県環境生活部自然環境課, 1997年作成）","source_url":"https://atlas-eco-saitama-pref-saitama.hub.arcgis.com/apps/50e96c8bc0cf4bd29418301d7640b33d/explore","data_note":"1997年時点のスナップショットです。現況とは大きく異なる場合があります。categoryは名称文字列からこのスクリプトが独自に推定した分類で、出典データ本来の区分ではありません。"}},{"type":"Feature","geometry":{"type":"Point","coordinates":[139.36359883383,36.0925320879567]},"properties":{"id":"wetland1997_280","name":"武藏丘陵森林公園内の湿地","municipality":"滑川町","address":null,"category":"湿地・湿原","wetland_no":338,"raw_type_code":0,"raw_naturalness_code":0,"status_note":null,"survey_method":"市町村報告","survey_year":1997,"source":"埼玉県環境科学国際センター「1997年版 埼玉県湿地湧水地台帳」（原典: 埼玉県環境生活部自然環境課, 1997年作成）","source_url":"https://atlas-eco-saitama-pref-saitama.hub.arcgis.com/apps/50e96c8bc0cf4bd29418301d7640b33d/explore","data_note":"1997年時点のスナップショットです。現況とは大きく異なる場合があります。categoryは名称文字列からこのスクリプトが独自に推定した分類で、出典データ本来の区分ではありません。"}},{"type":"Feature","geometry":{"type":"Point","coordinates":[139.300473739114,36.0526372867377]},"properties":{"id":"wetland1997_281","name":"葭の入沼","municipality":"嵐山町","address":null,"category":"池・沼","wetland_no":536,"raw_type_code":0,"raw_naturalness_code":0,"status_note":null,"survey_method":"市町村報告","survey_year":1997,"source":"埼玉県環境科学国際センター「1997年版 埼玉県湿地湧水地台帳」（原典: 埼玉県環境生活部自然環境課, 1997年作成）","source_url":"https://atlas-eco-saitama-pref-saitama.hub.arcgis.com/apps/50e96c8bc0cf4bd29418301d7640b33d/explore","data_note":"1997年時点のスナップショットです。現況とは大きく異なる場合があります。categoryは名称文字列からこのスクリプトが独自に推定した分類で、出典データ本来の区分ではありません。"}},{"type":"Feature","geometry":{"type":"Point","coordinates":[139.398355802914,36.0831214108959]},"properties":{"id":"wetland1997_282","name":"天皇沼（大谷）","municipality":"東松山市","address":null,"category":"池・沼","wetland_no":605,"raw_type_code":0,"raw_naturalness_code":0,"status_note":null,"survey_method":"市町村報告","survey_year":1997,"source":"埼玉県環境科学国際センター「1997年版 埼玉県湿地湧水地台帳」（原典: 埼玉県環境生活部自然環境課, 1997年作成）","source_url":"https://atlas-eco-saitama-pref-saitama.hub.arcgis.com/apps/50e96c8bc0cf4bd29418301d7640b33d/explore","data_note":"1997年時点のスナップショットです。現況とは大きく異なる場合があります。categoryは名称文字列からこのスクリプトが独自に推定した分類で、出典データ本来の区分ではありません。"}},{"type":"Feature","geometry":{"type":"Point","coordinates":[139.30877715834,36.1000786694844]},"properties":{"id":"wetland1997_283","name":"岩根沢沼","municipality":"嵐山町","address":null,"category":"池・沼","wetland_no":354,"raw_type_code":0,"raw_naturalness_code":0,"status_note":null,"survey_method":"市町村報告","survey_year":1997,"source":"埼玉県環境科学国際センター「1997年版 埼玉県湿地湧水地台帳」（原典: 埼玉県環境生活部自然環境課, 1997年作成）","source_url":"https://atlas-eco-saitama-pref-saitama.hub.arcgis.com/apps/50e96c8bc0cf4bd29418301d7640b33d/explore","data_note":"1997年時点のスナップショットです。現況とは大きく異なる場合があります。categoryは名称文字列からこのスクリプトが独自に推定した分類で、出典データ本来の区分ではありません。"}},{"type":"Feature","geometry":{"type":"Point","coordinates":[139.547209660239,35.8468381061339]},"properties":{"id":"wetland1997_284","name":"鶴馬2丁目の湧水地（来迎寺下）","municipality":"富士見市","address":"鶴馬2-1-49先","category":"湧水・井戸","wetland_no":106,"raw_type_code":2,"raw_naturalness_code":2,"status_note":null,"survey_method":"代表湿地","survey_year":1997,"source":"埼玉県環境科学国際センター「1997年版 埼玉県湿地湧水地台帳」（原典: 埼玉県環境生活部自然環境課, 1997年作成）","source_url":"https://atlas-eco-saitama-pref-saitama.hub.arcgis.com/apps/50e96c8bc0cf4bd29418301d7640b33d/explore","data_note":"1997年時点のスナップショットです。現況とは大きく異なる場合があります。categoryは名称文字列からこのスクリプトが独自に推定した分類で、出典データ本来の区分ではありません。"}},{"type":"Feature","geometry":{"type":"Point","coordinates":[139.44562001031,35.7873844636111]},"properties":{"id":"wetland1997_285","name":"弁天池","municipality":"所沢市","address":"所沢市山口","category":"池・沼","wetland_no":1128,"raw_type_code":4,"raw_naturalness_code":1,"status_note":null,"survey_method":"県民調査","survey_year":1997,"source":"埼玉県環境科学国際センター「1997年版 埼玉県湿地湧水地台帳」（原典: 埼玉県環境生活部自然環境課, 1997年作成）","source_url":"https://atlas-eco-saitama-pref-saitama.hub.arcgis.com/apps/50e96c8bc0cf4bd29418301d7640b33d/explore","data_note":"1997年時点のスナップショットです。現況とは大きく異なる場合があります。categoryは名称文字列からこのスクリプトが独自に推定した分類で、出典データ本来の区分ではありません。"}},{"type":"Feature","geometry":{"type":"Point","coordinates":[139.693709533566,35.9984315369968]},"properties":{"id":"wetland1997_286","name":"西の下の湿地","municipality":"岩槻市","address":"岩槻市鹿室","category":"湿地・湿原","wetland_no":1024,"raw_type_code":2,"raw_naturalness_code":4,"status_note":null,"survey_method":"県民調査","survey_year":1997,"source":"埼玉県環境科学国際センター「1997年版 埼玉県湿地湧水地台帳」（原典: 埼玉県環境生活部自然環境課, 1997年作成）","source_url":"https://atlas-eco-saitama-pref-saitama.hub.arcgis.com/apps/50e96c8bc0cf4bd29418301d7640b33d/explore","data_note":"1997年時点のスナップショットです。現況とは大きく異なる場合があります。categoryは名称文字列からこのスクリプトが独自に推定した分類で、出典データ本来の区分ではありません。"}},{"type":"Feature","geometry":{"type":"Point","coordinates":[139.548190756175,35.8476806788454]},"properties":{"id":"wetland1997_287","name":"鶴馬2丁目の湧水地（下の水車）","municipality":"富士見市","address":"鶴馬2-1-59先","category":"湧水・井戸","wetland_no":107,"raw_type_code":2,"raw_naturalness_code":5,"status_note":null,"survey_method":"代表湿地","survey_year":1997,"source":"埼玉県環境科学国際センター「1997年版 埼玉県湿地湧水地台帳」（原典: 埼玉県環境生活部自然環境課, 1997年作成）","source_url":"https://atlas-eco-saitama-pref-saitama.hub.arcgis.com/apps/50e96c8bc0cf4bd29418301d7640b33d/explore","data_note":"1997年時点のスナップショットです。現況とは大きく異なる場合があります。categoryは名称文字列からこのスクリプトが独自に推定した分類で、出典データ本来の区分ではありません。"}},{"type":"Feature","geometry":{"type":"Point","coordinates":[139.320267424697,36.0571937666876]},"properties":{"id":"wetland1997_288","name":"原沼","municipality":"嵐山町","address":null,"category":"池・沼","wetland_no":532,"raw_type_code":0,"raw_naturalness_code":0,"status_note":null,"survey_method":"市町村報告","survey_year":1997,"source":"埼玉県環境科学国際センター「1997年版 埼玉県湿地湧水地台帳」（原典: 埼玉県環境生活部自然環境課, 1997年作成）","source_url":"https://atlas-eco-saitama-pref-saitama.hub.arcgis.com/apps/50e96c8bc0cf4bd29418301d7640b33d/explore","data_note":"1997年時点のスナップショットです。現況とは大きく異なる場合があります。categoryは名称文字列からこのスクリプトが独自に推定した分類で、出典データ本来の区分ではありません。"}},{"type":"Feature","geometry":{"type":"Point","coordinates":[139.098640859356,36.0157039779661]},"properties":{"id":"wetland1997_289","name":"大宮地区の北にある湿地","municipality":"秩父市","address":null,"category":"湿地・湿原","wetland_no":457,"raw_type_code":0,"raw_naturalness_code":0,"status_note":null,"survey_method":"航空写真","survey_year":1997,"source":"埼玉県環境科学国際センター「1997年版 埼玉県湿地湧水地台帳」（原典: 埼玉県環境生活部自然環境課, 1997年作成）","source_url":"https://atlas-eco-saitama-pref-saitama.hub.arcgis.com/apps/50e96c8bc0cf4bd29418301d7640b33d/explore","data_note":"1997年時点のスナップショットです。現況とは大きく異なる場合があります。categoryは名称文字列からこのスクリプトが独自に推定した分類で、出典データ本来の区分ではありません。"}},{"type":"Feature","geometry":{"type":"Point","coordinates":[139.546615238727,35.8435870771038]},"properties":{"id":"wetland1997_290","name":"鶴馬2丁目の湧水地（中の水車）","municipality":"富士見市","address":"鶴馬2-21-30先","category":"湧水・井戸","wetland_no":105,"raw_type_code":2,"raw_naturalness_code":0,"status_note":null,"survey_method":"代表湿地","survey_year":1997,"source":"埼玉県環境科学国際センター「1997年版 埼玉県湿地湧水地台帳」（原典: 埼玉県環境生活部自然環境課, 1997年作成）","source_url":"https://atlas-eco-saitama-pref-saitama.hub.arcgis.com/apps/50e96c8bc0cf4bd29418301d7640b33d/explore","data_note":"1997年時点のスナップショットです。現況とは大きく異なる場合があります。categoryは名称文字列からこのスクリプトが独自に推定した分類で、出典データ本来の区分ではありません。"}},{"type":"Feature","geometry":{"type":"Point","coordinates":[139.319709480176,36.0819346914387]},"properties":{"id":"wetland1997_291","name":"谷戸沼","municipality":"嵐山町","address":null,"category":"池・沼","wetland_no":510,"raw_type_code":0,"raw_naturalness_code":0,"status_note":null,"survey_method":"市町村報告","survey_year":1997,"source":"埼玉県環境科学国際センター「1997年版 埼玉県湿地湧水地台帳」（原典: 埼玉県環境生活部自然環境課, 1997年作成）","source_url":"https://atlas-eco-saitama-pref-saitama.hub.arcgis.com/apps/50e96c8bc0cf4bd29418301d7640b33d/explore","data_note":"1997年時点のスナップショットです。現況とは大きく異なる場合があります。categoryは名称文字列からこのスクリプトが独自に推定した分類で、出典データ本来の区分ではありません。"}},{"type":"Feature","geometry":{"type":"Point","coordinates":[139.344388058747,35.9838752421139]},"properties":{"id":"wetland1997_292","name":"鳩山ゴルフ場内より南にある湿地","municipality":"鳩山町","address":null,"category":"湿地・湿原","wetland_no":740,"raw_type_code":0,"raw_naturalness_code":0,"status_note":null,"survey_method":null,"survey_year":1997,"source":"埼玉県環境科学国際センター「1997年版 埼玉県湿地湧水地台帳」（原典: 埼玉県環境生活部自然環境課, 1997年作成）","source_url":"https://atlas-eco-saitama-pref-saitama.hub.arcgis.com/apps/50e96c8bc0cf4bd29418301d7640b33d/explore","data_note":"1997年時点のスナップショットです。現況とは大きく異なる場合があります。categoryは名称文字列からこのスクリプトが独自に推定した分類で、出典データ本来の区分ではありません。"}},{"type":"Feature","geometry":{"type":"Point","coordinates":[139.334908270504,36.0764541531739]},"properties":{"id":"wetland1997_293","name":"上伊古地区内の湿地","municipality":"滑川町","address":null,"category":"湿地・湿原","wetland_no":567,"raw_type_code":0,"raw_naturalness_code":0,"status_note":null,"survey_method":"市町村報告","survey_year":1997,"source":"埼玉県環境科学国際センター「1997年版 埼玉県湿地湧水地台帳」（原典: 埼玉県環境生活部自然環境課, 1997年作成）","source_url":"https://atlas-eco-saitama-pref-saitama.hub.arcgis.com/apps/50e96c8bc0cf4bd29418301d7640b33d/explore","data_note":"1997年時点のスナップショットです。現況とは大きく異なる場合があります。categoryは名称文字列からこのスクリプトが独自に推定した分類で、出典データ本来の区分ではありません。"}},{"type":"Feature","geometry":{"type":"Point","coordinates":[139.291164897575,36.1005088322771]},"properties":{"id":"wetland1997_294","name":"神山沼","municipality":"嵐山町","address":null,"category":"池・沼","wetland_no":358,"raw_type_code":0,"raw_naturalness_code":0,"status_note":null,"survey_method":"市町村報告","survey_year":1997,"source":"埼玉県環境科学国際センター「1997年版 埼玉県湿地湧水地台帳」（原典: 埼玉県環境生活部自然環境課, 1997年作成）","source_url":"https://atlas-eco-saitama-pref-saitama.hub.arcgis.com/apps/50e96c8bc0cf4bd29418301d7640b33d/explore","data_note":"1997年時点のスナップショットです。現況とは大きく異なる場合があります。categoryは名称文字列からこのスクリプトが独自に推定した分類で、出典データ本来の区分ではありません。"}},{"type":"Feature","geometry":{"type":"Point","coordinates":[139.694967106692,36.0512870018414]},"properties":{"id":"wetland1997_295","name":"和戸のミドリシジミの生息地②","municipality":"宮代町","address":"大字和戸字備中岐1755","category":"その他","wetland_no":223,"raw_type_code":3,"raw_naturalness_code":0,"status_note":null,"survey_method":"代表湿地","survey_year":1997,"source":"埼玉県環境科学国際センター「1997年版 埼玉県湿地湧水地台帳」（原典: 埼玉県環境生活部自然環境課, 1997年作成）","source_url":"https://atlas-eco-saitama-pref-saitama.hub.arcgis.com/apps/50e96c8bc0cf4bd29418301d7640b33d/explore","data_note":"1997年時点のスナップショットです。現況とは大きく異なる場合があります。categoryは名称文字列からこのスクリプトが独自に推定した分類で、出典データ本来の区分ではありません。"}},{"type":"Feature","geometry":{"type":"Point","coordinates":[139.425375445913,36.048524490847]},"properties":{"id":"wetland1997_296","name":"三角池","municipality":"吉見町","address":null,"category":"池・沼","wetland_no":636,"raw_type_code":0,"raw_naturalness_code":0,"status_note":null,"survey_method":"市町村報告","survey_year":1997,"source":"埼玉県環境科学国際センター「1997年版 埼玉県湿地湧水地台帳」（原典: 埼玉県環境生活部自然環境課, 1997年作成）","source_url":"https://atlas-eco-saitama-pref-saitama.hub.arcgis.com/apps/50e96c8bc0cf4bd29418301d7640b33d/explore","data_note":"1997年時点のスナップショットです。現況とは大きく異なる場合があります。categoryは名称文字列からこのスクリプトが独自に推定した分類で、出典データ本来の区分ではありません。"}},{"type":"Feature","geometry":{"type":"Point","coordinates":[139.323949689115,36.0941319566365]},"properties":{"id":"wetland1997_297","name":"和泉上地区の北の湿地","municipality":"滑川町","address":null,"category":"湿地・湿原","wetland_no":318,"raw_type_code":0,"raw_naturalness_code":0,"status_note":null,"survey_method":"市町村報告","survey_year":1997,"source":"埼玉県環境科学国際センター「1997年版 埼玉県湿地湧水地台帳」（原典: 埼玉県環境生活部自然環境課, 1997年作成）","source_url":"https://atlas-eco-saitama-pref-saitama.hub.arcgis.com/apps/50e96c8bc0cf4bd29418301d7640b33d/explore","data_note":"1997年時点のスナップショットです。現況とは大きく異なる場合があります。categoryは名称文字列からこのスクリプトが独自に推定した分類で、出典データ本来の区分ではありません。"}},{"type":"Feature","geometry":{"type":"Point","coordinates":[139.319861916195,36.0723726460311]},"properties":{"id":"wetland1997_298","name":"谷沼","municipality":"嵐山町","address":null,"category":"池・沼","wetland_no":523,"raw_type_code":0,"raw_naturalness_code":0,"status_note":null,"survey_method":"市町村報告","survey_year":1997,"source":"埼玉県環境科学国際センター「1997年版 埼玉県湿地湧水地台帳」（原典: 埼玉県環境生活部自然環境課, 1997年作成）","source_url":"https://atlas-eco-saitama-pref-saitama.hub.arcgis.com/apps/50e96c8bc0cf4bd29418301d7640b33d/explore","data_note":"1997年時点のスナップショットです。現況とは大きく異なる場合があります。categoryは名称文字列からこのスクリプトが独自に推定した分類で、出典データ本来の区分ではありません。"}},{"type":"Feature","geometry":{"type":"Point","coordinates":[139.541970599264,35.8155103240485]},"properties":{"id":"wetland1997_299","name":"中野の湧水","municipality":"新座市","address":"新座市中野1丁目","category":"湧水・井戸","wetland_no":1042,"raw_type_code":2,"raw_naturalness_code":5,"status_note":null,"survey_method":"県民調査","survey_year":1997,"source":"埼玉県環境科学国際センター「1997年版 埼玉県湿地湧水地台帳」（原典: 埼玉県環境生活部自然環境課, 1997年作成）","source_url":"https://atlas-eco-saitama-pref-saitama.hub.arcgis.com/apps/50e96c8bc0cf4bd29418301d7640b33d/explore","data_note":"1997年時点のスナップショットです。現況とは大きく異なる場合があります。categoryは名称文字列からこのスクリプトが独自に推定した分類で、出典データ本来の区分ではありません。"}},{"type":"Feature","geometry":{"type":"Point","coordinates":[139.272153787437,35.9821574315575]},"properties":{"id":"wetland1997_300","name":"石原沼","municipality":"越生町","address":null,"category":"池・沼","wetland_no":747,"raw_type_code":4,"raw_naturalness_code":0,"status_note":null,"survey_method":"県民調査","survey_year":1997,"source":"埼玉県環境科学国際センター「1997年版 埼玉県湿地湧水地台帳」（原典: 埼玉県環境生活部自然環境課, 1997年作成）","source_url":"https://atlas-eco-saitama-pref-saitama.hub.arcgis.com/apps/50e96c8bc0cf4bd29418301d7640b33d/explore","data_note":"1997年時点のスナップショットです。現況とは大きく異なる場合があります。categoryは名称文字列からこのスクリプトが独自に推定した分類で、出典データ本来の区分ではありません。"}},{"type":"Feature","geometry":{"type":"Point","coordinates":[139.338301376216,35.8448469934709]},"properties":{"id":"wetland1997_301","name":"岩沢地内の湧水湿地②（住宅）","municipality":"飯能市","address":"大字岩沢151","category":"湧水・井戸","wetland_no":60,"raw_type_code":2,"raw_naturalness_code":3,"status_note":null,"survey_method":"代表湿地","survey_year":1997,"source":"埼玉県環境科学国際センター「1997年版 埼玉県湿地湧水地台帳」（原典: 埼玉県環境生活部自然環境課, 1997年作成）","source_url":"https://atlas-eco-saitama-pref-saitama.hub.arcgis.com/apps/50e96c8bc0cf4bd29418301d7640b33d/explore","data_note":"1997年時点のスナップショットです。現況とは大きく異なる場合があります。categoryは名称文字列からこのスクリプトが独自に推定した分類で、出典データ本来の区分ではありません。"}},{"type":"Feature","geometry":{"type":"Point","coordinates":[139.546558816443,35.8532848495003]},"properties":{"id":"wetland1997_302","name":"諏訪氷川神社の湧水地と湧水湿地","municipality":"富士見市","address":"諏訪1-13地内","category":"湧水・井戸","wetland_no":112,"raw_type_code":2,"raw_naturalness_code":4,"status_note":null,"survey_method":"代表湿地","survey_year":1997,"source":"埼玉県環境科学国際センター「1997年版 埼玉県湿地湧水地台帳」（原典: 埼玉県環境生活部自然環境課, 1997年作成）","source_url":"https://atlas-eco-saitama-pref-saitama.hub.arcgis.com/apps/50e96c8bc0cf4bd29418301d7640b33d/explore","data_note":"1997年時点のスナップショットです。現況とは大きく異なる場合があります。categoryは名称文字列からこのスクリプトが独自に推定した分類で、出典データ本来の区分ではありません。"}},{"type":"Feature","geometry":{"type":"Point","coordinates":[139.339353434567,36.0901516081334]},"properties":{"id":"wetland1997_303","name":"唐篠谷沼","municipality":"江南町","address":null,"category":"池・沼","wetland_no":311,"raw_type_code":0,"raw_naturalness_code":0,"status_note":null,"survey_method":"市町村報告","survey_year":1997,"source":"埼玉県環境科学国際センター「1997年版 埼玉県湿地湧水地台帳」（原典: 埼玉県環境生活部自然環境課, 1997年作成）","source_url":"https://atlas-eco-saitama-pref-saitama.hub.arcgis.com/apps/50e96c8bc0cf4bd29418301d7640b33d/explore","data_note":"1997年時点のスナップショットです。現況とは大きく異なる場合があります。categoryは名称文字列からこのスクリプトが独自に推定した分類で、出典データ本来の区分ではありません。"}},{"type":"Feature","geometry":{"type":"Point","coordinates":[139.33005038267,35.9671988759955]},"properties":{"id":"wetland1997_304","name":"小用地区の湿地","municipality":"鳩山町","address":null,"category":"湿地・湿原","wetland_no":735,"raw_type_code":0,"raw_naturalness_code":0,"status_note":null,"survey_method":null,"survey_year":1997,"source":"埼玉県環境科学国際センター「1997年版 埼玉県湿地湧水地台帳」（原典: 埼玉県環境生活部自然環境課, 1997年作成）","source_url":"https://atlas-eco-saitama-pref-saitama.hub.arcgis.com/apps/50e96c8bc0cf4bd29418301d7640b33d/explore","data_note":"1997年時点のスナップショットです。現況とは大きく異なる場合があります。categoryは名称文字列からこのスクリプトが独自に推定した分類で、出典データ本来の区分ではありません。"}},{"type":"Feature","geometry":{"type":"Point","coordinates":[139.566439820966,35.9309260661247]},"properties":{"id":"wetland1997_305","name":"秋葉神社の湧水地","municipality":"大宮市","address":"大字中釘1475","category":"湧水・井戸","wetland_no":9,"raw_type_code":2,"raw_naturalness_code":3,"status_note":null,"survey_method":"代表湿地","survey_year":1997,"source":"埼玉県環境科学国際センター「1997年版 埼玉県湿地湧水地台帳」（原典: 埼玉県環境生活部自然環境課, 1997年作成）","source_url":"https://atlas-eco-saitama-pref-saitama.hub.arcgis.com/apps/50e96c8bc0cf4bd29418301d7640b33d/explore","data_note":"1997年時点のスナップショットです。現況とは大きく異なる場合があります。categoryは名称文字列からこのスクリプトが独自に推定した分類で、出典データ本来の区分ではありません。"}},{"type":"Feature","geometry":{"type":"Point","coordinates":[139.100924975985,35.9731445706549]},"properties":{"id":"wetland1997_306","name":"赤穂木池","municipality":"横瀬町","address":"大字横瀬字赤穂木2516","category":"池・沼","wetland_no":235,"raw_type_code":4,"raw_naturalness_code":4,"status_note":null,"survey_method":"代表湿地","survey_year":1997,"source":"埼玉県環境科学国際センター「1997年版 埼玉県湿地湧水地台帳」（原典: 埼玉県環境生活部自然環境課, 1997年作成）","source_url":"https://atlas-eco-saitama-pref-saitama.hub.arcgis.com/apps/50e96c8bc0cf4bd29418301d7640b33d/explore","data_note":"1997年時点のスナップショットです。現況とは大きく異なる場合があります。categoryは名称文字列からこのスクリプトが独自に推定した分類で、出典データ本来の区分ではありません。"}},{"type":"Feature","geometry":{"type":"Point","coordinates":[139.430436282034,35.7785340276081]},"properties":{"id":"wetland1997_307","name":"中氷川神社境内の湧水地","municipality":"所沢市","address":"大字山口1847（中氷川神社近く）","category":"湧水・井戸","wetland_no":51,"raw_type_code":2,"raw_naturalness_code":0,"status_note":"削除","survey_method":"代表湿地","survey_year":1997,"source":"埼玉県環境科学国際センター「1997年版 埼玉県湿地湧水地台帳」（原典: 埼玉県環境生活部自然環境課, 1997年作成）","source_url":"https://atlas-eco-saitama-pref-saitama.hub.arcgis.com/apps/50e96c8bc0cf4bd29418301d7640b33d/explore","data_note":"1997年時点のスナップショットです。現況とは大きく異なる場合があります。categoryは名称文字列からこのスクリプトが独自に推定した分類で、出典データ本来の区分ではありません。"}},{"type":"Feature","geometry":{"type":"Point","coordinates":[139.577418662059,36.1656721661713]},"properties":{"id":"wetland1997_308","name":"(名称未記載)","municipality":"","address":null,"category":"その他","wetland_no":417,"raw_type_code":0,"raw_naturalness_code":0,"status_note":null,"survey_method":null,"survey_year":1997,"source":"埼玉県環境科学国際センター「1997年版 埼玉県湿地湧水地台帳」（原典: 埼玉県環境生活部自然環境課, 1997年作成）","source_url":"https://atlas-eco-saitama-pref-saitama.hub.arcgis.com/apps/50e96c8bc0cf4bd29418301d7640b33d/explore","data_note":"1997年時点のスナップショットです。現況とは大きく異なる場合があります。categoryは名称文字列からこのスクリプトが独自に推定した分類で、出典データ本来の区分ではありません。"}},{"type":"Feature","geometry":{"type":"Point","coordinates":[139.396523152598,36.0674259071402]},"properties":{"id":"wetland1997_309","name":"灰山沼","municipality":"東松山市","address":null,"category":"池・沼","wetland_no":616,"raw_type_code":0,"raw_naturalness_code":0,"status_note":null,"survey_method":"市町村報告","survey_year":1997,"source":"埼玉県環境科学国際センター「1997年版 埼玉県湿地湧水地台帳」（原典: 埼玉県環境生活部自然環境課, 1997年作成）","source_url":"https://atlas-eco-saitama-pref-saitama.hub.arcgis.com/apps/50e96c8bc0cf4bd29418301d7640b33d/explore","data_note":"1997年時点のスナップショットです。現況とは大きく異なる場合があります。categoryは名称文字列からこのスクリプトが独自に推定した分類で、出典データ本来の区分ではありません。"}},{"type":"Feature","geometry":{"type":"Point","coordinates":[139.267473181226,36.0849773717755]},"properties":{"id":"wetland1997_310","name":"森林公園ゴルフ場内の湿地","municipality":"小川町","address":null,"category":"湿地・湿原","wetland_no":466,"raw_type_code":0,"raw_naturalness_code":0,"status_note":null,"survey_method":"市町村報告","survey_year":1997,"source":"埼玉県環境科学国際センター「1997年版 埼玉県湿地湧水地台帳」（原典: 埼玉県環境生活部自然環境課, 1997年作成）","source_url":"https://atlas-eco-saitama-pref-saitama.hub.arcgis.com/apps/50e96c8bc0cf4bd29418301d7640b33d/explore","data_note":"1997年時点のスナップショットです。現況とは大きく異なる場合があります。categoryは名称文字列からこのスクリプトが独自に推定した分類で、出典データ本来の区分ではありません。"}},{"type":"Feature","geometry":{"type":"Point","coordinates":[139.396737984698,35.7841110675349]},"properties":{"id":"wetland1997_311","name":"堀之内の別所沼とその周辺湿地","municipality":"所沢市","address":"大字堀之内154","category":"池・沼","wetland_no":42,"raw_type_code":2,"raw_naturalness_code":0,"status_note":null,"survey_method":"代表湿地","survey_year":1997,"source":"埼玉県環境科学国際センター「1997年版 埼玉県湿地湧水地台帳」（原典: 埼玉県環境生活部自然環境課, 1997年作成）","source_url":"https://atlas-eco-saitama-pref-saitama.hub.arcgis.com/apps/50e96c8bc0cf4bd29418301d7640b33d/explore","data_note":"1997年時点のスナップショットです。現況とは大きく異なる場合があります。categoryは名称文字列からこのスクリプトが独自に推定した分類で、出典データ本来の区分ではありません。"}},{"type":"Feature","geometry":{"type":"Point","coordinates":[139.179731901327,36.2583647001502]},"properties":{"id":"wetland1997_312","name":"(名称未記載)","municipality":"","address":null,"category":"その他","wetland_no":244,"raw_type_code":0,"raw_naturalness_code":0,"status_note":null,"survey_method":null,"survey_year":1997,"source":"埼玉県環境科学国際センター「1997年版 埼玉県湿地湧水地台帳」（原典: 埼玉県環境生活部自然環境課, 1997年作成）","source_url":"https://atlas-eco-saitama-pref-saitama.hub.arcgis.com/apps/50e96c8bc0cf4bd29418301d7640b33d/explore","data_note":"1997年時点のスナップショットです。現況とは大きく異なる場合があります。categoryは名称文字列からこのスクリプトが独自に推定した分類で、出典データ本来の区分ではありません。"}},{"type":"Feature","geometry":{"type":"Point","coordinates":[139.249874492209,36.1134184824265]},"properties":{"id":"wetland1997_313","name":"不耕地池","municipality":"寄居町","address":"寄居町赤浜","category":"池・沼","wetland_no":1125,"raw_type_code":0,"raw_naturalness_code":0,"status_note":null,"survey_method":"市町村報告","survey_year":1997,"source":"埼玉県環境科学国際センター「1997年版 埼玉県湿地湧水地台帳」（原典: 埼玉県環境生活部自然環境課, 1997年作成）","source_url":"https://atlas-eco-saitama-pref-saitama.hub.arcgis.com/apps/50e96c8bc0cf4bd29418301d7640b33d/explore","data_note":"1997年時点のスナップショットです。現況とは大きく異なる場合があります。categoryは名称文字列からこのスクリプトが独自に推定した分類で、出典データ本来の区分ではありません。"}},{"type":"Feature","geometry":{"type":"Point","coordinates":[139.369015624688,36.0928014648519]},"properties":{"id":"wetland1997_314","name":"武藏丘陵森林公園内の湿地","municipality":"滑川町","address":null,"category":"湿地・湿原","wetland_no":339,"raw_type_code":0,"raw_naturalness_code":0,"status_note":null,"survey_method":"市町村報告","survey_year":1997,"source":"埼玉県環境科学国際センター「1997年版 埼玉県湿地湧水地台帳」（原典: 埼玉県環境生活部自然環境課, 1997年作成）","source_url":"https://atlas-eco-saitama-pref-saitama.hub.arcgis.com/apps/50e96c8bc0cf4bd29418301d7640b33d/explore","data_note":"1997年時点のスナップショットです。現況とは大きく異なる場合があります。categoryは名称文字列からこのスクリプトが独自に推定した分類で、出典データ本来の区分ではありません。"}},{"type":"Feature","geometry":{"type":"Point","coordinates":[139.021939582346,36.0322263483991]},"properties":{"id":"wetland1997_315","name":"ゴルフ場防災用えん堤","municipality":"吉田町","address":null,"category":"その他","wetland_no":439,"raw_type_code":0,"raw_naturalness_code":0,"status_note":null,"survey_method":"市町村報告","survey_year":1997,"source":"埼玉県環境科学国際センター「1997年版 埼玉県湿地湧水地台帳」（原典: 埼玉県環境生活部自然環境課, 1997年作成）","source_url":"https://atlas-eco-saitama-pref-saitama.hub.arcgis.com/apps/50e96c8bc0cf4bd29418301d7640b33d/explore","data_note":"1997年時点のスナップショットです。現況とは大きく異なる場合があります。categoryは名称文字列からこのスクリプトが独自に推定した分類で、出典データ本来の区分ではありません。"}},{"type":"Feature","geometry":{"type":"Point","coordinates":[139.417538167878,35.7823941933807]},"properties":{"id":"wetland1997_316","name":"上山口地内の湧水地②","municipality":"所沢市","address":"大字上山口530","category":"湧水・井戸","wetland_no":54,"raw_type_code":2,"raw_naturalness_code":0,"status_note":null,"survey_method":"代表湿地","survey_year":1997,"source":"埼玉県環境科学国際センター「1997年版 埼玉県湿地湧水地台帳」（原典: 埼玉県環境生活部自然環境課, 1997年作成）","source_url":"https://atlas-eco-saitama-pref-saitama.hub.arcgis.com/apps/50e96c8bc0cf4bd29418301d7640b33d/explore","data_note":"1997年時点のスナップショットです。現況とは大きく異なる場合があります。categoryは名称文字列からこのスクリプトが独自に推定した分類で、出典データ本来の区分ではありません。"}},{"type":"Feature","geometry":{"type":"Point","coordinates":[139.344537065896,36.0051177790428]},"properties":{"id":"wetland1997_317","name":"奥田地区の東にある湿地","municipality":"鳩山町","address":null,"category":"湿地・湿原","wetland_no":595,"raw_type_code":0,"raw_naturalness_code":0,"status_note":null,"survey_method":null,"survey_year":1997,"source":"埼玉県環境科学国際センター「1997年版 埼玉県湿地湧水地台帳」（原典: 埼玉県環境生活部自然環境課, 1997年作成）","source_url":"https://atlas-eco-saitama-pref-saitama.hub.arcgis.com/apps/50e96c8bc0cf4bd29418301d7640b33d/explore","data_note":"1997年時点のスナップショットです。現況とは大きく異なる場合があります。categoryは名称文字列からこのスクリプトが独自に推定した分類で、出典データ本来の区分ではありません。"}},{"type":"Feature","geometry":{"type":"Point","coordinates":[139.617129661171,35.7942015766254]},"properties":{"id":"wetland1997_318","name":"新倉2丁目の湧水地","municipality":"和光市","address":"新倉2-3-31","category":"湧水・井戸","wetland_no":88,"raw_type_code":2,"raw_naturalness_code":0,"status_note":null,"survey_method":"代表湿地","survey_year":1997,"source":"埼玉県環境科学国際センター「1997年版 埼玉県湿地湧水地台帳」（原典: 埼玉県環境生活部自然環境課, 1997年作成）","source_url":"https://atlas-eco-saitama-pref-saitama.hub.arcgis.com/apps/50e96c8bc0cf4bd29418301d7640b33d/explore","data_note":"1997年時点のスナップショットです。現況とは大きく異なる場合があります。categoryは名称文字列からこのスクリプトが独自に推定した分類で、出典データ本来の区分ではありません。"}},{"type":"Feature","geometry":{"type":"Point","coordinates":[139.342548564166,36.0080178454166]},"properties":{"id":"wetland1997_319","name":"奥田地区の北にある湿地","municipality":"鳩山町","address":null,"category":"湿地・湿原","wetland_no":594,"raw_type_code":0,"raw_naturalness_code":0,"status_note":null,"survey_method":null,"survey_year":1997,"source":"埼玉県環境科学国際センター「1997年版 埼玉県湿地湧水地台帳」（原典: 埼玉県環境生活部自然環境課, 1997年作成）","source_url":"https://atlas-eco-saitama-pref-saitama.hub.arcgis.com/apps/50e96c8bc0cf4bd29418301d7640b33d/explore","data_note":"1997年時点のスナップショットです。現況とは大きく異なる場合があります。categoryは名称文字列からこのスクリプトが独自に推定した分類で、出典データ本来の区分ではありません。"}},{"type":"Feature","geometry":{"type":"Point","coordinates":[139.244497456295,36.097667887502]},"properties":{"id":"wetland1997_320","name":"後根池","municipality":"寄居町","address":"寄居町富田","category":"池・沼","wetland_no":1116,"raw_type_code":0,"raw_naturalness_code":0,"status_note":null,"survey_method":"市町村報告","survey_year":1997,"source":"埼玉県環境科学国際センター「1997年版 埼玉県湿地湧水地台帳」（原典: 埼玉県環境生活部自然環境課, 1997年作成）","source_url":"https://atlas-eco-saitama-pref-saitama.hub.arcgis.com/apps/50e96c8bc0cf4bd29418301d7640b33d/explore","data_note":"1997年時点のスナップショットです。現況とは大きく異なる場合があります。categoryは名称文字列からこのスクリプトが独自に推定した分類で、出典データ本来の区分ではありません。"}},{"type":"Feature","geometry":{"type":"Point","coordinates":[139.221891054827,36.0650640140167]},"properties":{"id":"wetland1997_321","name":"天王沼","municipality":"小川町","address":null,"category":"池・沼","wetland_no":459,"raw_type_code":0,"raw_naturalness_code":0,"status_note":null,"survey_method":"市町村報告","survey_year":1997,"source":"埼玉県環境科学国際センター「1997年版 埼玉県湿地湧水地台帳」（原典: 埼玉県環境生活部自然環境課, 1997年作成）","source_url":"https://atlas-eco-saitama-pref-saitama.hub.arcgis.com/apps/50e96c8bc0cf4bd29418301d7640b33d/explore","data_note":"1997年時点のスナップショットです。現況とは大きく異なる場合があります。categoryは名称文字列からこのスクリプトが独自に推定した分類で、出典データ本来の区分ではありません。"}},{"type":"Feature","geometry":{"type":"Point","coordinates":[139.252000068767,36.0326741871611]},"properties":{"id":"wetland1997_322","name":"武藏台ゴルフ場内の湿地","municipality":"小川町","address":null,"category":"湿地・湿原","wetland_no":495,"raw_type_code":0,"raw_naturalness_code":0,"status_note":null,"survey_method":"市町村報告","survey_year":1997,"source":"埼玉県環境科学国際センター「1997年版 埼玉県湿地湧水地台帳」（原典: 埼玉県環境生活部自然環境課, 1997年作成）","source_url":"https://atlas-eco-saitama-pref-saitama.hub.arcgis.com/apps/50e96c8bc0cf4bd29418301d7640b33d/explore","data_note":"1997年時点のスナップショットです。現況とは大きく異なる場合があります。categoryは名称文字列からこのスクリプトが独自に推定した分類で、出典データ本来の区分ではありません。"}},{"type":"Feature","geometry":{"type":"Point","coordinates":[139.628522417201,36.0928199541506]},"properties":{"id":"wetland1997_323","name":"北辻地区内の湿地","municipality":"加須市","address":"加須市北辻","category":"湿地・湿原","wetland_no":429,"raw_type_code":0,"raw_naturalness_code":4,"status_note":null,"survey_method":"県民調査","survey_year":1997,"source":"埼玉県環境科学国際センター「1997年版 埼玉県湿地湧水地台帳」（原典: 埼玉県環境生活部自然環境課, 1997年作成）","source_url":"https://atlas-eco-saitama-pref-saitama.hub.arcgis.com/apps/50e96c8bc0cf4bd29418301d7640b33d/explore","data_note":"1997年時点のスナップショットです。現況とは大きく異なる場合があります。categoryは名称文字列からこのスクリプトが独自に推定した分類で、出典データ本来の区分ではありません。"}},{"type":"Feature","geometry":{"type":"Point","coordinates":[139.309474028218,36.0786304652485]},"properties":{"id":"wetland1997_324","name":"柏川河川内の湿地（吉田地区）","municipality":"嵐山町","address":null,"category":"河川・水路","wetland_no":513,"raw_type_code":0,"raw_naturalness_code":0,"status_note":null,"survey_method":"市町村報告","survey_year":1997,"source":"埼玉県環境科学国際センター「1997年版 埼玉県湿地湧水地台帳」（原典: 埼玉県環境生活部自然環境課, 1997年作成）","source_url":"https://atlas-eco-saitama-pref-saitama.hub.arcgis.com/apps/50e96c8bc0cf4bd29418301d7640b33d/explore","data_note":"1997年時点のスナップショットです。現況とは大きく異なる場合があります。categoryは名称文字列からこのスクリプトが独自に推定した分類で、出典データ本来の区分ではありません。"}},{"type":"Feature","geometry":{"type":"Point","coordinates":[139.534336380009,35.8023530162774]},"properties":{"id":"wetland1997_325","name":"滝の城址公園内の湧水池②","municipality":"所沢市","address":"大字城570","category":"湧水・井戸","wetland_no":44,"raw_type_code":2,"raw_naturalness_code":0,"status_note":null,"survey_method":"代表湿地","survey_year":1997,"source":"埼玉県環境科学国際センター「1997年版 埼玉県湿地湧水地台帳」（原典: 埼玉県環境生活部自然環境課, 1997年作成）","source_url":"https://atlas-eco-saitama-pref-saitama.hub.arcgis.com/apps/50e96c8bc0cf4bd29418301d7640b33d/explore","data_note":"1997年時点のスナップショットです。現況とは大きく異なる場合があります。categoryは名称文字列からこのスクリプトが独自に推定した分類で、出典データ本来の区分ではありません。"}},{"type":"Feature","geometry":{"type":"Point","coordinates":[139.03294129275,36.038279200135]},"properties":{"id":"wetland1997_326","name":"二つ池","municipality":"吉田町","address":"吉田町下吉田","category":"池・沼","wetland_no":1077,"raw_type_code":0,"raw_naturalness_code":0,"status_note":null,"survey_method":"市町村報告","survey_year":1997,"source":"埼玉県環境科学国際センター「1997年版 埼玉県湿地湧水地台帳」（原典: 埼玉県環境生活部自然環境課, 1997年作成）","source_url":"https://atlas-eco-saitama-pref-saitama.hub.arcgis.com/apps/50e96c8bc0cf4bd29418301d7640b33d/explore","data_note":"1997年時点のスナップショットです。現況とは大きく異なる場合があります。categoryは名称文字列からこのスクリプトが独自に推定した分類で、出典データ本来の区分ではありません。"}},{"type":"Feature","geometry":{"type":"Point","coordinates":[139.559700947166,35.8370562495244]},"properties":{"id":"wetland1997_327","name":"水子地内の湧水地（性蓮寺境内）","municipality":"富士見市","address":"大字水子字生網5082","category":"湧水・井戸","wetland_no":111,"raw_type_code":2,"raw_naturalness_code":5,"status_note":null,"survey_method":"代表湿地","survey_year":1997,"source":"埼玉県環境科学国際センター「1997年版 埼玉県湿地湧水地台帳」（原典: 埼玉県環境生活部自然環境課, 1997年作成）","source_url":"https://atlas-eco-saitama-pref-saitama.hub.arcgis.com/apps/50e96c8bc0cf4bd29418301d7640b33d/explore","data_note":"1997年時点のスナップショットです。現況とは大きく異なる場合があります。categoryは名称文字列からこのスクリプトが独自に推定した分類で、出典データ本来の区分ではありません。"}},{"type":"Feature","geometry":{"type":"Point","coordinates":[139.353161393884,36.0748451052288]},"properties":{"id":"wetland1997_328","name":"大木地区の北にある湿地","municipality":"滑川町","address":null,"category":"湿地・湿原","wetland_no":556,"raw_type_code":0,"raw_naturalness_code":0,"status_note":null,"survey_method":"市町村報告","survey_year":1997,"source":"埼玉県環境科学国際センター「1997年版 埼玉県湿地湧水地台帳」（原典: 埼玉県環境生活部自然環境課, 1997年作成）","source_url":"https://atlas-eco-saitama-pref-saitama.hub.arcgis.com/apps/50e96c8bc0cf4bd29418301d7640b33d/explore","data_note":"1997年時点のスナップショットです。現況とは大きく異なる場合があります。categoryは名称文字列からこのスクリプトが独自に推定した分類で、出典データ本来の区分ではありません。"}},{"type":"Feature","geometry":{"type":"Point","coordinates":[139.100909442317,35.9770844343382]},"properties":{"id":"wetland1997_329","name":"横瀬地区内の湿地","municipality":"横瀬町","address":null,"category":"河川・水路","wetland_no":703,"raw_type_code":0,"raw_naturalness_code":0,"status_note":null,"survey_method":"航空写真","survey_year":1997,"source":"埼玉県環境科学国際センター「1997年版 埼玉県湿地湧水地台帳」（原典: 埼玉県環境生活部自然環境課, 1997年作成）","source_url":"https://atlas-eco-saitama-pref-saitama.hub.arcgis.com/apps/50e96c8bc0cf4bd29418301d7640b33d/explore","data_note":"1997年時点のスナップショットです。現況とは大きく異なる場合があります。categoryは名称文字列からこのスクリプトが独自に推定した分類で、出典データ本来の区分ではありません。"}},{"type":"Feature","geometry":{"type":"Point","coordinates":[139.308518652845,36.0754953411302]},"properties":{"id":"wetland1997_330","name":"相模沼下沼","municipality":"嵐山町","address":null,"category":"池・沼","wetland_no":515,"raw_type_code":0,"raw_naturalness_code":0,"status_note":null,"survey_method":"市町村報告","survey_year":1997,"source":"埼玉県環境科学国際センター「1997年版 埼玉県湿地湧水地台帳」（原典: 埼玉県環境生活部自然環境課, 1997年作成）","source_url":"https://atlas-eco-saitama-pref-saitama.hub.arcgis.com/apps/50e96c8bc0cf4bd29418301d7640b33d/explore","data_note":"1997年時点のスナップショットです。現況とは大きく異なる場合があります。categoryは名称文字列からこのスクリプトが独自に推定した分類で、出典データ本来の区分ではありません。"}},{"type":"Feature","geometry":{"type":"Point","coordinates":[139.411073794974,35.7843600254704]},"properties":{"id":"wetland1997_331","name":"三ヶ島地内の湧水池","municipality":"所沢市","address":"大字三ヶ島1-246","category":"湧水・井戸","wetland_no":46,"raw_type_code":2,"raw_naturalness_code":0,"status_note":null,"survey_method":"代表湿地","survey_year":1997,"source":"埼玉県環境科学国際センター「1997年版 埼玉県湿地湧水地台帳」（原典: 埼玉県環境生活部自然環境課, 1997年作成）","source_url":"https://atlas-eco-saitama-pref-saitama.hub.arcgis.com/apps/50e96c8bc0cf4bd29418301d7640b33d/explore","data_note":"1997年時点のスナップショットです。現況とは大きく異なる場合があります。categoryは名称文字列からこのスクリプトが独自に推定した分類で、出典データ本来の区分ではありません。"}},{"type":"Feature","geometry":{"type":"Point","coordinates":[139.545599033935,35.8529371079416]},"properties":{"id":"wetland1997_332","name":"諏訪1丁目の湧水地（霊居の滝）","municipality":"富士見市","address":"諏訪1-13先","category":"湧水・井戸","wetland_no":113,"raw_type_code":2,"raw_naturalness_code":1,"status_note":null,"survey_method":"代表湿地","survey_year":1997,"source":"埼玉県環境科学国際センター「1997年版 埼玉県湿地湧水地台帳」（原典: 埼玉県環境生活部自然環境課, 1997年作成）","source_url":"https://atlas-eco-saitama-pref-saitama.hub.arcgis.com/apps/50e96c8bc0cf4bd29418301d7640b33d/explore","data_note":"1997年時点のスナップショットです。現況とは大きく異なる場合があります。categoryは名称文字列からこのスクリプトが独自に推定した分類で、出典データ本来の区分ではありません。"}},{"type":"Feature","geometry":{"type":"Point","coordinates":[139.293621391924,35.9945199026677]},"properties":{"id":"wetland1997_333","name":"笹山沼","municipality":"鳩山町","address":"大字高野倉字笹山396","category":"池・沼","wetland_no":140,"raw_type_code":4,"raw_naturalness_code":4,"status_note":"削除","survey_method":"代表湿地","survey_year":1997,"source":"埼玉県環境科学国際センター「1997年版 埼玉県湿地湧水地台帳」（原典: 埼玉県環境生活部自然環境課, 1997年作成）","source_url":"https://atlas-eco-saitama-pref-saitama.hub.arcgis.com/apps/50e96c8bc0cf4bd29418301d7640b33d/explore","data_note":"1997年時点のスナップショットです。現況とは大きく異なる場合があります。categoryは名称文字列からこのスクリプトが独自に推定した分類で、出典データ本来の区分ではありません。"}},{"type":"Feature","geometry":{"type":"Point","coordinates":[139.680690302255,36.1342961515851]},"properties":{"id":"wetland1997_334","name":"オハナ池","municipality":"大利根町","address":"大字北下新井地内","category":"池・沼","wetland_no":217,"raw_type_code":4,"raw_naturalness_code":3,"status_note":null,"survey_method":"代表湿地","survey_year":1997,"source":"埼玉県環境科学国際センター「1997年版 埼玉県湿地湧水地台帳」（原典: 埼玉県環境生活部自然環境課, 1997年作成）","source_url":"https://atlas-eco-saitama-pref-saitama.hub.arcgis.com/apps/50e96c8bc0cf4bd29418301d7640b33d/explore","data_note":"1997年時点のスナップショットです。現況とは大きく異なる場合があります。categoryは名称文字列からこのスクリプトが独自に推定した分類で、出典データ本来の区分ではありません。"}},{"type":"Feature","geometry":{"type":"Point","coordinates":[139.397117465414,36.218511599719]},"properties":{"id":"wetland1997_335","name":"善ヶ島地内の北の池","municipality":"妻沼町","address":null,"category":"池・沼","wetland_no":256,"raw_type_code":0,"raw_naturalness_code":0,"status_note":null,"survey_method":"市町村報告","survey_year":1997,"source":"埼玉県環境科学国際センター「1997年版 埼玉県湿地湧水地台帳」（原典: 埼玉県環境生活部自然環境課, 1997年作成）","source_url":"https://atlas-eco-saitama-pref-saitama.hub.arcgis.com/apps/50e96c8bc0cf4bd29418301d7640b33d/explore","data_note":"1997年時点のスナップショットです。現況とは大きく異なる場合があります。categoryは名称文字列からこのスクリプトが独自に推定した分類で、出典データ本来の区分ではありません。"}},{"type":"Feature","geometry":{"type":"Point","coordinates":[139.284052216819,36.1392404926376]},"properties":{"id":"wetland1997_336","name":"下田湧水","municipality":"川本町","address":"大字菅沼権現356","category":"湧水・井戸","wetland_no":171,"raw_type_code":2,"raw_naturalness_code":5,"status_note":null,"survey_method":"代表湿地","survey_year":1997,"source":"埼玉県環境科学国際センター「1997年版 埼玉県湿地湧水地台帳」（原典: 埼玉県環境生活部自然環境課, 1997年作成）","source_url":"https://atlas-eco-saitama-pref-saitama.hub.arcgis.com/apps/50e96c8bc0cf4bd29418301d7640b33d/explore","data_note":"1997年時点のスナップショットです。現況とは大きく異なる場合があります。categoryは名称文字列からこのスクリプトが独自に推定した分類で、出典データ本来の区分ではありません。"}},{"type":"Feature","geometry":{"type":"Point","coordinates":[139.292247478884,36.0481300336746]},"properties":{"id":"wetland1997_337","name":"下里下沼","municipality":"小川町","address":"小川町和具","category":"池・沼","wetland_no":1062,"raw_type_code":0,"raw_naturalness_code":0,"status_note":null,"survey_method":"市町村報告","survey_year":1997,"source":"埼玉県環境科学国際センター「1997年版 埼玉県湿地湧水地台帳」（原典: 埼玉県環境生活部自然環境課, 1997年作成）","source_url":"https://atlas-eco-saitama-pref-saitama.hub.arcgis.com/apps/50e96c8bc0cf4bd29418301d7640b33d/explore","data_note":"1997年時点のスナップショットです。現況とは大きく異なる場合があります。categoryは名称文字列からこのスクリプトが独自に推定した分類で、出典データ本来の区分ではありません。"}},{"type":"Feature","geometry":{"type":"Point","coordinates":[139.351849672109,36.0627068637906]},"properties":{"id":"wetland1997_338","name":"内郷地区内の湿地","municipality":"滑川町","address":null,"category":"湿地・湿原","wetland_no":573,"raw_type_code":0,"raw_naturalness_code":0,"status_note":null,"survey_method":"市町村報告","survey_year":1997,"source":"埼玉県環境科学国際センター「1997年版 埼玉県湿地湧水地台帳」（原典: 埼玉県環境生活部自然環境課, 1997年作成）","source_url":"https://atlas-eco-saitama-pref-saitama.hub.arcgis.com/apps/50e96c8bc0cf4bd29418301d7640b33d/explore","data_note":"1997年時点のスナップショットです。現況とは大きく異なる場合があります。categoryは名称文字列からこのスクリプトが独自に推定した分類で、出典データ本来の区分ではありません。"}},{"type":"Feature","geometry":{"type":"Point","coordinates":[139.288193123292,36.0935126583915]},"properties":{"id":"wetland1997_339","name":"一ノ入沼","municipality":"小川町","address":null,"category":"池・沼","wetland_no":370,"raw_type_code":0,"raw_naturalness_code":0,"status_note":null,"survey_method":"市町村報告","survey_year":1997,"source":"埼玉県環境科学国際センター「1997年版 埼玉県湿地湧水地台帳」（原典: 埼玉県環境生活部自然環境課, 1997年作成）","source_url":"https://atlas-eco-saitama-pref-saitama.hub.arcgis.com/apps/50e96c8bc0cf4bd29418301d7640b33d/explore","data_note":"1997年時点のスナップショットです。現況とは大きく異なる場合があります。categoryは名称文字列からこのスクリプトが独自に推定した分類で、出典データ本来の区分ではありません。"}},{"type":"Feature","geometry":{"type":"Point","coordinates":[139.862978312696,35.8902682806363]},"properties":{"id":"wetland1997_340","name":"大場川の左岸にある湿地","municipality":"吉川市","address":null,"category":"河川・水路","wetland_no":838,"raw_type_code":0,"raw_naturalness_code":0,"status_note":null,"survey_method":"市町村報告","survey_year":1997,"source":"埼玉県環境科学国際センター「1997年版 埼玉県湿地湧水地台帳」（原典: 埼玉県環境生活部自然環境課, 1997年作成）","source_url":"https://atlas-eco-saitama-pref-saitama.hub.arcgis.com/apps/50e96c8bc0cf4bd29418301d7640b33d/explore","data_note":"1997年時点のスナップショットです。現況とは大きく異なる場合があります。categoryは名称文字列からこのスクリプトが独自に推定した分類で、出典データ本来の区分ではありません。"}},{"type":"Feature","geometry":{"type":"Point","coordinates":[139.548189512907,35.8205217818144]},"properties":{"id":"wetland1997_341","name":"こぶしの里の湧水地","municipality":"三芳町","address":"大字竹間沢字上道1081","category":"湧水・井戸","wetland_no":129,"raw_type_code":2,"raw_naturalness_code":3,"status_note":null,"survey_method":"代表湿地","survey_year":1997,"source":"埼玉県環境科学国際センター「1997年版 埼玉県湿地湧水地台帳」（原典: 埼玉県環境生活部自然環境課, 1997年作成）","source_url":"https://atlas-eco-saitama-pref-saitama.hub.arcgis.com/apps/50e96c8bc0cf4bd29418301d7640b33d/explore","data_note":"1997年時点のスナップショットです。現況とは大きく異なる場合があります。categoryは名称文字列からこのスクリプトが独自に推定した分類で、出典データ本来の区分ではありません。"}},{"type":"Feature","geometry":{"type":"Point","coordinates":[139.541466680322,35.9974178863176]},"properties":{"id":"wetland1997_342","name":"東観団地の東側にある湿地","municipality":"桶川市","address":null,"category":"湿地・湿原","wetland_no":785,"raw_type_code":0,"raw_naturalness_code":0,"status_note":null,"survey_method":"市町村報告","survey_year":1997,"source":"埼玉県環境科学国際センター「1997年版 埼玉県湿地湧水地台帳」（原典: 埼玉県環境生活部自然環境課, 1997年作成）","source_url":"https://atlas-eco-saitama-pref-saitama.hub.arcgis.com/apps/50e96c8bc0cf4bd29418301d7640b33d/explore","data_note":"1997年時点のスナップショットです。現況とは大きく異なる場合があります。categoryは名称文字列からこのスクリプトが独自に推定した分類で、出典データ本来の区分ではありません。"}},{"type":"Feature","geometry":{"type":"Point","coordinates":[139.425677176542,36.0260693568511]},"properties":{"id":"wetland1997_343","name":"蓮沼","municipality":"東松山市","address":null,"category":"池・沼","wetland_no":630,"raw_type_code":0,"raw_naturalness_code":0,"status_note":null,"survey_method":"市町村報告","survey_year":1997,"source":"埼玉県環境科学国際センター「1997年版 埼玉県湿地湧水地台帳」（原典: 埼玉県環境生活部自然環境課, 1997年作成）","source_url":"https://atlas-eco-saitama-pref-saitama.hub.arcgis.com/apps/50e96c8bc0cf4bd29418301d7640b33d/explore","data_note":"1997年時点のスナップショットです。現況とは大きく異なる場合があります。categoryは名称文字列からこのスクリプトが独自に推定した分類で、出典データ本来の区分ではありません。"}},{"type":"Feature","geometry":{"type":"Point","coordinates":[139.353281853472,36.0731913669947]},"properties":{"id":"wetland1997_344","name":"大木地区の北にある湿地","municipality":"滑川町","address":null,"category":"湿地・湿原","wetland_no":558,"raw_type_code":0,"raw_naturalness_code":0,"status_note":null,"survey_method":"市町村報告","survey_year":1997,"source":"埼玉県環境科学国際センター「1997年版 埼玉県湿地湧水地台帳」（原典: 埼玉県環境生活部自然環境課, 1997年作成）","source_url":"https://atlas-eco-saitama-pref-saitama.hub.arcgis.com/apps/50e96c8bc0cf4bd29418301d7640b33d/explore","data_note":"1997年時点のスナップショットです。現況とは大きく異なる場合があります。categoryは名称文字列からこのスクリプトが独自に推定した分類で、出典データ本来の区分ではありません。"}},{"type":"Feature","geometry":{"type":"Point","coordinates":[139.362719097502,36.0577762956622]},"properties":{"id":"wetland1997_345","name":"堀ノ内地区内の湿地","municipality":"滑川町","address":null,"category":"湿地・湿原","wetland_no":580,"raw_type_code":0,"raw_naturalness_code":0,"status_note":null,"survey_method":"市町村報告","survey_year":1997,"source":"埼玉県環境科学国際センター「1997年版 埼玉県湿地湧水地台帳」（原典: 埼玉県環境生活部自然環境課, 1997年作成）","source_url":"https://atlas-eco-saitama-pref-saitama.hub.arcgis.com/apps/50e96c8bc0cf4bd29418301d7640b33d/explore","data_note":"1997年時点のスナップショットです。現況とは大きく異なる場合があります。categoryは名称文字列からこのスクリプトが独自に推定した分類で、出典データ本来の区分ではありません。"}},{"type":"Feature","geometry":{"type":"Point","coordinates":[139.493156310218,35.7817785401909]},"properties":{"id":"wetland1997_346","name":"上安松地内の湧水地","municipality":"所沢市","address":"大字上安松93-4","category":"湧水・井戸","wetland_no":53,"raw_type_code":2,"raw_naturalness_code":0,"status_note":null,"survey_method":"代表湿地","survey_year":1997,"source":"埼玉県環境科学国際センター「1997年版 埼玉県湿地湧水地台帳」（原典: 埼玉県環境生活部自然環境課, 1997年作成）","source_url":"https://atlas-eco-saitama-pref-saitama.hub.arcgis.com/apps/50e96c8bc0cf4bd29418301d7640b33d/explore","data_note":"1997年時点のスナップショットです。現況とは大きく異なる場合があります。categoryは名称文字列からこのスクリプトが独自に推定した分類で、出典データ本来の区分ではありません。"}},{"type":"Feature","geometry":{"type":"Point","coordinates":[139.099657160268,36.0160557787739]},"properties":{"id":"wetland1997_347","name":"ひょうたん池","municipality":"秩父市","address":"秩父市下宮地町","category":"池・沼","wetland_no":456,"raw_type_code":4,"raw_naturalness_code":3,"status_note":null,"survey_method":"県民調査","survey_year":1997,"source":"埼玉県環境科学国際センター「1997年版 埼玉県湿地湧水地台帳」（原典: 埼玉県環境生活部自然環境課, 1997年作成）","source_url":"https://atlas-eco-saitama-pref-saitama.hub.arcgis.com/apps/50e96c8bc0cf4bd29418301d7640b33d/explore","data_note":"1997年時点のスナップショットです。現況とは大きく異なる場合があります。categoryは名称文字列からこのスクリプトが独自に推定した分類で、出典データ本来の区分ではありません。"}},{"type":"Feature","geometry":{"type":"Point","coordinates":[139.190659904961,36.1441531527285]},"properties":{"id":"wetland1997_348","name":"猪俣地区内の湿地（美里ゴルフ場近く）","municipality":"美里町","address":null,"category":"湿地・湿原","wetland_no":279,"raw_type_code":0,"raw_naturalness_code":0,"status_note":null,"survey_method":"航空写真","survey_year":1997,"source":"埼玉県環境科学国際センター「1997年版 埼玉県湿地湧水地台帳」（原典: 埼玉県環境生活部自然環境課, 1997年作成）","source_url":"https://atlas-eco-saitama-pref-saitama.hub.arcgis.com/apps/50e96c8bc0cf4bd29418301d7640b33d/explore","data_note":"1997年時点のスナップショットです。現況とは大きく異なる場合があります。categoryは名称文字列からこのスクリプトが独自に推定した分類で、出典データ本来の区分ではありません。"}},{"type":"Feature","geometry":{"type":"Point","coordinates":[139.360574846767,36.0767537900678]},"properties":{"id":"wetland1997_349","name":"武藏丘陵森林公園内の湿地","municipality":"滑川町","address":null,"category":"湿地・湿原","wetland_no":553,"raw_type_code":0,"raw_naturalness_code":0,"status_note":null,"survey_method":"市町村報告","survey_year":1997,"source":"埼玉県環境科学国際センター「1997年版 埼玉県湿地湧水地台帳」（原典: 埼玉県環境生活部自然環境課, 1997年作成）","source_url":"https://atlas-eco-saitama-pref-saitama.hub.arcgis.com/apps/50e96c8bc0cf4bd29418301d7640b33d/explore","data_note":"1997年時点のスナップショットです。現況とは大きく異なる場合があります。categoryは名称文字列からこのスクリプトが独自に推定した分類で、出典データ本来の区分ではありません。"}},{"type":"Feature","geometry":{"type":"Point","coordinates":[139.145686489575,36.1741265334628]},"properties":{"id":"wetland1997_350","name":"秋山地内の湿地","municipality":"児玉町","address":null,"category":"湿地・湿原","wetland_no":254,"raw_type_code":0,"raw_naturalness_code":0,"status_note":null,"survey_method":"航空写真","survey_year":1997,"source":"埼玉県環境科学国際センター「1997年版 埼玉県湿地湧水地台帳」（原典: 埼玉県環境生活部自然環境課, 1997年作成）","source_url":"https://atlas-eco-saitama-pref-saitama.hub.arcgis.com/apps/50e96c8bc0cf4bd29418301d7640b33d/explore","data_note":"1997年時点のスナップショットです。現況とは大きく異なる場合があります。categoryは名称文字列からこのスクリプトが独自に推定した分類で、出典データ本来の区分ではありません。"}},{"type":"Feature","geometry":{"type":"Point","coordinates":[139.391382694302,36.0714524574171]},"properties":{"id":"wetland1997_351","name":"庚塚沼","municipality":"東松山市","address":null,"category":"池・沼","wetland_no":611,"raw_type_code":0,"raw_naturalness_code":0,"status_note":null,"survey_method":"市町村報告","survey_year":1997,"source":"埼玉県環境科学国際センター「1997年版 埼玉県湿地湧水地台帳」（原典: 埼玉県環境生活部自然環境課, 1997年作成）","source_url":"https://atlas-eco-saitama-pref-saitama.hub.arcgis.com/apps/50e96c8bc0cf4bd29418301d7640b33d/explore","data_note":"1997年時点のスナップショットです。現況とは大きく異なる場合があります。categoryは名称文字列からこのスクリプトが独自に推定した分類で、出典データ本来の区分ではありません。"}},{"type":"Feature","geometry":{"type":"Point","coordinates":[139.545608380007,35.8433580264584]},"properties":{"id":"wetland1997_352","name":"鶴馬2丁目の湧水地（関沢坂下）","municipality":"富士見市","address":"鶴馬2-22-15先","category":"湧水・井戸","wetland_no":104,"raw_type_code":2,"raw_naturalness_code":1,"status_note":null,"survey_method":"代表湿地","survey_year":1997,"source":"埼玉県環境科学国際センター「1997年版 埼玉県湿地湧水地台帳」（原典: 埼玉県環境生活部自然環境課, 1997年作成）","source_url":"https://atlas-eco-saitama-pref-saitama.hub.arcgis.com/apps/50e96c8bc0cf4bd29418301d7640b33d/explore","data_note":"1997年時点のスナップショットです。現況とは大きく異なる場合があります。categoryは名称文字列からこのスクリプトが独自に推定した分類で、出典データ本来の区分ではありません。"}},{"type":"Feature","geometry":{"type":"Point","coordinates":[139.261897739805,36.0970937269393]},"properties":{"id":"wetland1997_353","name":"牟礼地区の東にある湿地","municipality":"寄居町","address":null,"category":"湿地・湿原","wetland_no":379,"raw_type_code":0,"raw_naturalness_code":0,"status_note":null,"survey_method":"市町村報告","survey_year":1997,"source":"埼玉県環境科学国際センター「1997年版 埼玉県湿地湧水地台帳」（原典: 埼玉県環境生活部自然環境課, 1997年作成）","source_url":"https://atlas-eco-saitama-pref-saitama.hub.arcgis.com/apps/50e96c8bc0cf4bd29418301d7640b33d/explore","data_note":"1997年時点のスナップショットです。現況とは大きく異なる場合があります。categoryは名称文字列からこのスクリプトが独自に推定した分類で、出典データ本来の区分ではありません。"}},{"type":"Feature","geometry":{"type":"Point","coordinates":[139.374961871794,35.8560041168319]},"properties":{"id":"wetland1997_354","name":"滝不動の湧水地（一時水）","municipality":"狭山市","address":"大字笠井1370付近","category":"湧水・井戸","wetland_no":66,"raw_type_code":2,"raw_naturalness_code":2,"status_note":null,"survey_method":"代表湿地","survey_year":1997,"source":"埼玉県環境科学国際センター「1997年版 埼玉県湿地湧水地台帳」（原典: 埼玉県環境生活部自然環境課, 1997年作成）","source_url":"https://atlas-eco-saitama-pref-saitama.hub.arcgis.com/apps/50e96c8bc0cf4bd29418301d7640b33d/explore","data_note":"1997年時点のスナップショットです。現況とは大きく異なる場合があります。categoryは名称文字列からこのスクリプトが独自に推定した分類で、出典データ本来の区分ではありません。"}},{"type":"Feature","geometry":{"type":"Point","coordinates":[139.368188596111,36.0724814207186]},"properties":{"id":"wetland1997_355","name":"武藏丘陵森林公園内の湿地","municipality":"滑川町","address":null,"category":"湿地・湿原","wetland_no":563,"raw_type_code":0,"raw_naturalness_code":0,"status_note":null,"survey_method":"市町村報告","survey_year":1997,"source":"埼玉県環境科学国際センター「1997年版 埼玉県湿地湧水地台帳」（原典: 埼玉県環境生活部自然環境課, 1997年作成）","source_url":"https://atlas-eco-saitama-pref-saitama.hub.arcgis.com/apps/50e96c8bc0cf4bd29418301d7640b33d/explore","data_note":"1997年時点のスナップショットです。現況とは大きく異なる場合があります。categoryは名称文字列からこのスクリプトが独自に推定した分類で、出典データ本来の区分ではありません。"}},{"type":"Feature","geometry":{"type":"Point","coordinates":[139.562533385562,35.8468274334743]},"properties":{"id":"wetland1997_356","name":"水子地内の湧水地（大応寺）","municipality":"富士見市","address":"大字水子1765","category":"湧水・井戸","wetland_no":110,"raw_type_code":2,"raw_naturalness_code":2,"status_note":null,"survey_method":"代表湿地","survey_year":1997,"source":"埼玉県環境科学国際センター「1997年版 埼玉県湿地湧水地台帳」（原典: 埼玉県環境生活部自然環境課, 1997年作成）","source_url":"https://atlas-eco-saitama-pref-saitama.hub.arcgis.com/apps/50e96c8bc0cf4bd29418301d7640b33d/explore","data_note":"1997年時点のスナップショットです。現況とは大きく異なる場合があります。categoryは名称文字列からこのスクリプトが独自に推定した分類で、出典データ本来の区分ではありません。"}},{"type":"Feature","geometry":{"type":"Point","coordinates":[139.576134225713,35.7768145434135]},"properties":{"id":"wetland1997_357","name":"栄1丁目の湧水地（妙音沢①）","municipality":"新座市","address":"栄1-11地内","category":"湧水・井戸","wetland_no":97,"raw_type_code":2,"raw_naturalness_code":5,"status_note":null,"survey_method":"代表湿地","survey_year":1997,"source":"埼玉県環境科学国際センター「1997年版 埼玉県湿地湧水地台帳」（原典: 埼玉県環境生活部自然環境課, 1997年作成）","source_url":"https://atlas-eco-saitama-pref-saitama.hub.arcgis.com/apps/50e96c8bc0cf4bd29418301d7640b33d/explore","data_note":"1997年時点のスナップショットです。現況とは大きく異なる場合があります。categoryは名称文字列からこのスクリプトが独自に推定した分類で、出典データ本来の区分ではありません。"}},{"type":"Feature","geometry":{"type":"Point","coordinates":[139.254815805685,36.1400587563816]},"properties":{"id":"wetland1997_358","name":"清水池","municipality":"花園町","address":"花園町大字永田","category":"湧水・井戸","wetland_no":1088,"raw_type_code":2,"raw_naturalness_code":4,"status_note":null,"survey_method":"県民調査","survey_year":1997,"source":"埼玉県環境科学国際センター「1997年版 埼玉県湿地湧水地台帳」（原典: 埼玉県環境生活部自然環境課, 1997年作成）","source_url":"https://atlas-eco-saitama-pref-saitama.hub.arcgis.com/apps/50e96c8bc0cf4bd29418301d7640b33d/explore","data_note":"1997年時点のスナップショットです。現況とは大きく異なる場合があります。categoryは名称文字列からこのスクリプトが独自に推定した分類で、出典データ本来の区分ではありません。"}},{"type":"Feature","geometry":{"type":"Point","coordinates":[139.336611862558,35.8414322656659]},"properties":{"id":"wetland1997_359","name":"岩沢地内の湧水湿地③","municipality":"飯能市","address":"大字岩沢641先","category":"湧水・井戸","wetland_no":61,"raw_type_code":2,"raw_naturalness_code":3,"status_note":null,"survey_method":"代表湿地","survey_year":1997,"source":"埼玉県環境科学国際センター「1997年版 埼玉県湿地湧水地台帳」（原典: 埼玉県環境生活部自然環境課, 1997年作成）","source_url":"https://atlas-eco-saitama-pref-saitama.hub.arcgis.com/apps/50e96c8bc0cf4bd29418301d7640b33d/explore","data_note":"1997年時点のスナップショットです。現況とは大きく異なる場合があります。categoryは名称文字列からこのスクリプトが独自に推定した分類で、出典データ本来の区分ではありません。"}},{"type":"Feature","geometry":{"type":"Point","coordinates":[139.508670091207,35.8896541975677]},"properties":{"id":"wetland1997_360","name":"寺尾周辺の湿地","municipality":"川越市","address":"川越市寺尾","category":"湿地・湿原","wetland_no":1008,"raw_type_code":2,"raw_naturalness_code":3,"status_note":null,"survey_method":"県民調査","survey_year":1997,"source":"埼玉県環境科学国際センター「1997年版 埼玉県湿地湧水地台帳」（原典: 埼玉県環境生活部自然環境課, 1997年作成）","source_url":"https://atlas-eco-saitama-pref-saitama.hub.arcgis.com/apps/50e96c8bc0cf4bd29418301d7640b33d/explore","data_note":"1997年時点のスナップショットです。現況とは大きく異なる場合があります。categoryは名称文字列からこのスクリプトが独自に推定した分類で、出典データ本来の区分ではありません。"}},{"type":"Feature","geometry":{"type":"Point","coordinates":[139.044108638119,36.0321768564416]},"properties":{"id":"wetland1997_361","name":"桜井地内の土手池","municipality":"吉田町","address":null,"category":"池・沼","wetland_no":441,"raw_type_code":0,"raw_naturalness_code":0,"status_note":null,"survey_method":"市町村報告","survey_year":1997,"source":"埼玉県環境科学国際センター「1997年版 埼玉県湿地湧水地台帳」（原典: 埼玉県環境生活部自然環境課, 1997年作成）","source_url":"https://atlas-eco-saitama-pref-saitama.hub.arcgis.com/apps/50e96c8bc0cf4bd29418301d7640b33d/explore","data_note":"1997年時点のスナップショットです。現況とは大きく異なる場合があります。categoryは名称文字列からこのスクリプトが独自に推定した分類で、出典データ本来の区分ではありません。"}},{"type":"Feature","geometry":{"type":"Point","coordinates":[139.663733908666,36.1340884834534]},"properties":{"id":"wetland1997_362","name":"(名称未記載)","municipality":"","address":null,"category":"その他","wetland_no":432,"raw_type_code":0,"raw_naturalness_code":0,"status_note":null,"survey_method":null,"survey_year":1997,"source":"埼玉県環境科学国際センター「1997年版 埼玉県湿地湧水地台帳」（原典: 埼玉県環境生活部自然環境課, 1997年作成）","source_url":"https://atlas-eco-saitama-pref-saitama.hub.arcgis.com/apps/50e96c8bc0cf4bd29418301d7640b33d/explore","data_note":"1997年時点のスナップショットです。現況とは大きく異なる場合があります。categoryは名称文字列からこのスクリプトが独自に推定した分類で、出典データ本来の区分ではありません。"}},{"type":"Feature","geometry":{"type":"Point","coordinates":[139.359979527838,35.8413031210081]},"properties":{"id":"wetland1997_363","name":"仏子地内の大沢河沿いの湧水地","municipality":"入間市","address":"大字仏子字下ヶ谷戸113-2先","category":"湧水・井戸","wetland_no":75,"raw_type_code":2,"raw_naturalness_code":0,"status_note":null,"survey_method":"代表湿地","survey_year":1997,"source":"埼玉県環境科学国際センター「1997年版 埼玉県湿地湧水地台帳」（原典: 埼玉県環境生活部自然環境課, 1997年作成）","source_url":"https://atlas-eco-saitama-pref-saitama.hub.arcgis.com/apps/50e96c8bc0cf4bd29418301d7640b33d/explore","data_note":"1997年時点のスナップショットです。現況とは大きく異なる場合があります。categoryは名称文字列からこのスクリプトが独自に推定した分類で、出典データ本来の区分ではありません。"}},{"type":"Feature","geometry":{"type":"Point","coordinates":[139.381887306814,35.8596620014635]},"properties":{"id":"wetland1997_364","name":"水富神社内湧水地","municipality":"狭山市","address":"大字根岸地内","category":"湧水・井戸","wetland_no":68,"raw_type_code":2,"raw_naturalness_code":1,"status_note":null,"survey_method":"代表湿地","survey_year":1997,"source":"埼玉県環境科学国際センター「1997年版 埼玉県湿地湧水地台帳」（原典: 埼玉県環境生活部自然環境課, 1997年作成）","source_url":"https://atlas-eco-saitama-pref-saitama.hub.arcgis.com/apps/50e96c8bc0cf4bd29418301d7640b33d/explore","data_note":"1997年時点のスナップショットです。現況とは大きく異なる場合があります。categoryは名称文字列からこのスクリプトが独自に推定した分類で、出典データ本来の区分ではありません。"}},{"type":"Feature","geometry":{"type":"Point","coordinates":[139.546077945576,35.8443735472253]},"properties":{"id":"wetland1997_365","name":"鶴馬2丁目の湧水地（民家）","municipality":"富士見市","address":"鶴馬2-19-40先","category":"湧水・井戸","wetland_no":109,"raw_type_code":2,"raw_naturalness_code":4,"status_note":null,"survey_method":"代表湿地","survey_year":1997,"source":"埼玉県環境科学国際センター「1997年版 埼玉県湿地湧水地台帳」（原典: 埼玉県環境生活部自然環境課, 1997年作成）","source_url":"https://atlas-eco-saitama-pref-saitama.hub.arcgis.com/apps/50e96c8bc0cf4bd29418301d7640b33d/explore","data_note":"1997年時点のスナップショットです。現況とは大きく異なる場合があります。categoryは名称文字列からこのスクリプトが独自に推定した分類で、出典データ本来の区分ではありません。"}},{"type":"Feature","geometry":{"type":"Point","coordinates":[139.048429503194,35.9715568359627]},"properties":{"id":"wetland1997_366","name":"弁天池","municipality":"秩父市","address":null,"category":"池・沼","wetland_no":1086,"raw_type_code":4,"raw_naturalness_code":4,"status_note":null,"survey_method":"県民調査","survey_year":1997,"source":"埼玉県環境科学国際センター「1997年版 埼玉県湿地湧水地台帳」（原典: 埼玉県環境生活部自然環境課, 1997年作成）","source_url":"https://atlas-eco-saitama-pref-saitama.hub.arcgis.com/apps/50e96c8bc0cf4bd29418301d7640b33d/explore","data_note":"1997年時点のスナップショットです。現況とは大きく異なる場合があります。categoryは名称文字列からこのスクリプトが独自に推定した分類で、出典データ本来の区分ではありません。"}},{"type":"Feature","geometry":{"type":"Point","coordinates":[139.560778801539,35.7922564779304]},"properties":{"id":"wetland1997_367","name":"平林寺境内","municipality":"新座市","address":null,"category":"その他","wetland_no":844,"raw_type_code":0,"raw_naturalness_code":0,"status_note":null,"survey_method":"航空写真","survey_year":1997,"source":"埼玉県環境科学国際センター「1997年版 埼玉県湿地湧水地台帳」（原典: 埼玉県環境生活部自然環境課, 1997年作成）","source_url":"https://atlas-eco-saitama-pref-saitama.hub.arcgis.com/apps/50e96c8bc0cf4bd29418301d7640b33d/explore","data_note":"1997年時点のスナップショットです。現況とは大きく異なる場合があります。categoryは名称文字列からこのスクリプトが独自に推定した分類で、出典データ本来の区分ではありません。"}},{"type":"Feature","geometry":{"type":"Point","coordinates":[139.533268079219,35.8019745337495]},"properties":{"id":"wetland1997_368","name":"滝の城址公園内の湧水池①","municipality":"所沢市","address":"大字城564","category":"湧水・井戸","wetland_no":43,"raw_type_code":2,"raw_naturalness_code":0,"status_note":null,"survey_method":"代表湿地","survey_year":1997,"source":"埼玉県環境科学国際センター「1997年版 埼玉県湿地湧水地台帳」（原典: 埼玉県環境生活部自然環境課, 1997年作成）","source_url":"https://atlas-eco-saitama-pref-saitama.hub.arcgis.com/apps/50e96c8bc0cf4bd29418301d7640b33d/explore","data_note":"1997年時点のスナップショットです。現況とは大きく異なる場合があります。categoryは名称文字列からこのスクリプトが独自に推定した分類で、出典データ本来の区分ではありません。"}},{"type":"Feature","geometry":{"type":"Point","coordinates":[139.557074063967,35.7619370699277]},"properties":{"id":"wetland1997_369","name":"野寺3丁目の湧水地（武蔵神社）","municipality":"新座市","address":"野寺3-13-34","category":"湧水・井戸","wetland_no":96,"raw_type_code":2,"raw_naturalness_code":1,"status_note":null,"survey_method":"代表湿地","survey_year":1997,"source":"埼玉県環境科学国際センター「1997年版 埼玉県湿地湧水地台帳」（原典: 埼玉県環境生活部自然環境課, 1997年作成）","source_url":"https://atlas-eco-saitama-pref-saitama.hub.arcgis.com/apps/50e96c8bc0cf4bd29418301d7640b33d/explore","data_note":"1997年時点のスナップショットです。現況とは大きく異なる場合があります。categoryは名称文字列からこのスクリプトが独自に推定した分類で、出典データ本来の区分ではありません。"}},{"type":"Feature","geometry":{"type":"Point","coordinates":[139.334026299168,36.0852665092171]},"properties":{"id":"wetland1997_370","name":"和泉地区内の湿地","municipality":"滑川町","address":null,"category":"湿地・湿原","wetland_no":543,"raw_type_code":0,"raw_naturalness_code":0,"status_note":null,"survey_method":"市町村報告","survey_year":1997,"source":"埼玉県環境科学国際センター「1997年版 埼玉県湿地湧水地台帳」（原典: 埼玉県環境生活部自然環境課, 1997年作成）","source_url":"https://atlas-eco-saitama-pref-saitama.hub.arcgis.com/apps/50e96c8bc0cf4bd29418301d7640b33d/explore","data_note":"1997年時点のスナップショットです。現況とは大きく異なる場合があります。categoryは名称文字列からこのスクリプトが独自に推定した分類で、出典データ本来の区分ではありません。"}},{"type":"Feature","geometry":{"type":"Point","coordinates":[139.43656974613,35.7806885255805]},"properties":{"id":"wetland1997_371","name":"山口地内の湧水地","municipality":"所沢市","address":"大字山口1478","category":"湧水・井戸","wetland_no":52,"raw_type_code":2,"raw_naturalness_code":0,"status_note":null,"survey_method":"代表湿地","survey_year":1997,"source":"埼玉県環境科学国際センター「1997年版 埼玉県湿地湧水地台帳」（原典: 埼玉県環境生活部自然環境課, 1997年作成）","source_url":"https://atlas-eco-saitama-pref-saitama.hub.arcgis.com/apps/50e96c8bc0cf4bd29418301d7640b33d/explore","data_note":"1997年時点のスナップショットです。現況とは大きく異なる場合があります。categoryは名称文字列からこのスクリプトが独自に推定した分類で、出典データ本来の区分ではありません。"}},{"type":"Feature","geometry":{"type":"Point","coordinates":[139.446116034857,35.9672859850736]},"properties":{"id":"wetland1997_372","name":"(名称未記載)","municipality":"","address":null,"category":"その他","wetland_no":781,"raw_type_code":0,"raw_naturalness_code":0,"status_note":null,"survey_method":null,"survey_year":1997,"source":"埼玉県環境科学国際センター「1997年版 埼玉県湿地湧水地台帳」（原典: 埼玉県環境生活部自然環境課, 1997年作成）","source_url":"https://atlas-eco-saitama-pref-saitama.hub.arcgis.com/apps/50e96c8bc0cf4bd29418301d7640b33d/explore","data_note":"1997年時点のスナップショットです。現況とは大きく異なる場合があります。categoryは名称文字列からこのスクリプトが独自に推定した分類で、出典データ本来の区分ではありません。"}},{"type":"Feature","geometry":{"type":"Point","coordinates":[139.542909036003,35.8394722168062]},"properties":{"id":"wetland1997_373","name":"関沢3丁目の湧水地（カニバ）","municipality":"富士見市","address":"関沢3-19-31先","category":"湧水・井戸","wetland_no":102,"raw_type_code":2,"raw_naturalness_code":1,"status_note":null,"survey_method":"代表湿地","survey_year":1997,"source":"埼玉県環境科学国際センター「1997年版 埼玉県湿地湧水地台帳」（原典: 埼玉県環境生活部自然環境課, 1997年作成）","source_url":"https://atlas-eco-saitama-pref-saitama.hub.arcgis.com/apps/50e96c8bc0cf4bd29418301d7640b33d/explore","data_note":"1997年時点のスナップショットです。現況とは大きく異なる場合があります。categoryは名称文字列からこのスクリプトが独自に推定した分類で、出典データ本来の区分ではありません。"}},{"type":"Feature","geometry":{"type":"Point","coordinates":[139.449090540917,35.9383890137684]},"properties":{"id":"wetland1997_374","name":"青林寺付近の湿地","municipality":"川越市","address":"川越市鯨井","category":"湿地・湿原","wetland_no":1005,"raw_type_code":2,"raw_naturalness_code":3,"status_note":null,"survey_method":"県民調査","survey_year":1997,"source":"埼玉県環境科学国際センター「1997年版 埼玉県湿地湧水地台帳」（原典: 埼玉県環境生活部自然環境課, 1997年作成）","source_url":"https://atlas-eco-saitama-pref-saitama.hub.arcgis.com/apps/50e96c8bc0cf4bd29418301d7640b33d/explore","data_note":"1997年時点のスナップショットです。現況とは大きく異なる場合があります。categoryは名称文字列からこのスクリプトが独自に推定した分類で、出典データ本来の区分ではありません。"}},{"type":"Feature","geometry":{"type":"Point","coordinates":[139.416904974181,35.7830744284202]},"properties":{"id":"wetland1997_375","name":"上山口地内の湧水地③","municipality":"所沢市","address":"大字上山口542","category":"湧水・井戸","wetland_no":55,"raw_type_code":2,"raw_naturalness_code":0,"status_note":null,"survey_method":"代表湿地","survey_year":1997,"source":"埼玉県環境科学国際センター「1997年版 埼玉県湿地湧水地台帳」（原典: 埼玉県環境生活部自然環境課, 1997年作成）","source_url":"https://atlas-eco-saitama-pref-saitama.hub.arcgis.com/apps/50e96c8bc0cf4bd29418301d7640b33d/explore","data_note":"1997年時点のスナップショットです。現況とは大きく異なる場合があります。categoryは名称文字列からこのスクリプトが独自に推定した分類で、出典データ本来の区分ではありません。"}},{"type":"Feature","geometry":{"type":"Point","coordinates":[139.582156797279,35.7873698297216]},"properties":{"id":"wetland1997_376","name":"膝折氷川神社の子の神池","municipality":"朝霞市","address":"膝折町2-20地内","category":"池・沼","wetland_no":80,"raw_type_code":2,"raw_naturalness_code":0,"status_note":null,"survey_method":"代表湿地","survey_year":1997,"source":"埼玉県環境科学国際センター「1997年版 埼玉県湿地湧水地台帳」（原典: 埼玉県環境生活部自然環境課, 1997年作成）","source_url":"https://atlas-eco-saitama-pref-saitama.hub.arcgis.com/apps/50e96c8bc0cf4bd29418301d7640b33d/explore","data_note":"1997年時点のスナップショットです。現況とは大きく異なる場合があります。categoryは名称文字列からこのスクリプトが独自に推定した分類で、出典データ本来の区分ではありません。"}},{"type":"Feature","geometry":{"type":"Point","coordinates":[139.105123186888,35.9813643279853]},"properties":{"id":"wetland1997_377","name":"三菱マテリアル工場の西側にある湿地","municipality":"横瀬町","address":null,"category":"湿地・湿原","wetland_no":702,"raw_type_code":0,"raw_naturalness_code":0,"status_note":null,"survey_method":"航空写真","survey_year":1997,"source":"埼玉県環境科学国際センター「1997年版 埼玉県湿地湧水地台帳」（原典: 埼玉県環境生活部自然環境課, 1997年作成）","source_url":"https://atlas-eco-saitama-pref-saitama.hub.arcgis.com/apps/50e96c8bc0cf4bd29418301d7640b33d/explore","data_note":"1997年時点のスナップショットです。現況とは大きく異なる場合があります。categoryは名称文字列からこのスクリプトが独自に推定した分類で、出典データ本来の区分ではありません。"}},{"type":"Feature","geometry":{"type":"Point","coordinates":[139.073549279436,35.9970592745387]},"properties":{"id":"wetland1997_378","name":"中村町3丁目地内にある湿地","municipality":"秩父市","address":null,"category":"湿地・湿原","wetland_no":1087,"raw_type_code":2,"raw_naturalness_code":5,"status_note":null,"survey_method":"県民調査","survey_year":1997,"source":"埼玉県環境科学国際センター「1997年版 埼玉県湿地湧水地台帳」（原典: 埼玉県環境生活部自然環境課, 1997年作成）","source_url":"https://atlas-eco-saitama-pref-saitama.hub.arcgis.com/apps/50e96c8bc0cf4bd29418301d7640b33d/explore","data_note":"1997年時点のスナップショットです。現況とは大きく異なる場合があります。categoryは名称文字列からこのスクリプトが独自に推定した分類で、出典データ本来の区分ではありません。"}},{"type":"Feature","geometry":{"type":"Point","coordinates":[139.787126152937,35.9506849421478]},"properties":{"id":"wetland1997_379","name":"平方地区の湿地","municipality":"越谷市","address":null,"category":"湿地・湿原","wetland_no":798,"raw_type_code":0,"raw_naturalness_code":0,"status_note":null,"survey_method":"航空写真","survey_year":1997,"source":"埼玉県環境科学国際センター「1997年版 埼玉県湿地湧水地台帳」（原典: 埼玉県環境生活部自然環境課, 1997年作成）","source_url":"https://atlas-eco-saitama-pref-saitama.hub.arcgis.com/apps/50e96c8bc0cf4bd29418301d7640b33d/explore","data_note":"1997年時点のスナップショットです。現況とは大きく異なる場合があります。categoryは名称文字列からこのスクリプトが独自に推定した分類で、出典データ本来の区分ではありません。"}},{"type":"Feature","geometry":{"type":"Point","coordinates":[139.173854275626,36.0964898105518]},"properties":{"id":"wetland1997_380","name":"入山沼池","municipality":"寄居町","address":"寄居町秋山","category":"池・沼","wetland_no":1105,"raw_type_code":0,"raw_naturalness_code":0,"status_note":null,"survey_method":"市町村報告","survey_year":1997,"source":"埼玉県環境科学国際センター「1997年版 埼玉県湿地湧水地台帳」（原典: 埼玉県環境生活部自然環境課, 1997年作成）","source_url":"https://atlas-eco-saitama-pref-saitama.hub.arcgis.com/apps/50e96c8bc0cf4bd29418301d7640b33d/explore","data_note":"1997年時点のスナップショットです。現況とは大きく異なる場合があります。categoryは名称文字列からこのスクリプトが独自に推定した分類で、出典データ本来の区分ではありません。"}},{"type":"Feature","geometry":{"type":"Point","coordinates":[139.386889856647,35.98941598853]},"properties":{"id":"wetland1997_381","name":"中丸池","municipality":"東松山市","address":null,"category":"池・沼","wetland_no":778,"raw_type_code":0,"raw_naturalness_code":0,"status_note":null,"survey_method":"市町村報告","survey_year":1997,"source":"埼玉県環境科学国際センター「1997年版 埼玉県湿地湧水地台帳」（原典: 埼玉県環境生活部自然環境課, 1997年作成）","source_url":"https://atlas-eco-saitama-pref-saitama.hub.arcgis.com/apps/50e96c8bc0cf4bd29418301d7640b33d/explore","data_note":"1997年時点のスナップショットです。現況とは大きく異なる場合があります。categoryは名称文字列からこのスクリプトが独自に推定した分類で、出典データ本来の区分ではありません。"}},{"type":"Feature","geometry":{"type":"Point","coordinates":[139.545515376528,35.842309047798]},"properties":{"id":"wetland1997_382","name":"関沢1丁目の湧水地（上の水車）","municipality":"富士見市","address":"関沢1-6-17先","category":"湧水・井戸","wetland_no":103,"raw_type_code":2,"raw_naturalness_code":2,"status_note":null,"survey_method":"代表湿地","survey_year":1997,"source":"埼玉県環境科学国際センター「1997年版 埼玉県湿地湧水地台帳」（原典: 埼玉県環境生活部自然環境課, 1997年作成）","source_url":"https://atlas-eco-saitama-pref-saitama.hub.arcgis.com/apps/50e96c8bc0cf4bd29418301d7640b33d/explore","data_note":"1997年時点のスナップショットです。現況とは大きく異なる場合があります。categoryは名称文字列からこのスクリプトが独自に推定した分類で、出典データ本来の区分ではありません。"}},{"type":"Feature","geometry":{"type":"Point","coordinates":[139.379946645763,36.0333252103322]},"properties":{"id":"wetland1997_383","name":"青鳥沼","municipality":"東松山市","address":null,"category":"池・沼","wetland_no":622,"raw_type_code":0,"raw_naturalness_code":0,"status_note":null,"survey_method":"市町村報告","survey_year":1997,"source":"埼玉県環境科学国際センター「1997年版 埼玉県湿地湧水地台帳」（原典: 埼玉県環境生活部自然環境課, 1997年作成）","source_url":"https://atlas-eco-saitama-pref-saitama.hub.arcgis.com/apps/50e96c8bc0cf4bd29418301d7640b33d/explore","data_note":"1997年時点のスナップショットです。現況とは大きく異なる場合があります。categoryは名称文字列からこのスクリプトが独自に推定した分類で、出典データ本来の区分ではありません。"}},{"type":"Feature","geometry":{"type":"Point","coordinates":[139.233558336008,36.0920853788251]},"properties":{"id":"wetland1997_384","name":"銭小田池","municipality":"寄居町","address":"寄居町谷津","category":"池・沼","wetland_no":1115,"raw_type_code":0,"raw_naturalness_code":0,"status_note":null,"survey_method":"市町村報告","survey_year":1997,"source":"埼玉県環境科学国際センター「1997年版 埼玉県湿地湧水地台帳」（原典: 埼玉県環境生活部自然環境課, 1997年作成）","source_url":"https://atlas-eco-saitama-pref-saitama.hub.arcgis.com/apps/50e96c8bc0cf4bd29418301d7640b33d/explore","data_note":"1997年時点のスナップショットです。現況とは大きく異なる場合があります。categoryは名称文字列からこのスクリプトが独自に推定した分類で、出典データ本来の区分ではありません。"}},{"type":"Feature","geometry":{"type":"Point","coordinates":[139.356945806631,36.0912232513183]},"properties":{"id":"wetland1997_385","name":"福田地区内の湿地","municipality":"滑川町","address":null,"category":"湿地・湿原","wetland_no":337,"raw_type_code":0,"raw_naturalness_code":0,"status_note":null,"survey_method":"市町村報告","survey_year":1997,"source":"埼玉県環境科学国際センター「1997年版 埼玉県湿地湧水地台帳」（原典: 埼玉県環境生活部自然環境課, 1997年作成）","source_url":"https://atlas-eco-saitama-pref-saitama.hub.arcgis.com/apps/50e96c8bc0cf4bd29418301d7640b33d/explore","data_note":"1997年時点のスナップショットです。現況とは大きく異なる場合があります。categoryは名称文字列からこのスクリプトが独自に推定した分類で、出典データ本来の区分ではありません。"}},{"type":"Feature","geometry":{"type":"Point","coordinates":[139.252168633138,36.0861093988391]},"properties":{"id":"wetland1997_386","name":"広見池","municipality":"寄居町","address":null,"category":"池・沼","wetland_no":465,"raw_type_code":0,"raw_naturalness_code":0,"status_note":null,"survey_method":"市町村報告","survey_year":1997,"source":"埼玉県環境科学国際センター「1997年版 埼玉県湿地湧水地台帳」（原典: 埼玉県環境生活部自然環境課, 1997年作成）","source_url":"https://atlas-eco-saitama-pref-saitama.hub.arcgis.com/apps/50e96c8bc0cf4bd29418301d7640b33d/explore","data_note":"1997年時点のスナップショットです。現況とは大きく異なる場合があります。categoryは名称文字列からこのスクリプトが独自に推定した分類で、出典データ本来の区分ではありません。"}},{"type":"Feature","geometry":{"type":"Point","coordinates":[139.262731977361,36.0792718741057]},"properties":{"id":"wetland1997_387","name":"池田沼","municipality":"小川町","address":null,"category":"池・沼","wetland_no":472,"raw_type_code":0,"raw_naturalness_code":0,"status_note":null,"survey_method":"市町村報告","survey_year":1997,"source":"埼玉県環境科学国際センター「1997年版 埼玉県湿地湧水地台帳」（原典: 埼玉県環境生活部自然環境課, 1997年作成）","source_url":"https://atlas-eco-saitama-pref-saitama.hub.arcgis.com/apps/50e96c8bc0cf4bd29418301d7640b33d/explore","data_note":"1997年時点のスナップショットです。現況とは大きく異なる場合があります。categoryは名称文字列からこのスクリプトが独自に推定した分類で、出典データ本来の区分ではありません。"}},{"type":"Feature","geometry":{"type":"Point","coordinates":[139.386311921017,35.923277731312]},"properties":{"id":"wetland1997_388","name":"逆木の池","municipality":"鶴ヶ島市","address":"鶴ヶ島市大字三ツ木字逆木地内","category":"池・沼","wetland_no":119,"raw_type_code":2,"raw_naturalness_code":3,"status_note":null,"survey_method":"代表湿地","survey_year":1997,"source":"埼玉県環境科学国際センター「1997年版 埼玉県湿地湧水地台帳」（原典: 埼玉県環境生活部自然環境課, 1997年作成）","source_url":"https://atlas-eco-saitama-pref-saitama.hub.arcgis.com/apps/50e96c8bc0cf4bd29418301d7640b33d/explore","data_note":"1997年時点のスナップショットです。現況とは大きく異なる場合があります。categoryは名称文字列からこのスクリプトが独自に推定した分類で、出典データ本来の区分ではありません。"}},{"type":"Feature","geometry":{"type":"Point","coordinates":[139.354649842122,36.0771588085064]},"properties":{"id":"wetland1997_389","name":"古姓地区の南にある湿地","municipality":"滑川町","address":null,"category":"湿地・湿原","wetland_no":554,"raw_type_code":0,"raw_naturalness_code":0,"status_note":null,"survey_method":"市町村報告","survey_year":1997,"source":"埼玉県環境科学国際センター「1997年版 埼玉県湿地湧水地台帳」（原典: 埼玉県環境生活部自然環境課, 1997年作成）","source_url":"https://atlas-eco-saitama-pref-saitama.hub.arcgis.com/apps/50e96c8bc0cf4bd29418301d7640b33d/explore","data_note":"1997年時点のスナップショットです。現況とは大きく異なる場合があります。categoryは名称文字列からこのスクリプトが独自に推定した分類で、出典データ本来の区分ではありません。"}},{"type":"Feature","geometry":{"type":"Point","coordinates":[139.422958922103,35.7799689760608]},"properties":{"id":"wetland1997_390","name":"狭山丘陵いきものふれあいの里スポット2湧水湿地とその周辺湿地","municipality":"所沢市","address":"大字上山口319-1","category":"湧水・井戸","wetland_no":47,"raw_type_code":2,"raw_naturalness_code":0,"status_note":null,"survey_method":"代表湿地","survey_year":1997,"source":"埼玉県環境科学国際センター「1997年版 埼玉県湿地湧水地台帳」（原典: 埼玉県環境生活部自然環境課, 1997年作成）","source_url":"https://atlas-eco-saitama-pref-saitama.hub.arcgis.com/apps/50e96c8bc0cf4bd29418301d7640b33d/explore","data_note":"1997年時点のスナップショットです。現況とは大きく異なる場合があります。categoryは名称文字列からこのスクリプトが独自に推定した分類で、出典データ本来の区分ではありません。"}},{"type":"Feature","geometry":{"type":"Point","coordinates":[139.289958433199,36.0596603617719]},"properties":{"id":"wetland1997_391","name":"大師越沼","municipality":"小川町","address":"小川町東小川4丁目","category":"池・沼","wetland_no":1063,"raw_type_code":0,"raw_naturalness_code":0,"status_note":null,"survey_method":"市町村報告","survey_year":1997,"source":"埼玉県環境科学国際センター「1997年版 埼玉県湿地湧水地台帳」（原典: 埼玉県環境生活部自然環境課, 1997年作成）","source_url":"https://atlas-eco-saitama-pref-saitama.hub.arcgis.com/apps/50e96c8bc0cf4bd29418301d7640b33d/explore","data_note":"1997年時点のスナップショットです。現況とは大きく異なる場合があります。categoryは名称文字列からこのスクリプトが独自に推定した分類で、出典データ本来の区分ではありません。"}},{"type":"Feature","geometry":{"type":"Point","coordinates":[139.301658610686,36.0513696734556]},"properties":{"id":"wetland1997_392","name":"水鏡上沼","municipality":"嵐山町","address":null,"category":"池・沼","wetland_no":537,"raw_type_code":0,"raw_naturalness_code":0,"status_note":null,"survey_method":"市町村報告","survey_year":1997,"source":"埼玉県環境科学国際センター「1997年版 埼玉県湿地湧水地台帳」（原典: 埼玉県環境生活部自然環境課, 1997年作成）","source_url":"https://atlas-eco-saitama-pref-saitama.hub.arcgis.com/apps/50e96c8bc0cf4bd29418301d7640b33d/explore","data_note":"1997年時点のスナップショットです。現況とは大きく異なる場合があります。categoryは名称文字列からこのスクリプトが独自に推定した分類で、出典データ本来の区分ではありません。"}},{"type":"Feature","geometry":{"type":"Point","coordinates":[139.328562760882,36.0934959542187]},"properties":{"id":"wetland1997_393","name":"和泉上地区の北の湿地","municipality":"滑川町","address":null,"category":"湿地・湿原","wetland_no":320,"raw_type_code":0,"raw_naturalness_code":0,"status_note":null,"survey_method":"市町村報告","survey_year":1997,"source":"埼玉県環境科学国際センター「1997年版 埼玉県湿地湧水地台帳」（原典: 埼玉県環境生活部自然環境課, 1997年作成）","source_url":"https://atlas-eco-saitama-pref-saitama.hub.arcgis.com/apps/50e96c8bc0cf4bd29418301d7640b33d/explore","data_note":"1997年時点のスナップショットです。現況とは大きく異なる場合があります。categoryは名称文字列からこのスクリプトが独自に推定した分類で、出典データ本来の区分ではありません。"}},{"type":"Feature","geometry":{"type":"Point","coordinates":[139.388369623566,35.7873463901339]},"properties":{"id":"wetland1997_394","name":"八幡湿地","municipality":"所沢市","address":"大字糀谷21","category":"湿地・湿原","wetland_no":78,"raw_type_code":2,"raw_naturalness_code":0,"status_note":null,"survey_method":"代表湿地","survey_year":1997,"source":"埼玉県環境科学国際センター「1997年版 埼玉県湿地湧水地台帳」（原典: 埼玉県環境生活部自然環境課, 1997年作成）","source_url":"https://atlas-eco-saitama-pref-saitama.hub.arcgis.com/apps/50e96c8bc0cf4bd29418301d7640b33d/explore","data_note":"1997年時点のスナップショットです。現況とは大きく異なる場合があります。categoryは名称文字列からこのスクリプトが独自に推定した分類で、出典データ本来の区分ではありません。"}},{"type":"Feature","geometry":{"type":"Point","coordinates":[139.272660306103,35.9795513302739]},"properties":{"id":"wetland1997_395","name":"奥武藏ゴルフ場内の湿地","municipality":"越生町","address":null,"category":"湿地・湿原","wetland_no":749,"raw_type_code":4,"raw_naturalness_code":0,"status_note":null,"survey_method":"県民調査","survey_year":1997,"source":"埼玉県環境科学国際センター「1997年版 埼玉県湿地湧水地台帳」（原典: 埼玉県環境生活部自然環境課, 1997年作成）","source_url":"https://atlas-eco-saitama-pref-saitama.hub.arcgis.com/apps/50e96c8bc0cf4bd29418301d7640b33d/explore","data_note":"1997年時点のスナップショットです。現況とは大きく異なる場合があります。categoryは名称文字列からこのスクリプトが独自に推定した分類で、出典データ本来の区分ではありません。"}},{"type":"Feature","geometry":{"type":"Point","coordinates":[139.699449936216,36.0763776785945]},"properties":{"id":"wetland1997_396","name":"青毛タヌキモ自生地","municipality":"久喜市","address":"大字青毛地内","category":"その他","wetland_no":198,"raw_type_code":3,"raw_naturalness_code":0,"status_note":"埋立のため消失","survey_method":"代表湿地","survey_year":1997,"source":"埼玉県環境科学国際センター「1997年版 埼玉県湿地湧水地台帳」（原典: 埼玉県環境生活部自然環境課, 1997年作成）","source_url":"https://atlas-eco-saitama-pref-saitama.hub.arcgis.com/apps/50e96c8bc0cf4bd29418301d7640b33d/explore","data_note":"1997年時点のスナップショットです。現況とは大きく異なる場合があります。categoryは名称文字列からこのスクリプトが独自に推定した分類で、出典データ本来の区分ではありません。"}},{"type":"Feature","geometry":{"type":"Point","coordinates":[139.580563715073,36.186560956234]},"properties":{"id":"wetland1997_397","name":"上村君地先","municipality":"羽生市","address":null,"category":"その他","wetland_no":264,"raw_type_code":0,"raw_naturalness_code":0,"status_note":null,"survey_method":"市町村報告","survey_year":1997,"source":"埼玉県環境科学国際センター「1997年版 埼玉県湿地湧水地台帳」（原典: 埼玉県環境生活部自然環境課, 1997年作成）","source_url":"https://atlas-eco-saitama-pref-saitama.hub.arcgis.com/apps/50e96c8bc0cf4bd29418301d7640b33d/explore","data_note":"1997年時点のスナップショットです。現況とは大きく異なる場合があります。categoryは名称文字列からこのスクリプトが独自に推定した分類で、出典データ本来の区分ではありません。"}},{"type":"Feature","geometry":{"type":"Point","coordinates":[139.427208842729,35.9292563816077]},"properties":{"id":"wetland1997_398","name":"白髪神社","municipality":"川越市","address":"川越市吉田","category":"その他","wetland_no":1001,"raw_type_code":2,"raw_naturalness_code":3,"status_note":null,"survey_method":"県民調査","survey_year":1997,"source":"埼玉県環境科学国際センター「1997年版 埼玉県湿地湧水地台帳」（原典: 埼玉県環境生活部自然環境課, 1997年作成）","source_url":"https://atlas-eco-saitama-pref-saitama.hub.arcgis.com/apps/50e96c8bc0cf4bd29418301d7640b33d/explore","data_note":"1997年時点のスナップショットです。現況とは大きく異なる場合があります。categoryは名称文字列からこのスクリプトが独自に推定した分類で、出典データ本来の区分ではありません。"}},{"type":"Feature","geometry":{"type":"Point","coordinates":[139.349365548278,36.0571680597747]},"properties":{"id":"wetland1997_399","name":"平地区の西にある湿地","municipality":"滑川町","address":null,"category":"湿地・湿原","wetland_no":586,"raw_type_code":0,"raw_naturalness_code":0,"status_note":null,"survey_method":"市町村報告","survey_year":1997,"source":"埼玉県環境科学国際センター「1997年版 埼玉県湿地湧水地台帳」（原典: 埼玉県環境生活部自然環境課, 1997年作成）","source_url":"https://atlas-eco-saitama-pref-saitama.hub.arcgis.com/apps/50e96c8bc0cf4bd29418301d7640b33d/explore","data_note":"1997年時点のスナップショットです。現況とは大きく異なる場合があります。categoryは名称文字列からこのスクリプトが独自に推定した分類で、出典データ本来の区分ではありません。"}},{"type":"Feature","geometry":{"type":"Point","coordinates":[139.421489344773,35.7831754107201]},"properties":{"id":"wetland1997_400","name":"北野地内の湧水地とその周辺湿地","municipality":"所沢市","address":"大字北野2381","category":"湧水・井戸","wetland_no":48,"raw_type_code":2,"raw_naturalness_code":0,"status_note":null,"survey_method":"代表湿地","survey_year":1997,"source":"埼玉県環境科学国際センター「1997年版 埼玉県湿地湧水地台帳」（原典: 埼玉県環境生活部自然環境課, 1997年作成）","source_url":"https://atlas-eco-saitama-pref-saitama.hub.arcgis.com/apps/50e96c8bc0cf4bd29418301d7640b33d/explore","data_note":"1997年時点のスナップショットです。現況とは大きく異なる場合があります。categoryは名称文字列からこのスクリプトが独自に推定した分類で、出典データ本来の区分ではありません。"}},{"type":"Feature","geometry":{"type":"Point","coordinates":[139.314773943766,36.1007700852794]},"properties":{"id":"wetland1997_401","name":"駒込沼","municipality":"江南町","address":null,"category":"池・沼","wetland_no":297,"raw_type_code":0,"raw_naturalness_code":0,"status_note":null,"survey_method":"市町村報告","survey_year":1997,"source":"埼玉県環境科学国際センター「1997年版 埼玉県湿地湧水地台帳」（原典: 埼玉県環境生活部自然環境課, 1997年作成）","source_url":"https://atlas-eco-saitama-pref-saitama.hub.arcgis.com/apps/50e96c8bc0cf4bd29418301d7640b33d/explore","data_note":"1997年時点のスナップショットです。現況とは大きく異なる場合があります。categoryは名称文字列からこのスクリプトが独自に推定した分類で、出典データ本来の区分ではありません。"}},{"type":"Feature","geometry":{"type":"Point","coordinates":[139.338500555172,35.8407590573684]},"properties":{"id":"wetland1997_402","name":"岩沢地内の湧水湿地①（下井戸）","municipality":"飯能市","address":"大字岩沢690先","category":"湧水・井戸","wetland_no":59,"raw_type_code":2,"raw_naturalness_code":3,"status_note":null,"survey_method":"代表湿地","survey_year":1997,"source":"埼玉県環境科学国際センター「1997年版 埼玉県湿地湧水地台帳」（原典: 埼玉県環境生活部自然環境課, 1997年作成）","source_url":"https://atlas-eco-saitama-pref-saitama.hub.arcgis.com/apps/50e96c8bc0cf4bd29418301d7640b33d/explore","data_note":"1997年時点のスナップショットです。現況とは大きく異なる場合があります。categoryは名称文字列からこのスクリプトが独自に推定した分類で、出典データ本来の区分ではありません。"}},{"type":"Feature","geometry":{"type":"Point","coordinates":[139.364078164086,36.0846708448092]},"properties":{"id":"wetland1997_403","name":"川谷地区の湿地","municipality":"滑川町","address":null,"category":"河川・水路","wetland_no":547,"raw_type_code":0,"raw_naturalness_code":0,"status_note":null,"survey_method":"市町村報告","survey_year":1997,"source":"埼玉県環境科学国際センター「1997年版 埼玉県湿地湧水地台帳」（原典: 埼玉県環境生活部自然環境課, 1997年作成）","source_url":"https://atlas-eco-saitama-pref-saitama.hub.arcgis.com/apps/50e96c8bc0cf4bd29418301d7640b33d/explore","data_note":"1997年時点のスナップショットです。現況とは大きく異なる場合があります。categoryは名称文字列からこのスクリプトが独自に推定した分類で、出典データ本来の区分ではありません。"}},{"type":"Feature","geometry":{"type":"Point","coordinates":[139.321442990621,36.0375175550563]},"properties":{"id":"wetland1997_404","name":"歴史資料館付近の湿地","municipality":"嵐山町","address":"嵐山町菅谷","category":"湿地・湿原","wetland_no":1061,"raw_type_code":4,"raw_naturalness_code":2,"status_note":null,"survey_method":"県民調査","survey_year":1997,"source":"埼玉県環境科学国際センター「1997年版 埼玉県湿地湧水地台帳」（原典: 埼玉県環境生活部自然環境課, 1997年作成）","source_url":"https://atlas-eco-saitama-pref-saitama.hub.arcgis.com/apps/50e96c8bc0cf4bd29418301d7640b33d/explore","data_note":"1997年時点のスナップショットです。現況とは大きく異なる場合があります。categoryは名称文字列からこのスクリプトが独自に推定した分類で、出典データ本来の区分ではありません。"}},{"type":"Feature","geometry":{"type":"Point","coordinates":[139.25078963204,36.1381336782817]},"properties":{"id":"wetland1997_405","name":"八幡神社宮下の池","municipality":"花園町","address":"大字永田664地内","category":"池・沼","wetland_no":173,"raw_type_code":2,"raw_naturalness_code":3,"status_note":null,"survey_method":"代表湿地","survey_year":1997,"source":"埼玉県環境科学国際センター「1997年版 埼玉県湿地湧水地台帳」（原典: 埼玉県環境生活部自然環境課, 1997年作成）","source_url":"https://atlas-eco-saitama-pref-saitama.hub.arcgis.com/apps/50e96c8bc0cf4bd29418301d7640b33d/explore","data_note":"1997年時点のスナップショットです。現況とは大きく異なる場合があります。categoryは名称文字列からこのスクリプトが独自に推定した分類で、出典データ本来の区分ではありません。"}},{"type":"Feature","geometry":{"type":"Point","coordinates":[139.396142221104,35.8514777386723]},"properties":{"id":"wetland1997_406","name":"鵜ノ木児童遊園内の湧水地","municipality":"狭山市","address":"大字鵜ノ木地内","category":"湧水・井戸","wetland_no":64,"raw_type_code":2,"raw_naturalness_code":3,"status_note":null,"survey_method":"代表湿地","survey_year":1997,"source":"埼玉県環境科学国際センター「1997年版 埼玉県湿地湧水地台帳」（原典: 埼玉県環境生活部自然環境課, 1997年作成）","source_url":"https://atlas-eco-saitama-pref-saitama.hub.arcgis.com/apps/50e96c8bc0cf4bd29418301d7640b33d/explore","data_note":"1997年時点のスナップショットです。現況とは大きく異なる場合があります。categoryは名称文字列からこのスクリプトが独自に推定した分類で、出典データ本来の区分ではありません。"}},{"type":"Feature","geometry":{"type":"Point","coordinates":[139.205345772533,36.177243924049]},"properties":{"id":"wetland1997_407","name":"象殿池","municipality":"岡部町","address":"大字本郷字象殿2764地内","category":"池・沼","wetland_no":166,"raw_type_code":2,"raw_naturalness_code":0,"status_note":null,"survey_method":"代表湿地","survey_year":1997,"source":"埼玉県環境科学国際センター「1997年版 埼玉県湿地湧水地台帳」（原典: 埼玉県環境生活部自然環境課, 1997年作成）","source_url":"https://atlas-eco-saitama-pref-saitama.hub.arcgis.com/apps/50e96c8bc0cf4bd29418301d7640b33d/explore","data_note":"1997年時点のスナップショットです。現況とは大きく異なる場合があります。categoryは名称文字列からこのスクリプトが独自に推定した分類で、出典データ本来の区分ではありません。"}},{"type":"Feature","geometry":{"type":"Point","coordinates":[139.202122595734,36.1304995982793]},"properties":{"id":"wetland1997_408","name":"南飯塚5号池","municipality":"寄居町","address":"寄居町桜沢","category":"池・沼","wetland_no":1098,"raw_type_code":0,"raw_naturalness_code":0,"status_note":null,"survey_method":"市町村報告","survey_year":1997,"source":"埼玉県環境科学国際センター「1997年版 埼玉県湿地湧水地台帳」（原典: 埼玉県環境生活部自然環境課, 1997年作成）","source_url":"https://atlas-eco-saitama-pref-saitama.hub.arcgis.com/apps/50e96c8bc0cf4bd29418301d7640b33d/explore","data_note":"1997年時点のスナップショットです。現況とは大きく異なる場合があります。categoryは名称文字列からこのスクリプトが独自に推定した分類で、出典データ本来の区分ではありません。"}},{"type":"Feature","geometry":{"type":"Point","coordinates":[139.273001723404,35.9869260356501]},"properties":{"id":"wetland1997_409","name":"瀬戸地区の湿地","municipality":"都幾川村","address":null,"category":"河川・水路","wetland_no":716,"raw_type_code":0,"raw_naturalness_code":0,"status_note":null,"survey_method":"航空写真","survey_year":1997,"source":"埼玉県環境科学国際センター「1997年版 埼玉県湿地湧水地台帳」（原典: 埼玉県環境生活部自然環境課, 1997年作成）","source_url":"https://atlas-eco-saitama-pref-saitama.hub.arcgis.com/apps/50e96c8bc0cf4bd29418301d7640b33d/explore","data_note":"1997年時点のスナップショットです。現況とは大きく異なる場合があります。categoryは名称文字列からこのスクリプトが独自に推定した分類で、出典データ本来の区分ではありません。"}},{"type":"Feature","geometry":{"type":"Point","coordinates":[139.3777248273,36.0949084910196]},"properties":{"id":"wetland1997_410","name":"武藏丘陵森林公園内の湿地","municipality":"滑川町","address":null,"category":"湿地・湿原","wetland_no":392,"raw_type_code":0,"raw_naturalness_code":0,"status_note":null,"survey_method":"市町村報告","survey_year":1997,"source":"埼玉県環境科学国際センター「1997年版 埼玉県湿地湧水地台帳」（原典: 埼玉県環境生活部自然環境課, 1997年作成）","source_url":"https://atlas-eco-saitama-pref-saitama.hub.arcgis.com/apps/50e96c8bc0cf4bd29418301d7640b33d/explore","data_note":"1997年時点のスナップショットです。現況とは大きく異なる場合があります。categoryは名称文字列からこのスクリプトが独自に推定した分類で、出典データ本来の区分ではありません。"}},{"type":"Feature","geometry":{"type":"Point","coordinates":[139.364351092032,36.0705546030907]},"properties":{"id":"wetland1997_411","name":"武藏丘陵森林公園内の湿地","municipality":"滑川町","address":null,"category":"湿地・湿原","wetland_no":564,"raw_type_code":0,"raw_naturalness_code":0,"status_note":null,"survey_method":"市町村報告","survey_year":1997,"source":"埼玉県環境科学国際センター「1997年版 埼玉県湿地湧水地台帳」（原典: 埼玉県環境生活部自然環境課, 1997年作成）","source_url":"https://atlas-eco-saitama-pref-saitama.hub.arcgis.com/apps/50e96c8bc0cf4bd29418301d7640b33d/explore","data_note":"1997年時点のスナップショットです。現況とは大きく異なる場合があります。categoryは名称文字列からこのスクリプトが独自に推定した分類で、出典データ本来の区分ではありません。"}},{"type":"Feature","geometry":{"type":"Point","coordinates":[139.547077425534,35.8483559261869]},"properties":{"id":"wetland1997_412","name":"鶴馬2丁目の湧水地（鶴馬氷川神社）","municipality":"富士見市","address":"鶴馬2-1-66先","category":"湧水・井戸","wetland_no":108,"raw_type_code":2,"raw_naturalness_code":0,"status_note":null,"survey_method":"代表湿地","survey_year":1997,"source":"埼玉県環境科学国際センター「1997年版 埼玉県湿地湧水地台帳」（原典: 埼玉県環境生活部自然環境課, 1997年作成）","source_url":"https://atlas-eco-saitama-pref-saitama.hub.arcgis.com/apps/50e96c8bc0cf4bd29418301d7640b33d/explore","data_note":"1997年時点のスナップショットです。現況とは大きく異なる場合があります。categoryは名称文字列からこのスクリプトが独自に推定した分類で、出典データ本来の区分ではありません。"}},{"type":"Feature","geometry":{"type":"Point","coordinates":[139.628726494671,36.0931154774645]},"properties":{"id":"wetland1997_413","name":"北辻地区内の湿地","municipality":"加須市","address":"加須市北辻","category":"湿地・湿原","wetland_no":427,"raw_type_code":0,"raw_naturalness_code":4,"status_note":null,"survey_method":"県民調査","survey_year":1997,"source":"埼玉県環境科学国際センター「1997年版 埼玉県湿地湧水地台帳」（原典: 埼玉県環境生活部自然環境課, 1997年作成）","source_url":"https://atlas-eco-saitama-pref-saitama.hub.arcgis.com/apps/50e96c8bc0cf4bd29418301d7640b33d/explore","data_note":"1997年時点のスナップショットです。現況とは大きく異なる場合があります。categoryは名称文字列からこのスクリプトが独自に推定した分類で、出典データ本来の区分ではありません。"}},{"type":"Feature","geometry":{"type":"Point","coordinates":[139.344818811705,35.9853573864022]},"properties":{"id":"wetland1997_414","name":"鳩山ゴルフ場内より南にある湿地","municipality":"鳩山町","address":null,"category":"湿地・湿原","wetland_no":739,"raw_type_code":0,"raw_naturalness_code":0,"status_note":null,"survey_method":null,"survey_year":1997,"source":"埼玉県環境科学国際センター「1997年版 埼玉県湿地湧水地台帳」（原典: 埼玉県環境生活部自然環境課, 1997年作成）","source_url":"https://atlas-eco-saitama-pref-saitama.hub.arcgis.com/apps/50e96c8bc0cf4bd29418301d7640b33d/explore","data_note":"1997年時点のスナップショットです。現況とは大きく異なる場合があります。categoryは名称文字列からこのスクリプトが独自に推定した分類で、出典データ本来の区分ではありません。"}},{"type":"Feature","geometry":{"type":"Point","coordinates":[139.130870667222,36.1304772289115]},"properties":{"id":"wetland1997_415","name":"弁天堂池","municipality":"長瀞町","address":"岩田844","category":"池・沼","wetland_no":239,"raw_type_code":2,"raw_naturalness_code":0,"status_note":"削除","survey_method":"代表湿地","survey_year":1997,"source":"埼玉県環境科学国際センター「1997年版 埼玉県湿地湧水地台帳」（原典: 埼玉県環境生活部自然環境課, 1997年作成）","source_url":"https://atlas-eco-saitama-pref-saitama.hub.arcgis.com/apps/50e96c8bc0cf4bd29418301d7640b33d/explore","data_note":"1997年時点のスナップショットです。現況とは大きく異なる場合があります。categoryは名称文字列からこのスクリプトが独自に推定した分類で、出典データ本来の区分ではありません。"}},{"type":"Feature","geometry":{"type":"Point","coordinates":[139.305658815833,36.0721285323147]},"properties":{"id":"wetland1997_416","name":"大木入沼","municipality":"嵐山町","address":null,"category":"池・沼","wetland_no":519,"raw_type_code":0,"raw_naturalness_code":0,"status_note":null,"survey_method":"市町村報告","survey_year":1997,"source":"埼玉県環境科学国際センター「1997年版 埼玉県湿地湧水地台帳」（原典: 埼玉県環境生活部自然環境課, 1997年作成）","source_url":"https://atlas-eco-saitama-pref-saitama.hub.arcgis.com/apps/50e96c8bc0cf4bd29418301d7640b33d/explore","data_note":"1997年時点のスナップショットです。現況とは大きく異なる場合があります。categoryは名称文字列からこのスクリプトが独自に推定した分類で、出典データ本来の区分ではありません。"}},{"type":"Feature","geometry":{"type":"Point","coordinates":[139.299907034223,36.0889684466036]},"properties":{"id":"wetland1997_417","name":"二階沼","municipality":"嵐山町","address":null,"category":"池・沼","wetland_no":349,"raw_type_code":0,"raw_naturalness_code":0,"status_note":null,"survey_method":"市町村報告","survey_year":1997,"source":"埼玉県環境科学国際センター「1997年版 埼玉県湿地湧水地台帳」（原典: 埼玉県環境生活部自然環境課, 1997年作成）","source_url":"https://atlas-eco-saitama-pref-saitama.hub.arcgis.com/apps/50e96c8bc0cf4bd29418301d7640b33d/explore","data_note":"1997年時点のスナップショットです。現況とは大きく異なる場合があります。categoryは名称文字列からこのスクリプトが独自に推定した分類で、出典データ本来の区分ではありません。"}},{"type":"Feature","geometry":{"type":"Point","coordinates":[139.332407557484,36.0047714989112]},"properties":{"id":"wetland1997_418","name":"須江地区の東にある湿地","municipality":"鳩山町","address":null,"category":"湿地・湿原","wetland_no":597,"raw_type_code":4,"raw_naturalness_code":4,"status_note":null,"survey_method":null,"survey_year":1997,"source":"埼玉県環境科学国際センター「1997年版 埼玉県湿地湧水地台帳」（原典: 埼玉県環境生活部自然環境課, 1997年作成）","source_url":"https://atlas-eco-saitama-pref-saitama.hub.arcgis.com/apps/50e96c8bc0cf4bd29418301d7640b33d/explore","data_note":"1997年時点のスナップショットです。現況とは大きく異なる場合があります。categoryは名称文字列からこのスクリプトが独自に推定した分類で、出典データ本来の区分ではありません。"}},{"type":"Feature","geometry":{"type":"Point","coordinates":[139.342339848695,36.0879371495297]},"properties":{"id":"wetland1997_419","name":"官田地区の湿地","municipality":"滑川町","address":null,"category":"湿地・湿原","wetland_no":324,"raw_type_code":0,"raw_naturalness_code":0,"status_note":null,"survey_method":"市町村報告","survey_year":1997,"source":"埼玉県環境科学国際センター「1997年版 埼玉県湿地湧水地台帳」（原典: 埼玉県環境生活部自然環境課, 1997年作成）","source_url":"https://atlas-eco-saitama-pref-saitama.hub.arcgis.com/apps/50e96c8bc0cf4bd29418301d7640b33d/explore","data_note":"1997年時点のスナップショットです。現況とは大きく異なる場合があります。categoryは名称文字列からこのスクリプトが独自に推定した分類で、出典データ本来の区分ではありません。"}},{"type":"Feature","geometry":{"type":"Point","coordinates":[139.74851111554,35.921473134422]},"properties":{"id":"wetland1997_420","name":"小僧川地区の湿地","municipality":"越谷市","address":null,"category":"河川・水路","wetland_no":797,"raw_type_code":0,"raw_naturalness_code":0,"status_note":null,"survey_method":"航空写真","survey_year":1997,"source":"埼玉県環境科学国際センター「1997年版 埼玉県湿地湧水地台帳」（原典: 埼玉県環境生活部自然環境課, 1997年作成）","source_url":"https://atlas-eco-saitama-pref-saitama.hub.arcgis.com/apps/50e96c8bc0cf4bd29418301d7640b33d/explore","data_note":"1997年時点のスナップショットです。現況とは大きく異なる場合があります。categoryは名称文字列からこのスクリプトが独自に推定した分類で、出典データ本来の区分ではありません。"}},{"type":"Feature","geometry":{"type":"Point","coordinates":[139.732986773956,36.0859329465738]},"properties":{"id":"wetland1997_421","name":"堤下地区の中川の左岸にある湿地","municipality":"幸手市","address":null,"category":"河川・水路","wetland_no":662,"raw_type_code":0,"raw_naturalness_code":0,"status_note":null,"survey_method":"市町村報告","survey_year":1997,"source":"埼玉県環境科学国際センター「1997年版 埼玉県湿地湧水地台帳」（原典: 埼玉県環境生活部自然環境課, 1997年作成）","source_url":"https://atlas-eco-saitama-pref-saitama.hub.arcgis.com/apps/50e96c8bc0cf4bd29418301d7640b33d/explore","data_note":"1997年時点のスナップショットです。現況とは大きく異なる場合があります。categoryは名称文字列からこのスクリプトが独自に推定した分類で、出典データ本来の区分ではありません。"}},{"type":"Feature","geometry":{"type":"Point","coordinates":[139.326626833952,35.9706984985099]},"properties":{"id":"wetland1997_422","name":"大豆戸地区の南にある湿地","municipality":"鳩山町","address":null,"category":"湿地・湿原","wetland_no":734,"raw_type_code":0,"raw_naturalness_code":0,"status_note":null,"survey_method":null,"survey_year":1997,"source":"埼玉県環境科学国際センター「1997年版 埼玉県湿地湧水地台帳」（原典: 埼玉県環境生活部自然環境課, 1997年作成）","source_url":"https://atlas-eco-saitama-pref-saitama.hub.arcgis.com/apps/50e96c8bc0cf4bd29418301d7640b33d/explore","data_note":"1997年時点のスナップショットです。現況とは大きく異なる場合があります。categoryは名称文字列からこのスクリプトが独自に推定した分類で、出典データ本来の区分ではありません。"}},{"type":"Feature","geometry":{"type":"Point","coordinates":[139.404828421455,36.0438073464587]},"properties":{"id":"wetland1997_423","name":"上沼公園","municipality":"東松山市","address":null,"category":"池・沼","wetland_no":620,"raw_type_code":0,"raw_naturalness_code":0,"status_note":null,"survey_method":"市町村報告","survey_year":1997,"source":"埼玉県環境科学国際センター「1997年版 埼玉県湿地湧水地台帳」（原典: 埼玉県環境生活部自然環境課, 1997年作成）","source_url":"https://atlas-eco-saitama-pref-saitama.hub.arcgis.com/apps/50e96c8bc0cf4bd29418301d7640b33d/explore","data_note":"1997年時点のスナップショットです。現況とは大きく異なる場合があります。categoryは名称文字列からこのスクリプトが独自に推定した分類で、出典データ本来の区分ではありません。"}},{"type":"Feature","geometry":{"type":"Point","coordinates":[139.263758632255,36.0886568021172]},"properties":{"id":"wetland1997_424","name":"一ノ字沼","municipality":"小川町","address":null,"category":"池・沼","wetland_no":362,"raw_type_code":0,"raw_naturalness_code":0,"status_note":null,"survey_method":"市町村報告","survey_year":1997,"source":"埼玉県環境科学国際センター「1997年版 埼玉県湿地湧水地台帳」（原典: 埼玉県環境生活部自然環境課, 1997年作成）","source_url":"https://atlas-eco-saitama-pref-saitama.hub.arcgis.com/apps/50e96c8bc0cf4bd29418301d7640b33d/explore","data_note":"1997年時点のスナップショットです。現況とは大きく異なる場合があります。categoryは名称文字列からこのスクリプトが独自に推定した分類で、出典データ本来の区分ではありません。"}},{"type":"Feature","geometry":{"type":"Point","coordinates":[139.424574950875,35.9932997548091]},"properties":{"id":"wetland1997_425","name":"(名称未記載)","municipality":"","address":null,"category":"その他","wetland_no":780,"raw_type_code":0,"raw_naturalness_code":0,"status_note":null,"survey_method":null,"survey_year":1997,"source":"埼玉県環境科学国際センター「1997年版 埼玉県湿地湧水地台帳」（原典: 埼玉県環境生活部自然環境課, 1997年作成）","source_url":"https://atlas-eco-saitama-pref-saitama.hub.arcgis.com/apps/50e96c8bc0cf4bd29418301d7640b33d/explore","data_note":"1997年時点のスナップショットです。現況とは大きく異なる場合があります。categoryは名称文字列からこのスクリプトが独自に推定した分類で、出典データ本来の区分ではありません。"}},{"type":"Feature","geometry":{"type":"Point","coordinates":[139.147567669578,36.1747444214022]},"properties":{"id":"wetland1997_426","name":"秋山地内の湿地","municipality":"児玉町","address":null,"category":"湿地・湿原","wetland_no":253,"raw_type_code":0,"raw_naturalness_code":0,"status_note":null,"survey_method":"航空写真","survey_year":1997,"source":"埼玉県環境科学国際センター「1997年版 埼玉県湿地湧水地台帳」（原典: 埼玉県環境生活部自然環境課, 1997年作成）","source_url":"https://atlas-eco-saitama-pref-saitama.hub.arcgis.com/apps/50e96c8bc0cf4bd29418301d7640b33d/explore","data_note":"1997年時点のスナップショットです。現況とは大きく異なる場合があります。categoryは名称文字列からこのスクリプトが独自に推定した分類で、出典データ本来の区分ではありません。"}},{"type":"Feature","geometry":{"type":"Point","coordinates":[139.311048879116,36.0387652898604]},"properties":{"id":"wetland1997_427","name":"蓮沼","municipality":"嵐山町","address":null,"category":"池・沼","wetland_no":540,"raw_type_code":0,"raw_naturalness_code":0,"status_note":null,"survey_method":"市町村報告","survey_year":1997,"source":"埼玉県環境科学国際センター「1997年版 埼玉県湿地湧水地台帳」（原典: 埼玉県環境生活部自然環境課, 1997年作成）","source_url":"https://atlas-eco-saitama-pref-saitama.hub.arcgis.com/apps/50e96c8bc0cf4bd29418301d7640b33d/explore","data_note":"1997年時点のスナップショットです。現況とは大きく異なる場合があります。categoryは名称文字列からこのスクリプトが独自に推定した分類で、出典データ本来の区分ではありません。"}},{"type":"Feature","geometry":{"type":"Point","coordinates":[139.381321590069,36.1443550583291]},"properties":{"id":"wetland1997_428","name":"玉の池","municipality":"熊谷市","address":"鎌倉町32","category":"池・沼","wetland_no":142,"raw_type_code":4,"raw_naturalness_code":1,"status_note":null,"survey_method":"代表湿地","survey_year":1997,"source":"埼玉県環境科学国際センター「1997年版 埼玉県湿地湧水地台帳」（原典: 埼玉県環境生活部自然環境課, 1997年作成）","source_url":"https://atlas-eco-saitama-pref-saitama.hub.arcgis.com/apps/50e96c8bc0cf4bd29418301d7640b33d/explore","data_note":"1997年時点のスナップショットです。現況とは大きく異なる場合があります。categoryは名称文字列からこのスクリプトが独自に推定した分類で、出典データ本来の区分ではありません。"}},{"type":"Feature","geometry":{"type":"Point","coordinates":[139.267750174948,36.0829846670426]},"properties":{"id":"wetland1997_429","name":"蟹山地区の北にある湿地","municipality":"小川町","address":null,"category":"湿地・湿原","wetland_no":470,"raw_type_code":0,"raw_naturalness_code":0,"status_note":null,"survey_method":"市町村報告","survey_year":1997,"source":"埼玉県環境科学国際センター「1997年版 埼玉県湿地湧水地台帳」（原典: 埼玉県環境生活部自然環境課, 1997年作成）","source_url":"https://atlas-eco-saitama-pref-saitama.hub.arcgis.com/apps/50e96c8bc0cf4bd29418301d7640b33d/explore","data_note":"1997年時点のスナップショットです。現況とは大きく異なる場合があります。categoryは名称文字列からこのスクリプトが独自に推定した分類で、出典データ本来の区分ではありません。"}},{"type":"Feature","geometry":{"type":"Point","coordinates":[139.194513206813,35.9395604785542]},"properties":{"id":"wetland1997_430","name":"北川地区南高麗川支流河川敷","municipality":"飯能市","address":null,"category":"河川・水路","wetland_no":709,"raw_type_code":0,"raw_naturalness_code":0,"status_note":null,"survey_method":"航空写真","survey_year":1997,"source":"埼玉県環境科学国際センター「1997年版 埼玉県湿地湧水地台帳」（原典: 埼玉県環境生活部自然環境課, 1997年作成）","source_url":"https://atlas-eco-saitama-pref-saitama.hub.arcgis.com/apps/50e96c8bc0cf4bd29418301d7640b33d/explore","data_note":"1997年時点のスナップショットです。現況とは大きく異なる場合があります。categoryは名称文字列からこのスクリプトが独自に推定した分類で、出典データ本来の区分ではありません。"}},{"type":"Feature","geometry":{"type":"Point","coordinates":[139.20668310887,36.1102595729955]},"properties":{"id":"wetland1997_431","name":"南峰院池","municipality":"寄居町","address":"寄居町","category":"池・沼","wetland_no":1097,"raw_type_code":0,"raw_naturalness_code":0,"status_note":null,"survey_method":"市町村報告","survey_year":1997,"source":"埼玉県環境科学国際センター「1997年版 埼玉県湿地湧水地台帳」（原典: 埼玉県環境生活部自然環境課, 1997年作成）","source_url":"https://atlas-eco-saitama-pref-saitama.hub.arcgis.com/apps/50e96c8bc0cf4bd29418301d7640b33d/explore","data_note":"1997年時点のスナップショットです。現況とは大きく異なる場合があります。categoryは名称文字列からこのスクリプトが独自に推定した分類で、出典データ本来の区分ではありません。"}},{"type":"Feature","geometry":{"type":"Point","coordinates":[139.661610628203,36.1298188326794]},"properties":{"id":"wetland1997_432","name":"巻台池","municipality":"大利根町","address":null,"category":"池・沼","wetland_no":433,"raw_type_code":0,"raw_naturalness_code":0,"status_note":null,"survey_method":"市町村報告","survey_year":1997,"source":"埼玉県環境科学国際センター「1997年版 埼玉県湿地湧水地台帳」（原典: 埼玉県環境生活部自然環境課, 1997年作成）","source_url":"https://atlas-eco-saitama-pref-saitama.hub.arcgis.com/apps/50e96c8bc0cf4bd29418301d7640b33d/explore","data_note":"1997年時点のスナップショットです。現況とは大きく異なる場合があります。categoryは名称文字列からこのスクリプトが独自に推定した分類で、出典データ本来の区分ではありません。"}},{"type":"Feature","geometry":{"type":"Point","coordinates":[139.352685965909,35.8474910288605]},"properties":{"id":"wetland1997_433","name":"野田地内の休耕田脇の湧水地","municipality":"入間市","address":"大字野田字下池2066地内","category":"湧水・井戸","wetland_no":74,"raw_type_code":2,"raw_naturalness_code":4,"status_note":null,"survey_method":"代表湿地","survey_year":1997,"source":"埼玉県環境科学国際センター「1997年版 埼玉県湿地湧水地台帳」（原典: 埼玉県環境生活部自然環境課, 1997年作成）","source_url":"https://atlas-eco-saitama-pref-saitama.hub.arcgis.com/apps/50e96c8bc0cf4bd29418301d7640b33d/explore","data_note":"1997年時点のスナップショットです。現況とは大きく異なる場合があります。categoryは名称文字列からこのスクリプトが独自に推定した分類で、出典データ本来の区分ではありません。"}},{"type":"Feature","geometry":{"type":"Point","coordinates":[139.345666716231,35.8439097633947]},"properties":{"id":"wetland1997_434","name":"滝不動尊の湧水地","municipality":"入間市","address":"大字野田字馬場2781","category":"湧水・井戸","wetland_no":69,"raw_type_code":2,"raw_naturalness_code":0,"status_note":null,"survey_method":"代表湿地","survey_year":1997,"source":"埼玉県環境科学国際センター「1997年版 埼玉県湿地湧水地台帳」（原典: 埼玉県環境生活部自然環境課, 1997年作成）","source_url":"https://atlas-eco-saitama-pref-saitama.hub.arcgis.com/apps/50e96c8bc0cf4bd29418301d7640b33d/explore","data_note":"1997年時点のスナップショットです。現況とは大きく異なる場合があります。categoryは名称文字列からこのスクリプトが独自に推定した分類で、出典データ本来の区分ではありません。"}},{"type":"Feature","geometry":{"type":"Point","coordinates":[139.195804986886,36.1352695158947]},"properties":{"id":"wetland1997_435","name":"南飯塚1号池","municipality":"寄居町","address":"寄居町桜沢","category":"池・沼","wetland_no":1099,"raw_type_code":0,"raw_naturalness_code":0,"status_note":null,"survey_method":"市町村報告","survey_year":1997,"source":"埼玉県環境科学国際センター「1997年版 埼玉県湿地湧水地台帳」（原典: 埼玉県環境生活部自然環境課, 1997年作成）","source_url":"https://atlas-eco-saitama-pref-saitama.hub.arcgis.com/apps/50e96c8bc0cf4bd29418301d7640b33d/explore","data_note":"1997年時点のスナップショットです。現況とは大きく異なる場合があります。categoryは名称文字列からこのスクリプトが独自に推定した分類で、出典データ本来の区分ではありません。"}},{"type":"Feature","geometry":{"type":"Point","coordinates":[139.29122846506,36.0222865708314]},"properties":{"id":"wetland1997_436","name":"ゴルフ場地内調整池","municipality":"玉川村","address":null,"category":"池・沼","wetland_no":497,"raw_type_code":0,"raw_naturalness_code":0,"status_note":null,"survey_method":"市町村報告","survey_year":1997,"source":"埼玉県環境科学国際センター「1997年版 埼玉県湿地湧水地台帳」（原典: 埼玉県環境生活部自然環境課, 1997年作成）","source_url":"https://atlas-eco-saitama-pref-saitama.hub.arcgis.com/apps/50e96c8bc0cf4bd29418301d7640b33d/explore","data_note":"1997年時点のスナップショットです。現況とは大きく異なる場合があります。categoryは名称文字列からこのスクリプトが独自に推定した分類で、出典データ本来の区分ではありません。"}},{"type":"Feature","geometry":{"type":"Point","coordinates":[139.290481017336,36.0885073865204]},"properties":{"id":"wetland1997_437","name":"新沼","municipality":"小川町","address":null,"category":"池・沼","wetland_no":368,"raw_type_code":0,"raw_naturalness_code":0,"status_note":null,"survey_method":"市町村報告","survey_year":1997,"source":"埼玉県環境科学国際センター「1997年版 埼玉県湿地湧水地台帳」（原典: 埼玉県環境生活部自然環境課, 1997年作成）","source_url":"https://atlas-eco-saitama-pref-saitama.hub.arcgis.com/apps/50e96c8bc0cf4bd29418301d7640b33d/explore","data_note":"1997年時点のスナップショットです。現況とは大きく異なる場合があります。categoryは名称文字列からこのスクリプトが独自に推定した分類で、出典データ本来の区分ではありません。"}},{"type":"Feature","geometry":{"type":"Point","coordinates":[139.319973990908,36.0992187026557]},"properties":{"id":"wetland1997_438","name":"正木沼","municipality":"江南町","address":null,"category":"池・沼","wetland_no":298,"raw_type_code":0,"raw_naturalness_code":0,"status_note":null,"survey_method":"市町村報告","survey_year":1997,"source":"埼玉県環境科学国際センター「1997年版 埼玉県湿地湧水地台帳」（原典: 埼玉県環境生活部自然環境課, 1997年作成）","source_url":"https://atlas-eco-saitama-pref-saitama.hub.arcgis.com/apps/50e96c8bc0cf4bd29418301d7640b33d/explore","data_note":"1997年時点のスナップショットです。現況とは大きく異なる場合があります。categoryは名称文字列からこのスクリプトが独自に推定した分類で、出典データ本来の区分ではありません。"}},{"type":"Feature","geometry":{"type":"Point","coordinates":[139.439616639335,35.9375203856305]},"properties":{"id":"wetland1997_439","name":"仙波町4丁目の湧水地","municipality":"川越市","address":"仙波町4-21地内","category":"湧水・井戸","wetland_no":36,"raw_type_code":2,"raw_naturalness_code":3,"status_note":null,"survey_method":"代表湿地","survey_year":1997,"source":"埼玉県環境科学国際センター「1997年版 埼玉県湿地湧水地台帳」（原典: 埼玉県環境生活部自然環境課, 1997年作成）","source_url":"https://atlas-eco-saitama-pref-saitama.hub.arcgis.com/apps/50e96c8bc0cf4bd29418301d7640b33d/explore","data_note":"1997年時点のスナップショットです。現況とは大きく異なる場合があります。categoryは名称文字列からこのスクリプトが独自に推定した分類で、出典データ本来の区分ではありません。"}},{"type":"Feature","geometry":{"type":"Point","coordinates":[139.350947095217,36.059915743408]},"properties":{"id":"wetland1997_440","name":"内郷地区の南にある湿地","municipality":"滑川町","address":null,"category":"湿地・湿原","wetland_no":576,"raw_type_code":0,"raw_naturalness_code":0,"status_note":null,"survey_method":"市町村報告","survey_year":1997,"source":"埼玉県環境科学国際センター「1997年版 埼玉県湿地湧水地台帳」（原典: 埼玉県環境生活部自然環境課, 1997年作成）","source_url":"https://atlas-eco-saitama-pref-saitama.hub.arcgis.com/apps/50e96c8bc0cf4bd29418301d7640b33d/explore","data_note":"1997年時点のスナップショットです。現況とは大きく異なる場合があります。categoryは名称文字列からこのスクリプトが独自に推定した分類で、出典データ本来の区分ではありません。"}},{"type":"Feature","geometry":{"type":"Point","coordinates":[139.189586815252,36.1310534476004]},"properties":{"id":"wetland1997_441","name":"大正池","municipality":"寄居町","address":"桜沢字山ノ神4423","category":"池・沼","wetland_no":175,"raw_type_code":4,"raw_naturalness_code":4,"status_note":null,"survey_method":"代表湿地","survey_year":1997,"source":"埼玉県環境科学国際センター「1997年版 埼玉県湿地湧水地台帳」（原典: 埼玉県環境生活部自然環境課, 1997年作成）","source_url":"https://atlas-eco-saitama-pref-saitama.hub.arcgis.com/apps/50e96c8bc0cf4bd29418301d7640b33d/explore","data_note":"1997年時点のスナップショットです。現況とは大きく異なる場合があります。categoryは名称文字列からこのスクリプトが独自に推定した分類で、出典データ本来の区分ではありません。"}},{"type":"Feature","geometry":{"type":"Point","coordinates":[139.410198490934,35.9971485775107]},"properties":{"id":"wetland1997_442","name":"宮鼻地内の湧水地（山林）","municipality":"東松山市","address":"大字宮鼻246-2","category":"湧水・井戸","wetland_no":63,"raw_type_code":2,"raw_naturalness_code":3,"status_note":null,"survey_method":"代表湿地","survey_year":1997,"source":"埼玉県環境科学国際センター「1997年版 埼玉県湿地湧水地台帳」（原典: 埼玉県環境生活部自然環境課, 1997年作成）","source_url":"https://atlas-eco-saitama-pref-saitama.hub.arcgis.com/apps/50e96c8bc0cf4bd29418301d7640b33d/explore","data_note":"1997年時点のスナップショットです。現況とは大きく異なる場合があります。categoryは名称文字列からこのスクリプトが独自に推定した分類で、出典データ本来の区分ではありません。"}},{"type":"Feature","geometry":{"type":"Point","coordinates":[139.349953605226,36.0577537821277]},"properties":{"id":"wetland1997_443","name":"平地区の西にある湿地","municipality":"滑川町","address":null,"category":"湿地・湿原","wetland_no":585,"raw_type_code":0,"raw_naturalness_code":0,"status_note":null,"survey_method":"市町村報告","survey_year":1997,"source":"埼玉県環境科学国際センター「1997年版 埼玉県湿地湧水地台帳」（原典: 埼玉県環境生活部自然環境課, 1997年作成）","source_url":"https://atlas-eco-saitama-pref-saitama.hub.arcgis.com/apps/50e96c8bc0cf4bd29418301d7640b33d/explore","data_note":"1997年時点のスナップショットです。現況とは大きく異なる場合があります。categoryは名称文字列からこのスクリプトが独自に推定した分類で、出典データ本来の区分ではありません。"}},{"type":"Feature","geometry":{"type":"Point","coordinates":[139.393851093124,36.0820395651945]},"properties":{"id":"wetland1997_444","name":"八反沼","municipality":"東松山市","address":null,"category":"池・沼","wetland_no":607,"raw_type_code":0,"raw_naturalness_code":0,"status_note":null,"survey_method":"市町村報告","survey_year":1997,"source":"埼玉県環境科学国際センター「1997年版 埼玉県湿地湧水地台帳」（原典: 埼玉県環境生活部自然環境課, 1997年作成）","source_url":"https://atlas-eco-saitama-pref-saitama.hub.arcgis.com/apps/50e96c8bc0cf4bd29418301d7640b33d/explore","data_note":"1997年時点のスナップショットです。現況とは大きく異なる場合があります。categoryは名称文字列からこのスクリプトが独自に推定した分類で、出典データ本来の区分ではありません。"}},{"type":"Feature","geometry":{"type":"Point","coordinates":[139.370264895583,35.8474404846779]},"properties":{"id":"wetland1997_445","name":"河川敷内の湧水地（2ヶ所）","municipality":"狭山市","address":"大字笠井3046付近","category":"湧水・井戸","wetland_no":65,"raw_type_code":2,"raw_naturalness_code":4,"status_note":null,"survey_method":"代表湿地","survey_year":1997,"source":"埼玉県環境科学国際センター「1997年版 埼玉県湿地湧水地台帳」（原典: 埼玉県環境生活部自然環境課, 1997年作成）","source_url":"https://atlas-eco-saitama-pref-saitama.hub.arcgis.com/apps/50e96c8bc0cf4bd29418301d7640b33d/explore","data_note":"1997年時点のスナップショットです。現況とは大きく異なる場合があります。categoryは名称文字列からこのスクリプトが独自に推定した分類で、出典データ本来の区分ではありません。"}},{"type":"Feature","geometry":{"type":"Point","coordinates":[139.329838316483,36.1930961852706]},"properties":{"id":"wetland1997_446","name":"湯殿神社御手洗池","municipality":"熊谷市","address":"大字西別府1575","category":"池・沼","wetland_no":143,"raw_type_code":2,"raw_naturalness_code":2,"status_note":null,"survey_method":"代表湿地","survey_year":1997,"source":"埼玉県環境科学国際センター「1997年版 埼玉県湿地湧水地台帳」（原典: 埼玉県環境生活部自然環境課, 1997年作成）","source_url":"https://atlas-eco-saitama-pref-saitama.hub.arcgis.com/apps/50e96c8bc0cf4bd29418301d7640b33d/explore","data_note":"1997年時点のスナップショットです。現況とは大きく異なる場合があります。categoryは名称文字列からこのスクリプトが独自に推定した分類で、出典データ本来の区分ではありません。"}},{"type":"Feature","geometry":{"type":"Point","coordinates":[139.581211589937,35.8094778457808]},"properties":{"id":"wetland1997_447","name":"保存地区6-1","municipality":"朝霞市","address":"朝霞市泉水3丁目","category":"その他","wetland_no":1038,"raw_type_code":2,"raw_naturalness_code":5,"status_note":null,"survey_method":"県民調査","survey_year":1997,"source":"埼玉県環境科学国際センター「1997年版 埼玉県湿地湧水地台帳」（原典: 埼玉県環境生活部自然環境課, 1997年作成）","source_url":"https://atlas-eco-saitama-pref-saitama.hub.arcgis.com/apps/50e96c8bc0cf4bd29418301d7640b33d/explore","data_note":"1997年時点のスナップショットです。現況とは大きく異なる場合があります。categoryは名称文字列からこのスクリプトが独自に推定した分類で、出典データ本来の区分ではありません。"}},{"type":"Feature","geometry":{"type":"Point","coordinates":[139.297657870143,35.8673967450074]},"properties":{"id":"wetland1997_448","name":"天覧山雨乞池","municipality":"飯能市","address":"大字飯能多峯主山","category":"池・沼","wetland_no":57,"raw_type_code":4,"raw_naturalness_code":1,"status_note":null,"survey_method":"代表湿地","survey_year":1997,"source":"埼玉県環境科学国際センター「1997年版 埼玉県湿地湧水地台帳」（原典: 埼玉県環境生活部自然環境課, 1997年作成）","source_url":"https://atlas-eco-saitama-pref-saitama.hub.arcgis.com/apps/50e96c8bc0cf4bd29418301d7640b33d/explore","data_note":"1997年時点のスナップショットです。現況とは大きく異なる場合があります。categoryは名称文字列からこのスクリプトが独自に推定した分類で、出典データ本来の区分ではありません。"}},{"type":"Feature","geometry":{"type":"Point","coordinates":[139.256656182411,36.0734169850065]},"properties":{"id":"wetland1997_449","name":"赤芝沼","municipality":"小川町","address":null,"category":"池・沼","wetland_no":473,"raw_type_code":0,"raw_naturalness_code":0,"status_note":null,"survey_method":"市町村報告","survey_year":1997,"source":"埼玉県環境科学国際センター「1997年版 埼玉県湿地湧水地台帳」（原典: 埼玉県環境生活部自然環境課, 1997年作成）","source_url":"https://atlas-eco-saitama-pref-saitama.hub.arcgis.com/apps/50e96c8bc0cf4bd29418301d7640b33d/explore","data_note":"1997年時点のスナップショットです。現況とは大きく異なる場合があります。categoryは名称文字列からこのスクリプトが独自に推定した分類で、出典データ本来の区分ではありません。"}},{"type":"Feature","geometry":{"type":"Point","coordinates":[139.58960072461,36.073760878859]},"properties":{"id":"wetland1997_450","name":"見沼代用水の旧流路②","municipality":"騎西町","address":"大字芋茎地内","category":"池・沼","wetland_no":213,"raw_type_code":4,"raw_naturalness_code":3,"status_note":null,"survey_method":"代表湿地","survey_year":1997,"source":"埼玉県環境科学国際センター「1997年版 埼玉県湿地湧水地台帳」（原典: 埼玉県環境生活部自然環境課, 1997年作成）","source_url":"https://atlas-eco-saitama-pref-saitama.hub.arcgis.com/apps/50e96c8bc0cf4bd29418301d7640b33d/explore","data_note":"1997年時点のスナップショットです。現況とは大きく異なる場合があります。categoryは名称文字列からこのスクリプトが独自に推定した分類で、出典データ本来の区分ではありません。"}},{"type":"Feature","geometry":{"type":"Point","coordinates":[139.5833261792,35.8327564355835]},"properties":{"id":"wetland1997_451","name":"本町2丁目の湧水地（愛の泉）","municipality":"志木市","address":"本町2-10～11地内","category":"湧水・井戸","wetland_no":84,"raw_type_code":2,"raw_naturalness_code":3,"status_note":null,"survey_method":"代表湿地","survey_year":1997,"source":"埼玉県環境科学国際センター「1997年版 埼玉県湿地湧水地台帳」（原典: 埼玉県環境生活部自然環境課, 1997年作成）","source_url":"https://atlas-eco-saitama-pref-saitama.hub.arcgis.com/apps/50e96c8bc0cf4bd29418301d7640b33d/explore","data_note":"1997年時点のスナップショットです。現況とは大きく異なる場合があります。categoryは名称文字列からこのスクリプトが独自に推定した分類で、出典データ本来の区分ではありません。"}},{"type":"Feature","geometry":{"type":"Point","coordinates":[139.53880532158,36.0893610548158]},"properties":{"id":"wetland1997_452","name":"(名称未記載)","municipality":"","address":null,"category":"その他","wetland_no":424,"raw_type_code":0,"raw_naturalness_code":0,"status_note":null,"survey_method":null,"survey_year":1997,"source":"埼玉県環境科学国際センター「1997年版 埼玉県湿地湧水地台帳」（原典: 埼玉県環境生活部自然環境課, 1997年作成）","source_url":"https://atlas-eco-saitama-pref-saitama.hub.arcgis.com/apps/50e96c8bc0cf4bd29418301d7640b33d/explore","data_note":"1997年時点のスナップショットです。現況とは大きく異なる場合があります。categoryは名称文字列からこのスクリプトが独自に推定した分類で、出典データ本来の区分ではありません。"}},{"type":"Feature","geometry":{"type":"Point","coordinates":[139.406518801088,36.0834213251187]},"properties":{"id":"wetland1997_453","name":"岡沼","municipality":"東松山市","address":null,"category":"池・沼","wetland_no":606,"raw_type_code":0,"raw_naturalness_code":0,"status_note":null,"survey_method":"市町村報告","survey_year":1997,"source":"埼玉県環境科学国際センター「1997年版 埼玉県湿地湧水地台帳」（原典: 埼玉県環境生活部自然環境課, 1997年作成）","source_url":"https://atlas-eco-saitama-pref-saitama.hub.arcgis.com/apps/50e96c8bc0cf4bd29418301d7640b33d/explore","data_note":"1997年時点のスナップショットです。現況とは大きく異なる場合があります。categoryは名称文字列からこのスクリプトが独自に推定した分類で、出典データ本来の区分ではありません。"}},{"type":"Feature","geometry":{"type":"Point","coordinates":[139.342910186374,36.097831452094]},"properties":{"id":"wetland1997_454","name":"池代沼","municipality":"江南町","address":null,"category":"池・沼","wetland_no":314,"raw_type_code":0,"raw_naturalness_code":0,"status_note":null,"survey_method":"市町村報告","survey_year":1997,"source":"埼玉県環境科学国際センター「1997年版 埼玉県湿地湧水地台帳」（原典: 埼玉県環境生活部自然環境課, 1997年作成）","source_url":"https://atlas-eco-saitama-pref-saitama.hub.arcgis.com/apps/50e96c8bc0cf4bd29418301d7640b33d/explore","data_note":"1997年時点のスナップショットです。現況とは大きく異なる場合があります。categoryは名称文字列からこのスクリプトが独自に推定した分類で、出典データ本来の区分ではありません。"}},{"type":"Feature","geometry":{"type":"Point","coordinates":[139.350788020649,36.0620849513845]},"properties":{"id":"wetland1997_455","name":"内郷地区内の湿地","municipality":"滑川町","address":null,"category":"湿地・湿原","wetland_no":574,"raw_type_code":0,"raw_naturalness_code":0,"status_note":null,"survey_method":"市町村報告","survey_year":1997,"source":"埼玉県環境科学国際センター「1997年版 埼玉県湿地湧水地台帳」（原典: 埼玉県環境生活部自然環境課, 1997年作成）","source_url":"https://atlas-eco-saitama-pref-saitama.hub.arcgis.com/apps/50e96c8bc0cf4bd29418301d7640b33d/explore","data_note":"1997年時点のスナップショットです。現況とは大きく異なる場合があります。categoryは名称文字列からこのスクリプトが独自に推定した分類で、出典データ本来の区分ではありません。"}},{"type":"Feature","geometry":{"type":"Point","coordinates":[139.766508749069,35.8745849651966]},"properties":{"id":"wetland1997_456","name":"七左町7丁目地区の南にある湿地","municipality":"越谷市","address":null,"category":"湿地・湿原","wetland_no":835,"raw_type_code":0,"raw_naturalness_code":0,"status_note":null,"survey_method":"航空写真","survey_year":1997,"source":"埼玉県環境科学国際センター「1997年版 埼玉県湿地湧水地台帳」（原典: 埼玉県環境生活部自然環境課, 1997年作成）","source_url":"https://atlas-eco-saitama-pref-saitama.hub.arcgis.com/apps/50e96c8bc0cf4bd29418301d7640b33d/explore","data_note":"1997年時点のスナップショットです。現況とは大きく異なる場合があります。categoryは名称文字列からこのスクリプトが独自に推定した分類で、出典データ本来の区分ではありません。"}},{"type":"Feature","geometry":{"type":"Point","coordinates":[139.296139748754,36.0906209253073]},"properties":{"id":"wetland1997_457","name":"宮前地区の南にある湿地","municipality":"小川町","address":null,"category":"湿地・湿原","wetland_no":371,"raw_type_code":0,"raw_naturalness_code":0,"status_note":null,"survey_method":"市町村報告","survey_year":1997,"source":"埼玉県環境科学国際センター「1997年版 埼玉県湿地湧水地台帳」（原典: 埼玉県環境生活部自然環境課, 1997年作成）","source_url":"https://atlas-eco-saitama-pref-saitama.hub.arcgis.com/apps/50e96c8bc0cf4bd29418301d7640b33d/explore","data_note":"1997年時点のスナップショットです。現況とは大きく異なる場合があります。categoryは名称文字列からこのスクリプトが独自に推定した分類で、出典データ本来の区分ではありません。"}},{"type":"Feature","geometry":{"type":"Point","coordinates":[139.364762140445,36.0888110056842]},"properties":{"id":"wetland1997_458","name":"小川谷地区の湿地","municipality":"滑川町","address":null,"category":"河川・水路","wetland_no":345,"raw_type_code":0,"raw_naturalness_code":0,"status_note":null,"survey_method":"市町村報告","survey_year":1997,"source":"埼玉県環境科学国際センター「1997年版 埼玉県湿地湧水地台帳」（原典: 埼玉県環境生活部自然環境課, 1997年作成）","source_url":"https://atlas-eco-saitama-pref-saitama.hub.arcgis.com/apps/50e96c8bc0cf4bd29418301d7640b33d/explore","data_note":"1997年時点のスナップショットです。現況とは大きく異なる場合があります。categoryは名称文字列からこのスクリプトが独自に推定した分類で、出典データ本来の区分ではありません。"}},{"type":"Feature","geometry":{"type":"Point","coordinates":[139.379488152829,35.9304562438581]},"properties":{"id":"wetland1997_459","name":"池尻池","municipality":"鶴ヶ島市","address":"鶴ヶ島市大字高倉字池尻地内","category":"池・沼","wetland_no":118,"raw_type_code":2,"raw_naturalness_code":3,"status_note":null,"survey_method":"代表湿地","survey_year":1997,"source":"埼玉県環境科学国際センター「1997年版 埼玉県湿地湧水地台帳」（原典: 埼玉県環境生活部自然環境課, 1997年作成）","source_url":"https://atlas-eco-saitama-pref-saitama.hub.arcgis.com/apps/50e96c8bc0cf4bd29418301d7640b33d/explore","data_note":"1997年時点のスナップショットです。現況とは大きく異なる場合があります。categoryは名称文字列からこのスクリプトが独自に推定した分類で、出典データ本来の区分ではありません。"}},{"type":"Feature","geometry":{"type":"Point","coordinates":[139.09862568232,36.0615066589179]},"properties":{"id":"wetland1997_460","name":"大塚池","municipality":"皆野町","address":"大字皆野地内","category":"池・沼","wetland_no":237,"raw_type_code":4,"raw_naturalness_code":5,"status_note":null,"survey_method":"代表湿地","survey_year":1997,"source":"埼玉県環境科学国際センター「1997年版 埼玉県湿地湧水地台帳」（原典: 埼玉県環境生活部自然環境課, 1997年作成）","source_url":"https://atlas-eco-saitama-pref-saitama.hub.arcgis.com/apps/50e96c8bc0cf4bd29418301d7640b33d/explore","data_note":"1997年時点のスナップショットです。現況とは大きく異なる場合があります。categoryは名称文字列からこのスクリプトが独自に推定した分類で、出典データ本来の区分ではありません。"}},{"type":"Feature","geometry":{"type":"Point","coordinates":[139.232540578029,36.0886956867855]},"properties":{"id":"wetland1997_461","name":"炭釜池","municipality":"寄居町","address":null,"category":"池・沼","wetland_no":292,"raw_type_code":0,"raw_naturalness_code":0,"status_note":null,"survey_method":"市町村報告","survey_year":1997,"source":"埼玉県環境科学国際センター「1997年版 埼玉県湿地湧水地台帳」（原典: 埼玉県環境生活部自然環境課, 1997年作成）","source_url":"https://atlas-eco-saitama-pref-saitama.hub.arcgis.com/apps/50e96c8bc0cf4bd29418301d7640b33d/explore","data_note":"1997年時点のスナップショットです。現況とは大きく異なる場合があります。categoryは名称文字列からこのスクリプトが独自に推定した分類で、出典データ本来の区分ではありません。"}},{"type":"Feature","geometry":{"type":"Point","coordinates":[139.627808199058,36.1544751100342]},"properties":{"id":"wetland1997_462","name":"中樋遣川地区にある湿地","municipality":"加須市","address":null,"category":"河川・水路","wetland_no":425,"raw_type_code":0,"raw_naturalness_code":0,"status_note":null,"survey_method":"航空写真","survey_year":1997,"source":"埼玉県環境科学国際センター「1997年版 埼玉県湿地湧水地台帳」（原典: 埼玉県環境生活部自然環境課, 1997年作成）","source_url":"https://atlas-eco-saitama-pref-saitama.hub.arcgis.com/apps/50e96c8bc0cf4bd29418301d7640b33d/explore","data_note":"1997年時点のスナップショットです。現況とは大きく異なる場合があります。categoryは名称文字列からこのスクリプトが独自に推定した分類で、出典データ本来の区分ではありません。"}},{"type":"Feature","geometry":{"type":"Point","coordinates":[139.346473035046,35.8392943969603]},"properties":{"id":"wetland1997_463","name":"心字池（冷泉）","municipality":"入間市","address":"大字野田158地内","category":"池・沼","wetland_no":76,"raw_type_code":2,"raw_naturalness_code":2,"status_note":null,"survey_method":"代表湿地","survey_year":1997,"source":"埼玉県環境科学国際センター「1997年版 埼玉県湿地湧水地台帳」（原典: 埼玉県環境生活部自然環境課, 1997年作成）","source_url":"https://atlas-eco-saitama-pref-saitama.hub.arcgis.com/apps/50e96c8bc0cf4bd29418301d7640b33d/explore","data_note":"1997年時点のスナップショットです。現況とは大きく異なる場合があります。categoryは名称文字列からこのスクリプトが独自に推定した分類で、出典データ本来の区分ではありません。"}},{"type":"Feature","geometry":{"type":"Point","coordinates":[139.285840633192,36.0668989604908]},"properties":{"id":"wetland1997_464","name":"犬切沼","municipality":"小川町","address":"小川町小川ゴルフ場","category":"池・沼","wetland_no":1064,"raw_type_code":0,"raw_naturalness_code":0,"status_note":null,"survey_method":"市町村報告","survey_year":1997,"source":"埼玉県環境科学国際センター「1997年版 埼玉県湿地湧水地台帳」（原典: 埼玉県環境生活部自然環境課, 1997年作成）","source_url":"https://atlas-eco-saitama-pref-saitama.hub.arcgis.com/apps/50e96c8bc0cf4bd29418301d7640b33d/explore","data_note":"1997年時点のスナップショットです。現況とは大きく異なる場合があります。categoryは名称文字列からこのスクリプトが独自に推定した分類で、出典データ本来の区分ではありません。"}},{"type":"Feature","geometry":{"type":"Point","coordinates":[139.388495434418,36.0807054514028]},"properties":{"id":"wetland1997_465","name":"寺沼","municipality":"東松山市","address":null,"category":"池・沼","wetland_no":608,"raw_type_code":0,"raw_naturalness_code":0,"status_note":null,"survey_method":"市町村報告","survey_year":1997,"source":"埼玉県環境科学国際センター「1997年版 埼玉県湿地湧水地台帳」（原典: 埼玉県環境生活部自然環境課, 1997年作成）","source_url":"https://atlas-eco-saitama-pref-saitama.hub.arcgis.com/apps/50e96c8bc0cf4bd29418301d7640b33d/explore","data_note":"1997年時点のスナップショットです。現況とは大きく異なる場合があります。categoryは名称文字列からこのスクリプトが独自に推定した分類で、出典データ本来の区分ではありません。"}},{"type":"Feature","geometry":{"type":"Point","coordinates":[139.275153056457,36.085747203786]},"properties":{"id":"wetland1997_466","name":"足リ沼","municipality":"小川町","address":null,"category":"池・沼","wetland_no":468,"raw_type_code":0,"raw_naturalness_code":0,"status_note":null,"survey_method":"市町村報告","survey_year":1997,"source":"埼玉県環境科学国際センター「1997年版 埼玉県湿地湧水地台帳」（原典: 埼玉県環境生活部自然環境課, 1997年作成）","source_url":"https://atlas-eco-saitama-pref-saitama.hub.arcgis.com/apps/50e96c8bc0cf4bd29418301d7640b33d/explore","data_note":"1997年時点のスナップショットです。現況とは大きく異なる場合があります。categoryは名称文字列からこのスクリプトが独自に推定した分類で、出典データ本来の区分ではありません。"}},{"type":"Feature","geometry":{"type":"Point","coordinates":[139.747540364603,35.9209186937088]},"properties":{"id":"wetland1997_467","name":"小僧川地区の湿地","municipality":"越谷市","address":null,"category":"河川・水路","wetland_no":796,"raw_type_code":0,"raw_naturalness_code":0,"status_note":null,"survey_method":"航空写真","survey_year":1997,"source":"埼玉県環境科学国際センター「1997年版 埼玉県湿地湧水地台帳」（原典: 埼玉県環境生活部自然環境課, 1997年作成）","source_url":"https://atlas-eco-saitama-pref-saitama.hub.arcgis.com/apps/50e96c8bc0cf4bd29418301d7640b33d/explore","data_note":"1997年時点のスナップショットです。現況とは大きく異なる場合があります。categoryは名称文字列からこのスクリプトが独自に推定した分類で、出典データ本来の区分ではありません。"}},{"type":"Feature","geometry":{"type":"Point","coordinates":[139.368096856561,36.0918198489511]},"properties":{"id":"wetland1997_468","name":"武藏丘陵森林公園内の湿地","municipality":"滑川町","address":null,"category":"湿地・湿原","wetland_no":340,"raw_type_code":0,"raw_naturalness_code":0,"status_note":null,"survey_method":"市町村報告","survey_year":1997,"source":"埼玉県環境科学国際センター「1997年版 埼玉県湿地湧水地台帳」（原典: 埼玉県環境生活部自然環境課, 1997年作成）","source_url":"https://atlas-eco-saitama-pref-saitama.hub.arcgis.com/apps/50e96c8bc0cf4bd29418301d7640b33d/explore","data_note":"1997年時点のスナップショットです。現況とは大きく異なる場合があります。categoryは名称文字列からこのスクリプトが独自に推定した分類で、出典データ本来の区分ではありません。"}},{"type":"Feature","geometry":{"type":"Point","coordinates":[139.333988479196,36.0940832723164]},"properties":{"id":"wetland1997_469","name":"ガンザ沼","municipality":"江南町","address":null,"category":"池・沼","wetland_no":307,"raw_type_code":0,"raw_naturalness_code":0,"status_note":null,"survey_method":"市町村報告","survey_year":1997,"source":"埼玉県環境科学国際センター「1997年版 埼玉県湿地湧水地台帳」（原典: 埼玉県環境生活部自然環境課, 1997年作成）","source_url":"https://atlas-eco-saitama-pref-saitama.hub.arcgis.com/apps/50e96c8bc0cf4bd29418301d7640b33d/explore","data_note":"1997年時点のスナップショットです。現況とは大きく異なる場合があります。categoryは名称文字列からこのスクリプトが独自に推定した分類で、出典データ本来の区分ではありません。"}},{"type":"Feature","geometry":{"type":"Point","coordinates":[139.329862701251,36.0896628979731]},"properties":{"id":"wetland1997_470","name":"和泉地区の湿地","municipality":"滑川町","address":null,"category":"湿地・湿原","wetland_no":321,"raw_type_code":0,"raw_naturalness_code":0,"status_note":null,"survey_method":"市町村報告","survey_year":1997,"source":"埼玉県環境科学国際センター「1997年版 埼玉県湿地湧水地台帳」（原典: 埼玉県環境生活部自然環境課, 1997年作成）","source_url":"https://atlas-eco-saitama-pref-saitama.hub.arcgis.com/apps/50e96c8bc0cf4bd29418301d7640b33d/explore","data_note":"1997年時点のスナップショットです。現況とは大きく異なる場合があります。categoryは名称文字列からこのスクリプトが独自に推定した分類で、出典データ本来の区分ではありません。"}},{"type":"Feature","geometry":{"type":"Point","coordinates":[139.326524285873,36.0971626680344]},"properties":{"id":"wetland1997_471","name":"和泉上地区の北の湿地","municipality":"滑川町","address":null,"category":"湿地・湿原","wetland_no":319,"raw_type_code":0,"raw_naturalness_code":0,"status_note":null,"survey_method":"市町村報告","survey_year":1997,"source":"埼玉県環境科学国際センター「1997年版 埼玉県湿地湧水地台帳」（原典: 埼玉県環境生活部自然環境課, 1997年作成）","source_url":"https://atlas-eco-saitama-pref-saitama.hub.arcgis.com/apps/50e96c8bc0cf4bd29418301d7640b33d/explore","data_note":"1997年時点のスナップショットです。現況とは大きく異なる場合があります。categoryは名称文字列からこのスクリプトが独自に推定した分類で、出典データ本来の区分ではありません。"}},{"type":"Feature","geometry":{"type":"Point","coordinates":[139.102789353899,36.1944741182644]},"properties":{"id":"wetland1997_472","name":"谷池","municipality":"神川町","address":null,"category":"池・沼","wetland_no":249,"raw_type_code":0,"raw_naturalness_code":0,"status_note":null,"survey_method":"市町村報告","survey_year":1997,"source":"埼玉県環境科学国際センター「1997年版 埼玉県湿地湧水地台帳」（原典: 埼玉県環境生活部自然環境課, 1997年作成）","source_url":"https://atlas-eco-saitama-pref-saitama.hub.arcgis.com/apps/50e96c8bc0cf4bd29418301d7640b33d/explore","data_note":"1997年時点のスナップショットです。現況とは大きく異なる場合があります。categoryは名称文字列からこのスクリプトが独自に推定した分類で、出典データ本来の区分ではありません。"}},{"type":"Feature","geometry":{"type":"Point","coordinates":[139.390797874882,35.7877457584906]},"properties":{"id":"wetland1997_473","name":"堀之内地内の湧水地","municipality":"所沢市","address":"大字堀之内502","category":"湧水・井戸","wetland_no":50,"raw_type_code":2,"raw_naturalness_code":0,"status_note":null,"survey_method":"代表湿地","survey_year":1997,"source":"埼玉県環境科学国際センター「1997年版 埼玉県湿地湧水地台帳」（原典: 埼玉県環境生活部自然環境課, 1997年作成）","source_url":"https://atlas-eco-saitama-pref-saitama.hub.arcgis.com/apps/50e96c8bc0cf4bd29418301d7640b33d/explore","data_note":"1997年時点のスナップショットです。現況とは大きく異なる場合があります。categoryは名称文字列からこのスクリプトが独自に推定した分類で、出典データ本来の区分ではありません。"}},{"type":"Feature","geometry":{"type":"Point","coordinates":[139.264877078801,36.0957252490376]},"properties":{"id":"wetland1997_474","name":"牟礼地区の東にある湿地","municipality":"寄居町","address":"寄居町今市","category":"湿地・湿原","wetland_no":1123,"raw_type_code":0,"raw_naturalness_code":0,"status_note":null,"survey_method":"市町村報告","survey_year":1997,"source":"埼玉県環境科学国際センター「1997年版 埼玉県湿地湧水地台帳」（原典: 埼玉県環境生活部自然環境課, 1997年作成）","source_url":"https://atlas-eco-saitama-pref-saitama.hub.arcgis.com/apps/50e96c8bc0cf4bd29418301d7640b33d/explore","data_note":"1997年時点のスナップショットです。現況とは大きく異なる場合があります。categoryは名称文字列からこのスクリプトが独自に推定した分類で、出典データ本来の区分ではありません。"}},{"type":"Feature","geometry":{"type":"Point","coordinates":[139.408446618925,36.1632238782325]},"properties":{"id":"wetland1997_475","name":"上川上地区の湿地","municipality":"熊谷市","address":"熊谷市上川上","category":"河川・水路","wetland_no":396,"raw_type_code":0,"raw_naturalness_code":0,"status_note":null,"survey_method":"航空写真","survey_year":1997,"source":"埼玉県環境科学国際センター「1997年版 埼玉県湿地湧水地台帳」（原典: 埼玉県環境生活部自然環境課, 1997年作成）","source_url":"https://atlas-eco-saitama-pref-saitama.hub.arcgis.com/apps/50e96c8bc0cf4bd29418301d7640b33d/explore","data_note":"1997年時点のスナップショットです。現況とは大きく異なる場合があります。categoryは名称文字列からこのスクリプトが独自に推定した分類で、出典データ本来の区分ではありません。"}},{"type":"Feature","geometry":{"type":"Point","coordinates":[139.367461175428,35.8738875048106]},"properties":{"id":"wetland1997_476","name":"馬引沢字宮ノ原の池①②","municipality":"日高市","address":null,"category":"池・沼","wetland_no":825,"raw_type_code":0,"raw_naturalness_code":0,"status_note":null,"survey_method":"市町村報告","survey_year":1997,"source":"埼玉県環境科学国際センター「1997年版 埼玉県湿地湧水地台帳」（原典: 埼玉県環境生活部自然環境課, 1997年作成）","source_url":"https://atlas-eco-saitama-pref-saitama.hub.arcgis.com/apps/50e96c8bc0cf4bd29418301d7640b33d/explore","data_note":"1997年時点のスナップショットです。現況とは大きく異なる場合があります。categoryは名称文字列からこのスクリプトが独自に推定した分類で、出典データ本来の区分ではありません。"}},{"type":"Feature","geometry":{"type":"Point","coordinates":[139.81252352477,35.8806542874912]},"properties":{"id":"wetland1997_477","name":"流通業務団地の南にある湿地","municipality":"越谷市","address":null,"category":"湿地・湿原","wetland_no":836,"raw_type_code":0,"raw_naturalness_code":0,"status_note":null,"survey_method":"航空写真","survey_year":1997,"source":"埼玉県環境科学国際センター「1997年版 埼玉県湿地湧水地台帳」（原典: 埼玉県環境生活部自然環境課, 1997年作成）","source_url":"https://atlas-eco-saitama-pref-saitama.hub.arcgis.com/apps/50e96c8bc0cf4bd29418301d7640b33d/explore","data_note":"1997年時点のスナップショットです。現況とは大きく異なる場合があります。categoryは名称文字列からこのスクリプトが独自に推定した分類で、出典データ本来の区分ではありません。"}},{"type":"Feature","geometry":{"type":"Point","coordinates":[139.401814203571,35.7842139446884]},"properties":{"id":"wetland1997_478","name":"狭山丘陵いきものふれあいの里スポット3湿地","municipality":"所沢市","address":"大字三ヶ島地内","category":"湿地・湿原","wetland_no":45,"raw_type_code":2,"raw_naturalness_code":0,"status_note":null,"survey_method":"代表湿地","survey_year":1997,"source":"埼玉県環境科学国際センター「1997年版 埼玉県湿地湧水地台帳」（原典: 埼玉県環境生活部自然環境課, 1997年作成）","source_url":"https://atlas-eco-saitama-pref-saitama.hub.arcgis.com/apps/50e96c8bc0cf4bd29418301d7640b33d/explore","data_note":"1997年時点のスナップショットです。現況とは大きく異なる場合があります。categoryは名称文字列からこのスクリプトが独自に推定した分類で、出典データ本来の区分ではありません。"}},{"type":"Feature","geometry":{"type":"Point","coordinates":[139.449767501434,35.7699842379237]},"properties":{"id":"wetland1997_479","name":"西武園ゴルフ場の東にある湿地","municipality":"所沢市","address":null,"category":"湿地・湿原","wetland_no":843,"raw_type_code":0,"raw_naturalness_code":0,"status_note":null,"survey_method":"市町村報告","survey_year":1997,"source":"埼玉県環境科学国際センター「1997年版 埼玉県湿地湧水地台帳」（原典: 埼玉県環境生活部自然環境課, 1997年作成）","source_url":"https://atlas-eco-saitama-pref-saitama.hub.arcgis.com/apps/50e96c8bc0cf4bd29418301d7640b33d/explore","data_note":"1997年時点のスナップショットです。現況とは大きく異なる場合があります。categoryは名称文字列からこのスクリプトが独自に推定した分類で、出典データ本来の区分ではありません。"}},{"type":"Feature","geometry":{"type":"Point","coordinates":[139.228492455847,36.1734083450888]},"properties":{"id":"wetland1997_480","name":"針ヶ谷天池","municipality":"岡部町","address":"大字針ヶ谷字南東原1341","category":"池・沼","wetland_no":165,"raw_type_code":2,"raw_naturalness_code":3,"status_note":null,"survey_method":"代表湿地","survey_year":1997,"source":"埼玉県環境科学国際センター「1997年版 埼玉県湿地湧水地台帳」（原典: 埼玉県環境生活部自然環境課, 1997年作成）","source_url":"https://atlas-eco-saitama-pref-saitama.hub.arcgis.com/apps/50e96c8bc0cf4bd29418301d7640b33d/explore","data_note":"1997年時点のスナップショットです。現況とは大きく異なる場合があります。categoryは名称文字列からこのスクリプトが独自に推定した分類で、出典データ本来の区分ではありません。"}},{"type":"Feature","geometry":{"type":"Point","coordinates":[139.307107469603,35.9942816846855]},"properties":{"id":"wetland1997_481","name":"高野倉地区の湿地","municipality":"鳩山町","address":null,"category":"湿地・湿原","wetland_no":718,"raw_type_code":0,"raw_naturalness_code":0,"status_note":null,"survey_method":null,"survey_year":1997,"source":"埼玉県環境科学国際センター「1997年版 埼玉県湿地湧水地台帳」（原典: 埼玉県環境生活部自然環境課, 1997年作成）","source_url":"https://atlas-eco-saitama-pref-saitama.hub.arcgis.com/apps/50e96c8bc0cf4bd29418301d7640b33d/explore","data_note":"1997年時点のスナップショットです。現況とは大きく異なる場合があります。categoryは名称文字列からこのスクリプトが独自に推定した分類で、出典データ本来の区分ではありません。"}},{"type":"Feature","geometry":{"type":"Point","coordinates":[139.358683637972,36.0538007606796]},"properties":{"id":"wetland1997_482","name":"羽尾地区内の湿地","municipality":"滑川町","address":null,"category":"湿地・湿原","wetland_no":582,"raw_type_code":0,"raw_naturalness_code":0,"status_note":null,"survey_method":"市町村報告","survey_year":1997,"source":"埼玉県環境科学国際センター「1997年版 埼玉県湿地湧水地台帳」（原典: 埼玉県環境生活部自然環境課, 1997年作成）","source_url":"https://atlas-eco-saitama-pref-saitama.hub.arcgis.com/apps/50e96c8bc0cf4bd29418301d7640b33d/explore","data_note":"1997年時点のスナップショットです。現況とは大きく異なる場合があります。categoryは名称文字列からこのスクリプトが独自に推定した分類で、出典データ本来の区分ではありません。"}},{"type":"Feature","geometry":{"type":"Point","coordinates":[139.259551103127,36.0900731005041]},"properties":{"id":"wetland1997_483","name":"森林公園ゴルフ場内の東にある湿地","municipality":"寄居町","address":null,"category":"湿地・湿原","wetland_no":377,"raw_type_code":0,"raw_naturalness_code":0,"status_note":null,"survey_method":"市町村報告","survey_year":1997,"source":"埼玉県環境科学国際センター「1997年版 埼玉県湿地湧水地台帳」（原典: 埼玉県環境生活部自然環境課, 1997年作成）","source_url":"https://atlas-eco-saitama-pref-saitama.hub.arcgis.com/apps/50e96c8bc0cf4bd29418301d7640b33d/explore","data_note":"1997年時点のスナップショットです。現況とは大きく異なる場合があります。categoryは名称文字列からこのスクリプトが独自に推定した分類で、出典データ本来の区分ではありません。"}},{"type":"Feature","geometry":{"type":"Point","coordinates":[139.692873882959,36.0002175984738]},"properties":{"id":"wetland1997_484","name":"鹿室地区の北にある湿地","municipality":"岩槻市","address":"岩槻市鹿室","category":"湿地・湿原","wetland_no":1023,"raw_type_code":2,"raw_naturalness_code":5,"status_note":null,"survey_method":"県民調査","survey_year":1997,"source":"埼玉県環境科学国際センター「1997年版 埼玉県湿地湧水地台帳」（原典: 埼玉県環境生活部自然環境課, 1997年作成）","source_url":"https://atlas-eco-saitama-pref-saitama.hub.arcgis.com/apps/50e96c8bc0cf4bd29418301d7640b33d/explore","data_note":"1997年時点のスナップショットです。現況とは大きく異なる場合があります。categoryは名称文字列からこのスクリプトが独自に推定した分類で、出典データ本来の区分ではありません。"}},{"type":"Feature","geometry":{"type":"Point","coordinates":[139.29152187729,35.8807690228651]},"properties":{"id":"wetland1997_485","name":"滝泉寺境内地の湧水地","municipality":"日高市","address":"大字横手地内","category":"湧水・井戸","wetland_no":128,"raw_type_code":2,"raw_naturalness_code":0,"status_note":null,"survey_method":"代表湿地","survey_year":1997,"source":"埼玉県環境科学国際センター「1997年版 埼玉県湿地湧水地台帳」（原典: 埼玉県環境生活部自然環境課, 1997年作成）","source_url":"https://atlas-eco-saitama-pref-saitama.hub.arcgis.com/apps/50e96c8bc0cf4bd29418301d7640b33d/explore","data_note":"1997年時点のスナップショットです。現況とは大きく異なる場合があります。categoryは名称文字列からこのスクリプトが独自に推定した分類で、出典データ本来の区分ではありません。"}},{"type":"Feature","geometry":{"type":"Point","coordinates":[139.046477591643,36.0550990360631]},"properties":{"id":"wetland1997_486","name":"久長上郷たねいり","municipality":"吉田町","address":"吉田町上郷","category":"その他","wetland_no":1079,"raw_type_code":0,"raw_naturalness_code":0,"status_note":null,"survey_method":"市町村報告","survey_year":1997,"source":"埼玉県環境科学国際センター「1997年版 埼玉県湿地湧水地台帳」（原典: 埼玉県環境生活部自然環境課, 1997年作成）","source_url":"https://atlas-eco-saitama-pref-saitama.hub.arcgis.com/apps/50e96c8bc0cf4bd29418301d7640b33d/explore","data_note":"1997年時点のスナップショットです。現況とは大きく異なる場合があります。categoryは名称文字列からこのスクリプトが独自に推定した分類で、出典データ本来の区分ではありません。"}},{"type":"Feature","geometry":{"type":"Point","coordinates":[139.609714885069,36.1296370884213]},"properties":{"id":"wetland1997_487","name":"寺沼地区の湿地","municipality":"加須市","address":null,"category":"池・沼","wetland_no":415,"raw_type_code":0,"raw_naturalness_code":0,"status_note":null,"survey_method":"航空写真","survey_year":1997,"source":"埼玉県環境科学国際センター「1997年版 埼玉県湿地湧水地台帳」（原典: 埼玉県環境生活部自然環境課, 1997年作成）","source_url":"https://atlas-eco-saitama-pref-saitama.hub.arcgis.com/apps/50e96c8bc0cf4bd29418301d7640b33d/explore","data_note":"1997年時点のスナップショットです。現況とは大きく異なる場合があります。categoryは名称文字列からこのスクリプトが独自に推定した分類で、出典データ本来の区分ではありません。"}},{"type":"Feature","geometry":{"type":"Point","coordinates":[139.408593214098,35.9173693978655]},"properties":{"id":"wetland1997_488","name":"二島神社","municipality":"川越市","address":"川越市笠旗","category":"その他","wetland_no":1009,"raw_type_code":2,"raw_naturalness_code":4,"status_note":null,"survey_method":"県民調査","survey_year":1997,"source":"埼玉県環境科学国際センター「1997年版 埼玉県湿地湧水地台帳」（原典: 埼玉県環境生活部自然環境課, 1997年作成）","source_url":"https://atlas-eco-saitama-pref-saitama.hub.arcgis.com/apps/50e96c8bc0cf4bd29418301d7640b33d/explore","data_note":"1997年時点のスナップショットです。現況とは大きく異なる場合があります。categoryは名称文字列からこのスクリプトが独自に推定した分類で、出典データ本来の区分ではありません。"}},{"type":"Feature","geometry":{"type":"Point","coordinates":[139.354594456493,35.9744999540716]},"properties":{"id":"wetland1997_489","name":"重郎地区越辺川河川敷にある湿地","municipality":"鳩山町","address":null,"category":"河川・水路","wetland_no":746,"raw_type_code":0,"raw_naturalness_code":0,"status_note":null,"survey_method":null,"survey_year":1997,"source":"埼玉県環境科学国際センター「1997年版 埼玉県湿地湧水地台帳」（原典: 埼玉県環境生活部自然環境課, 1997年作成）","source_url":"https://atlas-eco-saitama-pref-saitama.hub.arcgis.com/apps/50e96c8bc0cf4bd29418301d7640b33d/explore","data_note":"1997年時点のスナップショットです。現況とは大きく異なる場合があります。categoryは名称文字列からこのスクリプトが独自に推定した分類で、出典データ本来の区分ではありません。"}},{"type":"Feature","geometry":{"type":"Point","coordinates":[139.0795355932,36.0404059417462]},"properties":{"id":"wetland1997_490","name":"東部秩父ゴルフ場の東にある湿地","municipality":"秩父市","address":null,"category":"湿地・湿原","wetland_no":451,"raw_type_code":0,"raw_naturalness_code":0,"status_note":null,"survey_method":"航空写真","survey_year":1997,"source":"埼玉県環境科学国際センター「1997年版 埼玉県湿地湧水地台帳」（原典: 埼玉県環境生活部自然環境課, 1997年作成）","source_url":"https://atlas-eco-saitama-pref-saitama.hub.arcgis.com/apps/50e96c8bc0cf4bd29418301d7640b33d/explore","data_note":"1997年時点のスナップショットです。現況とは大きく異なる場合があります。categoryは名称文字列からこのスクリプトが独自に推定した分類で、出典データ本来の区分ではありません。"}},{"type":"Feature","geometry":{"type":"Point","coordinates":[139.54723555777,35.8131108497312]},"properties":{"id":"wetland1997_491","name":"柳瀬川","municipality":"新座市","address":"新座市大和田4丁目","category":"河川・水路","wetland_no":1041,"raw_type_code":3,"raw_naturalness_code":2,"status_note":null,"survey_method":"県民調査","survey_year":1997,"source":"埼玉県環境科学国際センター「1997年版 埼玉県湿地湧水地台帳」（原典: 埼玉県環境生活部自然環境課, 1997年作成）","source_url":"https://atlas-eco-saitama-pref-saitama.hub.arcgis.com/apps/50e96c8bc0cf4bd29418301d7640b33d/explore","data_note":"1997年時点のスナップショットです。現況とは大きく異なる場合があります。categoryは名称文字列からこのスクリプトが独自に推定した分類で、出典データ本来の区分ではありません。"}},{"type":"Feature","geometry":{"type":"Point","coordinates":[139.329053965967,36.0995268858578]},"properties":{"id":"wetland1997_492","name":"新沼","municipality":"江南町","address":null,"category":"池・沼","wetland_no":301,"raw_type_code":0,"raw_naturalness_code":0,"status_note":null,"survey_method":"市町村報告","survey_year":1997,"source":"埼玉県環境科学国際センター「1997年版 埼玉県湿地湧水地台帳」（原典: 埼玉県環境生活部自然環境課, 1997年作成）","source_url":"https://atlas-eco-saitama-pref-saitama.hub.arcgis.com/apps/50e96c8bc0cf4bd29418301d7640b33d/explore","data_note":"1997年時点のスナップショットです。現況とは大きく異なる場合があります。categoryは名称文字列からこのスクリプトが独自に推定した分類で、出典データ本来の区分ではありません。"}},{"type":"Feature","geometry":{"type":"Point","coordinates":[139.292378689509,35.9871640839514]},"properties":{"id":"wetland1997_493","name":"大亀沼（大谷ヶ原内）","municipality":"越生町","address":"大字大谷地内","category":"池・沼","wetland_no":130,"raw_type_code":4,"raw_naturalness_code":3,"status_note":null,"survey_method":"代表湿地","survey_year":1997,"source":"埼玉県環境科学国際センター「1997年版 埼玉県湿地湧水地台帳」（原典: 埼玉県環境生活部自然環境課, 1997年作成）","source_url":"https://atlas-eco-saitama-pref-saitama.hub.arcgis.com/apps/50e96c8bc0cf4bd29418301d7640b33d/explore","data_note":"1997年時点のスナップショットです。現況とは大きく異なる場合があります。categoryは名称文字列からこのスクリプトが独自に推定した分類で、出典データ本来の区分ではありません。"}},{"type":"Feature","geometry":{"type":"Point","coordinates":[139.199565377785,36.1632452330737]},"properties":{"id":"wetland1997_494","name":"琵琶ヶ入池","municipality":"寄居町","address":"寄居町用上","category":"池・沼","wetland_no":1102,"raw_type_code":0,"raw_naturalness_code":0,"status_note":null,"survey_method":"市町村報告","survey_year":1997,"source":"埼玉県環境科学国際センター「1997年版 埼玉県湿地湧水地台帳」（原典: 埼玉県環境生活部自然環境課, 1997年作成）","source_url":"https://atlas-eco-saitama-pref-saitama.hub.arcgis.com/apps/50e96c8bc0cf4bd29418301d7640b33d/explore","data_note":"1997年時点のスナップショットです。現況とは大きく異なる場合があります。categoryは名称文字列からこのスクリプトが独自に推定した分類で、出典データ本来の区分ではありません。"}},{"type":"Feature","geometry":{"type":"Point","coordinates":[139.19463404549,36.1445381990245]},"properties":{"id":"wetland1997_495","name":"北谷津下池","municipality":"寄居町","address":null,"category":"池・沼","wetland_no":281,"raw_type_code":0,"raw_naturalness_code":0,"status_note":null,"survey_method":"市町村報告","survey_year":1997,"source":"埼玉県環境科学国際センター「1997年版 埼玉県湿地湧水地台帳」（原典: 埼玉県環境生活部自然環境課, 1997年作成）","source_url":"https://atlas-eco-saitama-pref-saitama.hub.arcgis.com/apps/50e96c8bc0cf4bd29418301d7640b33d/explore","data_note":"1997年時点のスナップショットです。現況とは大きく異なる場合があります。categoryは名称文字列からこのスクリプトが独自に推定した分類で、出典データ本来の区分ではありません。"}},{"type":"Feature","geometry":{"type":"Point","coordinates":[139.675186283187,36.0419279316644]},"properties":{"id":"wetland1997_496","name":"野中地区の西にある湿地","municipality":"白岡町","address":null,"category":"湿地・湿原","wetland_no":653,"raw_type_code":0,"raw_naturalness_code":0,"status_note":null,"survey_method":"航空写真","survey_year":1997,"source":"埼玉県環境科学国際センター「1997年版 埼玉県湿地湧水地台帳」（原典: 埼玉県環境生活部自然環境課, 1997年作成）","source_url":"https://atlas-eco-saitama-pref-saitama.hub.arcgis.com/apps/50e96c8bc0cf4bd29418301d7640b33d/explore","data_note":"1997年時点のスナップショットです。現況とは大きく異なる場合があります。categoryは名称文字列からこのスクリプトが独自に推定した分類で、出典データ本来の区分ではありません。"}},{"type":"Feature","geometry":{"type":"Point","coordinates":[139.331261685372,36.0940471973094]},"properties":{"id":"wetland1997_497","name":"小堤沼","municipality":"江南町","address":null,"category":"池・沼","wetland_no":306,"raw_type_code":0,"raw_naturalness_code":0,"status_note":null,"survey_method":"市町村報告","survey_year":1997,"source":"埼玉県環境科学国際センター「1997年版 埼玉県湿地湧水地台帳」（原典: 埼玉県環境生活部自然環境課, 1997年作成）","source_url":"https://atlas-eco-saitama-pref-saitama.hub.arcgis.com/apps/50e96c8bc0cf4bd29418301d7640b33d/explore","data_note":"1997年時点のスナップショットです。現況とは大きく異なる場合があります。categoryは名称文字列からこのスクリプトが独自に推定した分類で、出典データ本来の区分ではありません。"}},{"type":"Feature","geometry":{"type":"Point","coordinates":[139.477030922946,36.1227312051518]},"properties":{"id":"wetland1997_498","name":"奥の山古墳堀","municipality":"行田市","address":null,"category":"その他","wetland_no":410,"raw_type_code":0,"raw_naturalness_code":0,"status_note":null,"survey_method":"市町村報告","survey_year":1997,"source":"埼玉県環境科学国際センター「1997年版 埼玉県湿地湧水地台帳」（原典: 埼玉県環境生活部自然環境課, 1997年作成）","source_url":"https://atlas-eco-saitama-pref-saitama.hub.arcgis.com/apps/50e96c8bc0cf4bd29418301d7640b33d/explore","data_note":"1997年時点のスナップショットです。現況とは大きく異なる場合があります。categoryは名称文字列からこのスクリプトが独自に推定した分類で、出典データ本来の区分ではありません。"}},{"type":"Feature","geometry":{"type":"Point","coordinates":[139.681713930725,36.1266643502645]},"properties":{"id":"wetland1997_499","name":"善定寺池","municipality":"大利根町","address":"大字琴寄地内","category":"池・沼","wetland_no":218,"raw_type_code":4,"raw_naturalness_code":4,"status_note":null,"survey_method":"代表湿地","survey_year":1997,"source":"埼玉県環境科学国際センター「1997年版 埼玉県湿地湧水地台帳」（原典: 埼玉県環境生活部自然環境課, 1997年作成）","source_url":"https://atlas-eco-saitama-pref-saitama.hub.arcgis.com/apps/50e96c8bc0cf4bd29418301d7640b33d/explore","data_note":"1997年時点のスナップショットです。現況とは大きく異なる場合があります。categoryは名称文字列からこのスクリプトが独自に推定した分類で、出典データ本来の区分ではありません。"}},{"type":"Feature","geometry":{"type":"Point","coordinates":[139.689942355895,35.855052304732]},"properties":{"id":"wetland1997_500","name":"明花地区内の湿地","municipality":"浦和市","address":"浦和市大島","category":"湿地・湿原","wetland_no":1048,"raw_type_code":0,"raw_naturalness_code":2,"status_note":null,"survey_method":"県民調査","survey_year":1997,"source":"埼玉県環境科学国際センター「1997年版 埼玉県湿地湧水地台帳」（原典: 埼玉県環境生活部自然環境課, 1997年作成）","source_url":"https://atlas-eco-saitama-pref-saitama.hub.arcgis.com/apps/50e96c8bc0cf4bd29418301d7640b33d/explore","data_note":"1997年時点のスナップショットです。現況とは大きく異なる場合があります。categoryは名称文字列からこのスクリプトが独自に推定した分類で、出典データ本来の区分ではありません。"}},{"type":"Feature","geometry":{"type":"Point","coordinates":[139.280261950649,36.0973138513275]},"properties":{"id":"wetland1997_501","name":"新沼","municipality":"寄居町","address":null,"category":"池・沼","wetland_no":383,"raw_type_code":0,"raw_naturalness_code":0,"status_note":null,"survey_method":"市町村報告","survey_year":1997,"source":"埼玉県環境科学国際センター「1997年版 埼玉県湿地湧水地台帳」（原典: 埼玉県環境生活部自然環境課, 1997年作成）","source_url":"https://atlas-eco-saitama-pref-saitama.hub.arcgis.com/apps/50e96c8bc0cf4bd29418301d7640b33d/explore","data_note":"1997年時点のスナップショットです。現況とは大きく異なる場合があります。categoryは名称文字列からこのスクリプトが独自に推定した分類で、出典データ本来の区分ではありません。"}},{"type":"Feature","geometry":{"type":"Point","coordinates":[139.354082565004,36.058962462454]},"properties":{"id":"wetland1997_502","name":"大山地区の南にある湿地","municipality":"滑川町","address":null,"category":"湿地・湿原","wetland_no":579,"raw_type_code":0,"raw_naturalness_code":0,"status_note":null,"survey_method":"市町村報告","survey_year":1997,"source":"埼玉県環境科学国際センター「1997年版 埼玉県湿地湧水地台帳」（原典: 埼玉県環境生活部自然環境課, 1997年作成）","source_url":"https://atlas-eco-saitama-pref-saitama.hub.arcgis.com/apps/50e96c8bc0cf4bd29418301d7640b33d/explore","data_note":"1997年時点のスナップショットです。現況とは大きく異なる場合があります。categoryは名称文字列からこのスクリプトが独自に推定した分類で、出典データ本来の区分ではありません。"}},{"type":"Feature","geometry":{"type":"Point","coordinates":[139.325338097371,35.9793741746187]},"properties":{"id":"wetland1997_503","name":"大豆戸地区の東にある湿地","municipality":"鳩山町","address":null,"category":"湿地・湿原","wetland_no":727,"raw_type_code":0,"raw_naturalness_code":0,"status_note":null,"survey_method":null,"survey_year":1997,"source":"埼玉県環境科学国際センター「1997年版 埼玉県湿地湧水地台帳」（原典: 埼玉県環境生活部自然環境課, 1997年作成）","source_url":"https://atlas-eco-saitama-pref-saitama.hub.arcgis.com/apps/50e96c8bc0cf4bd29418301d7640b33d/explore","data_note":"1997年時点のスナップショットです。現況とは大きく異なる場合があります。categoryは名称文字列からこのスクリプトが独自に推定した分類で、出典データ本来の区分ではありません。"}},{"type":"Feature","geometry":{"type":"Point","coordinates":[139.28341263071,36.0630678651233]},"properties":{"id":"wetland1997_504","name":"手古棒沼","municipality":"小川町","address":"小川町小川ゴルフ場","category":"池・沼","wetland_no":1065,"raw_type_code":0,"raw_naturalness_code":0,"status_note":null,"survey_method":"市町村報告","survey_year":1997,"source":"埼玉県環境科学国際センター「1997年版 埼玉県湿地湧水地台帳」（原典: 埼玉県環境生活部自然環境課, 1997年作成）","source_url":"https://atlas-eco-saitama-pref-saitama.hub.arcgis.com/apps/50e96c8bc0cf4bd29418301d7640b33d/explore","data_note":"1997年時点のスナップショットです。現況とは大きく異なる場合があります。categoryは名称文字列からこのスクリプトが独自に推定した分類で、出典データ本来の区分ではありません。"}},{"type":"Feature","geometry":{"type":"Point","coordinates":[139.316614545969,36.0848910816708]},"properties":{"id":"wetland1997_505","name":"池田沼","municipality":"嵐山町","address":null,"category":"池・沼","wetland_no":508,"raw_type_code":0,"raw_naturalness_code":0,"status_note":null,"survey_method":"市町村報告","survey_year":1997,"source":"埼玉県環境科学国際センター「1997年版 埼玉県湿地湧水地台帳」（原典: 埼玉県環境生活部自然環境課, 1997年作成）","source_url":"https://atlas-eco-saitama-pref-saitama.hub.arcgis.com/apps/50e96c8bc0cf4bd29418301d7640b33d/explore","data_note":"1997年時点のスナップショットです。現況とは大きく異なる場合があります。categoryは名称文字列からこのスクリプトが独自に推定した分類で、出典データ本来の区分ではありません。"}},{"type":"Feature","geometry":{"type":"Point","coordinates":[139.277341770205,36.07715794234]},"properties":{"id":"wetland1997_506","name":"にごり沼（下）","municipality":"小川町","address":null,"category":"池・沼","wetland_no":478,"raw_type_code":0,"raw_naturalness_code":0,"status_note":null,"survey_method":"市町村報告","survey_year":1997,"source":"埼玉県環境科学国際センター「1997年版 埼玉県湿地湧水地台帳」（原典: 埼玉県環境生活部自然環境課, 1997年作成）","source_url":"https://atlas-eco-saitama-pref-saitama.hub.arcgis.com/apps/50e96c8bc0cf4bd29418301d7640b33d/explore","data_note":"1997年時点のスナップショットです。現況とは大きく異なる場合があります。categoryは名称文字列からこのスクリプトが独自に推定した分類で、出典データ本来の区分ではありません。"}},{"type":"Feature","geometry":{"type":"Point","coordinates":[139.338093644399,36.0722551138719]},"properties":{"id":"wetland1997_507","name":"中伊古地区内の湿地","municipality":"滑川町","address":null,"category":"湿地・湿原","wetland_no":569,"raw_type_code":0,"raw_naturalness_code":0,"status_note":null,"survey_method":"市町村報告","survey_year":1997,"source":"埼玉県環境科学国際センター「1997年版 埼玉県湿地湧水地台帳」（原典: 埼玉県環境生活部自然環境課, 1997年作成）","source_url":"https://atlas-eco-saitama-pref-saitama.hub.arcgis.com/apps/50e96c8bc0cf4bd29418301d7640b33d/explore","data_note":"1997年時点のスナップショットです。現況とは大きく異なる場合があります。categoryは名称文字列からこのスクリプトが独自に推定した分類で、出典データ本来の区分ではありません。"}},{"type":"Feature","geometry":{"type":"Point","coordinates":[139.658542232026,36.0148046382787]},"properties":{"id":"wetland1997_508","name":"田里の湿地","municipality":"白岡町","address":"白岡町大字白岡字茶屋","category":"湿地・湿原","wetland_no":1137,"raw_type_code":2,"raw_naturalness_code":4,"status_note":null,"survey_method":"県民調査","survey_year":1997,"source":"埼玉県環境科学国際センター「1997年版 埼玉県湿地湧水地台帳」（原典: 埼玉県環境生活部自然環境課, 1997年作成）","source_url":"https://atlas-eco-saitama-pref-saitama.hub.arcgis.com/apps/50e96c8bc0cf4bd29418301d7640b33d/explore","data_note":"1997年時点のスナップショットです。現況とは大きく異なる場合があります。categoryは名称文字列からこのスクリプトが独自に推定した分類で、出典データ本来の区分ではありません。"}},{"type":"Feature","geometry":{"type":"Point","coordinates":[139.623124556541,35.7772045325547]},"properties":{"id":"wetland1997_509","name":"白子2丁目の湧水地（白子の滝）","municipality":"和光市","address":"白子2-26-16","category":"湧水・井戸","wetland_no":92,"raw_type_code":2,"raw_naturalness_code":4,"status_note":null,"survey_method":"代表湿地","survey_year":1997,"source":"埼玉県環境科学国際センター「1997年版 埼玉県湿地湧水地台帳」（原典: 埼玉県環境生活部自然環境課, 1997年作成）","source_url":"https://atlas-eco-saitama-pref-saitama.hub.arcgis.com/apps/50e96c8bc0cf4bd29418301d7640b33d/explore","data_note":"1997年時点のスナップショットです。現況とは大きく異なる場合があります。categoryは名称文字列からこのスクリプトが独自に推定した分類で、出典データ本来の区分ではありません。"}},{"type":"Feature","geometry":{"type":"Point","coordinates":[139.101700895812,35.9766323366521]},"properties":{"id":"wetland1997_510","name":"横瀬地区内の湿地","municipality":"横瀬町","address":null,"category":"河川・水路","wetland_no":704,"raw_type_code":0,"raw_naturalness_code":0,"status_note":null,"survey_method":"航空写真","survey_year":1997,"source":"埼玉県環境科学国際センター「1997年版 埼玉県湿地湧水地台帳」（原典: 埼玉県環境生活部自然環境課, 1997年作成）","source_url":"https://atlas-eco-saitama-pref-saitama.hub.arcgis.com/apps/50e96c8bc0cf4bd29418301d7640b33d/explore","data_note":"1997年時点のスナップショットです。現況とは大きく異なる場合があります。categoryは名称文字列からこのスクリプトが独自に推定した分類で、出典データ本来の区分ではありません。"}},{"type":"Feature","geometry":{"type":"Point","coordinates":[139.294121901759,36.0858718178488]},"properties":{"id":"wetland1997_511","name":"三ツ沼","municipality":"嵐山町","address":null,"category":"池・沼","wetland_no":504,"raw_type_code":0,"raw_naturalness_code":0,"status_note":null,"survey_method":"市町村報告","survey_year":1997,"source":"埼玉県環境科学国際センター「1997年版 埼玉県湿地湧水地台帳」（原典: 埼玉県環境生活部自然環境課, 1997年作成）","source_url":"https://atlas-eco-saitama-pref-saitama.hub.arcgis.com/apps/50e96c8bc0cf4bd29418301d7640b33d/explore","data_note":"1997年時点のスナップショットです。現況とは大きく異なる場合があります。categoryは名称文字列からこのスクリプトが独自に推定した分類で、出典データ本来の区分ではありません。"}},{"type":"Feature","geometry":{"type":"Point","coordinates":[139.622473014754,35.7816010480419]},"properties":{"id":"wetland1997_512","name":"白子2丁目の湧水地（熊野神社）","municipality":"和光市","address":"白子2-15-1134","category":"湧水・井戸","wetland_no":91,"raw_type_code":2,"raw_naturalness_code":3,"status_note":null,"survey_method":"代表湿地","survey_year":1997,"source":"埼玉県環境科学国際センター「1997年版 埼玉県湿地湧水地台帳」（原典: 埼玉県環境生活部自然環境課, 1997年作成）","source_url":"https://atlas-eco-saitama-pref-saitama.hub.arcgis.com/apps/50e96c8bc0cf4bd29418301d7640b33d/explore","data_note":"1997年時点のスナップショットです。現況とは大きく異なる場合があります。categoryは名称文字列からこのスクリプトが独自に推定した分類で、出典データ本来の区分ではありません。"}},{"type":"Feature","geometry":{"type":"Point","coordinates":[139.350161784403,36.0929873913177]},"properties":{"id":"wetland1997_513","name":"円王寺地区内の湿地","municipality":"滑川町","address":null,"category":"湿地・湿原","wetland_no":330,"raw_type_code":0,"raw_naturalness_code":0,"status_note":null,"survey_method":"市町村報告","survey_year":1997,"source":"埼玉県環境科学国際センター「1997年版 埼玉県湿地湧水地台帳」（原典: 埼玉県環境生活部自然環境課, 1997年作成）","source_url":"https://atlas-eco-saitama-pref-saitama.hub.arcgis.com/apps/50e96c8bc0cf4bd29418301d7640b33d/explore","data_note":"1997年時点のスナップショットです。現況とは大きく異なる場合があります。categoryは名称文字列からこのスクリプトが独自に推定した分類で、出典データ本来の区分ではありません。"}},{"type":"Feature","geometry":{"type":"Point","coordinates":[139.251246893385,36.0252588115656]},"properties":{"id":"wetland1997_514","name":"雀川砂防ダム","municipality":"玉川村","address":null,"category":"河川・水路","wetland_no":496,"raw_type_code":0,"raw_naturalness_code":0,"status_note":null,"survey_method":"市町村報告","survey_year":1997,"source":"埼玉県環境科学国際センター「1997年版 埼玉県湿地湧水地台帳」（原典: 埼玉県環境生活部自然環境課, 1997年作成）","source_url":"https://atlas-eco-saitama-pref-saitama.hub.arcgis.com/apps/50e96c8bc0cf4bd29418301d7640b33d/explore","data_note":"1997年時点のスナップショットです。現況とは大きく異なる場合があります。categoryは名称文字列からこのスクリプトが独自に推定した分類で、出典データ本来の区分ではありません。"}},{"type":"Feature","geometry":{"type":"Point","coordinates":[139.623866811104,35.7828136082617]},"properties":{"id":"wetland1997_515","name":"白子2丁目の湧水地（地福寺）","municipality":"和光市","address":"白子2-18-1","category":"湧水・井戸","wetland_no":94,"raw_type_code":2,"raw_naturalness_code":0,"status_note":null,"survey_method":"代表湿地","survey_year":1997,"source":"埼玉県環境科学国際センター「1997年版 埼玉県湿地湧水地台帳」（原典: 埼玉県環境生活部自然環境課, 1997年作成）","source_url":"https://atlas-eco-saitama-pref-saitama.hub.arcgis.com/apps/50e96c8bc0cf4bd29418301d7640b33d/explore","data_note":"1997年時点のスナップショットです。現況とは大きく異なる場合があります。categoryは名称文字列からこのスクリプトが独自に推定した分類で、出典データ本来の区分ではありません。"}},{"type":"Feature","geometry":{"type":"Point","coordinates":[139.353424890418,36.086516233338]},"properties":{"id":"wetland1997_516","name":"福田地区の南にある湿地","municipality":"滑川町","address":null,"category":"湿地・湿原","wetland_no":347,"raw_type_code":0,"raw_naturalness_code":0,"status_note":null,"survey_method":"市町村報告","survey_year":1997,"source":"埼玉県環境科学国際センター「1997年版 埼玉県湿地湧水地台帳」（原典: 埼玉県環境生活部自然環境課, 1997年作成）","source_url":"https://atlas-eco-saitama-pref-saitama.hub.arcgis.com/apps/50e96c8bc0cf4bd29418301d7640b33d/explore","data_note":"1997年時点のスナップショットです。現況とは大きく異なる場合があります。categoryは名称文字列からこのスクリプトが独自に推定した分類で、出典データ本来の区分ではありません。"}},{"type":"Feature","geometry":{"type":"Point","coordinates":[139.624687261318,35.783661203968]},"properties":{"id":"wetland1997_517","name":"白子3丁目の湧水地（成田山神護寺）","municipality":"和光市","address":"白子3-40-30","category":"湧水・井戸","wetland_no":93,"raw_type_code":2,"raw_naturalness_code":0,"status_note":null,"survey_method":"代表湿地","survey_year":1997,"source":"埼玉県環境科学国際センター「1997年版 埼玉県湿地湧水地台帳」（原典: 埼玉県環境生活部自然環境課, 1997年作成）","source_url":"https://atlas-eco-saitama-pref-saitama.hub.arcgis.com/apps/50e96c8bc0cf4bd29418301d7640b33d/explore","data_note":"1997年時点のスナップショットです。現況とは大きく異なる場合があります。categoryは名称文字列からこのスクリプトが独自に推定した分類で、出典データ本来の区分ではありません。"}},{"type":"Feature","geometry":{"type":"Point","coordinates":[139.320408396416,35.9758511399262]},"properties":{"id":"wetland1997_518","name":"気象衛星通信所の西にある湿地","municipality":"鳩山町","address":null,"category":"湿地・湿原","wetland_no":729,"raw_type_code":0,"raw_naturalness_code":0,"status_note":null,"survey_method":null,"survey_year":1997,"source":"埼玉県環境科学国際センター「1997年版 埼玉県湿地湧水地台帳」（原典: 埼玉県環境生活部自然環境課, 1997年作成）","source_url":"https://atlas-eco-saitama-pref-saitama.hub.arcgis.com/apps/50e96c8bc0cf4bd29418301d7640b33d/explore","data_note":"1997年時点のスナップショットです。現況とは大きく異なる場合があります。categoryは名称文字列からこのスクリプトが独自に推定した分類で、出典データ本来の区分ではありません。"}},{"type":"Feature","geometry":{"type":"Point","coordinates":[139.527596805523,35.9348699896503]},"properties":{"id":"wetland1997_519","name":"灰沼②","municipality":"川越市","address":"川越市下老袋","category":"池・沼","wetland_no":788,"raw_type_code":0,"raw_naturalness_code":3,"status_note":null,"survey_method":"県民調査","survey_year":1997,"source":"埼玉県環境科学国際センター「1997年版 埼玉県湿地湧水地台帳」（原典: 埼玉県環境生活部自然環境課, 1997年作成）","source_url":"https://atlas-eco-saitama-pref-saitama.hub.arcgis.com/apps/50e96c8bc0cf4bd29418301d7640b33d/explore","data_note":"1997年時点のスナップショットです。現況とは大きく異なる場合があります。categoryは名称文字列からこのスクリプトが独自に推定した分類で、出典データ本来の区分ではありません。"}},{"type":"Feature","geometry":{"type":"Point","coordinates":[139.793618414039,35.9537407299704]},"properties":{"id":"wetland1997_520","name":"薬師沼親水公園","municipality":"春日部市","address":null,"category":"池・沼","wetland_no":795,"raw_type_code":0,"raw_naturalness_code":0,"status_note":null,"survey_method":"市町村報告","survey_year":1997,"source":"埼玉県環境科学国際センター「1997年版 埼玉県湿地湧水地台帳」（原典: 埼玉県環境生活部自然環境課, 1997年作成）","source_url":"https://atlas-eco-saitama-pref-saitama.hub.arcgis.com/apps/50e96c8bc0cf4bd29418301d7640b33d/explore","data_note":"1997年時点のスナップショットです。現況とは大きく異なる場合があります。categoryは名称文字列からこのスクリプトが独自に推定した分類で、出典データ本来の区分ではありません。"}},{"type":"Feature","geometry":{"type":"Point","coordinates":[139.383843757553,36.0750974062751]},"properties":{"id":"wetland1997_521","name":"鬼衛門沼","municipality":"東松山市","address":null,"category":"池・沼","wetland_no":610,"raw_type_code":0,"raw_naturalness_code":0,"status_note":null,"survey_method":"市町村報告","survey_year":1997,"source":"埼玉県環境科学国際センター「1997年版 埼玉県湿地湧水地台帳」（原典: 埼玉県環境生活部自然環境課, 1997年作成）","source_url":"https://atlas-eco-saitama-pref-saitama.hub.arcgis.com/apps/50e96c8bc0cf4bd29418301d7640b33d/explore","data_note":"1997年時点のスナップショットです。現況とは大きく異なる場合があります。categoryは名称文字列からこのスクリプトが独自に推定した分類で、出典データ本来の区分ではありません。"}},{"type":"Feature","geometry":{"type":"Point","coordinates":[139.313133803313,35.9206675386965]},"properties":{"id":"wetland1997_522","name":"矢倉池","municipality":"毛呂山町","address":"毛呂山町大字葛貫","category":"池・沼","wetland_no":1057,"raw_type_code":4,"raw_naturalness_code":4,"status_note":null,"survey_method":"県民調査","survey_year":1997,"source":"埼玉県環境科学国際センター「1997年版 埼玉県湿地湧水地台帳」（原典: 埼玉県環境生活部自然環境課, 1997年作成）","source_url":"https://atlas-eco-saitama-pref-saitama.hub.arcgis.com/apps/50e96c8bc0cf4bd29418301d7640b33d/explore","data_note":"1997年時点のスナップショットです。現況とは大きく異なる場合があります。categoryは名称文字列からこのスクリプトが独自に推定した分類で、出典データ本来の区分ではありません。"}},{"type":"Feature","geometry":{"type":"Point","coordinates":[139.294314472708,36.0557473501582]},"properties":{"id":"wetland1997_523","name":"菖蒲沢沼","municipality":"小川町","address":null,"category":"池・沼","wetland_no":488,"raw_type_code":0,"raw_naturalness_code":0,"status_note":null,"survey_method":"市町村報告","survey_year":1997,"source":"埼玉県環境科学国際センター「1997年版 埼玉県湿地湧水地台帳」（原典: 埼玉県環境生活部自然環境課, 1997年作成）","source_url":"https://atlas-eco-saitama-pref-saitama.hub.arcgis.com/apps/50e96c8bc0cf4bd29418301d7640b33d/explore","data_note":"1997年時点のスナップショットです。現況とは大きく異なる場合があります。categoryは名称文字列からこのスクリプトが独自に推定した分類で、出典データ本来の区分ではありません。"}},{"type":"Feature","geometry":{"type":"Point","coordinates":[139.617549134883,35.7920015179462]},"properties":{"id":"wetland1997_524","name":"新倉1丁目の湧水地（不動の滝）","municipality":"和光市","address":"新倉1-14-38先","category":"湧水・井戸","wetland_no":90,"raw_type_code":2,"raw_naturalness_code":3,"status_note":null,"survey_method":"代表湿地","survey_year":1997,"source":"埼玉県環境科学国際センター「1997年版 埼玉県湿地湧水地台帳」（原典: 埼玉県環境生活部自然環境課, 1997年作成）","source_url":"https://atlas-eco-saitama-pref-saitama.hub.arcgis.com/apps/50e96c8bc0cf4bd29418301d7640b33d/explore","data_note":"1997年時点のスナップショットです。現況とは大きく異なる場合があります。categoryは名称文字列からこのスクリプトが独自に推定した分類で、出典データ本来の区分ではありません。"}},{"type":"Feature","geometry":{"type":"Point","coordinates":[139.351230035786,35.8839023895683]},"properties":{"id":"wetland1997_525","name":"仙女ヶ池","municipality":"日高市","address":"大字女影地内","category":"池・沼","wetland_no":125,"raw_type_code":4,"raw_naturalness_code":5,"status_note":null,"survey_method":"代表湿地","survey_year":1997,"source":"埼玉県環境科学国際センター「1997年版 埼玉県湿地湧水地台帳」（原典: 埼玉県環境生活部自然環境課, 1997年作成）","source_url":"https://atlas-eco-saitama-pref-saitama.hub.arcgis.com/apps/50e96c8bc0cf4bd29418301d7640b33d/explore","data_note":"1997年時点のスナップショットです。現況とは大きく異なる場合があります。categoryは名称文字列からこのスクリプトが独自に推定した分類で、出典データ本来の区分ではありません。"}},{"type":"Feature","geometry":{"type":"Point","coordinates":[139.249411745752,36.0856395922904]},"properties":{"id":"wetland1997_526","name":"寄居町ゴルフ場内の湿地","municipality":"寄居町","address":null,"category":"湿地・湿原","wetland_no":464,"raw_type_code":0,"raw_naturalness_code":0,"status_note":null,"survey_method":"市町村報告","survey_year":1997,"source":"埼玉県環境科学国際センター「1997年版 埼玉県湿地湧水地台帳」（原典: 埼玉県環境生活部自然環境課, 1997年作成）","source_url":"https://atlas-eco-saitama-pref-saitama.hub.arcgis.com/apps/50e96c8bc0cf4bd29418301d7640b33d/explore","data_note":"1997年時点のスナップショットです。現況とは大きく異なる場合があります。categoryは名称文字列からこのスクリプトが独自に推定した分類で、出典データ本来の区分ではありません。"}},{"type":"Feature","geometry":{"type":"Point","coordinates":[139.327307431747,35.87135342376]},"properties":{"id":"wetland1997_527","name":"宮沢湖の南にある湿地","municipality":"飯能市","address":null,"category":"湿地・湿原","wetland_no":821,"raw_type_code":0,"raw_naturalness_code":0,"status_note":null,"survey_method":"航空写真","survey_year":1997,"source":"埼玉県環境科学国際センター「1997年版 埼玉県湿地湧水地台帳」（原典: 埼玉県環境生活部自然環境課, 1997年作成）","source_url":"https://atlas-eco-saitama-pref-saitama.hub.arcgis.com/apps/50e96c8bc0cf4bd29418301d7640b33d/explore","data_note":"1997年時点のスナップショットです。現況とは大きく異なる場合があります。categoryは名称文字列からこのスクリプトが独自に推定した分類で、出典データ本来の区分ではありません。"}},{"type":"Feature","geometry":{"type":"Point","coordinates":[139.329099034445,36.0614083900377]},"properties":{"id":"wetland1997_528","name":"扇沼","municipality":"嵐山町","address":null,"category":"池・沼","wetland_no":529,"raw_type_code":0,"raw_naturalness_code":0,"status_note":null,"survey_method":"市町村報告","survey_year":1997,"source":"埼玉県環境科学国際センター「1997年版 埼玉県湿地湧水地台帳」（原典: 埼玉県環境生活部自然環境課, 1997年作成）","source_url":"https://atlas-eco-saitama-pref-saitama.hub.arcgis.com/apps/50e96c8bc0cf4bd29418301d7640b33d/explore","data_note":"1997年時点のスナップショットです。現況とは大きく異なる場合があります。categoryは名称文字列からこのスクリプトが独自に推定した分類で、出典データ本来の区分ではありません。"}},{"type":"Feature","geometry":{"type":"Point","coordinates":[139.413906343863,36.0708476542362]},"properties":{"id":"wetland1997_529","name":"天皇沼（東平）","municipality":"東松山市","address":null,"category":"池・沼","wetland_no":618,"raw_type_code":0,"raw_naturalness_code":0,"status_note":null,"survey_method":"市町村報告","survey_year":1997,"source":"埼玉県環境科学国際センター「1997年版 埼玉県湿地湧水地台帳」（原典: 埼玉県環境生活部自然環境課, 1997年作成）","source_url":"https://atlas-eco-saitama-pref-saitama.hub.arcgis.com/apps/50e96c8bc0cf4bd29418301d7640b33d/explore","data_note":"1997年時点のスナップショットです。現況とは大きく異なる場合があります。categoryは名称文字列からこのスクリプトが独自に推定した分類で、出典データ本来の区分ではありません。"}},{"type":"Feature","geometry":{"type":"Point","coordinates":[139.629282258981,36.1322842086669]},"properties":{"id":"wetland1997_530","name":"加須の浮野とその植物群","municipality":"加須市","address":"大字北篠崎地内","category":"その他","wetland_no":181,"raw_type_code":1,"raw_naturalness_code":4,"status_note":null,"survey_method":"代表湿地","survey_year":1997,"source":"埼玉県環境科学国際センター「1997年版 埼玉県湿地湧水地台帳」（原典: 埼玉県環境生活部自然環境課, 1997年作成）","source_url":"https://atlas-eco-saitama-pref-saitama.hub.arcgis.com/apps/50e96c8bc0cf4bd29418301d7640b33d/explore","data_note":"1997年時点のスナップショットです。現況とは大きく異なる場合があります。categoryは名称文字列からこのスクリプトが独自に推定した分類で、出典データ本来の区分ではありません。"}},{"type":"Feature","geometry":{"type":"Point","coordinates":[139.340391949019,36.2297123021835]},"properties":{"id":"wetland1997_531","name":"永井太田地区内の北の池","municipality":"妻沼町","address":"大字永井太田","category":"池・沼","wetland_no":255,"raw_type_code":0,"raw_naturalness_code":3,"status_note":null,"survey_method":"県民調査","survey_year":1997,"source":"埼玉県環境科学国際センター「1997年版 埼玉県湿地湧水地台帳」（原典: 埼玉県環境生活部自然環境課, 1997年作成）","source_url":"https://atlas-eco-saitama-pref-saitama.hub.arcgis.com/apps/50e96c8bc0cf4bd29418301d7640b33d/explore","data_note":"1997年時点のスナップショットです。現況とは大きく異なる場合があります。categoryは名称文字列からこのスクリプトが独自に推定した分類で、出典データ本来の区分ではありません。"}},{"type":"Feature","geometry":{"type":"Point","coordinates":[139.301114486745,36.0504177720589]},"properties":{"id":"wetland1997_532","name":"水鏡下沼","municipality":"嵐山町","address":null,"category":"池・沼","wetland_no":538,"raw_type_code":0,"raw_naturalness_code":0,"status_note":null,"survey_method":"市町村報告","survey_year":1997,"source":"埼玉県環境科学国際センター「1997年版 埼玉県湿地湧水地台帳」（原典: 埼玉県環境生活部自然環境課, 1997年作成）","source_url":"https://atlas-eco-saitama-pref-saitama.hub.arcgis.com/apps/50e96c8bc0cf4bd29418301d7640b33d/explore","data_note":"1997年時点のスナップショットです。現況とは大きく異なる場合があります。categoryは名称文字列からこのスクリプトが独自に推定した分類で、出典データ本来の区分ではありません。"}},{"type":"Feature","geometry":{"type":"Point","coordinates":[139.186666374297,35.9372120250005]},"properties":{"id":"wetland1997_533","name":"北川地区南高麗川支流にある湿地","municipality":"飯能市","address":null,"category":"河川・水路","wetland_no":708,"raw_type_code":0,"raw_naturalness_code":0,"status_note":null,"survey_method":"航空写真","survey_year":1997,"source":"埼玉県環境科学国際センター「1997年版 埼玉県湿地湧水地台帳」（原典: 埼玉県環境生活部自然環境課, 1997年作成）","source_url":"https://atlas-eco-saitama-pref-saitama.hub.arcgis.com/apps/50e96c8bc0cf4bd29418301d7640b33d/explore","data_note":"1997年時点のスナップショットです。現況とは大きく異なる場合があります。categoryは名称文字列からこのスクリプトが独自に推定した分類で、出典データ本来の区分ではありません。"}},{"type":"Feature","geometry":{"type":"Point","coordinates":[139.773681136351,35.9960480184343]},"properties":{"id":"wetland1997_534","name":"幸手領第五揚水（農業用水）","municipality":"春日部市","address":null,"category":"河川・水路","wetland_no":794,"raw_type_code":0,"raw_naturalness_code":0,"status_note":null,"survey_method":"市町村報告","survey_year":1997,"source":"埼玉県環境科学国際センター「1997年版 埼玉県湿地湧水地台帳」（原典: 埼玉県環境生活部自然環境課, 1997年作成）","source_url":"https://atlas-eco-saitama-pref-saitama.hub.arcgis.com/apps/50e96c8bc0cf4bd29418301d7640b33d/explore","data_note":"1997年時点のスナップショットです。現況とは大きく異なる場合があります。categoryは名称文字列からこのスクリプトが独自に推定した分類で、出典データ本来の区分ではありません。"}},{"type":"Feature","geometry":{"type":"Point","coordinates":[139.268822580141,36.082964238497]},"properties":{"id":"wetland1997_535","name":"天神沼","municipality":"小川町","address":null,"category":"池・沼","wetland_no":469,"raw_type_code":0,"raw_naturalness_code":0,"status_note":null,"survey_method":"市町村報告","survey_year":1997,"source":"埼玉県環境科学国際センター「1997年版 埼玉県湿地湧水地台帳」（原典: 埼玉県環境生活部自然環境課, 1997年作成）","source_url":"https://atlas-eco-saitama-pref-saitama.hub.arcgis.com/apps/50e96c8bc0cf4bd29418301d7640b33d/explore","data_note":"1997年時点のスナップショットです。現況とは大きく異なる場合があります。categoryは名称文字列からこのスクリプトが独自に推定した分類で、出典データ本来の区分ではありません。"}},{"type":"Feature","geometry":{"type":"Point","coordinates":[139.361850109517,36.0748305309856]},"properties":{"id":"wetland1997_536","name":"武藏丘陵森林公園内の湿地","municipality":"滑川町","address":null,"category":"湿地・湿原","wetland_no":561,"raw_type_code":0,"raw_naturalness_code":0,"status_note":null,"survey_method":"市町村報告","survey_year":1997,"source":"埼玉県環境科学国際センター「1997年版 埼玉県湿地湧水地台帳」（原典: 埼玉県環境生活部自然環境課, 1997年作成）","source_url":"https://atlas-eco-saitama-pref-saitama.hub.arcgis.com/apps/50e96c8bc0cf4bd29418301d7640b33d/explore","data_note":"1997年時点のスナップショットです。現況とは大きく異なる場合があります。categoryは名称文字列からこのスクリプトが独自に推定した分類で、出典データ本来の区分ではありません。"}},{"type":"Feature","geometry":{"type":"Point","coordinates":[139.361716637833,36.0942787360241]},"properties":{"id":"wetland1997_537","name":"土塩上地区の南にある湿地","municipality":"滑川町","address":null,"category":"湿地・湿原","wetland_no":335,"raw_type_code":0,"raw_naturalness_code":0,"status_note":null,"survey_method":"市町村報告","survey_year":1997,"source":"埼玉県環境科学国際センター「1997年版 埼玉県湿地湧水地台帳」（原典: 埼玉県環境生活部自然環境課, 1997年作成）","source_url":"https://atlas-eco-saitama-pref-saitama.hub.arcgis.com/apps/50e96c8bc0cf4bd29418301d7640b33d/explore","data_note":"1997年時点のスナップショットです。現況とは大きく異なる場合があります。categoryは名称文字列からこのスクリプトが独自に推定した分類で、出典データ本来の区分ではありません。"}},{"type":"Feature","geometry":{"type":"Point","coordinates":[139.58620682928,36.0761992027695]},"properties":{"id":"wetland1997_538","name":"見沼代用水の旧流路①","municipality":"菖蒲町","address":"大字新堀地内","category":"池・沼","wetland_no":225,"raw_type_code":4,"raw_naturalness_code":4,"status_note":null,"survey_method":"代表湿地","survey_year":1997,"source":"埼玉県環境科学国際センター「1997年版 埼玉県湿地湧水地台帳」（原典: 埼玉県環境生活部自然環境課, 1997年作成）","source_url":"https://atlas-eco-saitama-pref-saitama.hub.arcgis.com/apps/50e96c8bc0cf4bd29418301d7640b33d/explore","data_note":"1997年時点のスナップショットです。現況とは大きく異なる場合があります。categoryは名称文字列からこのスクリプトが独自に推定した分類で、出典データ本来の区分ではありません。"}},{"type":"Feature","geometry":{"type":"Point","coordinates":[139.318112571147,36.0509116822682]},"properties":{"id":"wetland1997_539","name":"堂沼","municipality":"嵐山町","address":null,"category":"池・沼","wetland_no":539,"raw_type_code":0,"raw_naturalness_code":0,"status_note":null,"survey_method":"市町村報告","survey_year":1997,"source":"埼玉県環境科学国際センター「1997年版 埼玉県湿地湧水地台帳」（原典: 埼玉県環境生活部自然環境課, 1997年作成）","source_url":"https://atlas-eco-saitama-pref-saitama.hub.arcgis.com/apps/50e96c8bc0cf4bd29418301d7640b33d/explore","data_note":"1997年時点のスナップショットです。現況とは大きく異なる場合があります。categoryは名称文字列からこのスクリプトが独自に推定した分類で、出典データ本来の区分ではありません。"}},{"type":"Feature","geometry":{"type":"Point","coordinates":[139.263123602401,36.0819695944391]},"properties":{"id":"wetland1997_540","name":"中高谷新沼","municipality":"小川町","address":null,"category":"池・沼","wetland_no":471,"raw_type_code":0,"raw_naturalness_code":0,"status_note":null,"survey_method":"市町村報告","survey_year":1997,"source":"埼玉県環境科学国際センター「1997年版 埼玉県湿地湧水地台帳」（原典: 埼玉県環境生活部自然環境課, 1997年作成）","source_url":"https://atlas-eco-saitama-pref-saitama.hub.arcgis.com/apps/50e96c8bc0cf4bd29418301d7640b33d/explore","data_note":"1997年時点のスナップショットです。現況とは大きく異なる場合があります。categoryは名称文字列からこのスクリプトが独自に推定した分類で、出典データ本来の区分ではありません。"}},{"type":"Feature","geometry":{"type":"Point","coordinates":[139.301713462716,36.0588040014058]},"properties":{"id":"wetland1997_541","name":"諏訪沼下沼","municipality":"嵐山町","address":null,"category":"池・沼","wetland_no":534,"raw_type_code":0,"raw_naturalness_code":0,"status_note":null,"survey_method":"市町村報告","survey_year":1997,"source":"埼玉県環境科学国際センター「1997年版 埼玉県湿地湧水地台帳」（原典: 埼玉県環境生活部自然環境課, 1997年作成）","source_url":"https://atlas-eco-saitama-pref-saitama.hub.arcgis.com/apps/50e96c8bc0cf4bd29418301d7640b33d/explore","data_note":"1997年時点のスナップショットです。現況とは大きく異なる場合があります。categoryは名称文字列からこのスクリプトが独自に推定した分類で、出典データ本来の区分ではありません。"}},{"type":"Feature","geometry":{"type":"Point","coordinates":[139.46012325847,36.1347141372091]},"properties":{"id":"wetland1997_542","name":"旧忍川","municipality":"行田市","address":null,"category":"河川・水路","wetland_no":404,"raw_type_code":0,"raw_naturalness_code":0,"status_note":null,"survey_method":"市町村報告","survey_year":1997,"source":"埼玉県環境科学国際センター「1997年版 埼玉県湿地湧水地台帳」（原典: 埼玉県環境生活部自然環境課, 1997年作成）","source_url":"https://atlas-eco-saitama-pref-saitama.hub.arcgis.com/apps/50e96c8bc0cf4bd29418301d7640b33d/explore","data_note":"1997年時点のスナップショットです。現況とは大きく異なる場合があります。categoryは名称文字列からこのスクリプトが独自に推定した分類で、出典データ本来の区分ではありません。"}},{"type":"Feature","geometry":{"type":"Point","coordinates":[139.332910524212,36.0849009287165]},"properties":{"id":"wetland1997_543","name":"和泉地区内の湿地","municipality":"滑川町","address":null,"category":"湿地・湿原","wetland_no":544,"raw_type_code":0,"raw_naturalness_code":0,"status_note":null,"survey_method":"市町村報告","survey_year":1997,"source":"埼玉県環境科学国際センター「1997年版 埼玉県湿地湧水地台帳」（原典: 埼玉県環境生活部自然環境課, 1997年作成）","source_url":"https://atlas-eco-saitama-pref-saitama.hub.arcgis.com/apps/50e96c8bc0cf4bd29418301d7640b33d/explore","data_note":"1997年時点のスナップショットです。現況とは大きく異なる場合があります。categoryは名称文字列からこのスクリプトが独自に推定した分類で、出典データ本来の区分ではありません。"}},{"type":"Feature","geometry":{"type":"Point","coordinates":[139.328249276695,36.0063729509266]},"properties":{"id":"wetland1997_544","name":"須江大沼","municipality":"鳩山町","address":"鳩山町大字須江","category":"池・沼","wetland_no":598,"raw_type_code":0,"raw_naturalness_code":0,"status_note":null,"survey_method":"県民調査","survey_year":1997,"source":"埼玉県環境科学国際センター「1997年版 埼玉県湿地湧水地台帳」（原典: 埼玉県環境生活部自然環境課, 1997年作成）","source_url":"https://atlas-eco-saitama-pref-saitama.hub.arcgis.com/apps/50e96c8bc0cf4bd29418301d7640b33d/explore","data_note":"1997年時点のスナップショットです。現況とは大きく異なる場合があります。categoryは名称文字列からこのスクリプトが独自に推定した分類で、出典データ本来の区分ではありません。"}},{"type":"Feature","geometry":{"type":"Point","coordinates":[139.794642181747,36.0108507140609]},"properties":{"id":"wetland1997_545","name":"(名称未記載)","municipality":"","address":null,"category":"その他","wetland_no":671,"raw_type_code":0,"raw_naturalness_code":0,"status_note":null,"survey_method":null,"survey_year":1997,"source":"埼玉県環境科学国際センター「1997年版 埼玉県湿地湧水地台帳」（原典: 埼玉県環境生活部自然環境課, 1997年作成）","source_url":"https://atlas-eco-saitama-pref-saitama.hub.arcgis.com/apps/50e96c8bc0cf4bd29418301d7640b33d/explore","data_note":"1997年時点のスナップショットです。現況とは大きく異なる場合があります。categoryは名称文字列からこのスクリプトが独自に推定した分類で、出典データ本来の区分ではありません。"}},{"type":"Feature","geometry":{"type":"Point","coordinates":[139.313750318889,36.0813402359901]},"properties":{"id":"wetland1997_546","name":"鍋谷沼","municipality":"嵐山町","address":null,"category":"池・沼","wetland_no":512,"raw_type_code":0,"raw_naturalness_code":0,"status_note":null,"survey_method":"市町村報告","survey_year":1997,"source":"埼玉県環境科学国際センター「1997年版 埼玉県湿地湧水地台帳」（原典: 埼玉県環境生活部自然環境課, 1997年作成）","source_url":"https://atlas-eco-saitama-pref-saitama.hub.arcgis.com/apps/50e96c8bc0cf4bd29418301d7640b33d/explore","data_note":"1997年時点のスナップショットです。現況とは大きく異なる場合があります。categoryは名称文字列からこのスクリプトが独自に推定した分類で、出典データ本来の区分ではありません。"}},{"type":"Feature","geometry":{"type":"Point","coordinates":[139.314707737929,36.1142939108298]},"properties":{"id":"wetland1997_547","name":"つり堀","municipality":"江南町","address":null,"category":"その他","wetland_no":294,"raw_type_code":0,"raw_naturalness_code":0,"status_note":null,"survey_method":"市町村報告","survey_year":1997,"source":"埼玉県環境科学国際センター「1997年版 埼玉県湿地湧水地台帳」（原典: 埼玉県環境生活部自然環境課, 1997年作成）","source_url":"https://atlas-eco-saitama-pref-saitama.hub.arcgis.com/apps/50e96c8bc0cf4bd29418301d7640b33d/explore","data_note":"1997年時点のスナップショットです。現況とは大きく異なる場合があります。categoryは名称文字列からこのスクリプトが独自に推定した分類で、出典データ本来の区分ではありません。"}},{"type":"Feature","geometry":{"type":"Point","coordinates":[139.530488326116,35.9410069503788]},"properties":{"id":"wetland1997_548","name":"灰沼①","municipality":"川越市","address":"川越市下老袋","category":"池・沼","wetland_no":787,"raw_type_code":0,"raw_naturalness_code":3,"status_note":null,"survey_method":"県民調査","survey_year":1997,"source":"埼玉県環境科学国際センター「1997年版 埼玉県湿地湧水地台帳」（原典: 埼玉県環境生活部自然環境課, 1997年作成）","source_url":"https://atlas-eco-saitama-pref-saitama.hub.arcgis.com/apps/50e96c8bc0cf4bd29418301d7640b33d/explore","data_note":"1997年時点のスナップショットです。現況とは大きく異なる場合があります。categoryは名称文字列からこのスクリプトが独自に推定した分類で、出典データ本来の区分ではありません。"}},{"type":"Feature","geometry":{"type":"Point","coordinates":[139.761372177783,35.9662540768407]},"properties":{"id":"wetland1997_549","name":"大池親水公園","municipality":"春日部市","address":null,"category":"池・沼","wetland_no":793,"raw_type_code":0,"raw_naturalness_code":0,"status_note":null,"survey_method":"市町村報告","survey_year":1997,"source":"埼玉県環境科学国際センター「1997年版 埼玉県湿地湧水地台帳」（原典: 埼玉県環境生活部自然環境課, 1997年作成）","source_url":"https://atlas-eco-saitama-pref-saitama.hub.arcgis.com/apps/50e96c8bc0cf4bd29418301d7640b33d/explore","data_note":"1997年時点のスナップショットです。現況とは大きく異なる場合があります。categoryは名称文字列からこのスクリプトが独自に推定した分類で、出典データ本来の区分ではありません。"}},{"type":"Feature","geometry":{"type":"Point","coordinates":[139.363423818656,36.0781042942834]},"properties":{"id":"wetland1997_550","name":"武藏丘陵森林公園内の湿地","municipality":"滑川町","address":null,"category":"湿地・湿原","wetland_no":552,"raw_type_code":0,"raw_naturalness_code":0,"status_note":null,"survey_method":"市町村報告","survey_year":1997,"source":"埼玉県環境科学国際センター「1997年版 埼玉県湿地湧水地台帳」（原典: 埼玉県環境生活部自然環境課, 1997年作成）","source_url":"https://atlas-eco-saitama-pref-saitama.hub.arcgis.com/apps/50e96c8bc0cf4bd29418301d7640b33d/explore","data_note":"1997年時点のスナップショットです。現況とは大きく異なる場合があります。categoryは名称文字列からこのスクリプトが独自に推定した分類で、出典データ本来の区分ではありません。"}},{"type":"Feature","geometry":{"type":"Point","coordinates":[139.343614693729,36.1092528068039]},"properties":{"id":"wetland1997_551","name":"伝兵衛沼","municipality":"江南町","address":null,"category":"池・沼","wetland_no":315,"raw_type_code":0,"raw_naturalness_code":0,"status_note":null,"survey_method":"市町村報告","survey_year":1997,"source":"埼玉県環境科学国際センター「1997年版 埼玉県湿地湧水地台帳」（原典: 埼玉県環境生活部自然環境課, 1997年作成）","source_url":"https://atlas-eco-saitama-pref-saitama.hub.arcgis.com/apps/50e96c8bc0cf4bd29418301d7640b33d/explore","data_note":"1997年時点のスナップショットです。現況とは大きく異なる場合があります。categoryは名称文字列からこのスクリプトが独自に推定した分類で、出典データ本来の区分ではありません。"}},{"type":"Feature","geometry":{"type":"Point","coordinates":[139.062486029943,36.0449662580451]},"properties":{"id":"wetland1997_552","name":"伊古田地区の南にある湿地","municipality":"秩父市","address":"秩父市伊古田","category":"湿地・湿原","wetland_no":450,"raw_type_code":0,"raw_naturalness_code":0,"status_note":null,"survey_method":"航空写真","survey_year":1997,"source":"埼玉県環境科学国際センター「1997年版 埼玉県湿地湧水地台帳」（原典: 埼玉県環境生活部自然環境課, 1997年作成）","source_url":"https://atlas-eco-saitama-pref-saitama.hub.arcgis.com/apps/50e96c8bc0cf4bd29418301d7640b33d/explore","data_note":"1997年時点のスナップショットです。現況とは大きく異なる場合があります。categoryは名称文字列からこのスクリプトが独自に推定した分類で、出典データ本来の区分ではありません。"}},{"type":"Feature","geometry":{"type":"Point","coordinates":[139.09945958211,36.1967110096582]},"properties":{"id":"wetland1997_553","name":"前池","municipality":"神川町","address":null,"category":"池・沼","wetland_no":248,"raw_type_code":0,"raw_naturalness_code":0,"status_note":null,"survey_method":"市町村報告","survey_year":1997,"source":"埼玉県環境科学国際センター「1997年版 埼玉県湿地湧水地台帳」（原典: 埼玉県環境生活部自然環境課, 1997年作成）","source_url":"https://atlas-eco-saitama-pref-saitama.hub.arcgis.com/apps/50e96c8bc0cf4bd29418301d7640b33d/explore","data_note":"1997年時点のスナップショットです。現況とは大きく異なる場合があります。categoryは名称文字列からこのスクリプトが独自に推定した分類で、出典データ本来の区分ではありません。"}},{"type":"Feature","geometry":{"type":"Point","coordinates":[139.707132070709,35.9969995783072]},"properties":{"id":"wetland1997_554","name":"太田新井原の湿地","municipality":"白岡町","address":"白岡町大字太田新井","category":"湿地・湿原","wetland_no":1135,"raw_type_code":2,"raw_naturalness_code":4,"status_note":null,"survey_method":"県民調査","survey_year":1997,"source":"埼玉県環境科学国際センター「1997年版 埼玉県湿地湧水地台帳」（原典: 埼玉県環境生活部自然環境課, 1997年作成）","source_url":"https://atlas-eco-saitama-pref-saitama.hub.arcgis.com/apps/50e96c8bc0cf4bd29418301d7640b33d/explore","data_note":"1997年時点のスナップショットです。現況とは大きく異なる場合があります。categoryは名称文字列からこのスクリプトが独自に推定した分類で、出典データ本来の区分ではありません。"}},{"type":"Feature","geometry":{"type":"Point","coordinates":[139.329823208616,36.0780003932451]},"properties":{"id":"wetland1997_555","name":"滑川分、大沼","municipality":"嵐山町","address":null,"category":"池・沼","wetland_no":525,"raw_type_code":0,"raw_naturalness_code":0,"status_note":null,"survey_method":"市町村報告","survey_year":1997,"source":"埼玉県環境科学国際センター「1997年版 埼玉県湿地湧水地台帳」（原典: 埼玉県環境生活部自然環境課, 1997年作成）","source_url":"https://atlas-eco-saitama-pref-saitama.hub.arcgis.com/apps/50e96c8bc0cf4bd29418301d7640b33d/explore","data_note":"1997年時点のスナップショットです。現況とは大きく異なる場合があります。categoryは名称文字列からこのスクリプトが独自に推定した分類で、出典データ本来の区分ではありません。"}},{"type":"Feature","geometry":{"type":"Point","coordinates":[139.425033919018,35.9241205757739]},"properties":{"id":"wetland1997_556","name":"御伊勢塚公園","municipality":"川越市","address":"川越市伊勢原町3丁目","category":"その他","wetland_no":1017,"raw_type_code":4,"raw_naturalness_code":1,"status_note":null,"survey_method":"県民調査","survey_year":1997,"source":"埼玉県環境科学国際センター「1997年版 埼玉県湿地湧水地台帳」（原典: 埼玉県環境生活部自然環境課, 1997年作成）","source_url":"https://atlas-eco-saitama-pref-saitama.hub.arcgis.com/apps/50e96c8bc0cf4bd29418301d7640b33d/explore","data_note":"1997年時点のスナップショットです。現況とは大きく異なる場合があります。categoryは名称文字列からこのスクリプトが独自に推定した分類で、出典データ本来の区分ではありません。"}},{"type":"Feature","geometry":{"type":"Point","coordinates":[139.225485550249,36.1125253259607]},"properties":{"id":"wetland1997_557","name":"かやの木池","municipality":"寄居町","address":"寄居町子園","category":"池・沼","wetland_no":1118,"raw_type_code":0,"raw_naturalness_code":0,"status_note":null,"survey_method":"市町村報告","survey_year":1997,"source":"埼玉県環境科学国際センター「1997年版 埼玉県湿地湧水地台帳」（原典: 埼玉県環境生活部自然環境課, 1997年作成）","source_url":"https://atlas-eco-saitama-pref-saitama.hub.arcgis.com/apps/50e96c8bc0cf4bd29418301d7640b33d/explore","data_note":"1997年時点のスナップショットです。現況とは大きく異なる場合があります。categoryは名称文字列からこのスクリプトが独自に推定した分類で、出典データ本来の区分ではありません。"}},{"type":"Feature","geometry":{"type":"Point","coordinates":[139.37420046964,35.9902536734548]},"properties":{"id":"wetland1997_558","name":"児沢","municipality":"鳩山町","address":"鳩山町石坂/東松山市岩殿","category":"その他","wetland_no":1069,"raw_type_code":2,"raw_naturalness_code":3,"status_note":null,"survey_method":"県民調査","survey_year":1997,"source":"埼玉県環境科学国際センター「1997年版 埼玉県湿地湧水地台帳」（原典: 埼玉県環境生活部自然環境課, 1997年作成）","source_url":"https://atlas-eco-saitama-pref-saitama.hub.arcgis.com/apps/50e96c8bc0cf4bd29418301d7640b33d/explore","data_note":"1997年時点のスナップショットです。現況とは大きく異なる場合があります。categoryは名称文字列からこのスクリプトが独自に推定した分類で、出典データ本来の区分ではありません。"}},{"type":"Feature","geometry":{"type":"Point","coordinates":[139.142410100172,36.1590993852844]},"properties":{"id":"wetland1997_559","name":"秋山地区内の湿地","municipality":"児玉町","address":null,"category":"湿地・湿原","wetland_no":274,"raw_type_code":0,"raw_naturalness_code":0,"status_note":null,"survey_method":"航空写真","survey_year":1997,"source":"埼玉県環境科学国際センター「1997年版 埼玉県湿地湧水地台帳」（原典: 埼玉県環境生活部自然環境課, 1997年作成）","source_url":"https://atlas-eco-saitama-pref-saitama.hub.arcgis.com/apps/50e96c8bc0cf4bd29418301d7640b33d/explore","data_note":"1997年時点のスナップショットです。現況とは大きく異なる場合があります。categoryは名称文字列からこのスクリプトが独自に推定した分類で、出典データ本来の区分ではありません。"}},{"type":"Feature","geometry":{"type":"Point","coordinates":[139.105085915787,36.1815704023816]},"properties":{"id":"wetland1997_560","name":"篠の池","municipality":"児玉町","address":"大字塩谷野手場地内","category":"池・沼","wetland_no":154,"raw_type_code":4,"raw_naturalness_code":1,"status_note":null,"survey_method":"代表湿地","survey_year":1997,"source":"埼玉県環境科学国際センター「1997年版 埼玉県湿地湧水地台帳」（原典: 埼玉県環境生活部自然環境課, 1997年作成）","source_url":"https://atlas-eco-saitama-pref-saitama.hub.arcgis.com/apps/50e96c8bc0cf4bd29418301d7640b33d/explore","data_note":"1997年時点のスナップショットです。現況とは大きく異なる場合があります。categoryは名称文字列からこのスクリプトが独自に推定した分類で、出典データ本来の区分ではありません。"}},{"type":"Feature","geometry":{"type":"Point","coordinates":[139.355663987078,36.0805764694668]},"properties":{"id":"wetland1997_561","name":"古姓地区内の湿地","municipality":"滑川町","address":null,"category":"湿地・湿原","wetland_no":546,"raw_type_code":0,"raw_naturalness_code":0,"status_note":null,"survey_method":"市町村報告","survey_year":1997,"source":"埼玉県環境科学国際センター「1997年版 埼玉県湿地湧水地台帳」（原典: 埼玉県環境生活部自然環境課, 1997年作成）","source_url":"https://atlas-eco-saitama-pref-saitama.hub.arcgis.com/apps/50e96c8bc0cf4bd29418301d7640b33d/explore","data_note":"1997年時点のスナップショットです。現況とは大きく異なる場合があります。categoryは名称文字列からこのスクリプトが独自に推定した分類で、出典データ本来の区分ではありません。"}},{"type":"Feature","geometry":{"type":"Point","coordinates":[139.434165428629,36.1935225628542]},"properties":{"id":"wetland1997_562","name":"北河原切所","municipality":"行田市","address":"大字北河原1124-1","category":"河川・水路","wetland_no":147,"raw_type_code":4,"raw_naturalness_code":3,"status_note":null,"survey_method":"代表湿地","survey_year":1997,"source":"埼玉県環境科学国際センター「1997年版 埼玉県湿地湧水地台帳」（原典: 埼玉県環境生活部自然環境課, 1997年作成）","source_url":"https://atlas-eco-saitama-pref-saitama.hub.arcgis.com/apps/50e96c8bc0cf4bd29418301d7640b33d/explore","data_note":"1997年時点のスナップショットです。現況とは大きく異なる場合があります。categoryは名称文字列からこのスクリプトが独自に推定した分類で、出典データ本来の区分ではありません。"}},{"type":"Feature","geometry":{"type":"Point","coordinates":[139.196246005792,36.1410450492783]},"properties":{"id":"wetland1997_563","name":"前谷津池","municipality":"寄居町","address":null,"category":"池・沼","wetland_no":283,"raw_type_code":0,"raw_naturalness_code":0,"status_note":null,"survey_method":"市町村報告","survey_year":1997,"source":"埼玉県環境科学国際センター「1997年版 埼玉県湿地湧水地台帳」（原典: 埼玉県環境生活部自然環境課, 1997年作成）","source_url":"https://atlas-eco-saitama-pref-saitama.hub.arcgis.com/apps/50e96c8bc0cf4bd29418301d7640b33d/explore","data_note":"1997年時点のスナップショットです。現況とは大きく異なる場合があります。categoryは名称文字列からこのスクリプトが独自に推定した分類で、出典データ本来の区分ではありません。"}},{"type":"Feature","geometry":{"type":"Point","coordinates":[139.270109672805,35.9880537045904]},"properties":{"id":"wetland1997_564","name":"瀬戸地区の南にある湿地","municipality":"都幾川村","address":null,"category":"河川・水路","wetland_no":714,"raw_type_code":0,"raw_naturalness_code":0,"status_note":null,"survey_method":"航空写真","survey_year":1997,"source":"埼玉県環境科学国際センター「1997年版 埼玉県湿地湧水地台帳」（原典: 埼玉県環境生活部自然環境課, 1997年作成）","source_url":"https://atlas-eco-saitama-pref-saitama.hub.arcgis.com/apps/50e96c8bc0cf4bd29418301d7640b33d/explore","data_note":"1997年時点のスナップショットです。現況とは大きく異なる場合があります。categoryは名称文字列からこのスクリプトが独自に推定した分類で、出典データ本来の区分ではありません。"}},{"type":"Feature","geometry":{"type":"Point","coordinates":[139.340880947843,36.0009849631418]},"properties":{"id":"wetland1997_565","name":"比砂田沼","municipality":"鳩山町","address":"鳩山町奥田","category":"池・沼","wetland_no":1073,"raw_type_code":4,"raw_naturalness_code":3,"status_note":null,"survey_method":"県民調査","survey_year":1997,"source":"埼玉県環境科学国際センター「1997年版 埼玉県湿地湧水地台帳」（原典: 埼玉県環境生活部自然環境課, 1997年作成）","source_url":"https://atlas-eco-saitama-pref-saitama.hub.arcgis.com/apps/50e96c8bc0cf4bd29418301d7640b33d/explore","data_note":"1997年時点のスナップショットです。現況とは大きく異なる場合があります。categoryは名称文字列からこのスクリプトが独自に推定した分類で、出典データ本来の区分ではありません。"}},{"type":"Feature","geometry":{"type":"Point","coordinates":[139.426001229408,36.0755111960127]},"properties":{"id":"wetland1997_566","name":"中の淵","municipality":"大里村","address":null,"category":"その他","wetland_no":632,"raw_type_code":0,"raw_naturalness_code":0,"status_note":null,"survey_method":"市町村報告","survey_year":1997,"source":"埼玉県環境科学国際センター「1997年版 埼玉県湿地湧水地台帳」（原典: 埼玉県環境生活部自然環境課, 1997年作成）","source_url":"https://atlas-eco-saitama-pref-saitama.hub.arcgis.com/apps/50e96c8bc0cf4bd29418301d7640b33d/explore","data_note":"1997年時点のスナップショットです。現況とは大きく異なる場合があります。categoryは名称文字列からこのスクリプトが独自に推定した分類で、出典データ本来の区分ではありません。"}},{"type":"Feature","geometry":{"type":"Point","coordinates":[139.429900731614,36.0709242423817]},"properties":{"id":"wetland1997_567","name":"寺の前池","municipality":"吉見町","address":null,"category":"池・沼","wetland_no":634,"raw_type_code":0,"raw_naturalness_code":0,"status_note":null,"survey_method":"市町村報告","survey_year":1997,"source":"埼玉県環境科学国際センター「1997年版 埼玉県湿地湧水地台帳」（原典: 埼玉県環境生活部自然環境課, 1997年作成）","source_url":"https://atlas-eco-saitama-pref-saitama.hub.arcgis.com/apps/50e96c8bc0cf4bd29418301d7640b33d/explore","data_note":"1997年時点のスナップショットです。現況とは大きく異なる場合があります。categoryは名称文字列からこのスクリプトが独自に推定した分類で、出典データ本来の区分ではありません。"}},{"type":"Feature","geometry":{"type":"Point","coordinates":[139.644266013291,36.1451574170211]},"properties":{"id":"wetland1997_568","name":"下樋遣川地区の西にある湿地","municipality":"加須市","address":null,"category":"河川・水路","wetland_no":426,"raw_type_code":0,"raw_naturalness_code":0,"status_note":null,"survey_method":"航空写真","survey_year":1997,"source":"埼玉県環境科学国際センター「1997年版 埼玉県湿地湧水地台帳」（原典: 埼玉県環境生活部自然環境課, 1997年作成）","source_url":"https://atlas-eco-saitama-pref-saitama.hub.arcgis.com/apps/50e96c8bc0cf4bd29418301d7640b33d/explore","data_note":"1997年時点のスナップショットです。現況とは大きく異なる場合があります。categoryは名称文字列からこのスクリプトが独自に推定した分類で、出典データ本来の区分ではありません。"}},{"type":"Feature","geometry":{"type":"Point","coordinates":[139.320138682642,36.0075354820629]},"properties":{"id":"wetland1997_569","name":"須江地区の北にある湿地","municipality":"鳩山町","address":null,"category":"湿地・湿原","wetland_no":599,"raw_type_code":0,"raw_naturalness_code":0,"status_note":null,"survey_method":null,"survey_year":1997,"source":"埼玉県環境科学国際センター「1997年版 埼玉県湿地湧水地台帳」（原典: 埼玉県環境生活部自然環境課, 1997年作成）","source_url":"https://atlas-eco-saitama-pref-saitama.hub.arcgis.com/apps/50e96c8bc0cf4bd29418301d7640b33d/explore","data_note":"1997年時点のスナップショットです。現況とは大きく異なる場合があります。categoryは名称文字列からこのスクリプトが独自に推定した分類で、出典データ本来の区分ではありません。"}},{"type":"Feature","geometry":{"type":"Point","coordinates":[139.180093192954,36.2181138309939]},"properties":{"id":"wetland1997_570","name":"早稲田大学本庄キャンパス調整池","municipality":"本庄市","address":"大字北堀","category":"池・沼","wetland_no":251,"raw_type_code":0,"raw_naturalness_code":2,"status_note":null,"survey_method":"県民調査","survey_year":1997,"source":"埼玉県環境科学国際センター「1997年版 埼玉県湿地湧水地台帳」（原典: 埼玉県環境生活部自然環境課, 1997年作成）","source_url":"https://atlas-eco-saitama-pref-saitama.hub.arcgis.com/apps/50e96c8bc0cf4bd29418301d7640b33d/explore","data_note":"1997年時点のスナップショットです。現況とは大きく異なる場合があります。categoryは名称文字列からこのスクリプトが独自に推定した分類で、出典データ本来の区分ではありません。"}},{"type":"Feature","geometry":{"type":"Point","coordinates":[139.292413413887,36.0662246058946]},"properties":{"id":"wetland1997_571","name":"稲岡沼（上）","municipality":"小川町","address":null,"category":"池・沼","wetland_no":486,"raw_type_code":0,"raw_naturalness_code":0,"status_note":null,"survey_method":"市町村報告","survey_year":1997,"source":"埼玉県環境科学国際センター「1997年版 埼玉県湿地湧水地台帳」（原典: 埼玉県環境生活部自然環境課, 1997年作成）","source_url":"https://atlas-eco-saitama-pref-saitama.hub.arcgis.com/apps/50e96c8bc0cf4bd29418301d7640b33d/explore","data_note":"1997年時点のスナップショットです。現況とは大きく異なる場合があります。categoryは名称文字列からこのスクリプトが独自に推定した分類で、出典データ本来の区分ではありません。"}},{"type":"Feature","geometry":{"type":"Point","coordinates":[139.303374767476,36.1016878179336]},"properties":{"id":"wetland1997_572","name":"藪谷沼","municipality":"嵐山町","address":null,"category":"池・沼","wetland_no":356,"raw_type_code":0,"raw_naturalness_code":0,"status_note":null,"survey_method":"市町村報告","survey_year":1997,"source":"埼玉県環境科学国際センター「1997年版 埼玉県湿地湧水地台帳」（原典: 埼玉県環境生活部自然環境課, 1997年作成）","source_url":"https://atlas-eco-saitama-pref-saitama.hub.arcgis.com/apps/50e96c8bc0cf4bd29418301d7640b33d/explore","data_note":"1997年時点のスナップショットです。現況とは大きく異なる場合があります。categoryは名称文字列からこのスクリプトが独自に推定した分類で、出典データ本来の区分ではありません。"}},{"type":"Feature","geometry":{"type":"Point","coordinates":[139.296194457053,36.084295563243]},"properties":{"id":"wetland1997_573","name":"十三間沼","municipality":"嵐山町","address":null,"category":"池・沼","wetland_no":506,"raw_type_code":0,"raw_naturalness_code":0,"status_note":null,"survey_method":"市町村報告","survey_year":1997,"source":"埼玉県環境科学国際センター「1997年版 埼玉県湿地湧水地台帳」（原典: 埼玉県環境生活部自然環境課, 1997年作成）","source_url":"https://atlas-eco-saitama-pref-saitama.hub.arcgis.com/apps/50e96c8bc0cf4bd29418301d7640b33d/explore","data_note":"1997年時点のスナップショットです。現況とは大きく異なる場合があります。categoryは名称文字列からこのスクリプトが独自に推定した分類で、出典データ本来の区分ではありません。"}},{"type":"Feature","geometry":{"type":"Point","coordinates":[139.356575150965,36.0878416025586]},"properties":{"id":"wetland1997_574","name":"福田地区の南にある湿地","municipality":"滑川町","address":null,"category":"湿地・湿原","wetland_no":346,"raw_type_code":0,"raw_naturalness_code":0,"status_note":null,"survey_method":"市町村報告","survey_year":1997,"source":"埼玉県環境科学国際センター「1997年版 埼玉県湿地湧水地台帳」（原典: 埼玉県環境生活部自然環境課, 1997年作成）","source_url":"https://atlas-eco-saitama-pref-saitama.hub.arcgis.com/apps/50e96c8bc0cf4bd29418301d7640b33d/explore","data_note":"1997年時点のスナップショットです。現況とは大きく異なる場合があります。categoryは名称文字列からこのスクリプトが独自に推定した分類で、出典データ本来の区分ではありません。"}},{"type":"Feature","geometry":{"type":"Point","coordinates":[139.346535172413,36.0456665142169]},"properties":{"id":"wetland1997_575","name":"中丸地区内の湿地","municipality":"滑川町","address":null,"category":"湿地・湿原","wetland_no":589,"raw_type_code":0,"raw_naturalness_code":0,"status_note":null,"survey_method":"市町村報告","survey_year":1997,"source":"埼玉県環境科学国際センター「1997年版 埼玉県湿地湧水地台帳」（原典: 埼玉県環境生活部自然環境課, 1997年作成）","source_url":"https://atlas-eco-saitama-pref-saitama.hub.arcgis.com/apps/50e96c8bc0cf4bd29418301d7640b33d/explore","data_note":"1997年時点のスナップショットです。現況とは大きく異なる場合があります。categoryは名称文字列からこのスクリプトが独自に推定した分類で、出典データ本来の区分ではありません。"}},{"type":"Feature","geometry":{"type":"Point","coordinates":[139.399716310395,36.1158950482832]},"properties":{"id":"wetland1997_576","name":"切所（沼）","municipality":"大里村","address":null,"category":"池・沼","wetland_no":395,"raw_type_code":0,"raw_naturalness_code":0,"status_note":null,"survey_method":"市町村報告","survey_year":1997,"source":"埼玉県環境科学国際センター「1997年版 埼玉県湿地湧水地台帳」（原典: 埼玉県環境生活部自然環境課, 1997年作成）","source_url":"https://atlas-eco-saitama-pref-saitama.hub.arcgis.com/apps/50e96c8bc0cf4bd29418301d7640b33d/explore","data_note":"1997年時点のスナップショットです。現況とは大きく異なる場合があります。categoryは名称文字列からこのスクリプトが独自に推定した分類で、出典データ本来の区分ではありません。"}},{"type":"Feature","geometry":{"type":"Point","coordinates":[139.383675080892,36.1907118689946]},"properties":{"id":"wetland1997_577","name":"中妻地区内の湿地","municipality":"熊谷市","address":"熊谷市中妻","category":"湿地・湿原","wetland_no":259,"raw_type_code":0,"raw_naturalness_code":0,"status_note":null,"survey_method":"航空写真","survey_year":1997,"source":"埼玉県環境科学国際センター「1997年版 埼玉県湿地湧水地台帳」（原典: 埼玉県環境生活部自然環境課, 1997年作成）","source_url":"https://atlas-eco-saitama-pref-saitama.hub.arcgis.com/apps/50e96c8bc0cf4bd29418301d7640b33d/explore","data_note":"1997年時点のスナップショットです。現況とは大きく異なる場合があります。categoryは名称文字列からこのスクリプトが独自に推定した分類で、出典データ本来の区分ではありません。"}},{"type":"Feature","geometry":{"type":"Point","coordinates":[139.126903841675,35.9794687170511]},"properties":{"id":"wetland1997_578","name":"横瀬川河川敷（森下地区）","municipality":"横瀬町","address":null,"category":"河川・水路","wetland_no":706,"raw_type_code":0,"raw_naturalness_code":0,"status_note":null,"survey_method":"航空写真","survey_year":1997,"source":"埼玉県環境科学国際センター「1997年版 埼玉県湿地湧水地台帳」（原典: 埼玉県環境生活部自然環境課, 1997年作成）","source_url":"https://atlas-eco-saitama-pref-saitama.hub.arcgis.com/apps/50e96c8bc0cf4bd29418301d7640b33d/explore","data_note":"1997年時点のスナップショットです。現況とは大きく異なる場合があります。categoryは名称文字列からこのスクリプトが独自に推定した分類で、出典データ本来の区分ではありません。"}},{"type":"Feature","geometry":{"type":"Point","coordinates":[139.391162700482,36.0693047254745]},"properties":{"id":"wetland1997_579","name":"立出沼","municipality":"東松山市","address":null,"category":"池・沼","wetland_no":613,"raw_type_code":0,"raw_naturalness_code":0,"status_note":null,"survey_method":"市町村報告","survey_year":1997,"source":"埼玉県環境科学国際センター「1997年版 埼玉県湿地湧水地台帳」（原典: 埼玉県環境生活部自然環境課, 1997年作成）","source_url":"https://atlas-eco-saitama-pref-saitama.hub.arcgis.com/apps/50e96c8bc0cf4bd29418301d7640b33d/explore","data_note":"1997年時点のスナップショットです。現況とは大きく異なる場合があります。categoryは名称文字列からこのスクリプトが独自に推定した分類で、出典データ本来の区分ではありません。"}},{"type":"Feature","geometry":{"type":"Point","coordinates":[139.646058781104,36.1451874875307]},"properties":{"id":"wetland1997_580","name":"調整池","municipality":"大利根町","address":null,"category":"池・沼","wetland_no":431,"raw_type_code":0,"raw_naturalness_code":0,"status_note":null,"survey_method":"市町村報告","survey_year":1997,"source":"埼玉県環境科学国際センター「1997年版 埼玉県湿地湧水地台帳」（原典: 埼玉県環境生活部自然環境課, 1997年作成）","source_url":"https://atlas-eco-saitama-pref-saitama.hub.arcgis.com/apps/50e96c8bc0cf4bd29418301d7640b33d/explore","data_note":"1997年時点のスナップショットです。現況とは大きく異なる場合があります。categoryは名称文字列からこのスクリプトが独自に推定した分類で、出典データ本来の区分ではありません。"}},{"type":"Feature","geometry":{"type":"Point","coordinates":[139.420332085617,36.0705286914256]},"properties":{"id":"wetland1997_581","name":"関根沼","municipality":"東松山市","address":null,"category":"池・沼","wetland_no":619,"raw_type_code":0,"raw_naturalness_code":0,"status_note":null,"survey_method":"市町村報告","survey_year":1997,"source":"埼玉県環境科学国際センター「1997年版 埼玉県湿地湧水地台帳」（原典: 埼玉県環境生活部自然環境課, 1997年作成）","source_url":"https://atlas-eco-saitama-pref-saitama.hub.arcgis.com/apps/50e96c8bc0cf4bd29418301d7640b33d/explore","data_note":"1997年時点のスナップショットです。現況とは大きく異なる場合があります。categoryは名称文字列からこのスクリプトが独自に推定した分類で、出典データ本来の区分ではありません。"}},{"type":"Feature","geometry":{"type":"Point","coordinates":[139.597982093348,36.0252470644711]},"properties":{"id":"wetland1997_582","name":"(名称未記載)","municipality":"","address":null,"category":"その他","wetland_no":648,"raw_type_code":0,"raw_naturalness_code":0,"status_note":null,"survey_method":null,"survey_year":1997,"source":"埼玉県環境科学国際センター「1997年版 埼玉県湿地湧水地台帳」（原典: 埼玉県環境生活部自然環境課, 1997年作成）","source_url":"https://atlas-eco-saitama-pref-saitama.hub.arcgis.com/apps/50e96c8bc0cf4bd29418301d7640b33d/explore","data_note":"1997年時点のスナップショットです。現況とは大きく異なる場合があります。categoryは名称文字列からこのスクリプトが独自に推定した分類で、出典データ本来の区分ではありません。"}},{"type":"Feature","geometry":{"type":"Point","coordinates":[139.38900533075,36.1949711348853]},"properties":{"id":"wetland1997_583","name":"西城地区内の南の湿地","municipality":"妻沼町","address":null,"category":"湿地・湿原","wetland_no":257,"raw_type_code":0,"raw_naturalness_code":0,"status_note":null,"survey_method":"市町村報告","survey_year":1997,"source":"埼玉県環境科学国際センター「1997年版 埼玉県湿地湧水地台帳」（原典: 埼玉県環境生活部自然環境課, 1997年作成）","source_url":"https://atlas-eco-saitama-pref-saitama.hub.arcgis.com/apps/50e96c8bc0cf4bd29418301d7640b33d/explore","data_note":"1997年時点のスナップショットです。現況とは大きく異なる場合があります。categoryは名称文字列からこのスクリプトが独自に推定した分類で、出典データ本来の区分ではありません。"}},{"type":"Feature","geometry":{"type":"Point","coordinates":[138.977764824943,35.9091864962353]},"properties":{"id":"wetland1997_584","name":"大日向地区の大皿川河川敷","municipality":"大滝村","address":null,"category":"河川・水路","wetland_no":801,"raw_type_code":0,"raw_naturalness_code":0,"status_note":null,"survey_method":"航空写真","survey_year":1997,"source":"埼玉県環境科学国際センター「1997年版 埼玉県湿地湧水地台帳」（原典: 埼玉県環境生活部自然環境課, 1997年作成）","source_url":"https://atlas-eco-saitama-pref-saitama.hub.arcgis.com/apps/50e96c8bc0cf4bd29418301d7640b33d/explore","data_note":"1997年時点のスナップショットです。現況とは大きく異なる場合があります。categoryは名称文字列からこのスクリプトが独自に推定した分類で、出典データ本来の区分ではありません。"}},{"type":"Feature","geometry":{"type":"Point","coordinates":[139.707063253471,36.1012257742251]},"properties":{"id":"wetland1997_585","name":"内池","municipality":"栗橋町","address":"大字独塚地内","category":"池・沼","wetland_no":228,"raw_type_code":4,"raw_naturalness_code":4,"status_note":null,"survey_method":"代表湿地","survey_year":1997,"source":"埼玉県環境科学国際センター「1997年版 埼玉県湿地湧水地台帳」（原典: 埼玉県環境生活部自然環境課, 1997年作成）","source_url":"https://atlas-eco-saitama-pref-saitama.hub.arcgis.com/apps/50e96c8bc0cf4bd29418301d7640b33d/explore","data_note":"1997年時点のスナップショットです。現況とは大きく異なる場合があります。categoryは名称文字列からこのスクリプトが独自に推定した分類で、出典データ本来の区分ではありません。"}},{"type":"Feature","geometry":{"type":"Point","coordinates":[139.696147693299,35.8600207957537]},"properties":{"id":"wetland1997_586","name":"明花地区内の北にある湿地","municipality":"浦和市","address":"大谷口","category":"湿地・湿原","wetland_no":1045,"raw_type_code":2,"raw_naturalness_code":4,"status_note":null,"survey_method":"県民調査","survey_year":1997,"source":"埼玉県環境科学国際センター「1997年版 埼玉県湿地湧水地台帳」（原典: 埼玉県環境生活部自然環境課, 1997年作成）","source_url":"https://atlas-eco-saitama-pref-saitama.hub.arcgis.com/apps/50e96c8bc0cf4bd29418301d7640b33d/explore","data_note":"1997年時点のスナップショットです。現況とは大きく異なる場合があります。categoryは名称文字列からこのスクリプトが独自に推定した分類で、出典データ本来の区分ではありません。"}},{"type":"Feature","geometry":{"type":"Point","coordinates":[139.190272733769,36.1587536376066]},"properties":{"id":"wetland1997_587","name":"猪俣地区内の湿地","municipality":"美里町","address":null,"category":"湿地・湿原","wetland_no":278,"raw_type_code":0,"raw_naturalness_code":0,"status_note":null,"survey_method":"航空写真","survey_year":1997,"source":"埼玉県環境科学国際センター「1997年版 埼玉県湿地湧水地台帳」（原典: 埼玉県環境生活部自然環境課, 1997年作成）","source_url":"https://atlas-eco-saitama-pref-saitama.hub.arcgis.com/apps/50e96c8bc0cf4bd29418301d7640b33d/explore","data_note":"1997年時点のスナップショットです。現況とは大きく異なる場合があります。categoryは名称文字列からこのスクリプトが独自に推定した分類で、出典データ本来の区分ではありません。"}},{"type":"Feature","geometry":{"type":"Point","coordinates":[139.096640211506,35.9039855494628]},"properties":{"id":"wetland1997_588","name":"浦山川の支流河川","municipality":"秩父市","address":null,"category":"河川・水路","wetland_no":803,"raw_type_code":0,"raw_naturalness_code":0,"status_note":null,"survey_method":"航空写真","survey_year":1997,"source":"埼玉県環境科学国際センター「1997年版 埼玉県湿地湧水地台帳」（原典: 埼玉県環境生活部自然環境課, 1997年作成）","source_url":"https://atlas-eco-saitama-pref-saitama.hub.arcgis.com/apps/50e96c8bc0cf4bd29418301d7640b33d/explore","data_note":"1997年時点のスナップショットです。現況とは大きく異なる場合があります。categoryは名称文字列からこのスクリプトが独自に推定した分類で、出典データ本来の区分ではありません。"}},{"type":"Feature","geometry":{"type":"Point","coordinates":[139.115120379582,35.9767319769519]},"properties":{"id":"wetland1997_589","name":"横瀬川河川敷（苅米四番地区浄水場西側）","municipality":"横瀬町","address":null,"category":"河川・水路","wetland_no":705,"raw_type_code":0,"raw_naturalness_code":0,"status_note":null,"survey_method":"航空写真","survey_year":1997,"source":"埼玉県環境科学国際センター「1997年版 埼玉県湿地湧水地台帳」（原典: 埼玉県環境生活部自然環境課, 1997年作成）","source_url":"https://atlas-eco-saitama-pref-saitama.hub.arcgis.com/apps/50e96c8bc0cf4bd29418301d7640b33d/explore","data_note":"1997年時点のスナップショットです。現況とは大きく異なる場合があります。categoryは名称文字列からこのスクリプトが独自に推定した分類で、出典データ本来の区分ではありません。"}},{"type":"Feature","geometry":{"type":"Point","coordinates":[139.112734111929,36.1795279362402]},"properties":{"id":"wetland1997_590","name":"高柳の池","municipality":"児玉町","address":"大字高柳留井","category":"池・沼","wetland_no":155,"raw_type_code":4,"raw_naturalness_code":5,"status_note":null,"survey_method":"代表湿地","survey_year":1997,"source":"埼玉県環境科学国際センター「1997年版 埼玉県湿地湧水地台帳」（原典: 埼玉県環境生活部自然環境課, 1997年作成）","source_url":"https://atlas-eco-saitama-pref-saitama.hub.arcgis.com/apps/50e96c8bc0cf4bd29418301d7640b33d/explore","data_note":"1997年時点のスナップショットです。現況とは大きく異なる場合があります。categoryは名称文字列からこのスクリプトが独自に推定した分類で、出典データ本来の区分ではありません。"}},{"type":"Feature","geometry":{"type":"Point","coordinates":[139.285692886379,35.9876395423913]},"properties":{"id":"wetland1997_591","name":"学頭沼","municipality":"越生町","address":null,"category":"池・沼","wetland_no":751,"raw_type_code":4,"raw_naturalness_code":0,"status_note":null,"survey_method":"県民調査","survey_year":1997,"source":"埼玉県環境科学国際センター「1997年版 埼玉県湿地湧水地台帳」（原典: 埼玉県環境生活部自然環境課, 1997年作成）","source_url":"https://atlas-eco-saitama-pref-saitama.hub.arcgis.com/apps/50e96c8bc0cf4bd29418301d7640b33d/explore","data_note":"1997年時点のスナップショットです。現況とは大きく異なる場合があります。categoryは名称文字列からこのスクリプトが独自に推定した分類で、出典データ本来の区分ではありません。"}},{"type":"Feature","geometry":{"type":"Point","coordinates":[139.347204663438,36.0562829054641]},"properties":{"id":"wetland1997_592","name":"平地区の西にある湿地","municipality":"滑川町","address":null,"category":"湿地・湿原","wetland_no":587,"raw_type_code":0,"raw_naturalness_code":0,"status_note":null,"survey_method":"市町村報告","survey_year":1997,"source":"埼玉県環境科学国際センター「1997年版 埼玉県湿地湧水地台帳」（原典: 埼玉県環境生活部自然環境課, 1997年作成）","source_url":"https://atlas-eco-saitama-pref-saitama.hub.arcgis.com/apps/50e96c8bc0cf4bd29418301d7640b33d/explore","data_note":"1997年時点のスナップショットです。現況とは大きく異なる場合があります。categoryは名称文字列からこのスクリプトが独自に推定した分類で、出典データ本来の区分ではありません。"}},{"type":"Feature","geometry":{"type":"Point","coordinates":[139.296974533385,35.9981190499166]},"properties":{"id":"wetland1997_593","name":"仲井門林沼","municipality":"玉川村","address":null,"category":"池・沼","wetland_no":717,"raw_type_code":0,"raw_naturalness_code":0,"status_note":null,"survey_method":"市町村報告","survey_year":1997,"source":"埼玉県環境科学国際センター「1997年版 埼玉県湿地湧水地台帳」（原典: 埼玉県環境生活部自然環境課, 1997年作成）","source_url":"https://atlas-eco-saitama-pref-saitama.hub.arcgis.com/apps/50e96c8bc0cf4bd29418301d7640b33d/explore","data_note":"1997年時点のスナップショットです。現況とは大きく異なる場合があります。categoryは名称文字列からこのスクリプトが独自に推定した分類で、出典データ本来の区分ではありません。"}},{"type":"Feature","geometry":{"type":"Point","coordinates":[139.410546928568,36.0788509303037]},"properties":{"id":"wetland1997_594","name":"真澄沼","municipality":"大里村","address":null,"category":"池・沼","wetland_no":631,"raw_type_code":0,"raw_naturalness_code":0,"status_note":null,"survey_method":"市町村報告","survey_year":1997,"source":"埼玉県環境科学国際センター「1997年版 埼玉県湿地湧水地台帳」（原典: 埼玉県環境生活部自然環境課, 1997年作成）","source_url":"https://atlas-eco-saitama-pref-saitama.hub.arcgis.com/apps/50e96c8bc0cf4bd29418301d7640b33d/explore","data_note":"1997年時点のスナップショットです。現況とは大きく異なる場合があります。categoryは名称文字列からこのスクリプトが独自に推定した分類で、出典データ本来の区分ではありません。"}},{"type":"Feature","geometry":{"type":"Point","coordinates":[139.312797354595,36.0860290461414]},"properties":{"id":"wetland1997_595","name":"五反田沼","municipality":"嵐山町","address":null,"category":"池・沼","wetland_no":507,"raw_type_code":0,"raw_naturalness_code":0,"status_note":null,"survey_method":"市町村報告","survey_year":1997,"source":"埼玉県環境科学国際センター「1997年版 埼玉県湿地湧水地台帳」（原典: 埼玉県環境生活部自然環境課, 1997年作成）","source_url":"https://atlas-eco-saitama-pref-saitama.hub.arcgis.com/apps/50e96c8bc0cf4bd29418301d7640b33d/explore","data_note":"1997年時点のスナップショットです。現況とは大きく異なる場合があります。categoryは名称文字列からこのスクリプトが独自に推定した分類で、出典データ本来の区分ではありません。"}},{"type":"Feature","geometry":{"type":"Point","coordinates":[139.524018482471,35.9915750177872]},"properties":{"id":"wetland1997_596","name":"城山公園内の池","municipality":"桶川市","address":"大字川田谷字王子4371","category":"池・沼","wetland_no":28,"raw_type_code":2,"raw_naturalness_code":1,"status_note":"削除","survey_method":"代表湿地","survey_year":1997,"source":"埼玉県環境科学国際センター「1997年版 埼玉県湿地湧水地台帳」（原典: 埼玉県環境生活部自然環境課, 1997年作成）","source_url":"https://atlas-eco-saitama-pref-saitama.hub.arcgis.com/apps/50e96c8bc0cf4bd29418301d7640b33d/explore","data_note":"1997年時点のスナップショットです。現況とは大きく異なる場合があります。categoryは名称文字列からこのスクリプトが独自に推定した分類で、出典データ本来の区分ではありません。"}},{"type":"Feature","geometry":{"type":"Point","coordinates":[139.322283372654,35.9688035263968]},"properties":{"id":"wetland1997_597","name":"武藏富士ゴルフ場内の湿地","municipality":"鳩山町","address":null,"category":"湿地・湿原","wetland_no":731,"raw_type_code":0,"raw_naturalness_code":0,"status_note":null,"survey_method":null,"survey_year":1997,"source":"埼玉県環境科学国際センター「1997年版 埼玉県湿地湧水地台帳」（原典: 埼玉県環境生活部自然環境課, 1997年作成）","source_url":"https://atlas-eco-saitama-pref-saitama.hub.arcgis.com/apps/50e96c8bc0cf4bd29418301d7640b33d/explore","data_note":"1997年時点のスナップショットです。現況とは大きく異なる場合があります。categoryは名称文字列からこのスクリプトが独自に推定した分類で、出典データ本来の区分ではありません。"}},{"type":"Feature","geometry":{"type":"Point","coordinates":[139.373814836364,36.0944911797713]},"properties":{"id":"wetland1997_598","name":"武藏丘陵森林公園内の湿地","municipality":"滑川町","address":null,"category":"湿地・湿原","wetland_no":386,"raw_type_code":0,"raw_naturalness_code":0,"status_note":null,"survey_method":"市町村報告","survey_year":1997,"source":"埼玉県環境科学国際センター「1997年版 埼玉県湿地湧水地台帳」（原典: 埼玉県環境生活部自然環境課, 1997年作成）","source_url":"https://atlas-eco-saitama-pref-saitama.hub.arcgis.com/apps/50e96c8bc0cf4bd29418301d7640b33d/explore","data_note":"1997年時点のスナップショットです。現況とは大きく異なる場合があります。categoryは名称文字列からこのスクリプトが独自に推定した分類で、出典データ本来の区分ではありません。"}},{"type":"Feature","geometry":{"type":"Point","coordinates":[139.272132848606,36.1386920391211]},"properties":{"id":"wetland1997_599","name":"見目湧水","municipality":"川本町","address":"大字田中字見目1069-2","category":"湧水・井戸","wetland_no":169,"raw_type_code":2,"raw_naturalness_code":3,"status_note":null,"survey_method":"代表湿地","survey_year":1997,"source":"埼玉県環境科学国際センター「1997年版 埼玉県湿地湧水地台帳」（原典: 埼玉県環境生活部自然環境課, 1997年作成）","source_url":"https://atlas-eco-saitama-pref-saitama.hub.arcgis.com/apps/50e96c8bc0cf4bd29418301d7640b33d/explore","data_note":"1997年時点のスナップショットです。現況とは大きく異なる場合があります。categoryは名称文字列からこのスクリプトが独自に推定した分類で、出典データ本来の区分ではありません。"}},{"type":"Feature","geometry":{"type":"Point","coordinates":[139.252895200421,36.0879656129484]},"properties":{"id":"wetland1997_600","name":"森林公園ゴルフ場内の南にある湿地","municipality":"寄居町","address":null,"category":"湿地・湿原","wetland_no":375,"raw_type_code":0,"raw_naturalness_code":0,"status_note":null,"survey_method":"市町村報告","survey_year":1997,"source":"埼玉県環境科学国際センター「1997年版 埼玉県湿地湧水地台帳」（原典: 埼玉県環境生活部自然環境課, 1997年作成）","source_url":"https://atlas-eco-saitama-pref-saitama.hub.arcgis.com/apps/50e96c8bc0cf4bd29418301d7640b33d/explore","data_note":"1997年時点のスナップショットです。現況とは大きく異なる場合があります。categoryは名称文字列からこのスクリプトが独自に推定した分類で、出典データ本来の区分ではありません。"}},{"type":"Feature","geometry":{"type":"Point","coordinates":[139.176889299391,35.8906282062803]},"properties":{"id":"wetland1997_601","name":"(名称未記載)","municipality":"","address":null,"category":"その他","wetland_no":806,"raw_type_code":0,"raw_naturalness_code":0,"status_note":null,"survey_method":null,"survey_year":1997,"source":"埼玉県環境科学国際センター「1997年版 埼玉県湿地湧水地台帳」（原典: 埼玉県環境生活部自然環境課, 1997年作成）","source_url":"https://atlas-eco-saitama-pref-saitama.hub.arcgis.com/apps/50e96c8bc0cf4bd29418301d7640b33d/explore","data_note":"1997年時点のスナップショットです。現況とは大きく異なる場合があります。categoryは名称文字列からこのスクリプトが独自に推定した分類で、出典データ本来の区分ではありません。"}},{"type":"Feature","geometry":{"type":"Point","coordinates":[139.549226147185,35.8227624569548]},"properties":{"id":"wetland1997_602","name":"竹間沢、南側地区内の湿地","municipality":"三芳町","address":"三芳町竹間沢","category":"湿地・湿原","wetland_no":1053,"raw_type_code":2,"raw_naturalness_code":4,"status_note":null,"survey_method":"県民調査","survey_year":1997,"source":"埼玉県環境科学国際センター「1997年版 埼玉県湿地湧水地台帳」（原典: 埼玉県環境生活部自然環境課, 1997年作成）","source_url":"https://atlas-eco-saitama-pref-saitama.hub.arcgis.com/apps/50e96c8bc0cf4bd29418301d7640b33d/explore","data_note":"1997年時点のスナップショットです。現況とは大きく異なる場合があります。categoryは名称文字列からこのスクリプトが独自に推定した分類で、出典データ本来の区分ではありません。"}},{"type":"Feature","geometry":{"type":"Point","coordinates":[139.202544582034,35.986163467533]},"properties":{"id":"wetland1997_603","name":"都幾川河川（大野地区）","municipality":"都幾川村","address":null,"category":"河川・水路","wetland_no":711,"raw_type_code":0,"raw_naturalness_code":0,"status_note":null,"survey_method":"航空写真","survey_year":1997,"source":"埼玉県環境科学国際センター「1997年版 埼玉県湿地湧水地台帳」（原典: 埼玉県環境生活部自然環境課, 1997年作成）","source_url":"https://atlas-eco-saitama-pref-saitama.hub.arcgis.com/apps/50e96c8bc0cf4bd29418301d7640b33d/explore","data_note":"1997年時点のスナップショットです。現況とは大きく異なる場合があります。categoryは名称文字列からこのスクリプトが独自に推定した分類で、出典データ本来の区分ではありません。"}},{"type":"Feature","geometry":{"type":"Point","coordinates":[139.275363140062,36.0668217962309]},"properties":{"id":"wetland1997_604","name":"二階沼","municipality":"小川町","address":null,"category":"池・沼","wetland_no":481,"raw_type_code":0,"raw_naturalness_code":0,"status_note":null,"survey_method":"市町村報告","survey_year":1997,"source":"埼玉県環境科学国際センター「1997年版 埼玉県湿地湧水地台帳」（原典: 埼玉県環境生活部自然環境課, 1997年作成）","source_url":"https://atlas-eco-saitama-pref-saitama.hub.arcgis.com/apps/50e96c8bc0cf4bd29418301d7640b33d/explore","data_note":"1997年時点のスナップショットです。現況とは大きく異なる場合があります。categoryは名称文字列からこのスクリプトが独自に推定した分類で、出典データ本来の区分ではありません。"}},{"type":"Feature","geometry":{"type":"Point","coordinates":[139.72704160393,35.9259552032974]},"properties":{"id":"wetland1997_605","name":"黒沼及びその周辺湿地","municipality":"岩槻市","address":"大字黒谷地内","category":"池・沼","wetland_no":188,"raw_type_code":4,"raw_naturalness_code":14,"status_note":null,"survey_method":"代表湿地","survey_year":1997,"source":"埼玉県環境科学国際センター「1997年版 埼玉県湿地湧水地台帳」（原典: 埼玉県環境生活部自然環境課, 1997年作成）","source_url":"https://atlas-eco-saitama-pref-saitama.hub.arcgis.com/apps/50e96c8bc0cf4bd29418301d7640b33d/explore","data_note":"1997年時点のスナップショットです。現況とは大きく異なる場合があります。categoryは名称文字列からこのスクリプトが独自に推定した分類で、出典データ本来の区分ではありません。"}},{"type":"Feature","geometry":{"type":"Point","coordinates":[139.342945050888,35.9932976027126]},"properties":{"id":"wetland1997_606","name":"鳩山ゴルフ場内の湿地","municipality":"鳩山町","address":null,"category":"湿地・湿原","wetland_no":736,"raw_type_code":0,"raw_naturalness_code":0,"status_note":null,"survey_method":null,"survey_year":1997,"source":"埼玉県環境科学国際センター「1997年版 埼玉県湿地湧水地台帳」（原典: 埼玉県環境生活部自然環境課, 1997年作成）","source_url":"https://atlas-eco-saitama-pref-saitama.hub.arcgis.com/apps/50e96c8bc0cf4bd29418301d7640b33d/explore","data_note":"1997年時点のスナップショットです。現況とは大きく異なる場合があります。categoryは名称文字列からこのスクリプトが独自に推定した分類で、出典データ本来の区分ではありません。"}},{"type":"Feature","geometry":{"type":"Point","coordinates":[139.277619025336,36.0680518211159]},"properties":{"id":"wetland1997_607","name":"大沼","municipality":"小川町","address":null,"category":"池・沼","wetland_no":479,"raw_type_code":0,"raw_naturalness_code":0,"status_note":null,"survey_method":"市町村報告","survey_year":1997,"source":"埼玉県環境科学国際センター「1997年版 埼玉県湿地湧水地台帳」（原典: 埼玉県環境生活部自然環境課, 1997年作成）","source_url":"https://atlas-eco-saitama-pref-saitama.hub.arcgis.com/apps/50e96c8bc0cf4bd29418301d7640b33d/explore","data_note":"1997年時点のスナップショットです。現況とは大きく異なる場合があります。categoryは名称文字列からこのスクリプトが独自に推定した分類で、出典データ本来の区分ではありません。"}},{"type":"Feature","geometry":{"type":"Point","coordinates":[139.368210973145,36.079171235175]},"properties":{"id":"wetland1997_608","name":"武藏丘陵森林公園内の湿地","municipality":"滑川町","address":null,"category":"湿地・湿原","wetland_no":551,"raw_type_code":0,"raw_naturalness_code":0,"status_note":null,"survey_method":"市町村報告","survey_year":1997,"source":"埼玉県環境科学国際センター「1997年版 埼玉県湿地湧水地台帳」（原典: 埼玉県環境生活部自然環境課, 1997年作成）","source_url":"https://atlas-eco-saitama-pref-saitama.hub.arcgis.com/apps/50e96c8bc0cf4bd29418301d7640b33d/explore","data_note":"1997年時点のスナップショットです。現況とは大きく異なる場合があります。categoryは名称文字列からこのスクリプトが独自に推定した分類で、出典データ本来の区分ではありません。"}},{"type":"Feature","geometry":{"type":"Point","coordinates":[139.398333608239,35.9222477325302]},"properties":{"id":"wetland1997_609","name":"大田ヶ谷沼","municipality":"鶴ヶ島市","address":"鶴ヶ島市大字大田ヶ谷字沼上地内","category":"池・沼","wetland_no":120,"raw_type_code":2,"raw_naturalness_code":4,"status_note":null,"survey_method":"代表湿地","survey_year":1997,"source":"埼玉県環境科学国際センター「1997年版 埼玉県湿地湧水地台帳」（原典: 埼玉県環境生活部自然環境課, 1997年作成）","source_url":"https://atlas-eco-saitama-pref-saitama.hub.arcgis.com/apps/50e96c8bc0cf4bd29418301d7640b33d/explore","data_note":"1997年時点のスナップショットです。現況とは大きく異なる場合があります。categoryは名称文字列からこのスクリプトが独自に推定した分類で、出典データ本来の区分ではありません。"}},{"type":"Feature","geometry":{"type":"Point","coordinates":[139.352095831158,36.0897699341105]},"properties":{"id":"wetland1997_610","name":"円王寺地区内の湿地","municipality":"滑川町","address":null,"category":"湿地・湿原","wetland_no":331,"raw_type_code":0,"raw_naturalness_code":0,"status_note":null,"survey_method":"市町村報告","survey_year":1997,"source":"埼玉県環境科学国際センター「1997年版 埼玉県湿地湧水地台帳」（原典: 埼玉県環境生活部自然環境課, 1997年作成）","source_url":"https://atlas-eco-saitama-pref-saitama.hub.arcgis.com/apps/50e96c8bc0cf4bd29418301d7640b33d/explore","data_note":"1997年時点のスナップショットです。現況とは大きく異なる場合があります。categoryは名称文字列からこのスクリプトが独自に推定した分類で、出典データ本来の区分ではありません。"}},{"type":"Feature","geometry":{"type":"Point","coordinates":[139.715453256814,35.9791332895407]},"properties":{"id":"wetland1997_611","name":"慈恩寺親水公園内の池","municipality":"岩槻市","address":null,"category":"池・沼","wetland_no":790,"raw_type_code":0,"raw_naturalness_code":0,"status_note":null,"survey_method":"市町村報告","survey_year":1997,"source":"埼玉県環境科学国際センター「1997年版 埼玉県湿地湧水地台帳」（原典: 埼玉県環境生活部自然環境課, 1997年作成）","source_url":"https://atlas-eco-saitama-pref-saitama.hub.arcgis.com/apps/50e96c8bc0cf4bd29418301d7640b33d/explore","data_note":"1997年時点のスナップショットです。現況とは大きく異なる場合があります。categoryは名称文字列からこのスクリプトが独自に推定した分類で、出典データ本来の区分ではありません。"}},{"type":"Feature","geometry":{"type":"Point","coordinates":[139.19272972219,36.1438196633913]},"properties":{"id":"wetland1997_612","name":"北谷津上池","municipality":"寄居町","address":null,"category":"池・沼","wetland_no":282,"raw_type_code":0,"raw_naturalness_code":0,"status_note":null,"survey_method":"市町村報告","survey_year":1997,"source":"埼玉県環境科学国際センター「1997年版 埼玉県湿地湧水地台帳」（原典: 埼玉県環境生活部自然環境課, 1997年作成）","source_url":"https://atlas-eco-saitama-pref-saitama.hub.arcgis.com/apps/50e96c8bc0cf4bd29418301d7640b33d/explore","data_note":"1997年時点のスナップショットです。現況とは大きく異なる場合があります。categoryは名称文字列からこのスクリプトが独自に推定した分類で、出典データ本来の区分ではありません。"}},{"type":"Feature","geometry":{"type":"Point","coordinates":[139.305592867813,36.088402963488]},"properties":{"id":"wetland1997_613","name":"新沼","municipality":"嵐山町","address":null,"category":"池・沼","wetland_no":352,"raw_type_code":0,"raw_naturalness_code":0,"status_note":null,"survey_method":"市町村報告","survey_year":1997,"source":"埼玉県環境科学国際センター「1997年版 埼玉県湿地湧水地台帳」（原典: 埼玉県環境生活部自然環境課, 1997年作成）","source_url":"https://atlas-eco-saitama-pref-saitama.hub.arcgis.com/apps/50e96c8bc0cf4bd29418301d7640b33d/explore","data_note":"1997年時点のスナップショットです。現況とは大きく異なる場合があります。categoryは名称文字列からこのスクリプトが独自に推定した分類で、出典データ本来の区分ではありません。"}},{"type":"Feature","geometry":{"type":"Point","coordinates":[139.425842642624,36.0720021553107]},"properties":{"id":"wetland1997_614","name":"大明神前池","municipality":"吉見町","address":null,"category":"池・沼","wetland_no":633,"raw_type_code":0,"raw_naturalness_code":0,"status_note":null,"survey_method":"市町村報告","survey_year":1997,"source":"埼玉県環境科学国際センター「1997年版 埼玉県湿地湧水地台帳」（原典: 埼玉県環境生活部自然環境課, 1997年作成）","source_url":"https://atlas-eco-saitama-pref-saitama.hub.arcgis.com/apps/50e96c8bc0cf4bd29418301d7640b33d/explore","data_note":"1997年時点のスナップショットです。現況とは大きく異なる場合があります。categoryは名称文字列からこのスクリプトが独自に推定した分類で、出典データ本来の区分ではありません。"}},{"type":"Feature","geometry":{"type":"Point","coordinates":[139.080559373485,35.9123670810147]},"properties":{"id":"wetland1997_615","name":"裏山・毛附地区の河川敷（浦山川）","municipality":"秩父市","address":null,"category":"河川・水路","wetland_no":802,"raw_type_code":0,"raw_naturalness_code":0,"status_note":null,"survey_method":"航空写真","survey_year":1997,"source":"埼玉県環境科学国際センター「1997年版 埼玉県湿地湧水地台帳」（原典: 埼玉県環境生活部自然環境課, 1997年作成）","source_url":"https://atlas-eco-saitama-pref-saitama.hub.arcgis.com/apps/50e96c8bc0cf4bd29418301d7640b33d/explore","data_note":"1997年時点のスナップショットです。現況とは大きく異なる場合があります。categoryは名称文字列からこのスクリプトが独自に推定した分類で、出典データ本来の区分ではありません。"}},{"type":"Feature","geometry":{"type":"Point","coordinates":[139.086951908116,35.9775419983494]},"properties":{"id":"wetland1997_616","name":"羊山サンクチュアリー","municipality":"横瀬町","address":"横瀬町戸ヶ沢","category":"その他","wetland_no":1074,"raw_type_code":2,"raw_naturalness_code":4,"status_note":null,"survey_method":"県民調査","survey_year":1997,"source":"埼玉県環境科学国際センター「1997年版 埼玉県湿地湧水地台帳」（原典: 埼玉県環境生活部自然環境課, 1997年作成）","source_url":"https://atlas-eco-saitama-pref-saitama.hub.arcgis.com/apps/50e96c8bc0cf4bd29418301d7640b33d/explore","data_note":"1997年時点のスナップショットです。現況とは大きく異なる場合があります。categoryは名称文字列からこのスクリプトが独自に推定した分類で、出典データ本来の区分ではありません。"}},{"type":"Feature","geometry":{"type":"Point","coordinates":[139.434073596552,36.0679431840755]},"properties":{"id":"wetland1997_617","name":"堂の前池","municipality":"吉見町","address":null,"category":"池・沼","wetland_no":635,"raw_type_code":0,"raw_naturalness_code":0,"status_note":null,"survey_method":"市町村報告","survey_year":1997,"source":"埼玉県環境科学国際センター「1997年版 埼玉県湿地湧水地台帳」（原典: 埼玉県環境生活部自然環境課, 1997年作成）","source_url":"https://atlas-eco-saitama-pref-saitama.hub.arcgis.com/apps/50e96c8bc0cf4bd29418301d7640b33d/explore","data_note":"1997年時点のスナップショットです。現況とは大きく異なる場合があります。categoryは名称文字列からこのスクリプトが独自に推定した分類で、出典データ本来の区分ではありません。"}},{"type":"Feature","geometry":{"type":"Point","coordinates":[139.552276523158,36.0424750030198]},"properties":{"id":"wetland1997_618","name":"北本総合公園内調整池","municipality":"北本市","address":null,"category":"池・沼","wetland_no":643,"raw_type_code":0,"raw_naturalness_code":0,"status_note":null,"survey_method":"市町村報告","survey_year":1997,"source":"埼玉県環境科学国際センター「1997年版 埼玉県湿地湧水地台帳」（原典: 埼玉県環境生活部自然環境課, 1997年作成）","source_url":"https://atlas-eco-saitama-pref-saitama.hub.arcgis.com/apps/50e96c8bc0cf4bd29418301d7640b33d/explore","data_note":"1997年時点のスナップショットです。現況とは大きく異なる場合があります。categoryは名称文字列からこのスクリプトが独自に推定した分類で、出典データ本来の区分ではありません。"}},{"type":"Feature","geometry":{"type":"Point","coordinates":[139.512081472245,36.1308473547516]},"properties":{"id":"wetland1997_619","name":"(名称未記載)","municipality":"","address":null,"category":"その他","wetland_no":420,"raw_type_code":0,"raw_naturalness_code":0,"status_note":null,"survey_method":null,"survey_year":1997,"source":"埼玉県環境科学国際センター「1997年版 埼玉県湿地湧水地台帳」（原典: 埼玉県環境生活部自然環境課, 1997年作成）","source_url":"https://atlas-eco-saitama-pref-saitama.hub.arcgis.com/apps/50e96c8bc0cf4bd29418301d7640b33d/explore","data_note":"1997年時点のスナップショットです。現況とは大きく異なる場合があります。categoryは名称文字列からこのスクリプトが独自に推定した分類で、出典データ本来の区分ではありません。"}},{"type":"Feature","geometry":{"type":"Point","coordinates":[139.353441774254,35.9966178412858]},"properties":{"id":"wetland1997_620","name":"石坂の谷戸","municipality":"鳩山町","address":"鳩山町石坂","category":"その他","wetland_no":1070,"raw_type_code":2,"raw_naturalness_code":3,"status_note":null,"survey_method":"県民調査","survey_year":1997,"source":"埼玉県環境科学国際センター「1997年版 埼玉県湿地湧水地台帳」（原典: 埼玉県環境生活部自然環境課, 1997年作成）","source_url":"https://atlas-eco-saitama-pref-saitama.hub.arcgis.com/apps/50e96c8bc0cf4bd29418301d7640b33d/explore","data_note":"1997年時点のスナップショットです。現況とは大きく異なる場合があります。categoryは名称文字列からこのスクリプトが独自に推定した分類で、出典データ本来の区分ではありません。"}},{"type":"Feature","geometry":{"type":"Point","coordinates":[139.39575965737,36.0709068770161]},"properties":{"id":"wetland1997_621","name":"明善谷沼","municipality":"東松山市","address":null,"category":"池・沼","wetland_no":612,"raw_type_code":0,"raw_naturalness_code":0,"status_note":null,"survey_method":"市町村報告","survey_year":1997,"source":"埼玉県環境科学国際センター「1997年版 埼玉県湿地湧水地台帳」（原典: 埼玉県環境生活部自然環境課, 1997年作成）","source_url":"https://atlas-eco-saitama-pref-saitama.hub.arcgis.com/apps/50e96c8bc0cf4bd29418301d7640b33d/explore","data_note":"1997年時点のスナップショットです。現況とは大きく異なる場合があります。categoryは名称文字列からこのスクリプトが独自に推定した分類で、出典データ本来の区分ではありません。"}},{"type":"Feature","geometry":{"type":"Point","coordinates":[139.301441004588,36.091316071291]},"properties":{"id":"wetland1997_622","name":"三反田沼","municipality":"嵐山町","address":null,"category":"池・沼","wetland_no":350,"raw_type_code":0,"raw_naturalness_code":0,"status_note":null,"survey_method":"市町村報告","survey_year":1997,"source":"埼玉県環境科学国際センター「1997年版 埼玉県湿地湧水地台帳」（原典: 埼玉県環境生活部自然環境課, 1997年作成）","source_url":"https://atlas-eco-saitama-pref-saitama.hub.arcgis.com/apps/50e96c8bc0cf4bd29418301d7640b33d/explore","data_note":"1997年時点のスナップショットです。現況とは大きく異なる場合があります。categoryは名称文字列からこのスクリプトが独自に推定した分類で、出典データ本来の区分ではありません。"}},{"type":"Feature","geometry":{"type":"Point","coordinates":[139.322877458196,36.0976692658934]},"properties":{"id":"wetland1997_623","name":"久保谷沼","municipality":"江南町","address":null,"category":"池・沼","wetland_no":299,"raw_type_code":0,"raw_naturalness_code":0,"status_note":null,"survey_method":"市町村報告","survey_year":1997,"source":"埼玉県環境科学国際センター「1997年版 埼玉県湿地湧水地台帳」（原典: 埼玉県環境生活部自然環境課, 1997年作成）","source_url":"https://atlas-eco-saitama-pref-saitama.hub.arcgis.com/apps/50e96c8bc0cf4bd29418301d7640b33d/explore","data_note":"1997年時点のスナップショットです。現況とは大きく異なる場合があります。categoryは名称文字列からこのスクリプトが独自に推定した分類で、出典データ本来の区分ではありません。"}},{"type":"Feature","geometry":{"type":"Point","coordinates":[139.332827063535,36.0724349404512]},"properties":{"id":"wetland1997_624","name":"上伊古地区内の南にある湿地","municipality":"滑川町","address":null,"category":"湿地・湿原","wetland_no":568,"raw_type_code":0,"raw_naturalness_code":0,"status_note":null,"survey_method":"市町村報告","survey_year":1997,"source":"埼玉県環境科学国際センター「1997年版 埼玉県湿地湧水地台帳」（原典: 埼玉県環境生活部自然環境課, 1997年作成）","source_url":"https://atlas-eco-saitama-pref-saitama.hub.arcgis.com/apps/50e96c8bc0cf4bd29418301d7640b33d/explore","data_note":"1997年時点のスナップショットです。現況とは大きく異なる場合があります。categoryは名称文字列からこのスクリプトが独自に推定した分類で、出典データ本来の区分ではありません。"}},{"type":"Feature","geometry":{"type":"Point","coordinates":[139.355139794956,36.0568510182932]},"properties":{"id":"wetland1997_625","name":"平地区内の湿地","municipality":"滑川町","address":null,"category":"湿地・湿原","wetland_no":583,"raw_type_code":0,"raw_naturalness_code":0,"status_note":null,"survey_method":"市町村報告","survey_year":1997,"source":"埼玉県環境科学国際センター「1997年版 埼玉県湿地湧水地台帳」（原典: 埼玉県環境生活部自然環境課, 1997年作成）","source_url":"https://atlas-eco-saitama-pref-saitama.hub.arcgis.com/apps/50e96c8bc0cf4bd29418301d7640b33d/explore","data_note":"1997年時点のスナップショットです。現況とは大きく異なる場合があります。categoryは名称文字列からこのスクリプトが独自に推定した分類で、出典データ本来の区分ではありません。"}},{"type":"Feature","geometry":{"type":"Point","coordinates":[139.192439190858,35.8563542752493]},"properties":{"id":"wetland1997_626","name":"(名称未記載)","municipality":"","address":null,"category":"その他","wetland_no":808,"raw_type_code":0,"raw_naturalness_code":0,"status_note":null,"survey_method":null,"survey_year":1997,"source":"埼玉県環境科学国際センター「1997年版 埼玉県湿地湧水地台帳」（原典: 埼玉県環境生活部自然環境課, 1997年作成）","source_url":"https://atlas-eco-saitama-pref-saitama.hub.arcgis.com/apps/50e96c8bc0cf4bd29418301d7640b33d/explore","data_note":"1997年時点のスナップショットです。現況とは大きく異なる場合があります。categoryは名称文字列からこのスクリプトが独自に推定した分類で、出典データ本来の区分ではありません。"}},{"type":"Feature","geometry":{"type":"Point","coordinates":[139.298132661212,36.0871584932858]},"properties":{"id":"wetland1997_627","name":"川後岩沼","municipality":"嵐山町","address":null,"category":"池・沼","wetland_no":348,"raw_type_code":0,"raw_naturalness_code":0,"status_note":null,"survey_method":"市町村報告","survey_year":1997,"source":"埼玉県環境科学国際センター「1997年版 埼玉県湿地湧水地台帳」（原典: 埼玉県環境生活部自然環境課, 1997年作成）","source_url":"https://atlas-eco-saitama-pref-saitama.hub.arcgis.com/apps/50e96c8bc0cf4bd29418301d7640b33d/explore","data_note":"1997年時点のスナップショットです。現況とは大きく異なる場合があります。categoryは名称文字列からこのスクリプトが独自に推定した分類で、出典データ本来の区分ではありません。"}},{"type":"Feature","geometry":{"type":"Point","coordinates":[139.340040457113,36.1119067830205]},"properties":{"id":"wetland1997_628","name":"中沼","municipality":"江南町","address":null,"category":"池・沼","wetland_no":316,"raw_type_code":0,"raw_naturalness_code":0,"status_note":null,"survey_method":"市町村報告","survey_year":1997,"source":"埼玉県環境科学国際センター「1997年版 埼玉県湿地湧水地台帳」（原典: 埼玉県環境生活部自然環境課, 1997年作成）","source_url":"https://atlas-eco-saitama-pref-saitama.hub.arcgis.com/apps/50e96c8bc0cf4bd29418301d7640b33d/explore","data_note":"1997年時点のスナップショットです。現況とは大きく異なる場合があります。categoryは名称文字列からこのスクリプトが独自に推定した分類で、出典データ本来の区分ではありません。"}},{"type":"Feature","geometry":{"type":"Point","coordinates":[139.612541145751,35.8018807743742]},"properties":{"id":"wetland1997_629","name":"保護地区4-5の下の湿地","municipality":"朝霞市","address":"朝霞市根岸台8丁目","category":"湿地・湿原","wetland_no":1036,"raw_type_code":2,"raw_naturalness_code":5,"status_note":null,"survey_method":"県民調査","survey_year":1997,"source":"埼玉県環境科学国際センター「1997年版 埼玉県湿地湧水地台帳」（原典: 埼玉県環境生活部自然環境課, 1997年作成）","source_url":"https://atlas-eco-saitama-pref-saitama.hub.arcgis.com/apps/50e96c8bc0cf4bd29418301d7640b33d/explore","data_note":"1997年時点のスナップショットです。現況とは大きく異なる場合があります。categoryは名称文字列からこのスクリプトが独自に推定した分類で、出典データ本来の区分ではありません。"}},{"type":"Feature","geometry":{"type":"Point","coordinates":[139.768364796905,35.8182306387013]},"properties":{"id":"wetland1997_630","name":"遊馬町の製薬会社の遊水池","municipality":"草加市","address":"遊馬町2-1","category":"池・沼","wetland_no":193,"raw_type_code":4,"raw_naturalness_code":2,"status_note":null,"survey_method":"代表湿地","survey_year":1997,"source":"埼玉県環境科学国際センター「1997年版 埼玉県湿地湧水地台帳」（原典: 埼玉県環境生活部自然環境課, 1997年作成）","source_url":"https://atlas-eco-saitama-pref-saitama.hub.arcgis.com/apps/50e96c8bc0cf4bd29418301d7640b33d/explore","data_note":"1997年時点のスナップショットです。現況とは大きく異なる場合があります。categoryは名称文字列からこのスクリプトが独自に推定した分類で、出典データ本来の区分ではありません。"}},{"type":"Feature","geometry":{"type":"Point","coordinates":[139.198310759218,35.9283550927061]},"properties":{"id":"wetland1997_631","name":"高麗川河川敷（椚平地区）","municipality":"飯能市","address":null,"category":"河川・水路","wetland_no":710,"raw_type_code":0,"raw_naturalness_code":0,"status_note":null,"survey_method":"航空写真","survey_year":1997,"source":"埼玉県環境科学国際センター「1997年版 埼玉県湿地湧水地台帳」（原典: 埼玉県環境生活部自然環境課, 1997年作成）","source_url":"https://atlas-eco-saitama-pref-saitama.hub.arcgis.com/apps/50e96c8bc0cf4bd29418301d7640b33d/explore","data_note":"1997年時点のスナップショットです。現況とは大きく異なる場合があります。categoryは名称文字列からこのスクリプトが独自に推定した分類で、出典データ本来の区分ではありません。"}},{"type":"Feature","geometry":{"type":"Point","coordinates":[139.354949818342,36.091100194109]},"properties":{"id":"wetland1997_632","name":"福田地区内の湿地","municipality":"滑川町","address":null,"category":"湿地・湿原","wetland_no":336,"raw_type_code":0,"raw_naturalness_code":0,"status_note":null,"survey_method":"市町村報告","survey_year":1997,"source":"埼玉県環境科学国際センター「1997年版 埼玉県湿地湧水地台帳」（原典: 埼玉県環境生活部自然環境課, 1997年作成）","source_url":"https://atlas-eco-saitama-pref-saitama.hub.arcgis.com/apps/50e96c8bc0cf4bd29418301d7640b33d/explore","data_note":"1997年時点のスナップショットです。現況とは大きく異なる場合があります。categoryは名称文字列からこのスクリプトが独自に推定した分類で、出典データ本来の区分ではありません。"}},{"type":"Feature","geometry":{"type":"Point","coordinates":[139.574833016024,36.0842566393734]},"properties":{"id":"wetland1997_633","name":"見沼代用水の旧流路①","municipality":"騎西町","address":"大字中穂足地内","category":"池・沼","wetland_no":212,"raw_type_code":4,"raw_naturalness_code":3,"status_note":null,"survey_method":"代表湿地","survey_year":1997,"source":"埼玉県環境科学国際センター「1997年版 埼玉県湿地湧水地台帳」（原典: 埼玉県環境生活部自然環境課, 1997年作成）","source_url":"https://atlas-eco-saitama-pref-saitama.hub.arcgis.com/apps/50e96c8bc0cf4bd29418301d7640b33d/explore","data_note":"1997年時点のスナップショットです。現況とは大きく異なる場合があります。categoryは名称文字列からこのスクリプトが独自に推定した分類で、出典データ本来の区分ではありません。"}},{"type":"Feature","geometry":{"type":"Point","coordinates":[139.60638103403,36.060224100299]},"properties":{"id":"wetland1997_634","name":"(名称未記載)","municipality":"","address":null,"category":"その他","wetland_no":647,"raw_type_code":0,"raw_naturalness_code":0,"status_note":null,"survey_method":null,"survey_year":1997,"source":"埼玉県環境科学国際センター「1997年版 埼玉県湿地湧水地台帳」（原典: 埼玉県環境生活部自然環境課, 1997年作成）","source_url":"https://atlas-eco-saitama-pref-saitama.hub.arcgis.com/apps/50e96c8bc0cf4bd29418301d7640b33d/explore","data_note":"1997年時点のスナップショットです。現況とは大きく異なる場合があります。categoryは名称文字列からこのスクリプトが独自に推定した分類で、出典データ本来の区分ではありません。"}},{"type":"Feature","geometry":{"type":"Point","coordinates":[139.091885679337,35.9893821354906]},"properties":{"id":"wetland1997_635","name":"姿之池","municipality":"横瀬町","address":"大字横瀬字姿4246","category":"池・沼","wetland_no":236,"raw_type_code":4,"raw_naturalness_code":4,"status_note":null,"survey_method":"代表湿地","survey_year":1997,"source":"埼玉県環境科学国際センター「1997年版 埼玉県湿地湧水地台帳」（原典: 埼玉県環境生活部自然環境課, 1997年作成）","source_url":"https://atlas-eco-saitama-pref-saitama.hub.arcgis.com/apps/50e96c8bc0cf4bd29418301d7640b33d/explore","data_note":"1997年時点のスナップショットです。現況とは大きく異なる場合があります。categoryは名称文字列からこのスクリプトが独自に推定した分類で、出典データ本来の区分ではありません。"}},{"type":"Feature","geometry":{"type":"Point","coordinates":[139.34021225003,36.0702483023535]},"properties":{"id":"wetland1997_636","name":"中伊古地区内の湿地","municipality":"滑川町","address":null,"category":"湿地・湿原","wetland_no":570,"raw_type_code":0,"raw_naturalness_code":0,"status_note":null,"survey_method":"市町村報告","survey_year":1997,"source":"埼玉県環境科学国際センター「1997年版 埼玉県湿地湧水地台帳」（原典: 埼玉県環境生活部自然環境課, 1997年作成）","source_url":"https://atlas-eco-saitama-pref-saitama.hub.arcgis.com/apps/50e96c8bc0cf4bd29418301d7640b33d/explore","data_note":"1997年時点のスナップショットです。現況とは大きく異なる場合があります。categoryは名称文字列からこのスクリプトが独自に推定した分類で、出典データ本来の区分ではありません。"}},{"type":"Feature","geometry":{"type":"Point","coordinates":[139.751232758424,35.8983541977498]},"properties":{"id":"wetland1997_637","name":"新堀池","municipality":"岩槻市","address":null,"category":"池・沼","wetland_no":834,"raw_type_code":0,"raw_naturalness_code":0,"status_note":null,"survey_method":"市町村報告","survey_year":1997,"source":"埼玉県環境科学国際センター「1997年版 埼玉県湿地湧水地台帳」（原典: 埼玉県環境生活部自然環境課, 1997年作成）","source_url":"https://atlas-eco-saitama-pref-saitama.hub.arcgis.com/apps/50e96c8bc0cf4bd29418301d7640b33d/explore","data_note":"1997年時点のスナップショットです。現況とは大きく異なる場合があります。categoryは名称文字列からこのスクリプトが独自に推定した分類で、出典データ本来の区分ではありません。"}},{"type":"Feature","geometry":{"type":"Point","coordinates":[139.581455213941,36.0430313751895]},"properties":{"id":"wetland1997_638","name":"(名称未記載)","municipality":"","address":null,"category":"その他","wetland_no":645,"raw_type_code":0,"raw_naturalness_code":0,"status_note":null,"survey_method":null,"survey_year":1997,"source":"埼玉県環境科学国際センター「1997年版 埼玉県湿地湧水地台帳」（原典: 埼玉県環境生活部自然環境課, 1997年作成）","source_url":"https://atlas-eco-saitama-pref-saitama.hub.arcgis.com/apps/50e96c8bc0cf4bd29418301d7640b33d/explore","data_note":"1997年時点のスナップショットです。現況とは大きく異なる場合があります。categoryは名称文字列からこのスクリプトが独自に推定した分類で、出典データ本来の区分ではありません。"}},{"type":"Feature","geometry":{"type":"Point","coordinates":[139.311576388715,36.0897086755251]},"properties":{"id":"wetland1997_639","name":"池谷沼","municipality":"嵐山町","address":null,"category":"池・沼","wetland_no":353,"raw_type_code":0,"raw_naturalness_code":0,"status_note":null,"survey_method":"市町村報告","survey_year":1997,"source":"埼玉県環境科学国際センター「1997年版 埼玉県湿地湧水地台帳」（原典: 埼玉県環境生活部自然環境課, 1997年作成）","source_url":"https://atlas-eco-saitama-pref-saitama.hub.arcgis.com/apps/50e96c8bc0cf4bd29418301d7640b33d/explore","data_note":"1997年時点のスナップショットです。現況とは大きく異なる場合があります。categoryは名称文字列からこのスクリプトが独自に推定した分類で、出典データ本来の区分ではありません。"}},{"type":"Feature","geometry":{"type":"Point","coordinates":[139.478812521106,36.1259655183206]},"properties":{"id":"wetland1997_640","name":"双子山古墳堀","municipality":"行田市","address":null,"category":"その他","wetland_no":409,"raw_type_code":0,"raw_naturalness_code":0,"status_note":null,"survey_method":"市町村報告","survey_year":1997,"source":"埼玉県環境科学国際センター「1997年版 埼玉県湿地湧水地台帳」（原典: 埼玉県環境生活部自然環境課, 1997年作成）","source_url":"https://atlas-eco-saitama-pref-saitama.hub.arcgis.com/apps/50e96c8bc0cf4bd29418301d7640b33d/explore","data_note":"1997年時点のスナップショットです。現況とは大きく異なる場合があります。categoryは名称文字列からこのスクリプトが独自に推定した分類で、出典データ本来の区分ではありません。"}},{"type":"Feature","geometry":{"type":"Point","coordinates":[139.08964725821,36.1954074557864]},"properties":{"id":"wetland1997_641","name":"羽根倉池","municipality":"神川町","address":"大字新里2021","category":"池・沼","wetland_no":157,"raw_type_code":4,"raw_naturalness_code":4,"status_note":null,"survey_method":"代表湿地","survey_year":1997,"source":"埼玉県環境科学国際センター「1997年版 埼玉県湿地湧水地台帳」（原典: 埼玉県環境生活部自然環境課, 1997年作成）","source_url":"https://atlas-eco-saitama-pref-saitama.hub.arcgis.com/apps/50e96c8bc0cf4bd29418301d7640b33d/explore","data_note":"1997年時点のスナップショットです。現況とは大きく異なる場合があります。categoryは名称文字列からこのスクリプトが独自に推定した分類で、出典データ本来の区分ではありません。"}},{"type":"Feature","geometry":{"type":"Point","coordinates":[139.302610242779,36.013883722848]},"properties":{"id":"wetland1997_642","name":"都幾川河川地内の湿地","municipality":"玉川村","address":null,"category":"河川・水路","wetland_no":499,"raw_type_code":0,"raw_naturalness_code":0,"status_note":null,"survey_method":"市町村報告","survey_year":1997,"source":"埼玉県環境科学国際センター「1997年版 埼玉県湿地湧水地台帳」（原典: 埼玉県環境生活部自然環境課, 1997年作成）","source_url":"https://atlas-eco-saitama-pref-saitama.hub.arcgis.com/apps/50e96c8bc0cf4bd29418301d7640b33d/explore","data_note":"1997年時点のスナップショットです。現況とは大きく異なる場合があります。categoryは名称文字列からこのスクリプトが独自に推定した分類で、出典データ本来の区分ではありません。"}},{"type":"Feature","geometry":{"type":"Point","coordinates":[139.889520505613,35.8142618353924]},"properties":{"id":"wetland1997_643","name":"市内の江戸川河川敷","municipality":"三郷市","address":null,"category":"河川・水路","wetland_no":845,"raw_type_code":0,"raw_naturalness_code":0,"status_note":null,"survey_method":"市町村報告","survey_year":1997,"source":"埼玉県環境科学国際センター「1997年版 埼玉県湿地湧水地台帳」（原典: 埼玉県環境生活部自然環境課, 1997年作成）","source_url":"https://atlas-eco-saitama-pref-saitama.hub.arcgis.com/apps/50e96c8bc0cf4bd29418301d7640b33d/explore","data_note":"1997年時点のスナップショットです。現況とは大きく異なる場合があります。categoryは名称文字列からこのスクリプトが独自に推定した分類で、出典データ本来の区分ではありません。"}},{"type":"Feature","geometry":{"type":"Point","coordinates":[139.102400109395,35.9970765181055]},"properties":{"id":"wetland1997_644","name":"横瀬川河川敷（川西地区）","municipality":"横瀬町","address":null,"category":"河川・水路","wetland_no":699,"raw_type_code":0,"raw_naturalness_code":0,"status_note":null,"survey_method":"航空写真","survey_year":1997,"source":"埼玉県環境科学国際センター「1997年版 埼玉県湿地湧水地台帳」（原典: 埼玉県環境生活部自然環境課, 1997年作成）","source_url":"https://atlas-eco-saitama-pref-saitama.hub.arcgis.com/apps/50e96c8bc0cf4bd29418301d7640b33d/explore","data_note":"1997年時点のスナップショットです。現況とは大きく異なる場合があります。categoryは名称文字列からこのスクリプトが独自に推定した分類で、出典データ本来の区分ではありません。"}},{"type":"Feature","geometry":{"type":"Point","coordinates":[139.149903844476,35.8754726260247]},"properties":{"id":"wetland1997_645","name":"(名称未記載)","municipality":"","address":null,"category":"その他","wetland_no":805,"raw_type_code":0,"raw_naturalness_code":0,"status_note":null,"survey_method":null,"survey_year":1997,"source":"埼玉県環境科学国際センター「1997年版 埼玉県湿地湧水地台帳」（原典: 埼玉県環境生活部自然環境課, 1997年作成）","source_url":"https://atlas-eco-saitama-pref-saitama.hub.arcgis.com/apps/50e96c8bc0cf4bd29418301d7640b33d/explore","data_note":"1997年時点のスナップショットです。現況とは大きく異なる場合があります。categoryは名称文字列からこのスクリプトが独自に推定した分類で、出典データ本来の区分ではありません。"}},{"type":"Feature","geometry":{"type":"Point","coordinates":[139.671775026117,36.1046332468632]},"properties":{"id":"wetland1997_646","name":"宝泉寺池","municipality":"鷲宮町","address":"大字八甫字天王川地内","category":"池・沼","wetland_no":230,"raw_type_code":4,"raw_naturalness_code":1,"status_note":null,"survey_method":"代表湿地","survey_year":1997,"source":"埼玉県環境科学国際センター「1997年版 埼玉県湿地湧水地台帳」（原典: 埼玉県環境生活部自然環境課, 1997年作成）","source_url":"https://atlas-eco-saitama-pref-saitama.hub.arcgis.com/apps/50e96c8bc0cf4bd29418301d7640b33d/explore","data_note":"1997年時点のスナップショットです。現況とは大きく異なる場合があります。categoryは名称文字列からこのスクリプトが独自に推定した分類で、出典データ本来の区分ではありません。"}},{"type":"Feature","geometry":{"type":"Point","coordinates":[139.34952732408,36.08018062583]},"properties":{"id":"wetland1997_647","name":"両表地区内の湿地","municipality":"滑川町","address":null,"category":"湿地・湿原","wetland_no":545,"raw_type_code":0,"raw_naturalness_code":0,"status_note":null,"survey_method":"市町村報告","survey_year":1997,"source":"埼玉県環境科学国際センター「1997年版 埼玉県湿地湧水地台帳」（原典: 埼玉県環境生活部自然環境課, 1997年作成）","source_url":"https://atlas-eco-saitama-pref-saitama.hub.arcgis.com/apps/50e96c8bc0cf4bd29418301d7640b33d/explore","data_note":"1997年時点のスナップショットです。現況とは大きく異なる場合があります。categoryは名称文字列からこのスクリプトが独自に推定した分類で、出典データ本来の区分ではありません。"}},{"type":"Feature","geometry":{"type":"Point","coordinates":[139.479266916825,35.8266373076351]},"properties":{"id":"wetland1997_648","name":"下富地区の南にある湿地","municipality":"所沢市","address":null,"category":"湿地・湿原","wetland_no":842,"raw_type_code":0,"raw_naturalness_code":0,"status_note":null,"survey_method":"市町村報告","survey_year":1997,"source":"埼玉県環境科学国際センター「1997年版 埼玉県湿地湧水地台帳」（原典: 埼玉県環境生活部自然環境課, 1997年作成）","source_url":"https://atlas-eco-saitama-pref-saitama.hub.arcgis.com/apps/50e96c8bc0cf4bd29418301d7640b33d/explore","data_note":"1997年時点のスナップショットです。現況とは大きく異なる場合があります。categoryは名称文字列からこのスクリプトが独自に推定した分類で、出典データ本来の区分ではありません。"}},{"type":"Feature","geometry":{"type":"Point","coordinates":[139.519541939357,36.1246017192276]},"properties":{"id":"wetland1997_649","name":"(名称未記載)","municipality":"","address":null,"category":"その他","wetland_no":421,"raw_type_code":0,"raw_naturalness_code":0,"status_note":null,"survey_method":null,"survey_year":1997,"source":"埼玉県環境科学国際センター「1997年版 埼玉県湿地湧水地台帳」（原典: 埼玉県環境生活部自然環境課, 1997年作成）","source_url":"https://atlas-eco-saitama-pref-saitama.hub.arcgis.com/apps/50e96c8bc0cf4bd29418301d7640b33d/explore","data_note":"1997年時点のスナップショットです。現況とは大きく異なる場合があります。categoryは名称文字列からこのスクリプトが独自に推定した分類で、出典データ本来の区分ではありません。"}},{"type":"Feature","geometry":{"type":"Point","coordinates":[139.630661739779,35.8231049604672]},"properties":{"id":"wetland1997_650","name":"道満グリーンパーク内の池","municipality":"戸田市","address":"戸田市美女木","category":"池・沼","wetland_no":1028,"raw_type_code":4,"raw_naturalness_code":4,"status_note":null,"survey_method":"県民調査","survey_year":1997,"source":"埼玉県環境科学国際センター「1997年版 埼玉県湿地湧水地台帳」（原典: 埼玉県環境生活部自然環境課, 1997年作成）","source_url":"https://atlas-eco-saitama-pref-saitama.hub.arcgis.com/apps/50e96c8bc0cf4bd29418301d7640b33d/explore","data_note":"1997年時点のスナップショットです。現況とは大きく異なる場合があります。categoryは名称文字列からこのスクリプトが独自に推定した分類で、出典データ本来の区分ではありません。"}},{"type":"Feature","geometry":{"type":"Point","coordinates":[139.239051119847,35.8726912555713]},"properties":{"id":"wetland1997_651","name":"金山地区内の入間川河川敷","municipality":"飯能市","address":null,"category":"河川・水路","wetland_no":810,"raw_type_code":0,"raw_naturalness_code":0,"status_note":null,"survey_method":"航空写真","survey_year":1997,"source":"埼玉県環境科学国際センター「1997年版 埼玉県湿地湧水地台帳」（原典: 埼玉県環境生活部自然環境課, 1997年作成）","source_url":"https://atlas-eco-saitama-pref-saitama.hub.arcgis.com/apps/50e96c8bc0cf4bd29418301d7640b33d/explore","data_note":"1997年時点のスナップショットです。現況とは大きく異なる場合があります。categoryは名称文字列からこのスクリプトが独自に推定した分類で、出典データ本来の区分ではありません。"}},{"type":"Feature","geometry":{"type":"Point","coordinates":[139.277859429778,36.0068528310293]},"properties":{"id":"wetland1997_652","name":"本郷下地区内の湿地","municipality":"都幾川村","address":null,"category":"湿地・湿原","wetland_no":502,"raw_type_code":0,"raw_naturalness_code":0,"status_note":null,"survey_method":"航空写真","survey_year":1997,"source":"埼玉県環境科学国際センター「1997年版 埼玉県湿地湧水地台帳」（原典: 埼玉県環境生活部自然環境課, 1997年作成）","source_url":"https://atlas-eco-saitama-pref-saitama.hub.arcgis.com/apps/50e96c8bc0cf4bd29418301d7640b33d/explore","data_note":"1997年時点のスナップショットです。現況とは大きく異なる場合があります。categoryは名称文字列からこのスクリプトが独自に推定した分類で、出典データ本来の区分ではありません。"}},{"type":"Feature","geometry":{"type":"Point","coordinates":[139.681379854457,36.1302109044507]},"properties":{"id":"wetland1997_653","name":"お谷が池","municipality":"大利根町","address":"大字北下新井地内","category":"池・沼","wetland_no":216,"raw_type_code":4,"raw_naturalness_code":3,"status_note":null,"survey_method":"代表湿地","survey_year":1997,"source":"埼玉県環境科学国際センター「1997年版 埼玉県湿地湧水地台帳」（原典: 埼玉県環境生活部自然環境課, 1997年作成）","source_url":"https://atlas-eco-saitama-pref-saitama.hub.arcgis.com/apps/50e96c8bc0cf4bd29418301d7640b33d/explore","data_note":"1997年時点のスナップショットです。現況とは大きく異なる場合があります。categoryは名称文字列からこのスクリプトが独自に推定した分類で、出典データ本来の区分ではありません。"}},{"type":"Feature","geometry":{"type":"Point","coordinates":[139.3089953708,36.0176092362737]},"properties":{"id":"wetland1997_654","name":"都幾川河川地内の湿地","municipality":"玉川村","address":null,"category":"河川・水路","wetland_no":498,"raw_type_code":0,"raw_naturalness_code":0,"status_note":null,"survey_method":"市町村報告","survey_year":1997,"source":"埼玉県環境科学国際センター「1997年版 埼玉県湿地湧水地台帳」（原典: 埼玉県環境生活部自然環境課, 1997年作成）","source_url":"https://atlas-eco-saitama-pref-saitama.hub.arcgis.com/apps/50e96c8bc0cf4bd29418301d7640b33d/explore","data_note":"1997年時点のスナップショットです。現況とは大きく異なる場合があります。categoryは名称文字列からこのスクリプトが独自に推定した分類で、出典データ本来の区分ではありません。"}},{"type":"Feature","geometry":{"type":"Point","coordinates":[139.365134484944,36.0723832911595]},"properties":{"id":"wetland1997_655","name":"武藏丘陵森林公園内の湿地","municipality":"滑川町","address":null,"category":"湿地・湿原","wetland_no":562,"raw_type_code":0,"raw_naturalness_code":0,"status_note":null,"survey_method":"市町村報告","survey_year":1997,"source":"埼玉県環境科学国際センター「1997年版 埼玉県湿地湧水地台帳」（原典: 埼玉県環境生活部自然環境課, 1997年作成）","source_url":"https://atlas-eco-saitama-pref-saitama.hub.arcgis.com/apps/50e96c8bc0cf4bd29418301d7640b33d/explore","data_note":"1997年時点のスナップショットです。現況とは大きく異なる場合があります。categoryは名称文字列からこのスクリプトが独自に推定した分類で、出典データ本来の区分ではありません。"}},{"type":"Feature","geometry":{"type":"Point","coordinates":[139.479787362971,36.0200626695065]},"properties":{"id":"wetland1997_656","name":"市野川沿い河川敷","municipality":"吉見町","address":null,"category":"河川・水路","wetland_no":638,"raw_type_code":0,"raw_naturalness_code":0,"status_note":null,"survey_method":"市町村報告","survey_year":1997,"source":"埼玉県環境科学国際センター「1997年版 埼玉県湿地湧水地台帳」（原典: 埼玉県環境生活部自然環境課, 1997年作成）","source_url":"https://atlas-eco-saitama-pref-saitama.hub.arcgis.com/apps/50e96c8bc0cf4bd29418301d7640b33d/explore","data_note":"1997年時点のスナップショットです。現況とは大きく異なる場合があります。categoryは名称文字列からこのスクリプトが独自に推定した分類で、出典データ本来の区分ではありません。"}},{"type":"Feature","geometry":{"type":"Point","coordinates":[139.699852400328,36.0826634876423]},"properties":{"id":"wetland1997_657","name":"中落石橋下流","municipality":"幸手市","address":"幸手市中川崎","category":"その他","wetland_no":1049,"raw_type_code":3,"raw_naturalness_code":4,"status_note":null,"survey_method":"県民調査","survey_year":1997,"source":"埼玉県環境科学国際センター「1997年版 埼玉県湿地湧水地台帳」（原典: 埼玉県環境生活部自然環境課, 1997年作成）","source_url":"https://atlas-eco-saitama-pref-saitama.hub.arcgis.com/apps/50e96c8bc0cf4bd29418301d7640b33d/explore","data_note":"1997年時点のスナップショットです。現況とは大きく異なる場合があります。categoryは名称文字列からこのスクリプトが独自に推定した分類で、出典データ本来の区分ではありません。"}},{"type":"Feature","geometry":{"type":"Point","coordinates":[138.909695190003,35.9320314864936]},"properties":{"id":"wetland1997_658","name":"大洞川上流","municipality":"大滝村","address":null,"category":"河川・水路","wetland_no":680,"raw_type_code":0,"raw_naturalness_code":0,"status_note":null,"survey_method":"航空写真","survey_year":1997,"source":"埼玉県環境科学国際センター「1997年版 埼玉県湿地湧水地台帳」（原典: 埼玉県環境生活部自然環境課, 1997年作成）","source_url":"https://atlas-eco-saitama-pref-saitama.hub.arcgis.com/apps/50e96c8bc0cf4bd29418301d7640b33d/explore","data_note":"1997年時点のスナップショットです。現況とは大きく異なる場合があります。categoryは名称文字列からこのスクリプトが独自に推定した分類で、出典データ本来の区分ではありません。"}},{"type":"Feature","geometry":{"type":"Point","coordinates":[139.148099131765,35.8755857813603]},"properties":{"id":"wetland1997_659","name":"(名称未記載)","municipality":"","address":null,"category":"その他","wetland_no":804,"raw_type_code":0,"raw_naturalness_code":0,"status_note":null,"survey_method":null,"survey_year":1997,"source":"埼玉県環境科学国際センター「1997年版 埼玉県湿地湧水地台帳」（原典: 埼玉県環境生活部自然環境課, 1997年作成）","source_url":"https://atlas-eco-saitama-pref-saitama.hub.arcgis.com/apps/50e96c8bc0cf4bd29418301d7640b33d/explore","data_note":"1997年時点のスナップショットです。現況とは大きく異なる場合があります。categoryは名称文字列からこのスクリプトが独自に推定した分類で、出典データ本来の区分ではありません。"}},{"type":"Feature","geometry":{"type":"Point","coordinates":[139.233147398088,35.8713983774385]},"properties":{"id":"wetland1997_660","name":"金山地区の西にある入間川河川敷","municipality":"飯能市","address":null,"category":"河川・水路","wetland_no":809,"raw_type_code":0,"raw_naturalness_code":0,"status_note":null,"survey_method":"航空写真","survey_year":1997,"source":"埼玉県環境科学国際センター「1997年版 埼玉県湿地湧水地台帳」（原典: 埼玉県環境生活部自然環境課, 1997年作成）","source_url":"https://atlas-eco-saitama-pref-saitama.hub.arcgis.com/apps/50e96c8bc0cf4bd29418301d7640b33d/explore","data_note":"1997年時点のスナップショットです。現況とは大きく異なる場合があります。categoryは名称文字列からこのスクリプトが独自に推定した分類で、出典データ本来の区分ではありません。"}},{"type":"Feature","geometry":{"type":"Point","coordinates":[139.649832697935,36.1110880755423]},"properties":{"id":"wetland1997_661","name":"南大桑地内の湿原","municipality":"加須市","address":"大字南大桑地内","category":"湿地・湿原","wetland_no":183,"raw_type_code":1,"raw_naturalness_code":5,"status_note":null,"survey_method":"代表湿地","survey_year":1997,"source":"埼玉県環境科学国際センター「1997年版 埼玉県湿地湧水地台帳」（原典: 埼玉県環境生活部自然環境課, 1997年作成）","source_url":"https://atlas-eco-saitama-pref-saitama.hub.arcgis.com/apps/50e96c8bc0cf4bd29418301d7640b33d/explore","data_note":"1997年時点のスナップショットです。現況とは大きく異なる場合があります。categoryは名称文字列からこのスクリプトが独自に推定した分類で、出典データ本来の区分ではありません。"}},{"type":"Feature","geometry":{"type":"Point","coordinates":[139.480410327553,36.1288750313042]},"properties":{"id":"wetland1997_662","name":"稲荷山古墳堀","municipality":"行田市","address":null,"category":"その他","wetland_no":408,"raw_type_code":0,"raw_naturalness_code":0,"status_note":null,"survey_method":"市町村報告","survey_year":1997,"source":"埼玉県環境科学国際センター「1997年版 埼玉県湿地湧水地台帳」（原典: 埼玉県環境生活部自然環境課, 1997年作成）","source_url":"https://atlas-eco-saitama-pref-saitama.hub.arcgis.com/apps/50e96c8bc0cf4bd29418301d7640b33d/explore","data_note":"1997年時点のスナップショットです。現況とは大きく異なる場合があります。categoryは名称文字列からこのスクリプトが独自に推定した分類で、出典データ本来の区分ではありません。"}},{"type":"Feature","geometry":{"type":"Point","coordinates":[139.33042765892,35.9550529452214]},"properties":{"id":"wetland1997_663","name":"(名称未記載)","municipality":"","address":null,"category":"その他","wetland_no":757,"raw_type_code":0,"raw_naturalness_code":0,"status_note":null,"survey_method":null,"survey_year":1997,"source":"埼玉県環境科学国際センター「1997年版 埼玉県湿地湧水地台帳」（原典: 埼玉県環境生活部自然環境課, 1997年作成）","source_url":"https://atlas-eco-saitama-pref-saitama.hub.arcgis.com/apps/50e96c8bc0cf4bd29418301d7640b33d/explore","data_note":"1997年時点のスナップショットです。現況とは大きく異なる場合があります。categoryは名称文字列からこのスクリプトが独自に推定した分類で、出典データ本来の区分ではありません。"}},{"type":"Feature","geometry":{"type":"Point","coordinates":[139.26881984477,36.0063497032684]},"properties":{"id":"wetland1997_664","name":"田中地区内の湿地","municipality":"都幾川村","address":null,"category":"湿地・湿原","wetland_no":503,"raw_type_code":0,"raw_naturalness_code":0,"status_note":null,"survey_method":"航空写真","survey_year":1997,"source":"埼玉県環境科学国際センター「1997年版 埼玉県湿地湧水地台帳」（原典: 埼玉県環境生活部自然環境課, 1997年作成）","source_url":"https://atlas-eco-saitama-pref-saitama.hub.arcgis.com/apps/50e96c8bc0cf4bd29418301d7640b33d/explore","data_note":"1997年時点のスナップショットです。現況とは大きく異なる場合があります。categoryは名称文字列からこのスクリプトが独自に推定した分類で、出典データ本来の区分ではありません。"}},{"type":"Feature","geometry":{"type":"Point","coordinates":[139.738740320756,36.0865319197548]},"properties":{"id":"wetland1997_665","name":"堤下地区の中川の左岸にある湿地","municipality":"幸手市","address":null,"category":"河川・水路","wetland_no":663,"raw_type_code":0,"raw_naturalness_code":0,"status_note":null,"survey_method":"市町村報告","survey_year":1997,"source":"埼玉県環境科学国際センター「1997年版 埼玉県湿地湧水地台帳」（原典: 埼玉県環境生活部自然環境課, 1997年作成）","source_url":"https://atlas-eco-saitama-pref-saitama.hub.arcgis.com/apps/50e96c8bc0cf4bd29418301d7640b33d/explore","data_note":"1997年時点のスナップショットです。現況とは大きく異なる場合があります。categoryは名称文字列からこのスクリプトが独自に推定した分類で、出典データ本来の区分ではありません。"}},{"type":"Feature","geometry":{"type":"Point","coordinates":[139.600228105239,35.9426628360253]},"properties":{"id":"wetland1997_666","name":"三貫清水","municipality":"大宮市","address":"奈良町72～73","category":"湧水・井戸","wetland_no":8,"raw_type_code":2,"raw_naturalness_code":3,"status_note":null,"survey_method":"代表湿地","survey_year":1997,"source":"埼玉県環境科学国際センター「1997年版 埼玉県湿地湧水地台帳」（原典: 埼玉県環境生活部自然環境課, 1997年作成）","source_url":"https://atlas-eco-saitama-pref-saitama.hub.arcgis.com/apps/50e96c8bc0cf4bd29418301d7640b33d/explore","data_note":"1997年時点のスナップショットです。現況とは大きく異なる場合があります。categoryは名称文字列からこのスクリプトが独自に推定した分類で、出典データ本来の区分ではありません。"}},{"type":"Feature","geometry":{"type":"Point","coordinates":[139.257020339665,35.8666878808909]},"properties":{"id":"wetland1997_667","name":"原市場地区内にある入間川河川敷","municipality":"飯能市","address":null,"category":"河川・水路","wetland_no":811,"raw_type_code":0,"raw_naturalness_code":0,"status_note":null,"survey_method":"航空写真","survey_year":1997,"source":"埼玉県環境科学国際センター「1997年版 埼玉県湿地湧水地台帳」（原典: 埼玉県環境生活部自然環境課, 1997年作成）","source_url":"https://atlas-eco-saitama-pref-saitama.hub.arcgis.com/apps/50e96c8bc0cf4bd29418301d7640b33d/explore","data_note":"1997年時点のスナップショットです。現況とは大きく異なる場合があります。categoryは名称文字列からこのスクリプトが独自に推定した分類で、出典データ本来の区分ではありません。"}},{"type":"Feature","geometry":{"type":"Point","coordinates":[139.888691935527,35.8035910464719]},"properties":{"id":"wetland1997_668","name":"市内の江戸川河川敷","municipality":"三郷市","address":null,"category":"河川・水路","wetland_no":846,"raw_type_code":0,"raw_naturalness_code":0,"status_note":null,"survey_method":"市町村報告","survey_year":1997,"source":"埼玉県環境科学国際センター「1997年版 埼玉県湿地湧水地台帳」（原典: 埼玉県環境生活部自然環境課, 1997年作成）","source_url":"https://atlas-eco-saitama-pref-saitama.hub.arcgis.com/apps/50e96c8bc0cf4bd29418301d7640b33d/explore","data_note":"1997年時点のスナップショットです。現況とは大きく異なる場合があります。categoryは名称文字列からこのスクリプトが独自に推定した分類で、出典データ本来の区分ではありません。"}},{"type":"Feature","geometry":{"type":"Point","coordinates":[139.706479119465,35.9961472279433]},"properties":{"id":"wetland1997_669","name":"新田の沼","municipality":"白岡町","address":"白岡町大字太田新井","category":"池・沼","wetland_no":1136,"raw_type_code":4,"raw_naturalness_code":4,"status_note":null,"survey_method":"県民調査","survey_year":1997,"source":"埼玉県環境科学国際センター「1997年版 埼玉県湿地湧水地台帳」（原典: 埼玉県環境生活部自然環境課, 1997年作成）","source_url":"https://atlas-eco-saitama-pref-saitama.hub.arcgis.com/apps/50e96c8bc0cf4bd29418301d7640b33d/explore","data_note":"1997年時点のスナップショットです。現況とは大きく異なる場合があります。categoryは名称文字列からこのスクリプトが独自に推定した分類で、出典データ本来の区分ではありません。"}},{"type":"Feature","geometry":{"type":"Point","coordinates":[139.670778944486,35.8583707367197]},"properties":{"id":"wetland1997_670","name":"浦和競馬場内の池","municipality":"浦和市","address":"浦和市大谷場","category":"池・沼","wetland_no":1047,"raw_type_code":4,"raw_naturalness_code":3,"status_note":null,"survey_method":"県民調査","survey_year":1997,"source":"埼玉県環境科学国際センター「1997年版 埼玉県湿地湧水地台帳」（原典: 埼玉県環境生活部自然環境課, 1997年作成）","source_url":"https://atlas-eco-saitama-pref-saitama.hub.arcgis.com/apps/50e96c8bc0cf4bd29418301d7640b33d/explore","data_note":"1997年時点のスナップショットです。現況とは大きく異なる場合があります。categoryは名称文字列からこのスクリプトが独自に推定した分類で、出典データ本来の区分ではありません。"}},{"type":"Feature","geometry":{"type":"Point","coordinates":[139.650843354732,35.8490189750556]},"properties":{"id":"wetland1997_671","name":"白幡沼及びその周辺湿地","municipality":"浦和市","address":"白幡2丁目地内","category":"池・沼","wetland_no":6,"raw_type_code":4,"raw_naturalness_code":3,"status_note":null,"survey_method":"代表湿地","survey_year":1997,"source":"埼玉県環境科学国際センター「1997年版 埼玉県湿地湧水地台帳」（原典: 埼玉県環境生活部自然環境課, 1997年作成）","source_url":"https://atlas-eco-saitama-pref-saitama.hub.arcgis.com/apps/50e96c8bc0cf4bd29418301d7640b33d/explore","data_note":"1997年時点のスナップショットです。現況とは大きく異なる場合があります。categoryは名称文字列からこのスクリプトが独自に推定した分類で、出典データ本来の区分ではありません。"}},{"type":"Feature","geometry":{"type":"Point","coordinates":[139.714171604347,36.0981018988695]},"properties":{"id":"wetland1997_672","name":"高須賀沼","municipality":"幸手市","address":"大字高須賀地内","category":"池・沼","wetland_no":224,"raw_type_code":4,"raw_naturalness_code":3,"status_note":null,"survey_method":"代表湿地","survey_year":1997,"source":"埼玉県環境科学国際センター「1997年版 埼玉県湿地湧水地台帳」（原典: 埼玉県環境生活部自然環境課, 1997年作成）","source_url":"https://atlas-eco-saitama-pref-saitama.hub.arcgis.com/apps/50e96c8bc0cf4bd29418301d7640b33d/explore","data_note":"1997年時点のスナップショットです。現況とは大きく異なる場合があります。categoryは名称文字列からこのスクリプトが独自に推定した分類で、出典データ本来の区分ではありません。"}},{"type":"Feature","geometry":{"type":"Point","coordinates":[139.423572138167,35.925598496456]},"properties":{"id":"wetland1997_673","name":"小畔水鳥の郷公園","municipality":"川越市","address":"川越市吉田新町1丁目","category":"その他","wetland_no":1019,"raw_type_code":4,"raw_naturalness_code":1,"status_note":null,"survey_method":"県民調査","survey_year":1997,"source":"埼玉県環境科学国際センター「1997年版 埼玉県湿地湧水地台帳」（原典: 埼玉県環境生活部自然環境課, 1997年作成）","source_url":"https://atlas-eco-saitama-pref-saitama.hub.arcgis.com/apps/50e96c8bc0cf4bd29418301d7640b33d/explore","data_note":"1997年時点のスナップショットです。現況とは大きく異なる場合があります。categoryは名称文字列からこのスクリプトが独自に推定した分類で、出典データ本来の区分ではありません。"}},{"type":"Feature","geometry":{"type":"Point","coordinates":[139.478681338329,36.1288810955581]},"properties":{"id":"wetland1997_674","name":"丸墓山古墳堀","municipality":"行田市","address":null,"category":"その他","wetland_no":407,"raw_type_code":0,"raw_naturalness_code":0,"status_note":null,"survey_method":"市町村報告","survey_year":1997,"source":"埼玉県環境科学国際センター「1997年版 埼玉県湿地湧水地台帳」（原典: 埼玉県環境生活部自然環境課, 1997年作成）","source_url":"https://atlas-eco-saitama-pref-saitama.hub.arcgis.com/apps/50e96c8bc0cf4bd29418301d7640b33d/explore","data_note":"1997年時点のスナップショットです。現況とは大きく異なる場合があります。categoryは名称文字列からこのスクリプトが独自に推定した分類で、出典データ本来の区分ではありません。"}},{"type":"Feature","geometry":{"type":"Point","coordinates":[139.297828178145,36.1026901694802]},"properties":{"id":"wetland1997_675","name":"柏木沼","municipality":"嵐山町","address":null,"category":"池・沼","wetland_no":357,"raw_type_code":0,"raw_naturalness_code":0,"status_note":null,"survey_method":"市町村報告","survey_year":1997,"source":"埼玉県環境科学国際センター「1997年版 埼玉県湿地湧水地台帳」（原典: 埼玉県環境生活部自然環境課, 1997年作成）","source_url":"https://atlas-eco-saitama-pref-saitama.hub.arcgis.com/apps/50e96c8bc0cf4bd29418301d7640b33d/explore","data_note":"1997年時点のスナップショットです。現況とは大きく異なる場合があります。categoryは名称文字列からこのスクリプトが独自に推定した分類で、出典データ本来の区分ではありません。"}},{"type":"Feature","geometry":{"type":"Point","coordinates":[139.62743058055,36.1355372284849]},"properties":{"id":"wetland1997_676","name":"北篠崎地内道上付近の湿地","municipality":"加須市","address":"大字北篠崎地内","category":"湿地・湿原","wetland_no":182,"raw_type_code":1,"raw_naturalness_code":5,"status_note":null,"survey_method":"代表湿地","survey_year":1997,"source":"埼玉県環境科学国際センター「1997年版 埼玉県湿地湧水地台帳」（原典: 埼玉県環境生活部自然環境課, 1997年作成）","source_url":"https://atlas-eco-saitama-pref-saitama.hub.arcgis.com/apps/50e96c8bc0cf4bd29418301d7640b33d/explore","data_note":"1997年時点のスナップショットです。現況とは大きく異なる場合があります。categoryは名称文字列からこのスクリプトが独自に推定した分類で、出典データ本来の区分ではありません。"}},{"type":"Feature","geometry":{"type":"Point","coordinates":[139.755309761443,35.8832754597601]},"properties":{"id":"wetland1997_677","name":"県民健康福祉村調節池","municipality":"越谷市","address":"大字西新井地内","category":"池・沼","wetland_no":197,"raw_type_code":0,"raw_naturalness_code":0,"status_note":null,"survey_method":"代表湿地","survey_year":1997,"source":"埼玉県環境科学国際センター「1997年版 埼玉県湿地湧水地台帳」（原典: 埼玉県環境生活部自然環境課, 1997年作成）","source_url":"https://atlas-eco-saitama-pref-saitama.hub.arcgis.com/apps/50e96c8bc0cf4bd29418301d7640b33d/explore","data_note":"1997年時点のスナップショットです。現況とは大きく異なる場合があります。categoryは名称文字列からこのスクリプトが独自に推定した分類で、出典データ本来の区分ではありません。"}},{"type":"Feature","geometry":{"type":"Point","coordinates":[139.624974600038,36.1136090561368]},"properties":{"id":"wetland1997_678","name":"花崎工業団地調節池","municipality":"加須市","address":"花崎北4-13地内","category":"池・沼","wetland_no":185,"raw_type_code":4,"raw_naturalness_code":1,"status_note":null,"survey_method":"代表湿地","survey_year":1997,"source":"埼玉県環境科学国際センター「1997年版 埼玉県湿地湧水地台帳」（原典: 埼玉県環境生活部自然環境課, 1997年作成）","source_url":"https://atlas-eco-saitama-pref-saitama.hub.arcgis.com/apps/50e96c8bc0cf4bd29418301d7640b33d/explore","data_note":"1997年時点のスナップショットです。現況とは大きく異なる場合があります。categoryは名称文字列からこのスクリプトが独自に推定した分類で、出典データ本来の区分ではありません。"}},{"type":"Feature","geometry":{"type":"Point","coordinates":[139.641424123719,35.8559153663744]},"properties":{"id":"wetland1997_679","name":"別所沼公園","municipality":"浦和市","address":"別所沼4丁目地内","category":"池・沼","wetland_no":5,"raw_type_code":4,"raw_naturalness_code":3,"status_note":null,"survey_method":"代表湿地","survey_year":1997,"source":"埼玉県環境科学国際センター「1997年版 埼玉県湿地湧水地台帳」（原典: 埼玉県環境生活部自然環境課, 1997年作成）","source_url":"https://atlas-eco-saitama-pref-saitama.hub.arcgis.com/apps/50e96c8bc0cf4bd29418301d7640b33d/explore","data_note":"1997年時点のスナップショットです。現況とは大きく異なる場合があります。categoryは名称文字列からこのスクリプトが独自に推定した分類で、出典データ本来の区分ではありません。"}},{"type":"Feature","geometry":{"type":"Point","coordinates":[139.183076033584,36.1133832182022]},"properties":{"id":"wetland1997_680","name":"荒川河川敷（六供地区）","municipality":"寄居町","address":null,"category":"河川・水路","wetland_no":285,"raw_type_code":0,"raw_naturalness_code":0,"status_note":null,"survey_method":"市町村報告","survey_year":1997,"source":"埼玉県環境科学国際センター「1997年版 埼玉県湿地湧水地台帳」（原典: 埼玉県環境生活部自然環境課, 1997年作成）","source_url":"https://atlas-eco-saitama-pref-saitama.hub.arcgis.com/apps/50e96c8bc0cf4bd29418301d7640b33d/explore","data_note":"1997年時点のスナップショットです。現況とは大きく異なる場合があります。categoryは名称文字列からこのスクリプトが独自に推定した分類で、出典データ本来の区分ではありません。"}},{"type":"Feature","geometry":{"type":"Point","coordinates":[139.458378000756,36.1340341510948]},"properties":{"id":"wetland1997_681","name":"しのぶ池（水域公園）","municipality":"行田市","address":null,"category":"池・沼","wetland_no":403,"raw_type_code":0,"raw_naturalness_code":0,"status_note":null,"survey_method":"市町村報告","survey_year":1997,"source":"埼玉県環境科学国際センター「1997年版 埼玉県湿地湧水地台帳」（原典: 埼玉県環境生活部自然環境課, 1997年作成）","source_url":"https://atlas-eco-saitama-pref-saitama.hub.arcgis.com/apps/50e96c8bc0cf4bd29418301d7640b33d/explore","data_note":"1997年時点のスナップショットです。現況とは大きく異なる場合があります。categoryは名称文字列からこのスクリプトが独自に推定した分類で、出典データ本来の区分ではありません。"}},{"type":"Feature","geometry":{"type":"Point","coordinates":[139.387164658478,36.0652425673926]},"properties":{"id":"wetland1997_682","name":"梶久保沼","municipality":"東松山市","address":null,"category":"池・沼","wetland_no":615,"raw_type_code":0,"raw_naturalness_code":0,"status_note":null,"survey_method":"市町村報告","survey_year":1997,"source":"埼玉県環境科学国際センター「1997年版 埼玉県湿地湧水地台帳」（原典: 埼玉県環境生活部自然環境課, 1997年作成）","source_url":"https://atlas-eco-saitama-pref-saitama.hub.arcgis.com/apps/50e96c8bc0cf4bd29418301d7640b33d/explore","data_note":"1997年時点のスナップショットです。現況とは大きく異なる場合があります。categoryは名称文字列からこのスクリプトが独自に推定した分類で、出典データ本来の区分ではありません。"}},{"type":"Feature","geometry":{"type":"Point","coordinates":[139.105091831193,35.9897898392339]},"properties":{"id":"wetland1997_683","name":"横瀬川河川敷（中郷地区）","municipality":"横瀬町","address":null,"category":"河川・水路","wetland_no":700,"raw_type_code":0,"raw_naturalness_code":0,"status_note":null,"survey_method":"航空写真","survey_year":1997,"source":"埼玉県環境科学国際センター「1997年版 埼玉県湿地湧水地台帳」（原典: 埼玉県環境生活部自然環境課, 1997年作成）","source_url":"https://atlas-eco-saitama-pref-saitama.hub.arcgis.com/apps/50e96c8bc0cf4bd29418301d7640b33d/explore","data_note":"1997年時点のスナップショットです。現況とは大きく異なる場合があります。categoryは名称文字列からこのスクリプトが独自に推定した分類で、出典データ本来の区分ではありません。"}},{"type":"Feature","geometry":{"type":"Point","coordinates":[139.311480035418,35.8550951736835]},"properties":{"id":"wetland1997_684","name":"久下地区の入間川河川敷","municipality":"飯能市","address":null,"category":"河川・水路","wetland_no":819,"raw_type_code":0,"raw_naturalness_code":0,"status_note":null,"survey_method":"航空写真","survey_year":1997,"source":"埼玉県環境科学国際センター「1997年版 埼玉県湿地湧水地台帳」（原典: 埼玉県環境生活部自然環境課, 1997年作成）","source_url":"https://atlas-eco-saitama-pref-saitama.hub.arcgis.com/apps/50e96c8bc0cf4bd29418301d7640b33d/explore","data_note":"1997年時点のスナップショットです。現況とは大きく異なる場合があります。categoryは名称文字列からこのスクリプトが独自に推定した分類で、出典データ本来の区分ではありません。"}},{"type":"Feature","geometry":{"type":"Point","coordinates":[139.629575426869,35.9199647836173]},"properties":{"id":"wetland1997_685","name":"大宮公園内の池","municipality":"大宮市","address":null,"category":"池・沼","wetland_no":789,"raw_type_code":0,"raw_naturalness_code":0,"status_note":null,"survey_method":"航空写真","survey_year":1997,"source":"埼玉県環境科学国際センター「1997年版 埼玉県湿地湧水地台帳」（原典: 埼玉県環境生活部自然環境課, 1997年作成）","source_url":"https://atlas-eco-saitama-pref-saitama.hub.arcgis.com/apps/50e96c8bc0cf4bd29418301d7640b33d/explore","data_note":"1997年時点のスナップショットです。現況とは大きく異なる場合があります。categoryは名称文字列からこのスクリプトが独自に推定した分類で、出典データ本来の区分ではありません。"}},{"type":"Feature","geometry":{"type":"Point","coordinates":[139.514684103625,35.8869574404857]},"properties":{"id":"wetland1997_686","name":"寺尾地区内の東にある湿地","municipality":"川越市","address":"川越市寺尾","category":"湿地・湿原","wetland_no":828,"raw_type_code":0,"raw_naturalness_code":0,"status_note":null,"survey_method":"航空写真","survey_year":1997,"source":"埼玉県環境科学国際センター「1997年版 埼玉県湿地湧水地台帳」（原典: 埼玉県環境生活部自然環境課, 1997年作成）","source_url":"https://atlas-eco-saitama-pref-saitama.hub.arcgis.com/apps/50e96c8bc0cf4bd29418301d7640b33d/explore","data_note":"1997年時点のスナップショットです。現況とは大きく異なる場合があります。categoryは名称文字列からこのスクリプトが独自に推定した分類で、出典データ本来の区分ではありません。"}},{"type":"Feature","geometry":{"type":"Point","coordinates":[139.614894150586,36.1306013751581]},"properties":{"id":"wetland1997_687","name":"大沼","municipality":"加須市","address":"大字北小浜地内","category":"池・沼","wetland_no":179,"raw_type_code":4,"raw_naturalness_code":3,"status_note":null,"survey_method":"代表湿地","survey_year":1997,"source":"埼玉県環境科学国際センター「1997年版 埼玉県湿地湧水地台帳」（原典: 埼玉県環境生活部自然環境課, 1997年作成）","source_url":"https://atlas-eco-saitama-pref-saitama.hub.arcgis.com/apps/50e96c8bc0cf4bd29418301d7640b33d/explore","data_note":"1997年時点のスナップショットです。現況とは大きく異なる場合があります。categoryは名称文字列からこのスクリプトが独自に推定した分類で、出典データ本来の区分ではありません。"}},{"type":"Feature","geometry":{"type":"Point","coordinates":[139.274309182672,35.9720667709142]},"properties":{"id":"wetland1997_688","name":"越辺川（越生梅林内）","municipality":"越生町","address":null,"category":"河川・水路","wetland_no":750,"raw_type_code":0,"raw_naturalness_code":0,"status_note":null,"survey_method":"市町村報告","survey_year":1997,"source":"埼玉県環境科学国際センター「1997年版 埼玉県湿地湧水地台帳」（原典: 埼玉県環境生活部自然環境課, 1997年作成）","source_url":"https://atlas-eco-saitama-pref-saitama.hub.arcgis.com/apps/50e96c8bc0cf4bd29418301d7640b33d/explore","data_note":"1997年時点のスナップショットです。現況とは大きく異なる場合があります。categoryは名称文字列からこのスクリプトが独自に推定した分類で、出典データ本来の区分ではありません。"}},{"type":"Feature","geometry":{"type":"Point","coordinates":[139.418357694624,36.0439160306221]},"properties":{"id":"wetland1997_689","name":"大字松山の滑川・市野川合流地点","municipality":"東松山市","address":null,"category":"河川・水路","wetland_no":621,"raw_type_code":0,"raw_naturalness_code":0,"status_note":null,"survey_method":"市町村報告","survey_year":1997,"source":"埼玉県環境科学国際センター「1997年版 埼玉県湿地湧水地台帳」（原典: 埼玉県環境生活部自然環境課, 1997年作成）","source_url":"https://atlas-eco-saitama-pref-saitama.hub.arcgis.com/apps/50e96c8bc0cf4bd29418301d7640b33d/explore","data_note":"1997年時点のスナップショットです。現況とは大きく異なる場合があります。categoryは名称文字列からこのスクリプトが独自に推定した分類で、出典データ本来の区分ではありません。"}},{"type":"Feature","geometry":{"type":"Point","coordinates":[139.593521755841,36.0419311814247]},"properties":{"id":"wetland1997_690","name":"(名称未記載)","municipality":"","address":null,"category":"その他","wetland_no":646,"raw_type_code":0,"raw_naturalness_code":0,"status_note":null,"survey_method":null,"survey_year":1997,"source":"埼玉県環境科学国際センター「1997年版 埼玉県湿地湧水地台帳」（原典: 埼玉県環境生活部自然環境課, 1997年作成）","source_url":"https://atlas-eco-saitama-pref-saitama.hub.arcgis.com/apps/50e96c8bc0cf4bd29418301d7640b33d/explore","data_note":"1997年時点のスナップショットです。現況とは大きく異なる場合があります。categoryは名称文字列からこのスクリプトが独自に推定した分類で、出典データ本来の区分ではありません。"}},{"type":"Feature","geometry":{"type":"Point","coordinates":[139.610264398901,35.7795544996792]},"properties":{"id":"wetland1997_691","name":"西大和団地付近の雨水調整池","municipality":"和光市","address":"大字広沢地内","category":"池・沼","wetland_no":95,"raw_type_code":4,"raw_naturalness_code":3,"status_note":null,"survey_method":"代表湿地","survey_year":1997,"source":"埼玉県環境科学国際センター「1997年版 埼玉県湿地湧水地台帳」（原典: 埼玉県環境生活部自然環境課, 1997年作成）","source_url":"https://atlas-eco-saitama-pref-saitama.hub.arcgis.com/apps/50e96c8bc0cf4bd29418301d7640b33d/explore","data_note":"1997年時点のスナップショットです。現況とは大きく異なる場合があります。categoryは名称文字列からこのスクリプトが独自に推定した分類で、出典データ本来の区分ではありません。"}},{"type":"Feature","geometry":{"type":"Point","coordinates":[139.308756129677,35.873913128792]},"properties":{"id":"wetland1997_692","name":"滝不動の湧水地","municipality":"日高市","address":"大字台地内","category":"湧水・井戸","wetland_no":127,"raw_type_code":2,"raw_naturalness_code":0,"status_note":null,"survey_method":"代表湿地","survey_year":1997,"source":"埼玉県環境科学国際センター「1997年版 埼玉県湿地湧水地台帳」（原典: 埼玉県環境生活部自然環境課, 1997年作成）","source_url":"https://atlas-eco-saitama-pref-saitama.hub.arcgis.com/apps/50e96c8bc0cf4bd29418301d7640b33d/explore","data_note":"1997年時点のスナップショットです。現況とは大きく異なる場合があります。categoryは名称文字列からこのスクリプトが独自に推定した分類で、出典データ本来の区分ではありません。"}},{"type":"Feature","geometry":{"type":"Point","coordinates":[139.808607818752,35.9670962470975]},"properties":{"id":"wetland1997_693","name":"飯沼の湿地","municipality":"庄和町","address":"大字飯沼地内","category":"池・沼","wetland_no":233,"raw_type_code":1,"raw_naturalness_code":5,"status_note":null,"survey_method":"代表湿地","survey_year":1997,"source":"埼玉県環境科学国際センター「1997年版 埼玉県湿地湧水地台帳」（原典: 埼玉県環境生活部自然環境課, 1997年作成）","source_url":"https://atlas-eco-saitama-pref-saitama.hub.arcgis.com/apps/50e96c8bc0cf4bd29418301d7640b33d/explore","data_note":"1997年時点のスナップショットです。現況とは大きく異なる場合があります。categoryは名称文字列からこのスクリプトが独自に推定した分類で、出典データ本来の区分ではありません。"}},{"type":"Feature","geometry":{"type":"Point","coordinates":[139.019725515445,36.010404213284]},"properties":{"id":"wetland1997_694","name":"信濃石の河原","municipality":"小鹿野町","address":"小鹿野町下小鹿野","category":"河川・水路","wetland_no":443,"raw_type_code":3,"raw_naturalness_code":4,"status_note":null,"survey_method":"県民調査","survey_year":1997,"source":"埼玉県環境科学国際センター「1997年版 埼玉県湿地湧水地台帳」（原典: 埼玉県環境生活部自然環境課, 1997年作成）","source_url":"https://atlas-eco-saitama-pref-saitama.hub.arcgis.com/apps/50e96c8bc0cf4bd29418301d7640b33d/explore","data_note":"1997年時点のスナップショットです。現況とは大きく異なる場合があります。categoryは名称文字列からこのスクリプトが独自に推定した分類で、出典データ本来の区分ではありません。"}},{"type":"Feature","geometry":{"type":"Point","coordinates":[138.88254597311,35.9399333180438]},"properties":{"id":"wetland1997_695","name":"中津川河川敷（秩父湖の西側）","municipality":"大滝村","address":null,"category":"河川・水路","wetland_no":679,"raw_type_code":0,"raw_naturalness_code":0,"status_note":null,"survey_method":"航空写真","survey_year":1997,"source":"埼玉県環境科学国際センター「1997年版 埼玉県湿地湧水地台帳」（原典: 埼玉県環境生活部自然環境課, 1997年作成）","source_url":"https://atlas-eco-saitama-pref-saitama.hub.arcgis.com/apps/50e96c8bc0cf4bd29418301d7640b33d/explore","data_note":"1997年時点のスナップショットです。現況とは大きく異なる場合があります。categoryは名称文字列からこのスクリプトが独自に推定した分類で、出典データ本来の区分ではありません。"}},{"type":"Feature","geometry":{"type":"Point","coordinates":[139.437162148229,36.0348644598045]},"properties":{"id":"wetland1997_696","name":"天神沼","municipality":"吉見町","address":"大字南吉見地内","category":"池・沼","wetland_no":139,"raw_type_code":0,"raw_naturalness_code":0,"status_note":null,"survey_method":"代表湿地","survey_year":1997,"source":"埼玉県環境科学国際センター「1997年版 埼玉県湿地湧水地台帳」（原典: 埼玉県環境生活部自然環境課, 1997年作成）","source_url":"https://atlas-eco-saitama-pref-saitama.hub.arcgis.com/apps/50e96c8bc0cf4bd29418301d7640b33d/explore","data_note":"1997年時点のスナップショットです。現況とは大きく異なる場合があります。categoryは名称文字列からこのスクリプトが独自に推定した分類で、出典データ本来の区分ではありません。"}},{"type":"Feature","geometry":{"type":"Point","coordinates":[139.148100799038,35.9747617293904]},"properties":{"id":"wetland1997_697","name":"横瀬川河川敷（赤谷地区）","municipality":"横瀬町","address":null,"category":"河川・水路","wetland_no":707,"raw_type_code":0,"raw_naturalness_code":0,"status_note":null,"survey_method":"航空写真","survey_year":1997,"source":"埼玉県環境科学国際センター「1997年版 埼玉県湿地湧水地台帳」（原典: 埼玉県環境生活部自然環境課, 1997年作成）","source_url":"https://atlas-eco-saitama-pref-saitama.hub.arcgis.com/apps/50e96c8bc0cf4bd29418301d7640b33d/explore","data_note":"1997年時点のスナップショットです。現況とは大きく異なる場合があります。categoryは名称文字列からこのスクリプトが独自に推定した分類で、出典データ本来の区分ではありません。"}},{"type":"Feature","geometry":{"type":"Point","coordinates":[139.778453002412,36.0115503448916]},"properties":{"id":"wetland1997_698","name":"(名称未記載)","municipality":"","address":null,"category":"その他","wetland_no":669,"raw_type_code":0,"raw_naturalness_code":0,"status_note":null,"survey_method":null,"survey_year":1997,"source":"埼玉県環境科学国際センター「1997年版 埼玉県湿地湧水地台帳」（原典: 埼玉県環境生活部自然環境課, 1997年作成）","source_url":"https://atlas-eco-saitama-pref-saitama.hub.arcgis.com/apps/50e96c8bc0cf4bd29418301d7640b33d/explore","data_note":"1997年時点のスナップショットです。現況とは大きく異なる場合があります。categoryは名称文字列からこのスクリプトが独自に推定した分類で、出典データ本来の区分ではありません。"}},{"type":"Feature","geometry":{"type":"Point","coordinates":[139.332465213156,35.8763308424833]},"properties":{"id":"wetland1997_699","name":"宮沢湖ダム下流湿地","municipality":"飯能市","address":"飯能市宮沢","category":"湿地・湿原","wetland_no":1145,"raw_type_code":0,"raw_naturalness_code":3,"status_note":null,"survey_method":"県民調査","survey_year":1997,"source":"埼玉県環境科学国際センター「1997年版 埼玉県湿地湧水地台帳」（原典: 埼玉県環境生活部自然環境課, 1997年作成）","source_url":"https://atlas-eco-saitama-pref-saitama.hub.arcgis.com/apps/50e96c8bc0cf4bd29418301d7640b33d/explore","data_note":"1997年時点のスナップショットです。現況とは大きく異なる場合があります。categoryは名称文字列からこのスクリプトが独自に推定した分類で、出典データ本来の区分ではありません。"}},{"type":"Feature","geometry":{"type":"Point","coordinates":[139.588009736377,36.0760640536278]},"properties":{"id":"wetland1997_700","name":"見沼代用水の旧流路②","municipality":"菖蒲町","address":"大字新堀地内","category":"池・沼","wetland_no":226,"raw_type_code":4,"raw_naturalness_code":3,"status_note":null,"survey_method":"代表湿地","survey_year":1997,"source":"埼玉県環境科学国際センター「1997年版 埼玉県湿地湧水地台帳」（原典: 埼玉県環境生活部自然環境課, 1997年作成）","source_url":"https://atlas-eco-saitama-pref-saitama.hub.arcgis.com/apps/50e96c8bc0cf4bd29418301d7640b33d/explore","data_note":"1997年時点のスナップショットです。現況とは大きく異なる場合があります。categoryは名称文字列からこのスクリプトが独自に推定した分類で、出典データ本来の区分ではありません。"}},{"type":"Feature","geometry":{"type":"Point","coordinates":[139.334183582496,36.1102409404761]},"properties":{"id":"wetland1997_701","name":"大沼","municipality":"江南町","address":"大字江川・須賀広地内","category":"池・沼","wetland_no":159,"raw_type_code":0,"raw_naturalness_code":0,"status_note":null,"survey_method":"代表湿地","survey_year":1997,"source":"埼玉県環境科学国際センター「1997年版 埼玉県湿地湧水地台帳」（原典: 埼玉県環境生活部自然環境課, 1997年作成）","source_url":"https://atlas-eco-saitama-pref-saitama.hub.arcgis.com/apps/50e96c8bc0cf4bd29418301d7640b33d/explore","data_note":"1997年時点のスナップショットです。現況とは大きく異なる場合があります。categoryは名称文字列からこのスクリプトが独自に推定した分類で、出典データ本来の区分ではありません。"}},{"type":"Feature","geometry":{"type":"Point","coordinates":[139.338277965221,35.9546797822167]},"properties":{"id":"wetland1997_702","name":"(名称未記載)","municipality":"","address":null,"category":"その他","wetland_no":758,"raw_type_code":0,"raw_naturalness_code":0,"status_note":null,"survey_method":null,"survey_year":1997,"source":"埼玉県環境科学国際センター「1997年版 埼玉県湿地湧水地台帳」（原典: 埼玉県環境生活部自然環境課, 1997年作成）","source_url":"https://atlas-eco-saitama-pref-saitama.hub.arcgis.com/apps/50e96c8bc0cf4bd29418301d7640b33d/explore","data_note":"1997年時点のスナップショットです。現況とは大きく異なる場合があります。categoryは名称文字列からこのスクリプトが独自に推定した分類で、出典データ本来の区分ではありません。"}},{"type":"Feature","geometry":{"type":"Point","coordinates":[139.346870440745,35.9795420414247]},"properties":{"id":"wetland1997_703","name":"坊田谷","municipality":"鳩山町","address":"鳩山町赤沼","category":"その他","wetland_no":1072,"raw_type_code":2,"raw_naturalness_code":4,"status_note":null,"survey_method":"県民調査","survey_year":1997,"source":"埼玉県環境科学国際センター「1997年版 埼玉県湿地湧水地台帳」（原典: 埼玉県環境生活部自然環境課, 1997年作成）","source_url":"https://atlas-eco-saitama-pref-saitama.hub.arcgis.com/apps/50e96c8bc0cf4bd29418301d7640b33d/explore","data_note":"1997年時点のスナップショットです。現況とは大きく異なる場合があります。categoryは名称文字列からこのスクリプトが独自に推定した分類で、出典データ本来の区分ではありません。"}},{"type":"Feature","geometry":{"type":"Point","coordinates":[139.352069241924,35.999819416779]},"properties":{"id":"wetland1997_704","name":"石坂の谷戸","municipality":"鳩山町","address":"鳩山町石坂","category":"その他","wetland_no":1071,"raw_type_code":2,"raw_naturalness_code":3,"status_note":null,"survey_method":"県民調査","survey_year":1997,"source":"埼玉県環境科学国際センター「1997年版 埼玉県湿地湧水地台帳」（原典: 埼玉県環境生活部自然環境課, 1997年作成）","source_url":"https://atlas-eco-saitama-pref-saitama.hub.arcgis.com/apps/50e96c8bc0cf4bd29418301d7640b33d/explore","data_note":"1997年時点のスナップショットです。現況とは大きく異なる場合があります。categoryは名称文字列からこのスクリプトが独自に推定した分類で、出典データ本来の区分ではありません。"}},{"type":"Feature","geometry":{"type":"Point","coordinates":[139.294074092521,36.0082141021239]},"properties":{"id":"wetland1997_705","name":"都幾川河川地内の湿地","municipality":"玉川村","address":null,"category":"河川・水路","wetland_no":501,"raw_type_code":0,"raw_naturalness_code":0,"status_note":null,"survey_method":"市町村報告","survey_year":1997,"source":"埼玉県環境科学国際センター「1997年版 埼玉県湿地湧水地台帳」（原典: 埼玉県環境生活部自然環境課, 1997年作成）","source_url":"https://atlas-eco-saitama-pref-saitama.hub.arcgis.com/apps/50e96c8bc0cf4bd29418301d7640b33d/explore","data_note":"1997年時点のスナップショットです。現況とは大きく異なる場合があります。categoryは名称文字列からこのスクリプトが独自に推定した分類で、出典データ本来の区分ではありません。"}},{"type":"Feature","geometry":{"type":"Point","coordinates":[139.7512993164,36.0546504104881]},"properties":{"id":"wetland1997_706","name":"遠野地区の東にある湿地","municipality":"幸手市","address":null,"category":"湿地・湿原","wetland_no":666,"raw_type_code":0,"raw_naturalness_code":0,"status_note":null,"survey_method":"市町村報告","survey_year":1997,"source":"埼玉県環境科学国際センター「1997年版 埼玉県湿地湧水地台帳」（原典: 埼玉県環境生活部自然環境課, 1997年作成）","source_url":"https://atlas-eco-saitama-pref-saitama.hub.arcgis.com/apps/50e96c8bc0cf4bd29418301d7640b33d/explore","data_note":"1997年時点のスナップショットです。現況とは大きく異なる場合があります。categoryは名称文字列からこのスクリプトが独自に推定した分類で、出典データ本来の区分ではありません。"}},{"type":"Feature","geometry":{"type":"Point","coordinates":[139.334809463009,35.8804935400675]},"properties":{"id":"wetland1997_707","name":"上鹿山五反田休耕田","municipality":"日高市","address":"日高市上鹿山","category":"その他","wetland_no":1052,"raw_type_code":0,"raw_naturalness_code":4,"status_note":null,"survey_method":"県民調査","survey_year":1997,"source":"埼玉県環境科学国際センター「1997年版 埼玉県湿地湧水地台帳」（原典: 埼玉県環境生活部自然環境課, 1997年作成）","source_url":"https://atlas-eco-saitama-pref-saitama.hub.arcgis.com/apps/50e96c8bc0cf4bd29418301d7640b33d/explore","data_note":"1997年時点のスナップショットです。現況とは大きく異なる場合があります。categoryは名称文字列からこのスクリプトが独自に推定した分類で、出典データ本来の区分ではありません。"}},{"type":"Feature","geometry":{"type":"Point","coordinates":[139.558705066757,36.0510470983176]},"properties":{"id":"wetland1997_708","name":"大塚地区内の湿地","municipality":"鴻巣市","address":null,"category":"湿地・湿原","wetland_no":642,"raw_type_code":0,"raw_naturalness_code":0,"status_note":null,"survey_method":"市町村報告","survey_year":1997,"source":"埼玉県環境科学国際センター「1997年版 埼玉県湿地湧水地台帳」（原典: 埼玉県環境生活部自然環境課, 1997年作成）","source_url":"https://atlas-eco-saitama-pref-saitama.hub.arcgis.com/apps/50e96c8bc0cf4bd29418301d7640b33d/explore","data_note":"1997年時点のスナップショットです。現況とは大きく異なる場合があります。categoryは名称文字列からこのスクリプトが独自に推定した分類で、出典データ本来の区分ではありません。"}},{"type":"Feature","geometry":{"type":"Point","coordinates":[139.28560549737,36.1152324143635]},"properties":{"id":"wetland1997_709","name":"芳沼","municipality":"川本町","address":"大字本田字芳沼地内","category":"池・沼","wetland_no":172,"raw_type_code":4,"raw_naturalness_code":1,"status_note":null,"survey_method":"代表湿地","survey_year":1997,"source":"埼玉県環境科学国際センター「1997年版 埼玉県湿地湧水地台帳」（原典: 埼玉県環境生活部自然環境課, 1997年作成）","source_url":"https://atlas-eco-saitama-pref-saitama.hub.arcgis.com/apps/50e96c8bc0cf4bd29418301d7640b33d/explore","data_note":"1997年時点のスナップショットです。現況とは大きく異なる場合があります。categoryは名称文字列からこのスクリプトが独自に推定した分類で、出典データ本来の区分ではありません。"}},{"type":"Feature","geometry":{"type":"Point","coordinates":[139.577946764547,36.1083087349606]},"properties":{"id":"wetland1997_710","name":"正能の湿地","municipality":"騎西町","address":"大字正能内他","category":"湿地・湿原","wetland_no":211,"raw_type_code":4,"raw_naturalness_code":3,"status_note":null,"survey_method":"代表湿地","survey_year":1997,"source":"埼玉県環境科学国際センター「1997年版 埼玉県湿地湧水地台帳」（原典: 埼玉県環境生活部自然環境課, 1997年作成）","source_url":"https://atlas-eco-saitama-pref-saitama.hub.arcgis.com/apps/50e96c8bc0cf4bd29418301d7640b33d/explore","data_note":"1997年時点のスナップショットです。現況とは大きく異なる場合があります。categoryは名称文字列からこのスクリプトが独自に推定した分類で、出典データ本来の区分ではありません。"}},{"type":"Feature","geometry":{"type":"Point","coordinates":[139.487418939382,36.0053114646256]},"properties":{"id":"wetland1997_711","name":"鳥羽井沼","municipality":"川島町","address":"大字鳥羽井新田地内","category":"池・沼","wetland_no":134,"raw_type_code":0,"raw_naturalness_code":0,"status_note":null,"survey_method":"代表湿地","survey_year":1997,"source":"埼玉県環境科学国際センター「1997年版 埼玉県湿地湧水地台帳」（原典: 埼玉県環境生活部自然環境課, 1997年作成）","source_url":"https://atlas-eco-saitama-pref-saitama.hub.arcgis.com/apps/50e96c8bc0cf4bd29418301d7640b33d/explore","data_note":"1997年時点のスナップショットです。現況とは大きく異なる場合があります。categoryは名称文字列からこのスクリプトが独自に推定した分類で、出典データ本来の区分ではありません。"}},{"type":"Feature","geometry":{"type":"Point","coordinates":[139.709508773999,36.0708679392577]},"properties":{"id":"wetland1997_712","name":"南二丁目地区の西にある湿地","municipality":"幸手市","address":null,"category":"湿地・湿原","wetland_no":664,"raw_type_code":0,"raw_naturalness_code":0,"status_note":null,"survey_method":"市町村報告","survey_year":1997,"source":"埼玉県環境科学国際センター「1997年版 埼玉県湿地湧水地台帳」（原典: 埼玉県環境生活部自然環境課, 1997年作成）","source_url":"https://atlas-eco-saitama-pref-saitama.hub.arcgis.com/apps/50e96c8bc0cf4bd29418301d7640b33d/explore","data_note":"1997年時点のスナップショットです。現況とは大きく異なる場合があります。categoryは名称文字列からこのスクリプトが独自に推定した分類で、出典データ本来の区分ではありません。"}},{"type":"Feature","geometry":{"type":"Point","coordinates":[139.318352202139,35.96250417755]},"properties":{"id":"wetland1997_713","name":"箕和田湖","municipality":"毛呂山町","address":"毛呂山町大字箕和田","category":"その他","wetland_no":756,"raw_type_code":4,"raw_naturalness_code":3,"status_note":null,"survey_method":"県民調査","survey_year":1997,"source":"埼玉県環境科学国際センター「1997年版 埼玉県湿地湧水地台帳」（原典: 埼玉県環境生活部自然環境課, 1997年作成）","source_url":"https://atlas-eco-saitama-pref-saitama.hub.arcgis.com/apps/50e96c8bc0cf4bd29418301d7640b33d/explore","data_note":"1997年時点のスナップショットです。現況とは大きく異なる場合があります。categoryは名称文字列からこのスクリプトが独自に推定した分類で、出典データ本来の区分ではありません。"}},{"type":"Feature","geometry":{"type":"Point","coordinates":[139.575649486701,36.108950434345]},"properties":{"id":"wetland1997_714","name":"正能沼","municipality":"騎西町","address":"騎西町正能","category":"池・沼","wetland_no":1126,"raw_type_code":0,"raw_naturalness_code":3,"status_note":null,"survey_method":"県民調査","survey_year":1997,"source":"埼玉県環境科学国際センター「1997年版 埼玉県湿地湧水地台帳」（原典: 埼玉県環境生活部自然環境課, 1997年作成）","source_url":"https://atlas-eco-saitama-pref-saitama.hub.arcgis.com/apps/50e96c8bc0cf4bd29418301d7640b33d/explore","data_note":"1997年時点のスナップショットです。現況とは大きく異なる場合があります。categoryは名称文字列からこのスクリプトが独自に推定した分類で、出典データ本来の区分ではありません。"}},{"type":"Feature","geometry":{"type":"Point","coordinates":[139.828877963575,35.8998127248602]},"properties":{"id":"wetland1997_715","name":"須加地区の北にある湿地","municipality":"吉川市","address":null,"category":"湿地・湿原","wetland_no":837,"raw_type_code":0,"raw_naturalness_code":0,"status_note":null,"survey_method":"市町村報告","survey_year":1997,"source":"埼玉県環境科学国際センター「1997年版 埼玉県湿地湧水地台帳」（原典: 埼玉県環境生活部自然環境課, 1997年作成）","source_url":"https://atlas-eco-saitama-pref-saitama.hub.arcgis.com/apps/50e96c8bc0cf4bd29418301d7640b33d/explore","data_note":"1997年時点のスナップショットです。現況とは大きく異なる場合があります。categoryは名称文字列からこのスクリプトが独自に推定した分類で、出典データ本来の区分ではありません。"}},{"type":"Feature","geometry":{"type":"Point","coordinates":[138.802855834063,36.0201880843848]},"properties":{"id":"wetland1997_716","name":"中津川地区の北にある湿地","municipality":"大滝村","address":null,"category":"河川・水路","wetland_no":434,"raw_type_code":0,"raw_naturalness_code":0,"status_note":null,"survey_method":"航空写真","survey_year":1997,"source":"埼玉県環境科学国際センター「1997年版 埼玉県湿地湧水地台帳」（原典: 埼玉県環境生活部自然環境課, 1997年作成）","source_url":"https://atlas-eco-saitama-pref-saitama.hub.arcgis.com/apps/50e96c8bc0cf4bd29418301d7640b33d/explore","data_note":"1997年時点のスナップショットです。現況とは大きく異なる場合があります。categoryは名称文字列からこのスクリプトが独自に推定した分類で、出典データ本来の区分ではありません。"}},{"type":"Feature","geometry":{"type":"Point","coordinates":[139.552814584368,35.8991092467695]},"properties":{"id":"wetland1997_717","name":"びん沼川","municipality":"大宮市","address":"大宮市/川越市","category":"池・沼","wetland_no":1059,"raw_type_code":3,"raw_naturalness_code":5,"status_note":null,"survey_method":"県民調査","survey_year":1997,"source":"埼玉県環境科学国際センター「1997年版 埼玉県湿地湧水地台帳」（原典: 埼玉県環境生活部自然環境課, 1997年作成）","source_url":"https://atlas-eco-saitama-pref-saitama.hub.arcgis.com/apps/50e96c8bc0cf4bd29418301d7640b33d/explore","data_note":"1997年時点のスナップショットです。現況とは大きく異なる場合があります。categoryは名称文字列からこのスクリプトが独自に推定した分類で、出典データ本来の区分ではありません。"}},{"type":"Feature","geometry":{"type":"Point","coordinates":[139.49907798391,36.1321133872119]},"properties":{"id":"wetland1997_718","name":"古代蓮池","municipality":"行田市","address":null,"category":"池・沼","wetland_no":418,"raw_type_code":0,"raw_naturalness_code":0,"status_note":null,"survey_method":"市町村報告","survey_year":1997,"source":"埼玉県環境科学国際センター「1997年版 埼玉県湿地湧水地台帳」（原典: 埼玉県環境生活部自然環境課, 1997年作成）","source_url":"https://atlas-eco-saitama-pref-saitama.hub.arcgis.com/apps/50e96c8bc0cf4bd29418301d7640b33d/explore","data_note":"1997年時点のスナップショットです。現況とは大きく異なる場合があります。categoryは名称文字列からこのスクリプトが独自に推定した分類で、出典データ本来の区分ではありません。"}},{"type":"Feature","geometry":{"type":"Point","coordinates":[139.378226354028,35.7854773234583]},"properties":{"id":"wetland1997_719","name":"西久保湿地","municipality":"入間市","address":"大字宮寺字狭山峰地内","category":"湿地・湿原","wetland_no":73,"raw_type_code":2,"raw_naturalness_code":3,"status_note":null,"survey_method":"代表湿地","survey_year":1997,"source":"埼玉県環境科学国際センター「1997年版 埼玉県湿地湧水地台帳」（原典: 埼玉県環境生活部自然環境課, 1997年作成）","source_url":"https://atlas-eco-saitama-pref-saitama.hub.arcgis.com/apps/50e96c8bc0cf4bd29418301d7640b33d/explore","data_note":"1997年時点のスナップショットです。現況とは大きく異なる場合があります。categoryは名称文字列からこのスクリプトが独自に推定した分類で、出典データ本来の区分ではありません。"}},{"type":"Feature","geometry":{"type":"Point","coordinates":[138.808886735706,36.0003698045546]},"properties":{"id":"wetland1997_720","name":"中津川河川敷（中津川地区）","municipality":"大滝村","address":null,"category":"河川・水路","wetland_no":674,"raw_type_code":0,"raw_naturalness_code":0,"status_note":null,"survey_method":"航空写真","survey_year":1997,"source":"埼玉県環境科学国際センター「1997年版 埼玉県湿地湧水地台帳」（原典: 埼玉県環境生活部自然環境課, 1997年作成）","source_url":"https://atlas-eco-saitama-pref-saitama.hub.arcgis.com/apps/50e96c8bc0cf4bd29418301d7640b33d/explore","data_note":"1997年時点のスナップショットです。現況とは大きく異なる場合があります。categoryは名称文字列からこのスクリプトが独自に推定した分類で、出典データ本来の区分ではありません。"}},{"type":"Feature","geometry":{"type":"Point","coordinates":[139.101767225616,36.2446859756422]},"properties":{"id":"wetland1997_721","name":"神流川河川敷","municipality":"上里町","address":null,"category":"河川・水路","wetland_no":245,"raw_type_code":0,"raw_naturalness_code":0,"status_note":null,"survey_method":"市町村報告","survey_year":1997,"source":"埼玉県環境科学国際センター「1997年版 埼玉県湿地湧水地台帳」（原典: 埼玉県環境生活部自然環境課, 1997年作成）","source_url":"https://atlas-eco-saitama-pref-saitama.hub.arcgis.com/apps/50e96c8bc0cf4bd29418301d7640b33d/explore","data_note":"1997年時点のスナップショットです。現況とは大きく異なる場合があります。categoryは名称文字列からこのスクリプトが独自に推定した分類で、出典データ本来の区分ではありません。"}},{"type":"Feature","geometry":{"type":"Point","coordinates":[139.297599177816,36.0103252511226]},"properties":{"id":"wetland1997_722","name":"都幾川河川地内の湿地","municipality":"玉川村","address":null,"category":"河川・水路","wetland_no":500,"raw_type_code":0,"raw_naturalness_code":0,"status_note":null,"survey_method":"市町村報告","survey_year":1997,"source":"埼玉県環境科学国際センター「1997年版 埼玉県湿地湧水地台帳」（原典: 埼玉県環境生活部自然環境課, 1997年作成）","source_url":"https://atlas-eco-saitama-pref-saitama.hub.arcgis.com/apps/50e96c8bc0cf4bd29418301d7640b33d/explore","data_note":"1997年時点のスナップショットです。現況とは大きく異なる場合があります。categoryは名称文字列からこのスクリプトが独自に推定した分類で、出典データ本来の区分ではありません。"}},{"type":"Feature","geometry":{"type":"Point","coordinates":[139.209063994716,35.9893318120031]},"properties":{"id":"wetland1997_723","name":"都幾川河川敷（大野地区）","municipality":"都幾川村","address":null,"category":"河川・水路","wetland_no":712,"raw_type_code":0,"raw_naturalness_code":0,"status_note":null,"survey_method":"航空写真","survey_year":1997,"source":"埼玉県環境科学国際センター「1997年版 埼玉県湿地湧水地台帳」（原典: 埼玉県環境生活部自然環境課, 1997年作成）","source_url":"https://atlas-eco-saitama-pref-saitama.hub.arcgis.com/apps/50e96c8bc0cf4bd29418301d7640b33d/explore","data_note":"1997年時点のスナップショットです。現況とは大きく異なる場合があります。categoryは名称文字列からこのスクリプトが独自に推定した分類で、出典データ本来の区分ではありません。"}},{"type":"Feature","geometry":{"type":"Point","coordinates":[138.949735994792,36.0263080883361]},"properties":{"id":"wetland1997_724","name":"小鹿野用水頭首工","municipality":"小鹿野町","address":"小鹿野町大字三山","category":"河川・水路","wetland_no":1080,"raw_type_code":3,"raw_naturalness_code":5,"status_note":null,"survey_method":"県民調査","survey_year":1997,"source":"埼玉県環境科学国際センター「1997年版 埼玉県湿地湧水地台帳」（原典: 埼玉県環境生活部自然環境課, 1997年作成）","source_url":"https://atlas-eco-saitama-pref-saitama.hub.arcgis.com/apps/50e96c8bc0cf4bd29418301d7640b33d/explore","data_note":"1997年時点のスナップショットです。現況とは大きく異なる場合があります。categoryは名称文字列からこのスクリプトが独自に推定した分類で、出典データ本来の区分ではありません。"}},{"type":"Feature","geometry":{"type":"Point","coordinates":[139.684411429589,35.9090802093343]},"properties":{"id":"wetland1997_725","name":"見沼田圃染谷地内の湿地","municipality":"大宮市","address":"染谷3丁目地内","category":"池・沼","wetland_no":14,"raw_type_code":2,"raw_naturalness_code":3,"status_note":null,"survey_method":"代表湿地","survey_year":1997,"source":"埼玉県環境科学国際センター「1997年版 埼玉県湿地湧水地台帳」（原典: 埼玉県環境生活部自然環境課, 1997年作成）","source_url":"https://atlas-eco-saitama-pref-saitama.hub.arcgis.com/apps/50e96c8bc0cf4bd29418301d7640b33d/explore","data_note":"1997年時点のスナップショットです。現況とは大きく異なる場合があります。categoryは名称文字列からこのスクリプトが独自に推定した分類で、出典データ本来の区分ではありません。"}},{"type":"Feature","geometry":{"type":"Point","coordinates":[139.385614663066,35.8040111304981]},"properties":{"id":"wetland1997_726","name":"不老川大森調節池","municipality":"入間市","address":"大字宮寺地内","category":"池・沼","wetland_no":71,"raw_type_code":3,"raw_naturalness_code":5,"status_note":null,"survey_method":"代表湿地","survey_year":1997,"source":"埼玉県環境科学国際センター「1997年版 埼玉県湿地湧水地台帳」（原典: 埼玉県環境生活部自然環境課, 1997年作成）","source_url":"https://atlas-eco-saitama-pref-saitama.hub.arcgis.com/apps/50e96c8bc0cf4bd29418301d7640b33d/explore","data_note":"1997年時点のスナップショットです。現況とは大きく異なる場合があります。categoryは名称文字列からこのスクリプトが独自に推定した分類で、出典データ本来の区分ではありません。"}},{"type":"Feature","geometry":{"type":"Point","coordinates":[139.313395484352,35.8506587473544]},"properties":{"id":"wetland1997_727","name":"稲荷町地区の入間川河川敷","municipality":"飯能市","address":null,"category":"河川・水路","wetland_no":820,"raw_type_code":0,"raw_naturalness_code":0,"status_note":null,"survey_method":"航空写真","survey_year":1997,"source":"埼玉県環境科学国際センター「1997年版 埼玉県湿地湧水地台帳」（原典: 埼玉県環境生活部自然環境課, 1997年作成）","source_url":"https://atlas-eco-saitama-pref-saitama.hub.arcgis.com/apps/50e96c8bc0cf4bd29418301d7640b33d/explore","data_note":"1997年時点のスナップショットです。現況とは大きく異なる場合があります。categoryは名称文字列からこのスクリプトが独自に推定した分類で、出典データ本来の区分ではありません。"}},{"type":"Feature","geometry":{"type":"Point","coordinates":[139.285782804146,36.0437326625537]},"properties":{"id":"wetland1997_728","name":"槻川（下里地内）","municipality":"小川町","address":null,"category":"河川・水路","wetland_no":489,"raw_type_code":0,"raw_naturalness_code":0,"status_note":null,"survey_method":"市町村報告","survey_year":1997,"source":"埼玉県環境科学国際センター「1997年版 埼玉県湿地湧水地台帳」（原典: 埼玉県環境生活部自然環境課, 1997年作成）","source_url":"https://atlas-eco-saitama-pref-saitama.hub.arcgis.com/apps/50e96c8bc0cf4bd29418301d7640b33d/explore","data_note":"1997年時点のスナップショットです。現況とは大きく異なる場合があります。categoryは名称文字列からこのスクリプトが独自に推定した分類で、出典データ本来の区分ではありません。"}},{"type":"Feature","geometry":{"type":"Point","coordinates":[139.367530453503,36.0187535171456]},"properties":{"id":"wetland1997_729","name":"下唐子地内の都幾川","municipality":"東松山市","address":null,"category":"河川・水路","wetland_no":590,"raw_type_code":0,"raw_naturalness_code":0,"status_note":null,"survey_method":"市町村報告","survey_year":1997,"source":"埼玉県環境科学国際センター「1997年版 埼玉県湿地湧水地台帳」（原典: 埼玉県環境生活部自然環境課, 1997年作成）","source_url":"https://atlas-eco-saitama-pref-saitama.hub.arcgis.com/apps/50e96c8bc0cf4bd29418301d7640b33d/explore","data_note":"1997年時点のスナップショットです。現況とは大きく異なる場合があります。categoryは名称文字列からこのスクリプトが独自に推定した分類で、出典データ本来の区分ではありません。"}},{"type":"Feature","geometry":{"type":"Point","coordinates":[139.352982198849,36.0520156818516]},"properties":{"id":"wetland1997_730","name":"市野川の旧流路","municipality":"滑川町","address":"大字羽尾二区地内","category":"河川・水路","wetland_no":132,"raw_type_code":4,"raw_naturalness_code":4,"status_note":"削除（耕地調整のため）","survey_method":"代表湿地","survey_year":1997,"source":"埼玉県環境科学国際センター「1997年版 埼玉県湿地湧水地台帳」（原典: 埼玉県環境生活部自然環境課, 1997年作成）","source_url":"https://atlas-eco-saitama-pref-saitama.hub.arcgis.com/apps/50e96c8bc0cf4bd29418301d7640b33d/explore","data_note":"1997年時点のスナップショットです。現況とは大きく異なる場合があります。categoryは名称文字列からこのスクリプトが独自に推定した分類で、出典データ本来の区分ではありません。"}},{"type":"Feature","geometry":{"type":"Point","coordinates":[139.430697565119,36.0364982920079]},"properties":{"id":"wetland1997_731","name":"大沼（百穴湖）","municipality":"吉見町","address":"大字南吉見・北吉見地内","category":"池・沼","wetland_no":137,"raw_type_code":0,"raw_naturalness_code":0,"status_note":null,"survey_method":"代表湿地","survey_year":1997,"source":"埼玉県環境科学国際センター「1997年版 埼玉県湿地湧水地台帳」（原典: 埼玉県環境生活部自然環境課, 1997年作成）","source_url":"https://atlas-eco-saitama-pref-saitama.hub.arcgis.com/apps/50e96c8bc0cf4bd29418301d7640b33d/explore","data_note":"1997年時点のスナップショットです。現況とは大きく異なる場合があります。categoryは名称文字列からこのスクリプトが独自に推定した分類で、出典データ本来の区分ではありません。"}},{"type":"Feature","geometry":{"type":"Point","coordinates":[139.606972607883,36.0948445753732]},"properties":{"id":"wetland1997_732","name":"油井ヶ島沼","municipality":"加須市","address":"大字油井ヶ島地内","category":"池・沼","wetland_no":180,"raw_type_code":4,"raw_naturalness_code":1,"status_note":null,"survey_method":"代表湿地","survey_year":1997,"source":"埼玉県環境科学国際センター「1997年版 埼玉県湿地湧水地台帳」（原典: 埼玉県環境生活部自然環境課, 1997年作成）","source_url":"https://atlas-eco-saitama-pref-saitama.hub.arcgis.com/apps/50e96c8bc0cf4bd29418301d7640b33d/explore","data_note":"1997年時点のスナップショットです。現況とは大きく異なる場合があります。categoryは名称文字列からこのスクリプトが独自に推定した分類で、出典データ本来の区分ではありません。"}},{"type":"Feature","geometry":{"type":"Point","coordinates":[139.325988524349,35.8981964814244]},"properties":{"id":"wetland1997_733","name":"(名称未記載)","municipality":"","address":null,"category":"その他","wetland_no":823,"raw_type_code":0,"raw_naturalness_code":0,"status_note":null,"survey_method":null,"survey_year":1997,"source":"埼玉県環境科学国際センター「1997年版 埼玉県湿地湧水地台帳」（原典: 埼玉県環境生活部自然環境課, 1997年作成）","source_url":"https://atlas-eco-saitama-pref-saitama.hub.arcgis.com/apps/50e96c8bc0cf4bd29418301d7640b33d/explore","data_note":"1997年時点のスナップショットです。現況とは大きく異なる場合があります。categoryは名称文字列からこのスクリプトが独自に推定した分類で、出典データ本来の区分ではありません。"}},{"type":"Feature","geometry":{"type":"Point","coordinates":[139.323235143087,35.902109307967]},"properties":{"id":"wetland1997_734","name":"(名称未記載)","municipality":"","address":null,"category":"その他","wetland_no":827,"raw_type_code":0,"raw_naturalness_code":0,"status_note":null,"survey_method":null,"survey_year":1997,"source":"埼玉県環境科学国際センター「1997年版 埼玉県湿地湧水地台帳」（原典: 埼玉県環境生活部自然環境課, 1997年作成）","source_url":"https://atlas-eco-saitama-pref-saitama.hub.arcgis.com/apps/50e96c8bc0cf4bd29418301d7640b33d/explore","data_note":"1997年時点のスナップショットです。現況とは大きく異なる場合があります。categoryは名称文字列からこのスクリプトが独自に推定した分類で、出典データ本来の区分ではありません。"}},{"type":"Feature","geometry":{"type":"Point","coordinates":[139.513306986295,36.0965999665791]},"properties":{"id":"wetland1997_735","name":"(名称未記載)","municipality":"","address":null,"category":"その他","wetland_no":423,"raw_type_code":0,"raw_naturalness_code":0,"status_note":null,"survey_method":null,"survey_year":1997,"source":"埼玉県環境科学国際センター「1997年版 埼玉県湿地湧水地台帳」（原典: 埼玉県環境生活部自然環境課, 1997年作成）","source_url":"https://atlas-eco-saitama-pref-saitama.hub.arcgis.com/apps/50e96c8bc0cf4bd29418301d7640b33d/explore","data_note":"1997年時点のスナップショットです。現況とは大きく異なる場合があります。categoryは名称文字列からこのスクリプトが独自に推定した分類で、出典データ本来の区分ではありません。"}},{"type":"Feature","geometry":{"type":"Point","coordinates":[139.324236850867,35.8924603480417]},"properties":{"id":"wetland1997_736","name":"(名称未記載)","municipality":"","address":null,"category":"その他","wetland_no":824,"raw_type_code":0,"raw_naturalness_code":0,"status_note":null,"survey_method":null,"survey_year":1997,"source":"埼玉県環境科学国際センター「1997年版 埼玉県湿地湧水地台帳」（原典: 埼玉県環境生活部自然環境課, 1997年作成）","source_url":"https://atlas-eco-saitama-pref-saitama.hub.arcgis.com/apps/50e96c8bc0cf4bd29418301d7640b33d/explore","data_note":"1997年時点のスナップショットです。現況とは大きく異なる場合があります。categoryは名称文字列からこのスクリプトが独自に推定した分類で、出典データ本来の区分ではありません。"}},{"type":"Feature","geometry":{"type":"Point","coordinates":[139.182931495553,35.8826428333405]},"properties":{"id":"wetland1997_737","name":"(名称未記載)","municipality":"","address":null,"category":"その他","wetland_no":807,"raw_type_code":0,"raw_naturalness_code":0,"status_note":null,"survey_method":null,"survey_year":1997,"source":"埼玉県環境科学国際センター「1997年版 埼玉県湿地湧水地台帳」（原典: 埼玉県環境生活部自然環境課, 1997年作成）","source_url":"https://atlas-eco-saitama-pref-saitama.hub.arcgis.com/apps/50e96c8bc0cf4bd29418301d7640b33d/explore","data_note":"1997年時点のスナップショットです。現況とは大きく異なる場合があります。categoryは名称文字列からこのスクリプトが独自に推定した分類で、出典データ本来の区分ではありません。"}},{"type":"Feature","geometry":{"type":"Point","coordinates":[139.106792323161,36.1518259436915]},"properties":{"id":"wetland1997_738","name":"間瀬湖の南にある湿地","municipality":"児玉町","address":null,"category":"河川・水路","wetland_no":270,"raw_type_code":0,"raw_naturalness_code":0,"status_note":null,"survey_method":"航空写真","survey_year":1997,"source":"埼玉県環境科学国際センター「1997年版 埼玉県湿地湧水地台帳」（原典: 埼玉県環境生活部自然環境課, 1997年作成）","source_url":"https://atlas-eco-saitama-pref-saitama.hub.arcgis.com/apps/50e96c8bc0cf4bd29418301d7640b33d/explore","data_note":"1997年時点のスナップショットです。現況とは大きく異なる場合があります。categoryは名称文字列からこのスクリプトが独自に推定した分類で、出典データ本来の区分ではありません。"}},{"type":"Feature","geometry":{"type":"Point","coordinates":[139.410678586555,36.1891631885533]},"properties":{"id":"wetland1997_739","name":"日向地区内の湿地","municipality":"妻沼町","address":null,"category":"湿地・湿原","wetland_no":258,"raw_type_code":0,"raw_naturalness_code":0,"status_note":null,"survey_method":"市町村報告","survey_year":1997,"source":"埼玉県環境科学国際センター「1997年版 埼玉県湿地湧水地台帳」（原典: 埼玉県環境生活部自然環境課, 1997年作成）","source_url":"https://atlas-eco-saitama-pref-saitama.hub.arcgis.com/apps/50e96c8bc0cf4bd29418301d7640b33d/explore","data_note":"1997年時点のスナップショットです。現況とは大きく異なる場合があります。categoryは名称文字列からこのスクリプトが独自に推定した分類で、出典データ本来の区分ではありません。"}},{"type":"Feature","geometry":{"type":"Point","coordinates":[139.340988283044,35.930324503477]},"properties":{"id":"wetland1997_740","name":"多和目地内の高麗川河川敷","municipality":"坂戸市","address":null,"category":"河川・水路","wetland_no":769,"raw_type_code":0,"raw_naturalness_code":0,"status_note":null,"survey_method":"市町村報告","survey_year":1997,"source":"埼玉県環境科学国際センター「1997年版 埼玉県湿地湧水地台帳」（原典: 埼玉県環境生活部自然環境課, 1997年作成）","source_url":"https://atlas-eco-saitama-pref-saitama.hub.arcgis.com/apps/50e96c8bc0cf4bd29418301d7640b33d/explore","data_note":"1997年時点のスナップショットです。現況とは大きく異なる場合があります。categoryは名称文字列からこのスクリプトが独自に推定した分類で、出典データ本来の区分ではありません。"}},{"type":"Feature","geometry":{"type":"Point","coordinates":[139.383395434446,35.7846308613485]},"properties":{"id":"wetland1997_741","name":"大谷戸湿地","municipality":"入間市","address":"大字宮寺字大山地内","category":"湿地・湿原","wetland_no":72,"raw_type_code":2,"raw_naturalness_code":3,"status_note":null,"survey_method":"代表湿地","survey_year":1997,"source":"埼玉県環境科学国際センター「1997年版 埼玉県湿地湧水地台帳」（原典: 埼玉県環境生活部自然環境課, 1997年作成）","source_url":"https://atlas-eco-saitama-pref-saitama.hub.arcgis.com/apps/50e96c8bc0cf4bd29418301d7640b33d/explore","data_note":"1997年時点のスナップショットです。現況とは大きく異なる場合があります。categoryは名称文字列からこのスクリプトが独自に推定した分類で、出典データ本来の区分ではありません。"}},{"type":"Feature","geometry":{"type":"Point","coordinates":[139.615708077234,36.1429919944703]},"properties":{"id":"wetland1997_742","name":"下三俣・北小浜地内の湿原","municipality":"加須市","address":"大字下三俣・北小浜地内","category":"湿地・湿原","wetland_no":178,"raw_type_code":1,"raw_naturalness_code":5,"status_note":null,"survey_method":"代表湿地","survey_year":1997,"source":"埼玉県環境科学国際センター「1997年版 埼玉県湿地湧水地台帳」（原典: 埼玉県環境生活部自然環境課, 1997年作成）","source_url":"https://atlas-eco-saitama-pref-saitama.hub.arcgis.com/apps/50e96c8bc0cf4bd29418301d7640b33d/explore","data_note":"1997年時点のスナップショットです。現況とは大きく異なる場合があります。categoryは名称文字列からこのスクリプトが独自に推定した分類で、出典データ本来の区分ではありません。"}},{"type":"Feature","geometry":{"type":"Point","coordinates":[139.593160854083,35.8297854995409]},"properties":{"id":"wetland1997_743","name":"新河岸川の旧流路と沈留池","municipality":"志木市","address":"下宗岡1丁目地内","category":"池・沼","wetland_no":85,"raw_type_code":4,"raw_naturalness_code":3,"status_note":"削除","survey_method":"代表湿地","survey_year":1997,"source":"埼玉県環境科学国際センター「1997年版 埼玉県湿地湧水地台帳」（原典: 埼玉県環境生活部自然環境課, 1997年作成）","source_url":"https://atlas-eco-saitama-pref-saitama.hub.arcgis.com/apps/50e96c8bc0cf4bd29418301d7640b33d/explore","data_note":"1997年時点のスナップショットです。現況とは大きく異なる場合があります。categoryは名称文字列からこのスクリプトが独自に推定した分類で、出典データ本来の区分ではありません。"}},{"type":"Feature","geometry":{"type":"Point","coordinates":[139.644269345142,36.0216894654514]},"properties":{"id":"wetland1997_744","name":"山ノ神沼（貝塚沼）","municipality":"蓮田市","address":"大字貝塚字山ノ神地内","category":"池・沼","wetland_no":207,"raw_type_code":4,"raw_naturalness_code":4,"status_note":null,"survey_method":"代表湿地","survey_year":1997,"source":"埼玉県環境科学国際センター「1997年版 埼玉県湿地湧水地台帳」（原典: 埼玉県環境生活部自然環境課, 1997年作成）","source_url":"https://atlas-eco-saitama-pref-saitama.hub.arcgis.com/apps/50e96c8bc0cf4bd29418301d7640b33d/explore","data_note":"1997年時点のスナップショットです。現況とは大きく異なる場合があります。categoryは名称文字列からこのスクリプトが独自に推定した分類で、出典データ本来の区分ではありません。"}},{"type":"Feature","geometry":{"type":"Point","coordinates":[139.104925844987,36.0340086316578]},"properties":{"id":"wetland1997_745","name":"横瀬川河川敷","municipality":"秩父市","address":null,"category":"河川・水路","wetland_no":455,"raw_type_code":0,"raw_naturalness_code":0,"status_note":null,"survey_method":"航空写真","survey_year":1997,"source":"埼玉県環境科学国際センター「1997年版 埼玉県湿地湧水地台帳」（原典: 埼玉県環境生活部自然環境課, 1997年作成）","source_url":"https://atlas-eco-saitama-pref-saitama.hub.arcgis.com/apps/50e96c8bc0cf4bd29418301d7640b33d/explore","data_note":"1997年時点のスナップショットです。現況とは大きく異なる場合があります。categoryは名称文字列からこのスクリプトが独自に推定した分類で、出典データ本来の区分ではありません。"}},{"type":"Feature","geometry":{"type":"Point","coordinates":[139.486780548032,36.0943336119969]},"properties":{"id":"wetland1997_746","name":"忍川の東側にある湿地","municipality":"行田市","address":null,"category":"河川・水路","wetland_no":411,"raw_type_code":0,"raw_naturalness_code":0,"status_note":null,"survey_method":"市町村報告","survey_year":1997,"source":"埼玉県環境科学国際センター「1997年版 埼玉県湿地湧水地台帳」（原典: 埼玉県環境生活部自然環境課, 1997年作成）","source_url":"https://atlas-eco-saitama-pref-saitama.hub.arcgis.com/apps/50e96c8bc0cf4bd29418301d7640b33d/explore","data_note":"1997年時点のスナップショットです。現況とは大きく異なる場合があります。categoryは名称文字列からこのスクリプトが独自に推定した分類で、出典データ本来の区分ではありません。"}},{"type":"Feature","geometry":{"type":"Point","coordinates":[139.191892820231,36.1097144157573]},"properties":{"id":"wetland1997_747","name":"荒川河川敷（立原地区）","municipality":"寄居町","address":null,"category":"河川・水路","wetland_no":286,"raw_type_code":0,"raw_naturalness_code":0,"status_note":null,"survey_method":"市町村報告","survey_year":1997,"source":"埼玉県環境科学国際センター「1997年版 埼玉県湿地湧水地台帳」（原典: 埼玉県環境生活部自然環境課, 1997年作成）","source_url":"https://atlas-eco-saitama-pref-saitama.hub.arcgis.com/apps/50e96c8bc0cf4bd29418301d7640b33d/explore","data_note":"1997年時点のスナップショットです。現況とは大きく異なる場合があります。categoryは名称文字列からこのスクリプトが独自に推定した分類で、出典データ本来の区分ではありません。"}},{"type":"Feature","geometry":{"type":"Point","coordinates":[139.426733478535,35.7699926111383]},"properties":{"id":"wetland1997_748","name":"菩堤樹池とその周辺湿地","municipality":"所沢市","address":"大字山口地内","category":"池・沼","wetland_no":41,"raw_type_code":2,"raw_naturalness_code":5,"status_note":null,"survey_method":"代表湿地","survey_year":1997,"source":"埼玉県環境科学国際センター「1997年版 埼玉県湿地湧水地台帳」（原典: 埼玉県環境生活部自然環境課, 1997年作成）","source_url":"https://atlas-eco-saitama-pref-saitama.hub.arcgis.com/apps/50e96c8bc0cf4bd29418301d7640b33d/explore","data_note":"1997年時点のスナップショットです。現況とは大きく異なる場合があります。categoryは名称文字列からこのスクリプトが独自に推定した分類で、出典データ本来の区分ではありません。"}},{"type":"Feature","geometry":{"type":"Point","coordinates":[139.775498719225,35.9098913079029]},"properties":{"id":"wetland1997_749","name":"宮内庁埼玉鴨場","municipality":"越谷市","address":"大字大林地内","category":"その他","wetland_no":196,"raw_type_code":0,"raw_naturalness_code":0,"status_note":null,"survey_method":"代表湿地","survey_year":1997,"source":"埼玉県環境科学国際センター「1997年版 埼玉県湿地湧水地台帳」（原典: 埼玉県環境生活部自然環境課, 1997年作成）","source_url":"https://atlas-eco-saitama-pref-saitama.hub.arcgis.com/apps/50e96c8bc0cf4bd29418301d7640b33d/explore","data_note":"1997年時点のスナップショットです。現況とは大きく異なる場合があります。categoryは名称文字列からこのスクリプトが独自に推定した分類で、出典データ本来の区分ではありません。"}},{"type":"Feature","geometry":{"type":"Point","coordinates":[139.015316801423,36.011779939947]},"properties":{"id":"wetland1997_750","name":"三島の河原","municipality":"小鹿野町","address":"小鹿野町大字下小鹿野","category":"河川・水路","wetland_no":444,"raw_type_code":3,"raw_naturalness_code":4,"status_note":null,"survey_method":"県民調査","survey_year":1997,"source":"埼玉県環境科学国際センター「1997年版 埼玉県湿地湧水地台帳」（原典: 埼玉県環境生活部自然環境課, 1997年作成）","source_url":"https://atlas-eco-saitama-pref-saitama.hub.arcgis.com/apps/50e96c8bc0cf4bd29418301d7640b33d/explore","data_note":"1997年時点のスナップショットです。現況とは大きく異なる場合があります。categoryは名称文字列からこのスクリプトが独自に推定した分類で、出典データ本来の区分ではありません。"}},{"type":"Feature","geometry":{"type":"Point","coordinates":[139.306831830541,35.8642166691522]},"properties":{"id":"wetland1997_751","name":"天覧入ホタルの里","municipality":"飯能市","address":"飯能市飯能","category":"その他","wetland_no":1143,"raw_type_code":2,"raw_naturalness_code":4,"status_note":null,"survey_method":"県民調査","survey_year":1997,"source":"埼玉県環境科学国際センター「1997年版 埼玉県湿地湧水地台帳」（原典: 埼玉県環境生活部自然環境課, 1997年作成）","source_url":"https://atlas-eco-saitama-pref-saitama.hub.arcgis.com/apps/50e96c8bc0cf4bd29418301d7640b33d/explore","data_note":"1997年時点のスナップショットです。現況とは大きく異なる場合があります。categoryは名称文字列からこのスクリプトが独自に推定した分類で、出典データ本来の区分ではありません。"}},{"type":"Feature","geometry":{"type":"Point","coordinates":[139.370760541041,36.0874738424041]},"properties":{"id":"wetland1997_752","name":"武藏丘陵森林公園内の湿地","municipality":"滑川町","address":null,"category":"湿地・湿原","wetland_no":344,"raw_type_code":0,"raw_naturalness_code":0,"status_note":null,"survey_method":"市町村報告","survey_year":1997,"source":"埼玉県環境科学国際センター「1997年版 埼玉県湿地湧水地台帳」（原典: 埼玉県環境生活部自然環境課, 1997年作成）","source_url":"https://atlas-eco-saitama-pref-saitama.hub.arcgis.com/apps/50e96c8bc0cf4bd29418301d7640b33d/explore","data_note":"1997年時点のスナップショットです。現況とは大きく異なる場合があります。categoryは名称文字列からこのスクリプトが独自に推定した分類で、出典データ本来の区分ではありません。"}},{"type":"Feature","geometry":{"type":"Point","coordinates":[139.833335333048,35.8299385845021]},"properties":{"id":"wetland1997_753","name":"鶴ヶ曽根付近の沼沢地","municipality":"八潮市","address":"大字鶴ヶ曽根990地内","category":"池・沼","wetland_no":202,"raw_type_code":4,"raw_naturalness_code":1,"status_note":null,"survey_method":"代表湿地","survey_year":1997,"source":"埼玉県環境科学国際センター「1997年版 埼玉県湿地湧水地台帳」（原典: 埼玉県環境生活部自然環境課, 1997年作成）","source_url":"https://atlas-eco-saitama-pref-saitama.hub.arcgis.com/apps/50e96c8bc0cf4bd29418301d7640b33d/explore","data_note":"1997年時点のスナップショットです。現況とは大きく異なる場合があります。categoryは名称文字列からこのスクリプトが独自に推定した分類で、出典データ本来の区分ではありません。"}},{"type":"Feature","geometry":{"type":"Point","coordinates":[139.671993499089,35.9702815712221]},"properties":{"id":"wetland1997_754","name":"赤坂沼及びその周辺湿地","municipality":"岩槻市","address":"大字平林寺・馬込地内","category":"池・沼","wetland_no":189,"raw_type_code":4,"raw_naturalness_code":1,"status_note":null,"survey_method":"代表湿地","survey_year":1997,"source":"埼玉県環境科学国際センター「1997年版 埼玉県湿地湧水地台帳」（原典: 埼玉県環境生活部自然環境課, 1997年作成）","source_url":"https://atlas-eco-saitama-pref-saitama.hub.arcgis.com/apps/50e96c8bc0cf4bd29418301d7640b33d/explore","data_note":"1997年時点のスナップショットです。現況とは大きく異なる場合があります。categoryは名称文字列からこのスクリプトが独自に推定した分類で、出典データ本来の区分ではありません。"}},{"type":"Feature","geometry":{"type":"Point","coordinates":[139.84071495987,35.8546036540877]},"properties":{"id":"wetland1997_755","name":"八条橋上流側の中川河川敷","municipality":"八潮市","address":"大字八条4064-2地内","category":"河川・水路","wetland_no":203,"raw_type_code":3,"raw_naturalness_code":2,"status_note":null,"survey_method":"代表湿地","survey_year":1997,"source":"埼玉県環境科学国際センター「1997年版 埼玉県湿地湧水地台帳」（原典: 埼玉県環境生活部自然環境課, 1997年作成）","source_url":"https://atlas-eco-saitama-pref-saitama.hub.arcgis.com/apps/50e96c8bc0cf4bd29418301d7640b33d/explore","data_note":"1997年時点のスナップショットです。現況とは大きく異なる場合があります。categoryは名称文字列からこのスクリプトが独自に推定した分類で、出典データ本来の区分ではありません。"}},{"type":"Feature","geometry":{"type":"Point","coordinates":[139.056081537838,35.9804699097723]},"properties":{"id":"wetland1997_756","name":"荒川河川敷（巴川橋近く）","municipality":"秩父市","address":null,"category":"河川・水路","wetland_no":695,"raw_type_code":0,"raw_naturalness_code":0,"status_note":null,"survey_method":"航空写真","survey_year":1997,"source":"埼玉県環境科学国際センター「1997年版 埼玉県湿地湧水地台帳」（原典: 埼玉県環境生活部自然環境課, 1997年作成）","source_url":"https://atlas-eco-saitama-pref-saitama.hub.arcgis.com/apps/50e96c8bc0cf4bd29418301d7640b33d/explore","data_note":"1997年時点のスナップショットです。現況とは大きく異なる場合があります。categoryは名称文字列からこのスクリプトが独自に推定した分類で、出典データ本来の区分ではありません。"}},{"type":"Feature","geometry":{"type":"Point","coordinates":[139.289682655797,35.9170265093008]},"properties":{"id":"wetland1997_757","name":"鎌北湖","municipality":"毛呂山町","address":"毛呂山町大字大谷木","category":"その他","wetland_no":1054,"raw_type_code":4,"raw_naturalness_code":2,"status_note":null,"survey_method":"県民調査","survey_year":1997,"source":"埼玉県環境科学国際センター「1997年版 埼玉県湿地湧水地台帳」（原典: 埼玉県環境生活部自然環境課, 1997年作成）","source_url":"https://atlas-eco-saitama-pref-saitama.hub.arcgis.com/apps/50e96c8bc0cf4bd29418301d7640b33d/explore","data_note":"1997年時点のスナップショットです。現況とは大きく異なる場合があります。categoryは名称文字列からこのスクリプトが独自に推定した分類で、出典データ本来の区分ではありません。"}},{"type":"Feature","geometry":{"type":"Point","coordinates":[139.053843771583,35.9671360351964]},"properties":{"id":"wetland1997_758","name":"荒川河川敷（運動公園近く）","municipality":"秩父市","address":null,"category":"河川・水路","wetland_no":697,"raw_type_code":0,"raw_naturalness_code":0,"status_note":null,"survey_method":"航空写真","survey_year":1997,"source":"埼玉県環境科学国際センター「1997年版 埼玉県湿地湧水地台帳」（原典: 埼玉県環境生活部自然環境課, 1997年作成）","source_url":"https://atlas-eco-saitama-pref-saitama.hub.arcgis.com/apps/50e96c8bc0cf4bd29418301d7640b33d/explore","data_note":"1997年時点のスナップショットです。現況とは大きく異なる場合があります。categoryは名称文字列からこのスクリプトが独自に推定した分類で、出典データ本来の区分ではありません。"}},{"type":"Feature","geometry":{"type":"Point","coordinates":[139.598115976461,36.1712755630375]},"properties":{"id":"wetland1997_759","name":"宝蔵寺沼","municipality":"羽生市","address":"大字三田ヶ谷地内","category":"池・沼","wetland_no":150,"raw_type_code":4,"raw_naturalness_code":5,"status_note":null,"survey_method":"代表湿地","survey_year":1997,"source":"埼玉県環境科学国際センター「1997年版 埼玉県湿地湧水地台帳」（原典: 埼玉県環境生活部自然環境課, 1997年作成）","source_url":"https://atlas-eco-saitama-pref-saitama.hub.arcgis.com/apps/50e96c8bc0cf4bd29418301d7640b33d/explore","data_note":"1997年時点のスナップショットです。現況とは大きく異なる場合があります。categoryは名称文字列からこのスクリプトが独自に推定した分類で、出典データ本来の区分ではありません。"}},{"type":"Feature","geometry":{"type":"Point","coordinates":[139.801444717356,35.9165742650092]},"properties":{"id":"wetland1997_760","name":"大吉調節池","municipality":"越谷市","address":"大字大吉地内","category":"池・沼","wetland_no":195,"raw_type_code":0,"raw_naturalness_code":0,"status_note":null,"survey_method":"代表湿地","survey_year":1997,"source":"埼玉県環境科学国際センター「1997年版 埼玉県湿地湧水地台帳」（原典: 埼玉県環境生活部自然環境課, 1997年作成）","source_url":"https://atlas-eco-saitama-pref-saitama.hub.arcgis.com/apps/50e96c8bc0cf4bd29418301d7640b33d/explore","data_note":"1997年時点のスナップショットです。現況とは大きく異なる場合があります。categoryは名称文字列からこのスクリプトが独自に推定した分類で、出典データ本来の区分ではありません。"}},{"type":"Feature","geometry":{"type":"Point","coordinates":[138.84665934381,35.9375244404822]},"properties":{"id":"wetland1997_761","name":"中津川河川敷（川又地区）","municipality":"大滝村","address":null,"category":"河川・水路","wetland_no":676,"raw_type_code":0,"raw_naturalness_code":0,"status_note":null,"survey_method":"航空写真","survey_year":1997,"source":"埼玉県環境科学国際センター「1997年版 埼玉県湿地湧水地台帳」（原典: 埼玉県環境生活部自然環境課, 1997年作成）","source_url":"https://atlas-eco-saitama-pref-saitama.hub.arcgis.com/apps/50e96c8bc0cf4bd29418301d7640b33d/explore","data_note":"1997年時点のスナップショットです。現況とは大きく異なる場合があります。categoryは名称文字列からこのスクリプトが独自に推定した分類で、出典データ本来の区分ではありません。"}},{"type":"Feature","geometry":{"type":"Point","coordinates":[138.79529276048,35.9948414374041]},"properties":{"id":"wetland1997_762","name":"中津川河川敷","municipality":"大滝村","address":null,"category":"河川・水路","wetland_no":673,"raw_type_code":0,"raw_naturalness_code":0,"status_note":null,"survey_method":"航空写真","survey_year":1997,"source":"埼玉県環境科学国際センター「1997年版 埼玉県湿地湧水地台帳」（原典: 埼玉県環境生活部自然環境課, 1997年作成）","source_url":"https://atlas-eco-saitama-pref-saitama.hub.arcgis.com/apps/50e96c8bc0cf4bd29418301d7640b33d/explore","data_note":"1997年時点のスナップショットです。現況とは大きく異なる場合があります。categoryは名称文字列からこのスクリプトが独自に推定した分類で、出典データ本来の区分ではありません。"}},{"type":"Feature","geometry":{"type":"Point","coordinates":[139.456707013953,36.0099413949936]},"properties":{"id":"wetland1997_763","name":"梅ノ木古凍貯水池","municipality":"川島町","address":null,"category":"池・沼","wetland_no":639,"raw_type_code":0,"raw_naturalness_code":0,"status_note":null,"survey_method":"航空写真","survey_year":1997,"source":"埼玉県環境科学国際センター「1997年版 埼玉県湿地湧水地台帳」（原典: 埼玉県環境生活部自然環境課, 1997年作成）","source_url":"https://atlas-eco-saitama-pref-saitama.hub.arcgis.com/apps/50e96c8bc0cf4bd29418301d7640b33d/explore","data_note":"1997年時点のスナップショットです。現況とは大きく異なる場合があります。categoryは名称文字列からこのスクリプトが独自に推定した分類で、出典データ本来の区分ではありません。"}},{"type":"Feature","geometry":{"type":"Point","coordinates":[139.509881908644,36.182349827006]},"properties":{"id":"wetland1997_764","name":"(名称未記載)","municipality":"","address":null,"category":"その他","wetland_no":263,"raw_type_code":0,"raw_naturalness_code":0,"status_note":null,"survey_method":null,"survey_year":1997,"source":"埼玉県環境科学国際センター「1997年版 埼玉県湿地湧水地台帳」（原典: 埼玉県環境生活部自然環境課, 1997年作成）","source_url":"https://atlas-eco-saitama-pref-saitama.hub.arcgis.com/apps/50e96c8bc0cf4bd29418301d7640b33d/explore","data_note":"1997年時点のスナップショットです。現況とは大きく異なる場合があります。categoryは名称文字列からこのスクリプトが独自に推定した分類で、出典データ本来の区分ではありません。"}},{"type":"Feature","geometry":{"type":"Point","coordinates":[139.654031962562,36.1102797455195]},"properties":{"id":"wetland1997_765","name":"川口地内の湿原","municipality":"加須市","address":"大字川口地内","category":"河川・水路","wetland_no":184,"raw_type_code":1,"raw_naturalness_code":1,"status_note":null,"survey_method":"代表湿地","survey_year":1997,"source":"埼玉県環境科学国際センター「1997年版 埼玉県湿地湧水地台帳」（原典: 埼玉県環境生活部自然環境課, 1997年作成）","source_url":"https://atlas-eco-saitama-pref-saitama.hub.arcgis.com/apps/50e96c8bc0cf4bd29418301d7640b33d/explore","data_note":"1997年時点のスナップショットです。現況とは大きく異なる場合があります。categoryは名称文字列からこのスクリプトが独自に推定した分類で、出典データ本来の区分ではありません。"}},{"type":"Feature","geometry":{"type":"Point","coordinates":[139.357665018509,35.9765336812689]},"properties":{"id":"wetland1997_766","name":"越辺川河川敷（重郎地区）","municipality":"鳩山町","address":null,"category":"河川・水路","wetland_no":745,"raw_type_code":0,"raw_naturalness_code":0,"status_note":null,"survey_method":null,"survey_year":1997,"source":"埼玉県環境科学国際センター「1997年版 埼玉県湿地湧水地台帳」（原典: 埼玉県環境生活部自然環境課, 1997年作成）","source_url":"https://atlas-eco-saitama-pref-saitama.hub.arcgis.com/apps/50e96c8bc0cf4bd29418301d7640b33d/explore","data_note":"1997年時点のスナップショットです。現況とは大きく異なる場合があります。categoryは名称文字列からこのスクリプトが独自に推定した分類で、出典データ本来の区分ではありません。"}},{"type":"Feature","geometry":{"type":"Point","coordinates":[139.090991510676,36.034726199543]},"properties":{"id":"wetland1997_767","name":"荒川河川敷","municipality":"秩父市","address":null,"category":"河川・水路","wetland_no":454,"raw_type_code":0,"raw_naturalness_code":0,"status_note":null,"survey_method":"航空写真","survey_year":1997,"source":"埼玉県環境科学国際センター「1997年版 埼玉県湿地湧水地台帳」（原典: 埼玉県環境生活部自然環境課, 1997年作成）","source_url":"https://atlas-eco-saitama-pref-saitama.hub.arcgis.com/apps/50e96c8bc0cf4bd29418301d7640b33d/explore","data_note":"1997年時点のスナップショットです。現況とは大きく異なる場合があります。categoryは名称文字列からこのスクリプトが独自に推定した分類で、出典データ本来の区分ではありません。"}},{"type":"Feature","geometry":{"type":"Point","coordinates":[138.851753240628,36.0568305539102]},"properties":{"id":"wetland1997_768","name":"赤平川最上流部","municipality":"小鹿野町","address":"小鹿野町大字河原沢","category":"河川・水路","wetland_no":1083,"raw_type_code":3,"raw_naturalness_code":5,"status_note":null,"survey_method":"県民調査","survey_year":1997,"source":"埼玉県環境科学国際センター「1997年版 埼玉県湿地湧水地台帳」（原典: 埼玉県環境生活部自然環境課, 1997年作成）","source_url":"https://atlas-eco-saitama-pref-saitama.hub.arcgis.com/apps/50e96c8bc0cf4bd29418301d7640b33d/explore","data_note":"1997年時点のスナップショットです。現況とは大きく異なる場合があります。categoryは名称文字列からこのスクリプトが独自に推定した分類で、出典データ本来の区分ではありません。"}},{"type":"Feature","geometry":{"type":"Point","coordinates":[139.50072728628,36.0468079907098]},"properties":{"id":"wetland1997_769","name":"荒川河川敷（御成橋付近）","municipality":"鴻巣市","address":null,"category":"河川・水路","wetland_no":641,"raw_type_code":0,"raw_naturalness_code":0,"status_note":null,"survey_method":"市町村報告","survey_year":1997,"source":"埼玉県環境科学国際センター「1997年版 埼玉県湿地湧水地台帳」（原典: 埼玉県環境生活部自然環境課, 1997年作成）","source_url":"https://atlas-eco-saitama-pref-saitama.hub.arcgis.com/apps/50e96c8bc0cf4bd29418301d7640b33d/explore","data_note":"1997年時点のスナップショットです。現況とは大きく異なる場合があります。categoryは名称文字列からこのスクリプトが独自に推定した分類で、出典データ本来の区分ではありません。"}},{"type":"Feature","geometry":{"type":"Point","coordinates":[138.997379107981,36.018968277032]},"properties":{"id":"wetland1997_770","name":"伊豆沢河原","municipality":"小鹿野町","address":"小鹿野町大字伊豆沢","category":"河川・水路","wetland_no":437,"raw_type_code":3,"raw_naturalness_code":4,"status_note":null,"survey_method":"県民調査","survey_year":1997,"source":"埼玉県環境科学国際センター「1997年版 埼玉県湿地湧水地台帳」（原典: 埼玉県環境生活部自然環境課, 1997年作成）","source_url":"https://atlas-eco-saitama-pref-saitama.hub.arcgis.com/apps/50e96c8bc0cf4bd29418301d7640b33d/explore","data_note":"1997年時点のスナップショットです。現況とは大きく異なる場合があります。categoryは名称文字列からこのスクリプトが独自に推定した分類で、出典データ本来の区分ではありません。"}},{"type":"Feature","geometry":{"type":"Point","coordinates":[139.338390325598,35.9228832563786]},"properties":{"id":"wetland1997_771","name":"城山橋付近の高麗川河川敷","municipality":"坂戸市","address":null,"category":"河川・水路","wetland_no":770,"raw_type_code":0,"raw_naturalness_code":0,"status_note":null,"survey_method":"市町村報告","survey_year":1997,"source":"埼玉県環境科学国際センター「1997年版 埼玉県湿地湧水地台帳」（原典: 埼玉県環境生活部自然環境課, 1997年作成）","source_url":"https://atlas-eco-saitama-pref-saitama.hub.arcgis.com/apps/50e96c8bc0cf4bd29418301d7640b33d/explore","data_note":"1997年時点のスナップショットです。現況とは大きく異なる場合があります。categoryは名称文字列からこのスクリプトが独自に推定した分類で、出典データ本来の区分ではありません。"}},{"type":"Feature","geometry":{"type":"Point","coordinates":[139.678235728505,35.8497851084092]},"properties":{"id":"wetland1997_772","name":"上谷沼調節池西側にある湿地","municipality":"川口市","address":"川口市小谷場","category":"池・沼","wetland_no":1039,"raw_type_code":4,"raw_naturalness_code":3,"status_note":null,"survey_method":"県民調査","survey_year":1997,"source":"埼玉県環境科学国際センター「1997年版 埼玉県湿地湧水地台帳」（原典: 埼玉県環境生活部自然環境課, 1997年作成）","source_url":"https://atlas-eco-saitama-pref-saitama.hub.arcgis.com/apps/50e96c8bc0cf4bd29418301d7640b33d/explore","data_note":"1997年時点のスナップショットです。現況とは大きく異なる場合があります。categoryは名称文字列からこのスクリプトが独自に推定した分類で、出典データ本来の区分ではありません。"}},{"type":"Feature","geometry":{"type":"Point","coordinates":[139.022891540527,35.9576530317745]},"properties":{"id":"wetland1997_773","name":"荒川河川敷（下日野地区）","municipality":"荒川村","address":null,"category":"河川・水路","wetland_no":691,"raw_type_code":0,"raw_naturalness_code":0,"status_note":null,"survey_method":"航空写真","survey_year":1997,"source":"埼玉県環境科学国際センター「1997年版 埼玉県湿地湧水地台帳」（原典: 埼玉県環境生活部自然環境課, 1997年作成）","source_url":"https://atlas-eco-saitama-pref-saitama.hub.arcgis.com/apps/50e96c8bc0cf4bd29418301d7640b33d/explore","data_note":"1997年時点のスナップショットです。現況とは大きく異なる場合があります。categoryは名称文字列からこのスクリプトが独自に推定した分類で、出典データ本来の区分ではありません。"}},{"type":"Feature","geometry":{"type":"Point","coordinates":[139.524035677124,35.8901997334086]},"properties":{"id":"wetland1997_774","name":"旧新河岸川沿いの水田","municipality":"上福岡市","address":"大字川崎地内","category":"河川・水路","wetland_no":114,"raw_type_code":3,"raw_naturalness_code":4,"status_note":null,"survey_method":"代表湿地","survey_year":1997,"source":"埼玉県環境科学国際センター「1997年版 埼玉県湿地湧水地台帳」（原典: 埼玉県環境生活部自然環境課, 1997年作成）","source_url":"https://atlas-eco-saitama-pref-saitama.hub.arcgis.com/apps/50e96c8bc0cf4bd29418301d7640b33d/explore","data_note":"1997年時点のスナップショットです。現況とは大きく異なる場合があります。categoryは名称文字列からこのスクリプトが独自に推定した分類で、出典データ本来の区分ではありません。"}},{"type":"Feature","geometry":{"type":"Point","coordinates":[139.277907024318,36.0376373386587]},"properties":{"id":"wetland1997_775","name":"槻川（下里地内）","municipality":"小川町","address":null,"category":"河川・水路","wetland_no":490,"raw_type_code":0,"raw_naturalness_code":0,"status_note":null,"survey_method":"市町村報告","survey_year":1997,"source":"埼玉県環境科学国際センター「1997年版 埼玉県湿地湧水地台帳」（原典: 埼玉県環境生活部自然環境課, 1997年作成）","source_url":"https://atlas-eco-saitama-pref-saitama.hub.arcgis.com/apps/50e96c8bc0cf4bd29418301d7640b33d/explore","data_note":"1997年時点のスナップショットです。現況とは大きく異なる場合があります。categoryは名称文字列からこのスクリプトが独自に推定した分類で、出典データ本来の区分ではありません。"}},{"type":"Feature","geometry":{"type":"Point","coordinates":[139.396462443553,35.8828481261881]},"properties":{"id":"wetland1997_776","name":"智光山公園内にある池沼","municipality":"狭山市","address":"狭山市柏原","category":"池・沼","wetland_no":1025,"raw_type_code":3,"raw_naturalness_code":3,"status_note":null,"survey_method":"県民調査","survey_year":1997,"source":"埼玉県環境科学国際センター「1997年版 埼玉県湿地湧水地台帳」（原典: 埼玉県環境生活部自然環境課, 1997年作成）","source_url":"https://atlas-eco-saitama-pref-saitama.hub.arcgis.com/apps/50e96c8bc0cf4bd29418301d7640b33d/explore","data_note":"1997年時点のスナップショットです。現況とは大きく異なる場合があります。categoryは名称文字列からこのスクリプトが独自に推定した分類で、出典データ本来の区分ではありません。"}},{"type":"Feature","geometry":{"type":"Point","coordinates":[139.328862543963,35.8736984161391]},"properties":{"id":"wetland1997_777","name":"宮沢湖","municipality":"飯能市","address":"飯能市宮沢","category":"その他","wetland_no":1144,"raw_type_code":4,"raw_naturalness_code":2,"status_note":null,"survey_method":"県民調査","survey_year":1997,"source":"埼玉県環境科学国際センター「1997年版 埼玉県湿地湧水地台帳」（原典: 埼玉県環境生活部自然環境課, 1997年作成）","source_url":"https://atlas-eco-saitama-pref-saitama.hub.arcgis.com/apps/50e96c8bc0cf4bd29418301d7640b33d/explore","data_note":"1997年時点のスナップショットです。現況とは大きく異なる場合があります。categoryは名称文字列からこのスクリプトが独自に推定した分類で、出典データ本来の区分ではありません。"}},{"type":"Feature","geometry":{"type":"Point","coordinates":[139.466017893769,36.0990137216985]},"properties":{"id":"wetland1997_778","name":"元荒川の旧流水路","municipality":"吹上町","address":"大字前砂地内","category":"河川・水路","wetland_no":34,"raw_type_code":3,"raw_naturalness_code":1,"status_note":null,"survey_method":"代表湿地","survey_year":1997,"source":"埼玉県環境科学国際センター「1997年版 埼玉県湿地湧水地台帳」（原典: 埼玉県環境生活部自然環境課, 1997年作成）","source_url":"https://atlas-eco-saitama-pref-saitama.hub.arcgis.com/apps/50e96c8bc0cf4bd29418301d7640b33d/explore","data_note":"1997年時点のスナップショットです。現況とは大きく異なる場合があります。categoryは名称文字列からこのスクリプトが独自に推定した分類で、出典データ本来の区分ではありません。"}},{"type":"Feature","geometry":{"type":"Point","coordinates":[139.439032135224,36.0421970250165]},"properties":{"id":"wetland1997_779","name":"和名湖","municipality":"吉見町","address":"大字和名地内","category":"その他","wetland_no":138,"raw_type_code":0,"raw_naturalness_code":0,"status_note":null,"survey_method":"代表湿地","survey_year":1997,"source":"埼玉県環境科学国際センター「1997年版 埼玉県湿地湧水地台帳」（原典: 埼玉県環境生活部自然環境課, 1997年作成）","source_url":"https://atlas-eco-saitama-pref-saitama.hub.arcgis.com/apps/50e96c8bc0cf4bd29418301d7640b33d/explore","data_note":"1997年時点のスナップショットです。現況とは大きく異なる場合があります。categoryは名称文字列からこのスクリプトが独自に推定した分類で、出典データ本来の区分ではありません。"}},{"type":"Feature","geometry":{"type":"Point","coordinates":[139.613743460809,35.8361426744804]},"properties":{"id":"wetland1997_780","name":"田島ヶ原サクラソウ自生地","municipality":"浦和市","address":"大字西堀・関・田島地内","category":"その他","wetland_no":3,"raw_type_code":3,"raw_naturalness_code":2,"status_note":null,"survey_method":"代表湿地","survey_year":1997,"source":"埼玉県環境科学国際センター「1997年版 埼玉県湿地湧水地台帳」（原典: 埼玉県環境生活部自然環境課, 1997年作成）","source_url":"https://atlas-eco-saitama-pref-saitama.hub.arcgis.com/apps/50e96c8bc0cf4bd29418301d7640b33d/explore","data_note":"1997年時点のスナップショットです。現況とは大きく異なる場合があります。categoryは名称文字列からこのスクリプトが独自に推定した分類で、出典データ本来の区分ではありません。"}},{"type":"Feature","geometry":{"type":"Point","coordinates":[139.347538393854,35.9299902463626]},"properties":{"id":"wetland1997_781","name":"四日市場地内の高麗川河川敷","municipality":"坂戸市","address":"大字四日市場地内/毛呂山町大字下川原地内他","category":"河川・水路","wetland_no":115,"raw_type_code":3,"raw_naturalness_code":4,"status_note":null,"survey_method":"代表湿地","survey_year":1997,"source":"埼玉県環境科学国際センター「1997年版 埼玉県湿地湧水地台帳」（原典: 埼玉県環境生活部自然環境課, 1997年作成）","source_url":"https://atlas-eco-saitama-pref-saitama.hub.arcgis.com/apps/50e96c8bc0cf4bd29418301d7640b33d/explore","data_note":"1997年時点のスナップショットです。現況とは大きく異なる場合があります。categoryは名称文字列からこのスクリプトが独自に推定した分類で、出典データ本来の区分ではありません。"}},{"type":"Feature","geometry":{"type":"Point","coordinates":[139.207228291924,36.1198048471403]},"properties":{"id":"wetland1997_782","name":"荒川河川敷（立ヶ瀬地区）","municipality":"寄居町","address":null,"category":"河川・水路","wetland_no":289,"raw_type_code":0,"raw_naturalness_code":0,"status_note":null,"survey_method":"市町村報告","survey_year":1997,"source":"埼玉県環境科学国際センター「1997年版 埼玉県湿地湧水地台帳」（原典: 埼玉県環境生活部自然環境課, 1997年作成）","source_url":"https://atlas-eco-saitama-pref-saitama.hub.arcgis.com/apps/50e96c8bc0cf4bd29418301d7640b33d/explore","data_note":"1997年時点のスナップショットです。現況とは大きく異なる場合があります。categoryは名称文字列からこのスクリプトが独自に推定した分類で、出典データ本来の区分ではありません。"}},{"type":"Feature","geometry":{"type":"Point","coordinates":[139.495830478936,36.0330009238475]},"properties":{"id":"wetland1997_783","name":"荒川旧流路","municipality":"北本市","address":"大字荒井/吉見町大字高尾新田地内の境界他","category":"河川・水路","wetland_no":30,"raw_type_code":4,"raw_naturalness_code":4,"status_note":null,"survey_method":"代表湿地","survey_year":1997,"source":"埼玉県環境科学国際センター「1997年版 埼玉県湿地湧水地台帳」（原典: 埼玉県環境生活部自然環境課, 1997年作成）","source_url":"https://atlas-eco-saitama-pref-saitama.hub.arcgis.com/apps/50e96c8bc0cf4bd29418301d7640b33d/explore","data_note":"1997年時点のスナップショットです。現況とは大きく異なる場合があります。categoryは名称文字列からこのスクリプトが独自に推定した分類で、出典データ本来の区分ではありません。"}},{"type":"Feature","geometry":{"type":"Point","coordinates":[139.35736050939,35.94357363016]},"properties":{"id":"wetland1997_784","name":"萓方地内の高麗川河川敷","municipality":"坂戸市","address":null,"category":"河川・水路","wetland_no":768,"raw_type_code":0,"raw_naturalness_code":0,"status_note":null,"survey_method":"市町村報告","survey_year":1997,"source":"埼玉県環境科学国際センター「1997年版 埼玉県湿地湧水地台帳」（原典: 埼玉県環境生活部自然環境課, 1997年作成）","source_url":"https://atlas-eco-saitama-pref-saitama.hub.arcgis.com/apps/50e96c8bc0cf4bd29418301d7640b33d/explore","data_note":"1997年時点のスナップショットです。現況とは大きく異なる場合があります。categoryは名称文字列からこのスクリプトが独自に推定した分類で、出典データ本来の区分ではありません。"}},{"type":"Feature","geometry":{"type":"Point","coordinates":[139.549215255112,35.8485150851877]},"properties":{"id":"wetland1997_785","name":"鶴馬地内の湿地","municipality":"富士見市","address":"鶴馬1丁目・大字鶴馬地内","category":"湿地・湿原","wetland_no":100,"raw_type_code":2,"raw_naturalness_code":4,"status_note":null,"survey_method":"代表湿地","survey_year":1997,"source":"埼玉県環境科学国際センター「1997年版 埼玉県湿地湧水地台帳」（原典: 埼玉県環境生活部自然環境課, 1997年作成）","source_url":"https://atlas-eco-saitama-pref-saitama.hub.arcgis.com/apps/50e96c8bc0cf4bd29418301d7640b33d/explore","data_note":"1997年時点のスナップショットです。現況とは大きく異なる場合があります。categoryは名称文字列からこのスクリプトが独自に推定した分類で、出典データ本来の区分ではありません。"}},{"type":"Feature","geometry":{"type":"Point","coordinates":[139.849753432763,35.7991873124082]},"properties":{"id":"wetland1997_786","name":"潮止橋上下流の中川河川敷","municipality":"八潮市","address":"大字古新田地内","category":"河川・水路","wetland_no":205,"raw_type_code":3,"raw_naturalness_code":2,"status_note":null,"survey_method":"代表湿地","survey_year":1997,"source":"埼玉県環境科学国際センター「1997年版 埼玉県湿地湧水地台帳」（原典: 埼玉県環境生活部自然環境課, 1997年作成）","source_url":"https://atlas-eco-saitama-pref-saitama.hub.arcgis.com/apps/50e96c8bc0cf4bd29418301d7640b33d/explore","data_note":"1997年時点のスナップショットです。現況とは大きく異なる場合があります。categoryは名称文字列からこのスクリプトが独自に推定した分類で、出典データ本来の区分ではありません。"}},{"type":"Feature","geometry":{"type":"Point","coordinates":[139.502271389642,36.021094392815]},"properties":{"id":"wetland1997_787","name":"荒川河川敷（荒井橋周辺）","municipality":"北本市","address":null,"category":"河川・水路","wetland_no":644,"raw_type_code":0,"raw_naturalness_code":0,"status_note":null,"survey_method":"市町村報告","survey_year":1997,"source":"埼玉県環境科学国際センター「1997年版 埼玉県湿地湧水地台帳」（原典: 埼玉県環境生活部自然環境課, 1997年作成）","source_url":"https://atlas-eco-saitama-pref-saitama.hub.arcgis.com/apps/50e96c8bc0cf4bd29418301d7640b33d/explore","data_note":"1997年時点のスナップショットです。現況とは大きく異なる場合があります。categoryは名称文字列からこのスクリプトが独自に推定した分類で、出典データ本来の区分ではありません。"}},{"type":"Feature","geometry":{"type":"Point","coordinates":[138.871082997571,36.0486218359782]},"properties":{"id":"wetland1997_788","name":"尾ノ内沢","municipality":"小鹿野町","address":"小鹿野町大字河原沢","category":"その他","wetland_no":1082,"raw_type_code":3,"raw_naturalness_code":5,"status_note":null,"survey_method":"県民調査","survey_year":1997,"source":"埼玉県環境科学国際センター「1997年版 埼玉県湿地湧水地台帳」（原典: 埼玉県環境生活部自然環境課, 1997年作成）","source_url":"https://atlas-eco-saitama-pref-saitama.hub.arcgis.com/apps/50e96c8bc0cf4bd29418301d7640b33d/explore","data_note":"1997年時点のスナップショットです。現況とは大きく異なる場合があります。categoryは名称文字列からこのスクリプトが独自に推定した分類で、出典データ本来の区分ではありません。"}},{"type":"Feature","geometry":{"type":"Point","coordinates":[139.437887289886,36.0866429107922]},"properties":{"id":"wetland1997_789","name":"(名称未記載)","municipality":"","address":null,"category":"その他","wetland_no":413,"raw_type_code":0,"raw_naturalness_code":0,"status_note":null,"survey_method":null,"survey_year":1997,"source":"埼玉県環境科学国際センター「1997年版 埼玉県湿地湧水地台帳」（原典: 埼玉県環境生活部自然環境課, 1997年作成）","source_url":"https://atlas-eco-saitama-pref-saitama.hub.arcgis.com/apps/50e96c8bc0cf4bd29418301d7640b33d/explore","data_note":"1997年時点のスナップショットです。現況とは大きく異なる場合があります。categoryは名称文字列からこのスクリプトが独自に推定した分類で、出典データ本来の区分ではありません。"}},{"type":"Feature","geometry":{"type":"Point","coordinates":[139.504710519556,36.0084666102201]},"properties":{"id":"wetland1997_790","name":"横田薬師堂下の湧水地","municipality":"北本市","address":"大字石戸宿地内","category":"湧水・井戸","wetland_no":32,"raw_type_code":2,"raw_naturalness_code":3,"status_note":null,"survey_method":"代表湿地","survey_year":1997,"source":"埼玉県環境科学国際センター「1997年版 埼玉県湿地湧水地台帳」（原典: 埼玉県環境生活部自然環境課, 1997年作成）","source_url":"https://atlas-eco-saitama-pref-saitama.hub.arcgis.com/apps/50e96c8bc0cf4bd29418301d7640b33d/explore","data_note":"1997年時点のスナップショットです。現況とは大きく異なる場合があります。categoryは名称文字列からこのスクリプトが独自に推定した分類で、出典データ本来の区分ではありません。"}},{"type":"Feature","geometry":{"type":"Point","coordinates":[138.888773018303,36.0784228466582]},"properties":{"id":"wetland1997_791","name":"藤倉川最上流部","municipality":"小鹿野町","address":"小鹿野町大字藤倉","category":"河川・水路","wetland_no":1084,"raw_type_code":3,"raw_naturalness_code":0,"status_note":null,"survey_method":"県民調査","survey_year":1997,"source":"埼玉県環境科学国際センター「1997年版 埼玉県湿地湧水地台帳」（原典: 埼玉県環境生活部自然環境課, 1997年作成）","source_url":"https://atlas-eco-saitama-pref-saitama.hub.arcgis.com/apps/50e96c8bc0cf4bd29418301d7640b33d/explore","data_note":"1997年時点のスナップショットです。現況とは大きく異なる場合があります。categoryは名称文字列からこのスクリプトが独自に推定した分類で、出典データ本来の区分ではありません。"}},{"type":"Feature","geometry":{"type":"Point","coordinates":[139.353017245722,36.2026410539712]},"properties":{"id":"wetland1997_792","name":"原井地内の池沼と河畔湿地","municipality":"妻沼町","address":"大字原井地内他","category":"池・沼","wetland_no":162,"raw_type_code":4,"raw_naturalness_code":3,"status_note":null,"survey_method":"代表湿地","survey_year":1997,"source":"埼玉県環境科学国際センター「1997年版 埼玉県湿地湧水地台帳」（原典: 埼玉県環境生活部自然環境課, 1997年作成）","source_url":"https://atlas-eco-saitama-pref-saitama.hub.arcgis.com/apps/50e96c8bc0cf4bd29418301d7640b33d/explore","data_note":"1997年時点のスナップショットです。現況とは大きく異なる場合があります。categoryは名称文字列からこのスクリプトが独自に推定した分類で、出典データ本来の区分ではありません。"}},{"type":"Feature","geometry":{"type":"Point","coordinates":[139.408339413081,36.0094513531115]},"properties":{"id":"wetland1997_793","name":"高坂地内の都幾川","municipality":"東松山市","address":null,"category":"河川・水路","wetland_no":628,"raw_type_code":0,"raw_naturalness_code":0,"status_note":null,"survey_method":"市町村報告","survey_year":1997,"source":"埼玉県環境科学国際センター「1997年版 埼玉県湿地湧水地台帳」（原典: 埼玉県環境生活部自然環境課, 1997年作成）","source_url":"https://atlas-eco-saitama-pref-saitama.hub.arcgis.com/apps/50e96c8bc0cf4bd29418301d7640b33d/explore","data_note":"1997年時点のスナップショットです。現況とは大きく異なる場合があります。categoryは名称文字列からこのスクリプトが独自に推定した分類で、出典データ本来の区分ではありません。"}},{"type":"Feature","geometry":{"type":"Point","coordinates":[139.392618750082,35.785204539663]},"properties":{"id":"wetland1997_794","name":"三ヶ島湿地","municipality":"所沢市","address":"大字三ヶ島地内（早稲田大学所沢キャンパス内）","category":"湿地・湿原","wetland_no":39,"raw_type_code":2,"raw_naturalness_code":4,"status_note":null,"survey_method":"代表湿地","survey_year":1997,"source":"埼玉県環境科学国際センター「1997年版 埼玉県湿地湧水地台帳」（原典: 埼玉県環境生活部自然環境課, 1997年作成）","source_url":"https://atlas-eco-saitama-pref-saitama.hub.arcgis.com/apps/50e96c8bc0cf4bd29418301d7640b33d/explore","data_note":"1997年時点のスナップショットです。現況とは大きく異なる場合があります。categoryは名称文字列からこのスクリプトが独自に推定した分類で、出典データ本来の区分ではありません。"}},{"type":"Feature","geometry":{"type":"Point","coordinates":[139.516006404859,35.9234136073905]},"properties":{"id":"wetland1997_795","name":"伊佐沼","municipality":"川越市","address":"大字古谷上地内","category":"池・沼","wetland_no":37,"raw_type_code":4,"raw_naturalness_code":1,"status_note":null,"survey_method":"代表湿地","survey_year":1997,"source":"埼玉県環境科学国際センター「1997年版 埼玉県湿地湧水地台帳」（原典: 埼玉県環境生活部自然環境課, 1997年作成）","source_url":"https://atlas-eco-saitama-pref-saitama.hub.arcgis.com/apps/50e96c8bc0cf4bd29418301d7640b33d/explore","data_note":"1997年時点のスナップショットです。現況とは大きく異なる場合があります。categoryは名称文字列からこのスクリプトが独自に推定した分類で、出典データ本来の区分ではありません。"}},{"type":"Feature","geometry":{"type":"Point","coordinates":[139.621841253869,36.0356900115049]},"properties":{"id":"wetland1997_796","name":"柴山沼","municipality":"白岡町","address":"荒井新田･柴山地内","category":"池・沼","wetland_no":220,"raw_type_code":4,"raw_naturalness_code":2,"status_note":null,"survey_method":"代表湿地","survey_year":1997,"source":"埼玉県環境科学国際センター「1997年版 埼玉県湿地湧水地台帳」（原典: 埼玉県環境生活部自然環境課, 1997年作成）","source_url":"https://atlas-eco-saitama-pref-saitama.hub.arcgis.com/apps/50e96c8bc0cf4bd29418301d7640b33d/explore","data_note":"1997年時点のスナップショットです。現況とは大きく異なる場合があります。categoryは名称文字列からこのスクリプトが独自に推定した分類で、出典データ本来の区分ではありません。"}},{"type":"Feature","geometry":{"type":"Point","coordinates":[139.425548791118,35.9974126716987]},"properties":{"id":"wetland1997_797","name":"早俣地内の都幾川、越辺川合流地点","municipality":"東松山市","address":null,"category":"河川・水路","wetland_no":779,"raw_type_code":0,"raw_naturalness_code":0,"status_note":null,"survey_method":"市町村報告","survey_year":1997,"source":"埼玉県環境科学国際センター「1997年版 埼玉県湿地湧水地台帳」（原典: 埼玉県環境生活部自然環境課, 1997年作成）","source_url":"https://atlas-eco-saitama-pref-saitama.hub.arcgis.com/apps/50e96c8bc0cf4bd29418301d7640b33d/explore","data_note":"1997年時点のスナップショットです。現況とは大きく異なる場合があります。categoryは名称文字列からこのスクリプトが独自に推定した分類で、出典データ本来の区分ではありません。"}},{"type":"Feature","geometry":{"type":"Point","coordinates":[139.669530590769,35.9574641199566]},"properties":{"id":"wetland1997_798","name":"深作川遊水地とその周辺湿地","municipality":"大宮市","address":"大字深作地内他","category":"河川・水路","wetland_no":11,"raw_type_code":4,"raw_naturalness_code":4,"status_note":null,"survey_method":"代表湿地","survey_year":1997,"source":"埼玉県環境科学国際センター「1997年版 埼玉県湿地湧水地台帳」（原典: 埼玉県環境生活部自然環境課, 1997年作成）","source_url":"https://atlas-eco-saitama-pref-saitama.hub.arcgis.com/apps/50e96c8bc0cf4bd29418301d7640b33d/explore","data_note":"1997年時点のスナップショットです。現況とは大きく異なる場合があります。categoryは名称文字列からこのスクリプトが独自に推定した分類で、出典データ本来の区分ではありません。"}},{"type":"Feature","geometry":{"type":"Point","coordinates":[139.337027935249,36.1941580346584]},"properties":{"id":"wetland1997_799","name":"熊谷市別府沼","municipality":"熊谷市","address":"大字西別府地内","category":"池・沼","wetland_no":144,"raw_type_code":3,"raw_naturalness_code":3,"status_note":null,"survey_method":"代表湿地","survey_year":1997,"source":"埼玉県環境科学国際センター「1997年版 埼玉県湿地湧水地台帳」（原典: 埼玉県環境生活部自然環境課, 1997年作成）","source_url":"https://atlas-eco-saitama-pref-saitama.hub.arcgis.com/apps/50e96c8bc0cf4bd29418301d7640b33d/explore","data_note":"1997年時点のスナップショットです。現況とは大きく異なる場合があります。categoryは名称文字列からこのスクリプトが独自に推定した分類で、出典データ本来の区分ではありません。"}},{"type":"Feature","geometry":{"type":"Point","coordinates":[138.967919568805,35.9478551737828]},"properties":{"id":"wetland1997_800","name":"巣場地区の荒川河川敷","municipality":"大滝村","address":null,"category":"河川・水路","wetland_no":681,"raw_type_code":0,"raw_naturalness_code":0,"status_note":null,"survey_method":"航空写真","survey_year":1997,"source":"埼玉県環境科学国際センター「1997年版 埼玉県湿地湧水地台帳」（原典: 埼玉県環境生活部自然環境課, 1997年作成）","source_url":"https://atlas-eco-saitama-pref-saitama.hub.arcgis.com/apps/50e96c8bc0cf4bd29418301d7640b33d/explore","data_note":"1997年時点のスナップショットです。現況とは大きく異なる場合があります。categoryは名称文字列からこのスクリプトが独自に推定した分類で、出典データ本来の区分ではありません。"}},{"type":"Feature","geometry":{"type":"Point","coordinates":[139.697353921418,35.96883122297]},"properties":{"id":"wetland1997_801","name":"慈恩寺橋付近の元荒川河川敷","municipality":"岩槻市","address":"大字上野地内","category":"河川・水路","wetland_no":186,"raw_type_code":3,"raw_naturalness_code":3,"status_note":null,"survey_method":"代表湿地","survey_year":1997,"source":"埼玉県環境科学国際センター「1997年版 埼玉県湿地湧水地台帳」（原典: 埼玉県環境生活部自然環境課, 1997年作成）","source_url":"https://atlas-eco-saitama-pref-saitama.hub.arcgis.com/apps/50e96c8bc0cf4bd29418301d7640b33d/explore","data_note":"1997年時点のスナップショットです。現況とは大きく異なる場合があります。categoryは名称文字列からこのスクリプトが独自に推定した分類で、出典データ本来の区分ではありません。"}},{"type":"Feature","geometry":{"type":"Point","coordinates":[139.007810005497,36.0153887691539]},"properties":{"id":"wetland1997_802","name":"春日町の河原","municipality":"小鹿野町","address":"小鹿野町大字小鹿野","category":"河川・水路","wetland_no":445,"raw_type_code":3,"raw_naturalness_code":4,"status_note":null,"survey_method":"県民調査","survey_year":1997,"source":"埼玉県環境科学国際センター「1997年版 埼玉県湿地湧水地台帳」（原典: 埼玉県環境生活部自然環境課, 1997年作成）","source_url":"https://atlas-eco-saitama-pref-saitama.hub.arcgis.com/apps/50e96c8bc0cf4bd29418301d7640b33d/explore","data_note":"1997年時点のスナップショットです。現況とは大きく異なる場合があります。categoryは名称文字列からこのスクリプトが独自に推定した分類で、出典データ本来の区分ではありません。"}},{"type":"Feature","geometry":{"type":"Point","coordinates":[139.532140344991,36.1903275004149]},"properties":{"id":"wetland1997_803","name":"(名称未記載)","municipality":"","address":null,"category":"その他","wetland_no":262,"raw_type_code":0,"raw_naturalness_code":0,"status_note":null,"survey_method":null,"survey_year":1997,"source":"埼玉県環境科学国際センター「1997年版 埼玉県湿地湧水地台帳」（原典: 埼玉県環境生活部自然環境課, 1997年作成）","source_url":"https://atlas-eco-saitama-pref-saitama.hub.arcgis.com/apps/50e96c8bc0cf4bd29418301d7640b33d/explore","data_note":"1997年時点のスナップショットです。現況とは大きく異なる場合があります。categoryは名称文字列からこのスクリプトが独自に推定した分類で、出典データ本来の区分ではありません。"}},{"type":"Feature","geometry":{"type":"Point","coordinates":[139.629916607014,35.8273430840521]},"properties":{"id":"wetland1997_804","name":"道満河岸とその周辺湿地","municipality":"戸田市","address":"大字内谷字前原地内","category":"湿地・湿原","wetland_no":23,"raw_type_code":4,"raw_naturalness_code":3,"status_note":null,"survey_method":"代表湿地","survey_year":1997,"source":"埼玉県環境科学国際センター「1997年版 埼玉県湿地湧水地台帳」（原典: 埼玉県環境生活部自然環境課, 1997年作成）","source_url":"https://atlas-eco-saitama-pref-saitama.hub.arcgis.com/apps/50e96c8bc0cf4bd29418301d7640b33d/explore","data_note":"1997年時点のスナップショットです。現況とは大きく異なる場合があります。categoryは名称文字列からこのスクリプトが独自に推定した分類で、出典データ本来の区分ではありません。"}},{"type":"Feature","geometry":{"type":"Point","coordinates":[139.045523073263,36.0191289972613]},"properties":{"id":"wetland1997_805","name":"ようばけのの河原","municipality":"小鹿野町","address":"小鹿野町大字下小鹿野","category":"河川・水路","wetland_no":442,"raw_type_code":3,"raw_naturalness_code":4,"status_note":null,"survey_method":"県民調査","survey_year":1997,"source":"埼玉県環境科学国際センター「1997年版 埼玉県湿地湧水地台帳」（原典: 埼玉県環境生活部自然環境課, 1997年作成）","source_url":"https://atlas-eco-saitama-pref-saitama.hub.arcgis.com/apps/50e96c8bc0cf4bd29418301d7640b33d/explore","data_note":"1997年時点のスナップショットです。現況とは大きく異なる場合があります。categoryは名称文字列からこのスクリプトが独自に推定した分類で、出典データ本来の区分ではありません。"}},{"type":"Feature","geometry":{"type":"Point","coordinates":[139.535232658813,35.9162979210025]},"properties":{"id":"wetland1997_806","name":"古川排水路","municipality":"川越市","address":"大字古谷上地内他","category":"河川・水路","wetland_no":38,"raw_type_code":3,"raw_naturalness_code":4,"status_note":null,"survey_method":"代表湿地","survey_year":1997,"source":"埼玉県環境科学国際センター「1997年版 埼玉県湿地湧水地台帳」（原典: 埼玉県環境生活部自然環境課, 1997年作成）","source_url":"https://atlas-eco-saitama-pref-saitama.hub.arcgis.com/apps/50e96c8bc0cf4bd29418301d7640b33d/explore","data_note":"1997年時点のスナップショットです。現況とは大きく異なる場合があります。categoryは名称文字列からこのスクリプトが独自に推定した分類で、出典データ本来の区分ではありません。"}},{"type":"Feature","geometry":{"type":"Point","coordinates":[139.674262760278,35.9128968295533]},"properties":{"id":"wetland1997_807","name":"見沼田圃笹丸地内の湿地","municipality":"大宮市","address":"大字笹丸・東新井・御蔵・染谷地内","category":"池・沼","wetland_no":13,"raw_type_code":2,"raw_naturalness_code":3,"status_note":null,"survey_method":"代表湿地","survey_year":1997,"source":"埼玉県環境科学国際センター「1997年版 埼玉県湿地湧水地台帳」（原典: 埼玉県環境生活部自然環境課, 1997年作成）","source_url":"https://atlas-eco-saitama-pref-saitama.hub.arcgis.com/apps/50e96c8bc0cf4bd29418301d7640b33d/explore","data_note":"1997年時点のスナップショットです。現況とは大きく異なる場合があります。categoryは名称文字列からこのスクリプトが独自に推定した分類で、出典データ本来の区分ではありません。"}},{"type":"Feature","geometry":{"type":"Point","coordinates":[139.03962029743,36.0331147821532]},"properties":{"id":"wetland1997_808","name":"赤平川暮坪地内","municipality":"吉田町","address":null,"category":"河川・水路","wetland_no":440,"raw_type_code":0,"raw_naturalness_code":0,"status_note":null,"survey_method":"市町村報告","survey_year":1997,"source":"埼玉県環境科学国際センター「1997年版 埼玉県湿地湧水地台帳」（原典: 埼玉県環境生活部自然環境課, 1997年作成）","source_url":"https://atlas-eco-saitama-pref-saitama.hub.arcgis.com/apps/50e96c8bc0cf4bd29418301d7640b33d/explore","data_note":"1997年時点のスナップショットです。現況とは大きく異なる場合があります。categoryは名称文字列からこのスクリプトが独自に推定した分類で、出典データ本来の区分ではありません。"}},{"type":"Feature","geometry":{"type":"Point","coordinates":[139.230189380605,36.0394090961296]},"properties":{"id":"wetland1997_809","name":"槻川（腰越地内）","municipality":"小川町","address":null,"category":"河川・水路","wetland_no":463,"raw_type_code":0,"raw_naturalness_code":0,"status_note":null,"survey_method":"市町村報告","survey_year":1997,"source":"埼玉県環境科学国際センター「1997年版 埼玉県湿地湧水地台帳」（原典: 埼玉県環境生活部自然環境課, 1997年作成）","source_url":"https://atlas-eco-saitama-pref-saitama.hub.arcgis.com/apps/50e96c8bc0cf4bd29418301d7640b33d/explore","data_note":"1997年時点のスナップショットです。現況とは大きく異なる場合があります。categoryは名称文字列からこのスクリプトが独自に推定した分類で、出典データ本来の区分ではありません。"}},{"type":"Feature","geometry":{"type":"Point","coordinates":[139.794301387878,35.8894542147048]},"properties":{"id":"wetland1997_810","name":"葛西用水瓦曽根溜井","municipality":"越谷市","address":"越谷4丁目地内他","category":"河川・水路","wetland_no":194,"raw_type_code":3,"raw_naturalness_code":4,"status_note":null,"survey_method":"代表湿地","survey_year":1997,"source":"埼玉県環境科学国際センター「1997年版 埼玉県湿地湧水地台帳」（原典: 埼玉県環境生活部自然環境課, 1997年作成）","source_url":"https://atlas-eco-saitama-pref-saitama.hub.arcgis.com/apps/50e96c8bc0cf4bd29418301d7640b33d/explore","data_note":"1997年時点のスナップショットです。現況とは大きく異なる場合があります。categoryは名称文字列からこのスクリプトが独自に推定した分類で、出典データ本来の区分ではありません。"}},{"type":"Feature","geometry":{"type":"Point","coordinates":[139.177756958768,36.1177047997802]},"properties":{"id":"wetland1997_811","name":"荒川河川敷（常木地区）","municipality":"寄居町","address":null,"category":"河川・水路","wetland_no":284,"raw_type_code":0,"raw_naturalness_code":0,"status_note":null,"survey_method":"市町村報告","survey_year":1997,"source":"埼玉県環境科学国際センター「1997年版 埼玉県湿地湧水地台帳」（原典: 埼玉県環境生活部自然環境課, 1997年作成）","source_url":"https://atlas-eco-saitama-pref-saitama.hub.arcgis.com/apps/50e96c8bc0cf4bd29418301d7640b33d/explore","data_note":"1997年時点のスナップショットです。現況とは大きく異なる場合があります。categoryは名称文字列からこのスクリプトが独自に推定した分類で、出典データ本来の区分ではありません。"}},{"type":"Feature","geometry":{"type":"Point","coordinates":[139.43193413204,36.1002669050092]},"properties":{"id":"wetland1997_812","name":"(名称未記載)","municipality":"","address":null,"category":"その他","wetland_no":412,"raw_type_code":0,"raw_naturalness_code":0,"status_note":null,"survey_method":null,"survey_year":1997,"source":"埼玉県環境科学国際センター「1997年版 埼玉県湿地湧水地台帳」（原典: 埼玉県環境生活部自然環境課, 1997年作成）","source_url":"https://atlas-eco-saitama-pref-saitama.hub.arcgis.com/apps/50e96c8bc0cf4bd29418301d7640b33d/explore","data_note":"1997年時点のスナップショットです。現況とは大きく異なる場合があります。categoryは名称文字列からこのスクリプトが独自に推定した分類で、出典データ本来の区分ではありません。"}},{"type":"Feature","geometry":{"type":"Point","coordinates":[138.785625822621,35.9933414964571]},"properties":{"id":"wetland1997_813","name":"中津川河川敷","municipality":"大滝村","address":null,"category":"河川・水路","wetland_no":672,"raw_type_code":0,"raw_naturalness_code":0,"status_note":null,"survey_method":"航空写真","survey_year":1997,"source":"埼玉県環境科学国際センター「1997年版 埼玉県湿地湧水地台帳」（原典: 埼玉県環境生活部自然環境課, 1997年作成）","source_url":"https://atlas-eco-saitama-pref-saitama.hub.arcgis.com/apps/50e96c8bc0cf4bd29418301d7640b33d/explore","data_note":"1997年時点のスナップショットです。現況とは大きく異なる場合があります。categoryは名称文字列からこのスクリプトが独自に推定した分類で、出典データ本来の区分ではありません。"}},{"type":"Feature","geometry":{"type":"Point","coordinates":[139.548247922265,35.9562744566706]},"properties":{"id":"wetland1997_814","name":"丸山公園及びその周辺湿地","municipality":"上尾市","address":"大字平方地内","category":"湿地・湿原","wetland_no":19,"raw_type_code":4,"raw_naturalness_code":4,"status_note":null,"survey_method":"代表湿地","survey_year":1997,"source":"埼玉県環境科学国際センター「1997年版 埼玉県湿地湧水地台帳」（原典: 埼玉県環境生活部自然環境課, 1997年作成）","source_url":"https://atlas-eco-saitama-pref-saitama.hub.arcgis.com/apps/50e96c8bc0cf4bd29418301d7640b33d/explore","data_note":"1997年時点のスナップショットです。現況とは大きく異なる場合があります。categoryは名称文字列からこのスクリプトが独自に推定した分類で、出典データ本来の区分ではありません。"}},{"type":"Feature","geometry":{"type":"Point","coordinates":[139.490969487423,36.0406783772769]},"properties":{"id":"wetland1997_815","name":"荒川旧流路②　釜虎","municipality":"鴻巣市","address":"大字滝馬室/吉見町大字古名新田地内他","category":"河川・水路","wetland_no":18,"raw_type_code":4,"raw_naturalness_code":4,"status_note":null,"survey_method":"代表湿地","survey_year":1997,"source":"埼玉県環境科学国際センター「1997年版 埼玉県湿地湧水地台帳」（原典: 埼玉県環境生活部自然環境課, 1997年作成）","source_url":"https://atlas-eco-saitama-pref-saitama.hub.arcgis.com/apps/50e96c8bc0cf4bd29418301d7640b33d/explore","data_note":"1997年時点のスナップショットです。現況とは大きく異なる場合があります。categoryは名称文字列からこのスクリプトが独自に推定した分類で、出典データ本来の区分ではありません。"}},{"type":"Feature","geometry":{"type":"Point","coordinates":[139.486200478903,36.0510482770726]},"properties":{"id":"wetland1997_816","name":"荒川旧流路①　明秋","municipality":"鴻巣市","address":"大字滝馬室/吉見町大字古名新田地内他","category":"河川・水路","wetland_no":17,"raw_type_code":4,"raw_naturalness_code":4,"status_note":null,"survey_method":"代表湿地","survey_year":1997,"source":"埼玉県環境科学国際センター「1997年版 埼玉県湿地湧水地台帳」（原典: 埼玉県環境生活部自然環境課, 1997年作成）","source_url":"https://atlas-eco-saitama-pref-saitama.hub.arcgis.com/apps/50e96c8bc0cf4bd29418301d7640b33d/explore","data_note":"1997年時点のスナップショットです。現況とは大きく異なる場合があります。categoryは名称文字列からこのスクリプトが独自に推定した分類で、出典データ本来の区分ではありません。"}},{"type":"Feature","geometry":{"type":"Point","coordinates":[139.323228402129,35.8773279877232]},"properties":{"id":"wetland1997_817","name":"宮沢地内の湧水湿地（ゴルフ場）","municipality":"飯能市","address":"大字宮沢地内","category":"湧水・井戸","wetland_no":58,"raw_type_code":2,"raw_naturalness_code":3,"status_note":null,"survey_method":"代表湿地","survey_year":1997,"source":"埼玉県環境科学国際センター「1997年版 埼玉県湿地湧水地台帳」（原典: 埼玉県環境生活部自然環境課, 1997年作成）","source_url":"https://atlas-eco-saitama-pref-saitama.hub.arcgis.com/apps/50e96c8bc0cf4bd29418301d7640b33d/explore","data_note":"1997年時点のスナップショットです。現況とは大きく異なる場合があります。categoryは名称文字列からこのスクリプトが独自に推定した分類で、出典データ本来の区分ではありません。"}},{"type":"Feature","geometry":{"type":"Point","coordinates":[139.433007350209,36.195743490615]},"properties":{"id":"wetland1997_818","name":"俵瀬付近の福川","municipality":"妻沼町","address":"俵瀬地内/行田市大字北河原","category":"河川・水路","wetland_no":161,"raw_type_code":3,"raw_naturalness_code":2,"status_note":null,"survey_method":"代表湿地","survey_year":1997,"source":"埼玉県環境科学国際センター「1997年版 埼玉県湿地湧水地台帳」（原典: 埼玉県環境生活部自然環境課, 1997年作成）","source_url":"https://atlas-eco-saitama-pref-saitama.hub.arcgis.com/apps/50e96c8bc0cf4bd29418301d7640b33d/explore","data_note":"1997年時点のスナップショットです。現況とは大きく異なる場合があります。categoryは名称文字列からこのスクリプトが独自に推定した分類で、出典データ本来の区分ではありません。"}},{"type":"Feature","geometry":{"type":"Point","coordinates":[139.838875479662,35.8639560077444]},"properties":{"id":"wetland1997_819","name":"柿木地内の中川河川敷","municipality":"草加市","address":"柿木町地内","category":"河川・水路","wetland_no":192,"raw_type_code":3,"raw_naturalness_code":3,"status_note":null,"survey_method":"代表湿地","survey_year":1997,"source":"埼玉県環境科学国際センター「1997年版 埼玉県湿地湧水地台帳」（原典: 埼玉県環境生活部自然環境課, 1997年作成）","source_url":"https://atlas-eco-saitama-pref-saitama.hub.arcgis.com/apps/50e96c8bc0cf4bd29418301d7640b33d/explore","data_note":"1997年時点のスナップショットです。現況とは大きく異なる場合があります。categoryは名称文字列からこのスクリプトが独自に推定した分類で、出典データ本来の区分ではありません。"}},{"type":"Feature","geometry":{"type":"Point","coordinates":[139.036504938228,35.9632805752258]},"properties":{"id":"wetland1997_820","name":"荒川河川敷（荒川村上田野地区）","municipality":"秩父市","address":null,"category":"河川・水路","wetland_no":698,"raw_type_code":0,"raw_naturalness_code":0,"status_note":null,"survey_method":"航空写真","survey_year":1997,"source":"埼玉県環境科学国際センター「1997年版 埼玉県湿地湧水地台帳」（原典: 埼玉県環境生活部自然環境課, 1997年作成）","source_url":"https://atlas-eco-saitama-pref-saitama.hub.arcgis.com/apps/50e96c8bc0cf4bd29418301d7640b33d/explore","data_note":"1997年時点のスナップショットです。現況とは大きく異なる場合があります。categoryは名称文字列からこのスクリプトが独自に推定した分類で、出典データ本来の区分ではありません。"}},{"type":"Feature","geometry":{"type":"Point","coordinates":[139.403054346685,36.1278230822232]},"properties":{"id":"wetland1997_821","name":"久下の元荒川上流（ムサシトミヨ生息地）","municipality":"熊谷市","address":"大字久下・佐谷田地内","category":"河川・水路","wetland_no":146,"raw_type_code":3,"raw_naturalness_code":4,"status_note":null,"survey_method":"代表湿地","survey_year":1997,"source":"埼玉県環境科学国際センター「1997年版 埼玉県湿地湧水地台帳」（原典: 埼玉県環境生活部自然環境課, 1997年作成）","source_url":"https://atlas-eco-saitama-pref-saitama.hub.arcgis.com/apps/50e96c8bc0cf4bd29418301d7640b33d/explore","data_note":"1997年時点のスナップショットです。現況とは大きく異なる場合があります。categoryは名称文字列からこのスクリプトが独自に推定した分類で、出典データ本来の区分ではありません。"}},{"type":"Feature","geometry":{"type":"Point","coordinates":[139.567261306039,35.8369811726349]},"properties":{"id":"wetland1997_822","name":"水子地内の湿地","municipality":"富士見市","address":"大字水子地内","category":"湿地・湿原","wetland_no":101,"raw_type_code":3,"raw_naturalness_code":4,"status_note":null,"survey_method":"代表湿地","survey_year":1997,"source":"埼玉県環境科学国際センター「1997年版 埼玉県湿地湧水地台帳」（原典: 埼玉県環境生活部自然環境課, 1997年作成）","source_url":"https://atlas-eco-saitama-pref-saitama.hub.arcgis.com/apps/50e96c8bc0cf4bd29418301d7640b33d/explore","data_note":"1997年時点のスナップショットです。現況とは大きく異なる場合があります。categoryは名称文字列からこのスクリプトが独自に推定した分類で、出典データ本来の区分ではありません。"}},{"type":"Feature","geometry":{"type":"Point","coordinates":[139.844179807735,35.8365694996152]},"properties":{"id":"wetland1997_823","name":"鶴ヶ曽根地内の中川河川敷","municipality":"八潮市","address":"大字鶴ヶ曽根3350-6地内","category":"河川・水路","wetland_no":204,"raw_type_code":3,"raw_naturalness_code":2,"status_note":null,"survey_method":"代表湿地","survey_year":1997,"source":"埼玉県環境科学国際センター「1997年版 埼玉県湿地湧水地台帳」（原典: 埼玉県環境生活部自然環境課, 1997年作成）","source_url":"https://atlas-eco-saitama-pref-saitama.hub.arcgis.com/apps/50e96c8bc0cf4bd29418301d7640b33d/explore","data_note":"1997年時点のスナップショットです。現況とは大きく異なる場合があります。categoryは名称文字列からこのスクリプトが独自に推定した分類で、出典データ本来の区分ではありません。"}},{"type":"Feature","geometry":{"type":"Point","coordinates":[139.115398854625,36.1215027520005]},"properties":{"id":"wetland1997_824","name":"荒川本流","municipality":"長瀞町","address":null,"category":"河川・水路","wetland_no":271,"raw_type_code":0,"raw_naturalness_code":0,"status_note":null,"survey_method":"市町村報告","survey_year":1997,"source":"埼玉県環境科学国際センター「1997年版 埼玉県湿地湧水地台帳」（原典: 埼玉県環境生活部自然環境課, 1997年作成）","source_url":"https://atlas-eco-saitama-pref-saitama.hub.arcgis.com/apps/50e96c8bc0cf4bd29418301d7640b33d/explore","data_note":"1997年時点のスナップショットです。現況とは大きく異なる場合があります。categoryは名称文字列からこのスクリプトが独自に推定した分類で、出典データ本来の区分ではありません。"}},{"type":"Feature","geometry":{"type":"Point","coordinates":[139.554780466519,35.9071649877696]},"properties":{"id":"wetland1997_825","name":"吾庵池とその周辺湿地","municipality":"大宮市","address":"大字西遊馬地内","category":"池・沼","wetland_no":12,"raw_type_code":3,"raw_naturalness_code":0,"status_note":null,"survey_method":"代表湿地","survey_year":1997,"source":"埼玉県環境科学国際センター「1997年版 埼玉県湿地湧水地台帳」（原典: 埼玉県環境生活部自然環境課, 1997年作成）","source_url":"https://atlas-eco-saitama-pref-saitama.hub.arcgis.com/apps/50e96c8bc0cf4bd29418301d7640b33d/explore","data_note":"1997年時点のスナップショットです。現況とは大きく異なる場合があります。categoryは名称文字列からこのスクリプトが独自に推定した分類で、出典データ本来の区分ではありません。"}},{"type":"Feature","geometry":{"type":"Point","coordinates":[139.553471592404,35.8883482902888]},"properties":{"id":"wetland1997_826","name":"びん沼川","municipality":"大宮市","address":"大宮市/川越市","category":"池・沼","wetland_no":1060,"raw_type_code":3,"raw_naturalness_code":4,"status_note":null,"survey_method":"県民調査","survey_year":1997,"source":"埼玉県環境科学国際センター「1997年版 埼玉県湿地湧水地台帳」（原典: 埼玉県環境生活部自然環境課, 1997年作成）","source_url":"https://atlas-eco-saitama-pref-saitama.hub.arcgis.com/apps/50e96c8bc0cf4bd29418301d7640b33d/explore","data_note":"1997年時点のスナップショットです。現況とは大きく異なる場合があります。categoryは名称文字列からこのスクリプトが独自に推定した分類で、出典データ本来の区分ではありません。"}},{"type":"Feature","geometry":{"type":"Point","coordinates":[139.854042731039,35.7933931359434]},"properties":{"id":"wetland1997_827","name":"古新田地内の大場川河川敷","municipality":"八潮市","address":"大字古新田123地内","category":"河川・水路","wetland_no":201,"raw_type_code":3,"raw_naturalness_code":3,"status_note":null,"survey_method":"代表湿地","survey_year":1997,"source":"埼玉県環境科学国際センター「1997年版 埼玉県湿地湧水地台帳」（原典: 埼玉県環境生活部自然環境課, 1997年作成）","source_url":"https://atlas-eco-saitama-pref-saitama.hub.arcgis.com/apps/50e96c8bc0cf4bd29418301d7640b33d/explore","data_note":"1997年時点のスナップショットです。現況とは大きく異なる場合があります。categoryは名称文字列からこのスクリプトが独自に推定した分類で、出典データ本来の区分ではありません。"}},{"type":"Feature","geometry":{"type":"Point","coordinates":[138.974058348233,36.0149661204983]},"properties":{"id":"wetland1997_828","name":"小森川下流の河川敷","municipality":"両神村","address":null,"category":"河川・水路","wetland_no":435,"raw_type_code":0,"raw_naturalness_code":0,"status_note":null,"survey_method":"航空写真","survey_year":1997,"source":"埼玉県環境科学国際センター「1997年版 埼玉県湿地湧水地台帳」（原典: 埼玉県環境生活部自然環境課, 1997年作成）","source_url":"https://atlas-eco-saitama-pref-saitama.hub.arcgis.com/apps/50e96c8bc0cf4bd29418301d7640b33d/explore","data_note":"1997年時点のスナップショットです。現況とは大きく異なる場合があります。categoryは名称文字列からこのスクリプトが独自に推定した分類で、出典データ本来の区分ではありません。"}},{"type":"Feature","geometry":{"type":"Point","coordinates":[139.514588071925,36.1601475911099]},"properties":{"id":"wetland1997_829","name":"(名称未記載)","municipality":"","address":null,"category":"その他","wetland_no":416,"raw_type_code":0,"raw_naturalness_code":0,"status_note":null,"survey_method":null,"survey_year":1997,"source":"埼玉県環境科学国際センター「1997年版 埼玉県湿地湧水地台帳」（原典: 埼玉県環境生活部自然環境課, 1997年作成）","source_url":"https://atlas-eco-saitama-pref-saitama.hub.arcgis.com/apps/50e96c8bc0cf4bd29418301d7640b33d/explore","data_note":"1997年時点のスナップショットです。現況とは大きく異なる場合があります。categoryは名称文字列からこのスクリプトが独自に推定した分類で、出典データ本来の区分ではありません。"}},{"type":"Feature","geometry":{"type":"Point","coordinates":[138.840233568818,35.9789135549688]},"properties":{"id":"wetland1997_830","name":"中津川河川敷（中津峡）","municipality":"大滝村","address":null,"category":"河川・水路","wetland_no":675,"raw_type_code":0,"raw_naturalness_code":0,"status_note":null,"survey_method":"航空写真","survey_year":1997,"source":"埼玉県環境科学国際センター「1997年版 埼玉県湿地湧水地台帳」（原典: 埼玉県環境生活部自然環境課, 1997年作成）","source_url":"https://atlas-eco-saitama-pref-saitama.hub.arcgis.com/apps/50e96c8bc0cf4bd29418301d7640b33d/explore","data_note":"1997年時点のスナップショットです。現況とは大きく異なる場合があります。categoryは名称文字列からこのスクリプトが独自に推定した分類で、出典データ本来の区分ではありません。"}},{"type":"Feature","geometry":{"type":"Point","coordinates":[139.143218213822,36.1308813341743]},"properties":{"id":"wetland1997_831","name":"荒川本流","municipality":"長瀞町","address":null,"category":"河川・水路","wetland_no":275,"raw_type_code":0,"raw_naturalness_code":0,"status_note":null,"survey_method":"市町村報告","survey_year":1997,"source":"埼玉県環境科学国際センター「1997年版 埼玉県湿地湧水地台帳」（原典: 埼玉県環境生活部自然環境課, 1997年作成）","source_url":"https://atlas-eco-saitama-pref-saitama.hub.arcgis.com/apps/50e96c8bc0cf4bd29418301d7640b33d/explore","data_note":"1997年時点のスナップショットです。現況とは大きく異なる場合があります。categoryは名称文字列からこのスクリプトが独自に推定した分類で、出典データ本来の区分ではありません。"}},{"type":"Feature","geometry":{"type":"Point","coordinates":[139.425484464557,35.8977298543365]},"properties":{"id":"wetland1997_832","name":"朝比奈親水公園","municipality":"川越市","address":"川越市朝比奈新田","category":"その他","wetland_no":1010,"raw_type_code":3,"raw_naturalness_code":2,"status_note":null,"survey_method":"県民調査","survey_year":1997,"source":"埼玉県環境科学国際センター「1997年版 埼玉県湿地湧水地台帳」（原典: 埼玉県環境生活部自然環境課, 1997年作成）","source_url":"https://atlas-eco-saitama-pref-saitama.hub.arcgis.com/apps/50e96c8bc0cf4bd29418301d7640b33d/explore","data_note":"1997年時点のスナップショットです。現況とは大きく異なる場合があります。categoryは名称文字列からこのスクリプトが独自に推定した分類で、出典データ本来の区分ではありません。"}},{"type":"Feature","geometry":{"type":"Point","coordinates":[138.972080647846,35.99859874042]},"properties":{"id":"wetland1997_833","name":"小森川下流の河川敷","municipality":"両神村","address":null,"category":"河川・水路","wetland_no":436,"raw_type_code":0,"raw_naturalness_code":0,"status_note":null,"survey_method":"航空写真","survey_year":1997,"source":"埼玉県環境科学国際センター「1997年版 埼玉県湿地湧水地台帳」（原典: 埼玉県環境生活部自然環境課, 1997年作成）","source_url":"https://atlas-eco-saitama-pref-saitama.hub.arcgis.com/apps/50e96c8bc0cf4bd29418301d7640b33d/explore","data_note":"1997年時点のスナップショットです。現況とは大きく異なる場合があります。categoryは名称文字列からこのスクリプトが独自に推定した分類で、出典データ本来の区分ではありません。"}},{"type":"Feature","geometry":{"type":"Point","coordinates":[139.061198229406,35.974394836733]},"properties":{"id":"wetland1997_834","name":"荒川河川敷（上影森地区）","municipality":"秩父市","address":null,"category":"河川・水路","wetland_no":696,"raw_type_code":0,"raw_naturalness_code":0,"status_note":null,"survey_method":"航空写真","survey_year":1997,"source":"埼玉県環境科学国際センター「1997年版 埼玉県湿地湧水地台帳」（原典: 埼玉県環境生活部自然環境課, 1997年作成）","source_url":"https://atlas-eco-saitama-pref-saitama.hub.arcgis.com/apps/50e96c8bc0cf4bd29418301d7640b33d/explore","data_note":"1997年時点のスナップショットです。現況とは大きく異なる場合があります。categoryは名称文字列からこのスクリプトが独自に推定した分類で、出典データ本来の区分ではありません。"}},{"type":"Feature","geometry":{"type":"Point","coordinates":[138.984283082391,35.9617799027346]},"properties":{"id":"wetland1997_835","name":"白久地区の荒川河川敷","municipality":"荒川村","address":null,"category":"河川・水路","wetland_no":683,"raw_type_code":0,"raw_naturalness_code":0,"status_note":null,"survey_method":"航空写真","survey_year":1997,"source":"埼玉県環境科学国際センター「1997年版 埼玉県湿地湧水地台帳」（原典: 埼玉県環境生活部自然環境課, 1997年作成）","source_url":"https://atlas-eco-saitama-pref-saitama.hub.arcgis.com/apps/50e96c8bc0cf4bd29418301d7640b33d/explore","data_note":"1997年時点のスナップショットです。現況とは大きく異なる場合があります。categoryは名称文字列からこのスクリプトが独自に推定した分類で、出典データ本来の区分ではありません。"}},{"type":"Feature","geometry":{"type":"Point","coordinates":[139.679384367428,35.9862961811394]},"properties":{"id":"wetland1997_836","name":"黒浜沼（上沼・下沼）","municipality":"蓮田市","address":"大字黒浜地内","category":"池・沼","wetland_no":208,"raw_type_code":4,"raw_naturalness_code":4,"status_note":null,"survey_method":"代表湿地","survey_year":1997,"source":"埼玉県環境科学国際センター「1997年版 埼玉県湿地湧水地台帳」（原典: 埼玉県環境生活部自然環境課, 1997年作成）","source_url":"https://atlas-eco-saitama-pref-saitama.hub.arcgis.com/apps/50e96c8bc0cf4bd29418301d7640b33d/explore","data_note":"1997年時点のスナップショットです。現況とは大きく異なる場合があります。categoryは名称文字列からこのスクリプトが独自に推定した分類で、出典データ本来の区分ではありません。"}},{"type":"Feature","geometry":{"type":"Point","coordinates":[139.585267526564,35.8677513373891]},"properties":{"id":"wetland1997_837","name":"羽倉橋北方の荒川河川敷内の水田","municipality":"浦和市","address":"大字塚本地内他","category":"河川・水路","wetland_no":4,"raw_type_code":3,"raw_naturalness_code":4,"status_note":null,"survey_method":"代表湿地","survey_year":1997,"source":"埼玉県環境科学国際センター「1997年版 埼玉県湿地湧水地台帳」（原典: 埼玉県環境生活部自然環境課, 1997年作成）","source_url":"https://atlas-eco-saitama-pref-saitama.hub.arcgis.com/apps/50e96c8bc0cf4bd29418301d7640b33d/explore","data_note":"1997年時点のスナップショットです。現況とは大きく異なる場合があります。categoryは名称文字列からこのスクリプトが独自に推定した分類で、出典データ本来の区分ではありません。"}},{"type":"Feature","geometry":{"type":"Point","coordinates":[139.057859903859,36.1782973139247]},"properties":{"id":"wetland1997_838","name":"不動沢","municipality":"神川町","address":null,"category":"その他","wetland_no":247,"raw_type_code":0,"raw_naturalness_code":0,"status_note":null,"survey_method":"市町村報告","survey_year":1997,"source":"埼玉県環境科学国際センター「1997年版 埼玉県湿地湧水地台帳」（原典: 埼玉県環境生活部自然環境課, 1997年作成）","source_url":"https://atlas-eco-saitama-pref-saitama.hub.arcgis.com/apps/50e96c8bc0cf4bd29418301d7640b33d/explore","data_note":"1997年時点のスナップショットです。現況とは大きく異なる場合があります。categoryは名称文字列からこのスクリプトが独自に推定した分類で、出典データ本来の区分ではありません。"}},{"type":"Feature","geometry":{"type":"Point","coordinates":[139.113888600681,36.1021850556117]},"properties":{"id":"wetland1997_839","name":"荒川本流","municipality":"長瀞町","address":null,"category":"河川・水路","wetland_no":272,"raw_type_code":0,"raw_naturalness_code":0,"status_note":null,"survey_method":"市町村報告","survey_year":1997,"source":"埼玉県環境科学国際センター「1997年版 埼玉県湿地湧水地台帳」（原典: 埼玉県環境生活部自然環境課, 1997年作成）","source_url":"https://atlas-eco-saitama-pref-saitama.hub.arcgis.com/apps/50e96c8bc0cf4bd29418301d7640b33d/explore","data_note":"1997年時点のスナップショットです。現況とは大きく異なる場合があります。categoryは名称文字列からこのスクリプトが独自に推定した分類で、出典データ本来の区分ではありません。"}},{"type":"Feature","geometry":{"type":"Point","coordinates":[139.433619792823,35.8874546232122]},"properties":{"id":"wetland1997_840","name":"栗坪霧山休耕田","municipality":"日高市","address":"日高市栗坪","category":"その他","wetland_no":1051,"raw_type_code":0,"raw_naturalness_code":3,"status_note":null,"survey_method":"県民調査","survey_year":1997,"source":"埼玉県環境科学国際センター「1997年版 埼玉県湿地湧水地台帳」（原典: 埼玉県環境生活部自然環境課, 1997年作成）","source_url":"https://atlas-eco-saitama-pref-saitama.hub.arcgis.com/apps/50e96c8bc0cf4bd29418301d7640b33d/explore","data_note":"1997年時点のスナップショットです。現況とは大きく異なる場合があります。categoryは名称文字列からこのスクリプトが独自に推定した分類で、出典データ本来の区分ではありません。"}},{"type":"Feature","geometry":{"type":"Point","coordinates":[139.472665364888,36.0677535474117]},"properties":{"id":"wetland1997_841","name":"荒川と武蔵放水路合流点付近","municipality":"鴻巣市","address":"大字糠田/吹上町大字小谷地内","category":"河川・水路","wetland_no":16,"raw_type_code":3,"raw_naturalness_code":4,"status_note":null,"survey_method":"代表湿地","survey_year":1997,"source":"埼玉県環境科学国際センター「1997年版 埼玉県湿地湧水地台帳」（原典: 埼玉県環境生活部自然環境課, 1997年作成）","source_url":"https://atlas-eco-saitama-pref-saitama.hub.arcgis.com/apps/50e96c8bc0cf4bd29418301d7640b33d/explore","data_note":"1997年時点のスナップショットです。現況とは大きく異なる場合があります。categoryは名称文字列からこのスクリプトが独自に推定した分類で、出典データ本来の区分ではありません。"}},{"type":"Feature","geometry":{"type":"Point","coordinates":[139.391288161889,36.014849059201]},"properties":{"id":"wetland1997_842","name":"下青鳥地内の都幾川","municipality":"東松山市","address":null,"category":"河川・水路","wetland_no":626,"raw_type_code":0,"raw_naturalness_code":0,"status_note":null,"survey_method":"市町村報告","survey_year":1997,"source":"埼玉県環境科学国際センター「1997年版 埼玉県湿地湧水地台帳」（原典: 埼玉県環境生活部自然環境課, 1997年作成）","source_url":"https://atlas-eco-saitama-pref-saitama.hub.arcgis.com/apps/50e96c8bc0cf4bd29418301d7640b33d/explore","data_note":"1997年時点のスナップショットです。現況とは大きく異なる場合があります。categoryは名称文字列からこのスクリプトが独自に推定した分類で、出典データ本来の区分ではありません。"}},{"type":"Feature","geometry":{"type":"Point","coordinates":[139.624392766619,35.9748429735401]},"properties":{"id":"wetland1997_843","name":"原市沼とその周辺湿地","municipality":"伊奈町","address":"大字小室地内/上尾市大字原市地内","category":"池・沼","wetland_no":33,"raw_type_code":3,"raw_naturalness_code":4,"status_note":null,"survey_method":"代表湿地","survey_year":1997,"source":"埼玉県環境科学国際センター「1997年版 埼玉県湿地湧水地台帳」（原典: 埼玉県環境生活部自然環境課, 1997年作成）","source_url":"https://atlas-eco-saitama-pref-saitama.hub.arcgis.com/apps/50e96c8bc0cf4bd29418301d7640b33d/explore","data_note":"1997年時点のスナップショットです。現況とは大きく異なる場合があります。categoryは名称文字列からこのスクリプトが独自に推定した分類で、出典データ本来の区分ではありません。"}},{"type":"Feature","geometry":{"type":"Point","coordinates":[139.323422564893,36.0327988744028]},"properties":{"id":"wetland1997_844","name":"都幾川と槻川の合流点付近","municipality":"嵐山町","address":"大字千手堂、鎌形、菅谷、大蔵地内","category":"河川・水路","wetland_no":133,"raw_type_code":3,"raw_naturalness_code":2,"status_note":null,"survey_method":"代表湿地","survey_year":1997,"source":"埼玉県環境科学国際センター「1997年版 埼玉県湿地湧水地台帳」（原典: 埼玉県環境生活部自然環境課, 1997年作成）","source_url":"https://atlas-eco-saitama-pref-saitama.hub.arcgis.com/apps/50e96c8bc0cf4bd29418301d7640b33d/explore","data_note":"1997年時点のスナップショットです。現況とは大きく異なる場合があります。categoryは名称文字列からこのスクリプトが独自に推定した分類で、出典データ本来の区分ではありません。"}},{"type":"Feature","geometry":{"type":"Point","coordinates":[139.709484866236,35.7945890162042]},"properties":{"id":"wetland1997_845","name":"荒川町地内の荒川河川敷","municipality":"川口市","address":"荒川町地内","category":"河川・水路","wetland_no":1,"raw_type_code":3,"raw_naturalness_code":2,"status_note":null,"survey_method":"代表湿地","survey_year":1997,"source":"埼玉県環境科学国際センター「1997年版 埼玉県湿地湧水地台帳」（原典: 埼玉県環境生活部自然環境課, 1997年作成）","source_url":"https://atlas-eco-saitama-pref-saitama.hub.arcgis.com/apps/50e96c8bc0cf4bd29418301d7640b33d/explore","data_note":"1997年時点のスナップショットです。現況とは大きく異なる場合があります。categoryは名称文字列からこのスクリプトが独自に推定した分類で、出典データ本来の区分ではありません。"}},{"type":"Feature","geometry":{"type":"Point","coordinates":[139.374336344319,35.8469454697917]},"properties":{"id":"wetland1997_846","name":"入間川河川敷（春日町地区～笹井地区）","municipality":"入間市","address":"入間市笹井/春日町","category":"河川・水路","wetland_no":1034,"raw_type_code":3,"raw_naturalness_code":3,"status_note":null,"survey_method":"県民調査","survey_year":1997,"source":"埼玉県環境科学国際センター「1997年版 埼玉県湿地湧水地台帳」（原典: 埼玉県環境生活部自然環境課, 1997年作成）","source_url":"https://atlas-eco-saitama-pref-saitama.hub.arcgis.com/apps/50e96c8bc0cf4bd29418301d7640b33d/explore","data_note":"1997年時点のスナップショットです。現況とは大きく異なる場合があります。categoryは名称文字列からこのスクリプトが独自に推定した分類で、出典データ本来の区分ではありません。"}},{"type":"Feature","geometry":{"type":"Point","coordinates":[139.538414483464,35.9492588983595]},"properties":{"id":"wetland1997_847","name":"三ツ又沼及びその周辺湿地","municipality":"上尾市","address":"川島町/上尾市大字平方地内","category":"池・沼","wetland_no":20,"raw_type_code":4,"raw_naturalness_code":4,"status_note":null,"survey_method":"代表湿地","survey_year":1997,"source":"埼玉県環境科学国際センター「1997年版 埼玉県湿地湧水地台帳」（原典: 埼玉県環境生活部自然環境課, 1997年作成）","source_url":"https://atlas-eco-saitama-pref-saitama.hub.arcgis.com/apps/50e96c8bc0cf4bd29418301d7640b33d/explore","data_note":"1997年時点のスナップショットです。現況とは大きく異なる場合があります。categoryは名称文字列からこのスクリプトが独自に推定した分類で、出典データ本来の区分ではありません。"}},{"type":"Feature","geometry":{"type":"Point","coordinates":[139.442314176826,35.9110932559697]},"properties":{"id":"wetland1997_848","name":"入間川河川敷","municipality":"川越市","address":"川越市","category":"河川・水路","wetland_no":1020,"raw_type_code":3,"raw_naturalness_code":5,"status_note":null,"survey_method":"県民調査","survey_year":1997,"source":"埼玉県環境科学国際センター「1997年版 埼玉県湿地湧水地台帳」（原典: 埼玉県環境生活部自然環境課, 1997年作成）","source_url":"https://atlas-eco-saitama-pref-saitama.hub.arcgis.com/apps/50e96c8bc0cf4bd29418301d7640b33d/explore","data_note":"1997年時点のスナップショットです。現況とは大きく異なる場合があります。categoryは名称文字列からこのスクリプトが独自に推定した分類で、出典データ本来の区分ではありません。"}},{"type":"Feature","geometry":{"type":"Point","coordinates":[139.6127428885,35.8140665247734]},"properties":{"id":"wetland1997_849","name":"新河岸川の河跡湖群と周辺湿地","municipality":"朝霞市","address":"大字下内間木・田島2丁目地内他","category":"河川・水路","wetland_no":83,"raw_type_code":4,"raw_naturalness_code":5,"status_note":null,"survey_method":"代表湿地","survey_year":1997,"source":"埼玉県環境科学国際センター「1997年版 埼玉県湿地湧水地台帳」（原典: 埼玉県環境生活部自然環境課, 1997年作成）","source_url":"https://atlas-eco-saitama-pref-saitama.hub.arcgis.com/apps/50e96c8bc0cf4bd29418301d7640b33d/explore","data_note":"1997年時点のスナップショットです。現況とは大きく異なる場合があります。categoryは名称文字列からこのスクリプトが独自に推定した分類で、出典データ本来の区分ではありません。"}},{"type":"Feature","geometry":{"type":"Point","coordinates":[139.710180526982,36.0991688528888]},"properties":{"id":"wetland1997_850","name":"独塚付近の中河河川敷","municipality":"栗橋町","address":"大字独塚地内","category":"河川・水路","wetland_no":229,"raw_type_code":3,"raw_naturalness_code":4,"status_note":null,"survey_method":"代表湿地","survey_year":1997,"source":"埼玉県環境科学国際センター「1997年版 埼玉県湿地湧水地台帳」（原典: 埼玉県環境生活部自然環境課, 1997年作成）","source_url":"https://atlas-eco-saitama-pref-saitama.hub.arcgis.com/apps/50e96c8bc0cf4bd29418301d7640b33d/explore","data_note":"1997年時点のスナップショットです。現況とは大きく異なる場合があります。categoryは名称文字列からこのスクリプトが独自に推定した分類で、出典データ本来の区分ではありません。"}},{"type":"Feature","geometry":{"type":"Point","coordinates":[139.067572177894,35.9908391833283]},"properties":{"id":"wetland1997_851","name":"荒川河川敷（佐久良橋周辺）","municipality":"秩父市","address":null,"category":"河川・水路","wetland_no":694,"raw_type_code":0,"raw_naturalness_code":0,"status_note":null,"survey_method":"航空写真","survey_year":1997,"source":"埼玉県環境科学国際センター「1997年版 埼玉県湿地湧水地台帳」（原典: 埼玉県環境生活部自然環境課, 1997年作成）","source_url":"https://atlas-eco-saitama-pref-saitama.hub.arcgis.com/apps/50e96c8bc0cf4bd29418301d7640b33d/explore","data_note":"1997年時点のスナップショットです。現況とは大きく異なる場合があります。categoryは名称文字列からこのスクリプトが独自に推定した分類で、出典データ本来の区分ではありません。"}},{"type":"Feature","geometry":{"type":"Point","coordinates":[139.4342214314,36.029255320038]},"properties":{"id":"wetland1997_852","name":"南吉見の市野川沿いの水田","municipality":"吉見町","address":"大字南吉見・江網地内","category":"河川・水路","wetland_no":136,"raw_type_code":0,"raw_naturalness_code":0,"status_note":"削除（平成10年度耕地整理予定）","survey_method":"代表湿地","survey_year":1997,"source":"埼玉県環境科学国際センター「1997年版 埼玉県湿地湧水地台帳」（原典: 埼玉県環境生活部自然環境課, 1997年作成）","source_url":"https://atlas-eco-saitama-pref-saitama.hub.arcgis.com/apps/50e96c8bc0cf4bd29418301d7640b33d/explore","data_note":"1997年時点のスナップショットです。現況とは大きく異なる場合があります。categoryは名称文字列からこのスクリプトが独自に推定した分類で、出典データ本来の区分ではありません。"}},{"type":"Feature","geometry":{"type":"Point","coordinates":[139.310260397248,35.883690501741]},"properties":{"id":"wetland1997_853","name":"高麗川巾着田","municipality":"日高市","address":"大字高麗本郷地内他","category":"河川・水路","wetland_no":122,"raw_type_code":3,"raw_naturalness_code":4,"status_note":null,"survey_method":"代表湿地","survey_year":1997,"source":"埼玉県環境科学国際センター「1997年版 埼玉県湿地湧水地台帳」（原典: 埼玉県環境生活部自然環境課, 1997年作成）","source_url":"https://atlas-eco-saitama-pref-saitama.hub.arcgis.com/apps/50e96c8bc0cf4bd29418301d7640b33d/explore","data_note":"1997年時点のスナップショットです。現況とは大きく異なる場合があります。categoryは名称文字列からこのスクリプトが独自に推定した分類で、出典データ本来の区分ではありません。"}},{"type":"Feature","geometry":{"type":"Point","coordinates":[139.509620561779,36.0102517170164]},"properties":{"id":"wetland1997_854","name":"北本自然観察公園及びその周辺湿地","municipality":"北本市","address":"大字石戸宿・荒井地内","category":"湿地・湿原","wetland_no":31,"raw_type_code":2,"raw_naturalness_code":4,"status_note":null,"survey_method":"代表湿地","survey_year":1997,"source":"埼玉県環境科学国際センター「1997年版 埼玉県湿地湧水地台帳」（原典: 埼玉県環境生活部自然環境課, 1997年作成）","source_url":"https://atlas-eco-saitama-pref-saitama.hub.arcgis.com/apps/50e96c8bc0cf4bd29418301d7640b33d/explore","data_note":"1997年時点のスナップショットです。現況とは大きく異なる場合があります。categoryは名称文字列からこのスクリプトが独自に推定した分類で、出典データ本来の区分ではありません。"}},{"type":"Feature","geometry":{"type":"Point","coordinates":[139.257550228901,36.1259435931728]},"properties":{"id":"wetland1997_855","name":"花園町大堰上流側の荒川","municipality":"花園町","address":"大字黒田地内","category":"河川・水路","wetland_no":174,"raw_type_code":3,"raw_naturalness_code":4,"status_note":null,"survey_method":"代表湿地","survey_year":1997,"source":"埼玉県環境科学国際センター「1997年版 埼玉県湿地湧水地台帳」（原典: 埼玉県環境生活部自然環境課, 1997年作成）","source_url":"https://atlas-eco-saitama-pref-saitama.hub.arcgis.com/apps/50e96c8bc0cf4bd29418301d7640b33d/explore","data_note":"1997年時点のスナップショットです。現況とは大きく異なる場合があります。categoryは名称文字列からこのスクリプトが独自に推定した分類で、出典データ本来の区分ではありません。"}},{"type":"Feature","geometry":{"type":"Point","coordinates":[139.375022635636,36.060073921905]},"properties":{"id":"wetland1997_856","name":"滑川河畔湿地","municipality":"滑川町","address":"大字山田字長渕地内","category":"河川・水路","wetland_no":131,"raw_type_code":3,"raw_naturalness_code":3,"status_note":null,"survey_method":"代表湿地","survey_year":1997,"source":"埼玉県環境科学国際センター「1997年版 埼玉県湿地湧水地台帳」（原典: 埼玉県環境生活部自然環境課, 1997年作成）","source_url":"https://atlas-eco-saitama-pref-saitama.hub.arcgis.com/apps/50e96c8bc0cf4bd29418301d7640b33d/explore","data_note":"1997年時点のスナップショットです。現況とは大きく異なる場合があります。categoryは名称文字列からこのスクリプトが独自に推定した分類で、出典データ本来の区分ではありません。"}},{"type":"Feature","geometry":{"type":"Point","coordinates":[139.750659699748,35.9563768000457]},"properties":{"id":"wetland1997_857","name":"休耕田とその周辺水田","municipality":"春日部市","address":"大字中野地内","category":"その他","wetland_no":191,"raw_type_code":3,"raw_naturalness_code":0,"status_note":null,"survey_method":"代表湿地","survey_year":1997,"source":"埼玉県環境科学国際センター「1997年版 埼玉県湿地湧水地台帳」（原典: 埼玉県環境生活部自然環境課, 1997年作成）","source_url":"https://atlas-eco-saitama-pref-saitama.hub.arcgis.com/apps/50e96c8bc0cf4bd29418301d7640b33d/explore","data_note":"1997年時点のスナップショットです。現況とは大きく異なる場合があります。categoryは名称文字列からこのスクリプトが独自に推定した分類で、出典データ本来の区分ではありません。"}},{"type":"Feature","geometry":{"type":"Point","coordinates":[139.71280214785,35.9834193837957]},"properties":{"id":"wetland1997_858","name":"慈恩寺の湿地","municipality":"岩槻市","address":"大字慈恩寺地内","category":"湿地・湿原","wetland_no":190,"raw_type_code":2,"raw_naturalness_code":4,"status_note":null,"survey_method":"代表湿地","survey_year":1997,"source":"埼玉県環境科学国際センター「1997年版 埼玉県湿地湧水地台帳」（原典: 埼玉県環境生活部自然環境課, 1997年作成）","source_url":"https://atlas-eco-saitama-pref-saitama.hub.arcgis.com/apps/50e96c8bc0cf4bd29418301d7640b33d/explore","data_note":"1997年時点のスナップショットです。現況とは大きく異なる場合があります。categoryは名称文字列からこのスクリプトが独自に推定した分類で、出典データ本来の区分ではありません。"}},{"type":"Feature","geometry":{"type":"Point","coordinates":[139.069735745103,36.2006706609214]},"properties":{"id":"wetland1997_859","name":"小浜河原","municipality":"神川町","address":null,"category":"河川・水路","wetland_no":246,"raw_type_code":0,"raw_naturalness_code":0,"status_note":null,"survey_method":"市町村報告","survey_year":1997,"source":"埼玉県環境科学国際センター「1997年版 埼玉県湿地湧水地台帳」（原典: 埼玉県環境生活部自然環境課, 1997年作成）","source_url":"https://atlas-eco-saitama-pref-saitama.hub.arcgis.com/apps/50e96c8bc0cf4bd29418301d7640b33d/explore","data_note":"1997年時点のスナップショットです。現況とは大きく異なる場合があります。categoryは名称文字列からこのスクリプトが独自に推定した分類で、出典データ本来の区分ではありません。"}},{"type":"Feature","geometry":{"type":"Point","coordinates":[139.562009594988,35.8755882562107]},"properties":{"id":"wetland1997_860","name":"びん沼川の河川敷","municipality":"富士見市","address":"大字東大久保・上南畑/大宮市大字塚本地内","category":"池・沼","wetland_no":99,"raw_type_code":3,"raw_naturalness_code":3,"status_note":null,"survey_method":"代表湿地","survey_year":1997,"source":"埼玉県環境科学国際センター「1997年版 埼玉県湿地湧水地台帳」（原典: 埼玉県環境生活部自然環境課, 1997年作成）","source_url":"https://atlas-eco-saitama-pref-saitama.hub.arcgis.com/apps/50e96c8bc0cf4bd29418301d7640b33d/explore","data_note":"1997年時点のスナップショットです。現況とは大きく異なる場合があります。categoryは名称文字列からこのスクリプトが独自に推定した分類で、出典データ本来の区分ではありません。"}},{"type":"Feature","geometry":{"type":"Point","coordinates":[139.863242383254,35.8116645073962]},"properties":{"id":"wetland1997_861","name":"南川崎地内の中川河川敷","municipality":"八潮市","address":"大字南川崎1406-2地内","category":"河川・水路","wetland_no":200,"raw_type_code":3,"raw_naturalness_code":2,"status_note":null,"survey_method":"代表湿地","survey_year":1997,"source":"埼玉県環境科学国際センター「1997年版 埼玉県湿地湧水地台帳」（原典: 埼玉県環境生活部自然環境課, 1997年作成）","source_url":"https://atlas-eco-saitama-pref-saitama.hub.arcgis.com/apps/50e96c8bc0cf4bd29418301d7640b33d/explore","data_note":"1997年時点のスナップショットです。現況とは大きく異なる場合があります。categoryは名称文字列からこのスクリプトが独自に推定した分類で、出典データ本来の区分ではありません。"}},{"type":"Feature","geometry":{"type":"Point","coordinates":[139.527209800519,35.9925882449582]},"properties":{"id":"wetland1997_862","name":"川田谷湿地","municipality":"桶川市","address":"大字川田谷地内","category":"河川・水路","wetland_no":26,"raw_type_code":2,"raw_naturalness_code":4,"status_note":"縮小","survey_method":"代表湿地","survey_year":1997,"source":"埼玉県環境科学国際センター「1997年版 埼玉県湿地湧水地台帳」（原典: 埼玉県環境生活部自然環境課, 1997年作成）","source_url":"https://atlas-eco-saitama-pref-saitama.hub.arcgis.com/apps/50e96c8bc0cf4bd29418301d7640b33d/explore","data_note":"1997年時点のスナップショットです。現況とは大きく異なる場合があります。categoryは名称文字列からこのスクリプトが独自に推定した分類で、出典データ本来の区分ではありません。"}},{"type":"Feature","geometry":{"type":"Point","coordinates":[139.727748292394,35.9394969604593]},"properties":{"id":"wetland1997_863","name":"村国地内の元荒川河川敷","municipality":"岩槻市","address":"大字村岡地内","category":"河川・水路","wetland_no":187,"raw_type_code":3,"raw_naturalness_code":2,"status_note":null,"survey_method":"代表湿地","survey_year":1997,"source":"埼玉県環境科学国際センター「1997年版 埼玉県湿地湧水地台帳」（原典: 埼玉県環境生活部自然環境課, 1997年作成）","source_url":"https://atlas-eco-saitama-pref-saitama.hub.arcgis.com/apps/50e96c8bc0cf4bd29418301d7640b33d/explore","data_note":"1997年時点のスナップショットです。現況とは大きく異なる場合があります。categoryは名称文字列からこのスクリプトが独自に推定した分類で、出典データ本来の区分ではありません。"}},{"type":"Feature","geometry":{"type":"Point","coordinates":[139.714246819388,35.8719851605487]},"properties":{"id":"wetland1997_864","name":"川口市から浦和市の見沼田圃","municipality":"浦和市","address":"大字下山口新田/川口市大字差間地内他","category":"池・沼","wetland_no":7,"raw_type_code":3,"raw_naturalness_code":4,"status_note":null,"survey_method":"代表湿地","survey_year":1997,"source":"埼玉県環境科学国際センター「1997年版 埼玉県湿地湧水地台帳」（原典: 埼玉県環境生活部自然環境課, 1997年作成）","source_url":"https://atlas-eco-saitama-pref-saitama.hub.arcgis.com/apps/50e96c8bc0cf4bd29418301d7640b33d/explore","data_note":"1997年時点のスナップショットです。現況とは大きく異なる場合があります。categoryは名称文字列からこのスクリプトが独自に推定した分類で、出典データ本来の区分ではありません。"}},{"type":"Feature","geometry":{"type":"Point","coordinates":[139.296531643289,36.135477221529]},"properties":{"id":"wetland1997_865","name":"川本町荒川河川敷","municipality":"川本町","address":"大字本田地内他","category":"河川・水路","wetland_no":168,"raw_type_code":3,"raw_naturalness_code":4,"status_note":null,"survey_method":"代表湿地","survey_year":1997,"source":"埼玉県環境科学国際センター「1997年版 埼玉県湿地湧水地台帳」（原典: 埼玉県環境生活部自然環境課, 1997年作成）","source_url":"https://atlas-eco-saitama-pref-saitama.hub.arcgis.com/apps/50e96c8bc0cf4bd29418301d7640b33d/explore","data_note":"1997年時点のスナップショットです。現況とは大きく異なる場合があります。categoryは名称文字列からこのスクリプトが独自に推定した分類で、出典データ本来の区分ではありません。"}},{"type":"Feature","geometry":{"type":"Point","coordinates":[139.344889308794,36.0272180533265]},"properties":{"id":"wetland1997_866","name":"上唐子地内の都幾川","municipality":"東松山市","address":"大字上唐子地内","category":"河川・水路","wetland_no":62,"raw_type_code":3,"raw_naturalness_code":5,"status_note":null,"survey_method":"代表湿地","survey_year":1997,"source":"埼玉県環境科学国際センター「1997年版 埼玉県湿地湧水地台帳」（原典: 埼玉県環境生活部自然環境課, 1997年作成）","source_url":"https://atlas-eco-saitama-pref-saitama.hub.arcgis.com/apps/50e96c8bc0cf4bd29418301d7640b33d/explore","data_note":"1997年時点のスナップショットです。現況とは大きく異なる場合があります。categoryは名称文字列からこのスクリプトが独自に推定した分類で、出典データ本来の区分ではありません。"}},{"type":"Feature","geometry":{"type":"Point","coordinates":[139.79280278149,35.9264128242143]},"properties":{"id":"wetland1997_867","name":"新方川河川敷（大泊地区～大吉地区）","municipality":"越谷市","address":"越谷市大泊地区他","category":"河川・水路","wetland_no":1027,"raw_type_code":3,"raw_naturalness_code":2,"status_note":null,"survey_method":"県民調査","survey_year":1997,"source":"埼玉県環境科学国際センター「1997年版 埼玉県湿地湧水地台帳」（原典: 埼玉県環境生活部自然環境課, 1997年作成）","source_url":"https://atlas-eco-saitama-pref-saitama.hub.arcgis.com/apps/50e96c8bc0cf4bd29418301d7640b33d/explore","data_note":"1997年時点のスナップショットです。現況とは大きく異なる場合があります。categoryは名称文字列からこのスクリプトが独自に推定した分類で、出典データ本来の区分ではありません。"}},{"type":"Feature","geometry":{"type":"Point","coordinates":[139.629757960941,35.8170621589457]},"properties":{"id":"wetland1997_868","name":"荒川調節池","municipality":"浦和市","address":"浦和市他","category":"池・沼","wetland_no":1046,"raw_type_code":4,"raw_naturalness_code":2,"status_note":null,"survey_method":"県民調査","survey_year":1997,"source":"埼玉県環境科学国際センター「1997年版 埼玉県湿地湧水地台帳」（原典: 埼玉県環境生活部自然環境課, 1997年作成）","source_url":"https://atlas-eco-saitama-pref-saitama.hub.arcgis.com/apps/50e96c8bc0cf4bd29418301d7640b33d/explore","data_note":"1997年時点のスナップショットです。現況とは大きく異なる場合があります。categoryは名称文字列からこのスクリプトが独自に推定した分類で、出典データ本来の区分ではありません。"}},{"type":"Feature","geometry":{"type":"Point","coordinates":[139.821688267554,35.9115382355566]},"properties":{"id":"wetland1997_869","name":"下赤岩地内･増林地内他の古利根河河川敷","municipality":"松伏町","address":"大字下赤岩･上赤岩･松伏/越谷市大字増林地内","category":"河川・水路","wetland_no":231,"raw_type_code":3,"raw_naturalness_code":2,"status_note":null,"survey_method":"代表湿地","survey_year":1997,"source":"埼玉県環境科学国際センター「1997年版 埼玉県湿地湧水地台帳」（原典: 埼玉県環境生活部自然環境課, 1997年作成）","source_url":"https://atlas-eco-saitama-pref-saitama.hub.arcgis.com/apps/50e96c8bc0cf4bd29418301d7640b33d/explore","data_note":"1997年時点のスナップショットです。現況とは大きく異なる場合があります。categoryは名称文字列からこのスクリプトが独自に推定した分類で、出典データ本来の区分ではありません。"}},{"type":"Feature","geometry":{"type":"Point","coordinates":[139.577809718465,35.930978801036]},"properties":{"id":"wetland1997_870","name":"高木地内の湿地","municipality":"大宮市","address":"大字高木地内","category":"湿地・湿原","wetland_no":10,"raw_type_code":2,"raw_naturalness_code":4,"status_note":null,"survey_method":"代表湿地","survey_year":1997,"source":"埼玉県環境科学国際センター「1997年版 埼玉県湿地湧水地台帳」（原典: 埼玉県環境生活部自然環境課, 1997年作成）","source_url":"https://atlas-eco-saitama-pref-saitama.hub.arcgis.com/apps/50e96c8bc0cf4bd29418301d7640b33d/explore","data_note":"1997年時点のスナップショットです。現況とは大きく異なる場合があります。categoryは名称文字列からこのスクリプトが独自に推定した分類で、出典データ本来の区分ではありません。"}},{"type":"Feature","geometry":{"type":"Point","coordinates":[139.593844946324,36.204706355023]},"properties":{"id":"wetland1997_871","name":"利根川河川敷","municipality":"羽生市","address":"大字下村君・堤・名地内","category":"河川・水路","wetland_no":151,"raw_type_code":3,"raw_naturalness_code":4,"status_note":"削除","survey_method":"代表湿地","survey_year":1997,"source":"埼玉県環境科学国際センター「1997年版 埼玉県湿地湧水地台帳」（原典: 埼玉県環境生活部自然環境課, 1997年作成）","source_url":"https://atlas-eco-saitama-pref-saitama.hub.arcgis.com/apps/50e96c8bc0cf4bd29418301d7640b33d/explore","data_note":"1997年時点のスナップショットです。現況とは大きく異なる場合があります。categoryは名称文字列からこのスクリプトが独自に推定した分類で、出典データ本来の区分ではありません。"}},{"type":"Feature","geometry":{"type":"Point","coordinates":[139.562199452126,35.9328545637319]},"properties":{"id":"wetland1997_872","name":"上野本郷の湿地","municipality":"上尾市","address":"大字上野本郷/大宮市大字中釘地内","category":"湿地・湿原","wetland_no":21,"raw_type_code":2,"raw_naturalness_code":4,"status_note":null,"survey_method":"代表湿地","survey_year":1997,"source":"埼玉県環境科学国際センター「1997年版 埼玉県湿地湧水地台帳」（原典: 埼玉県環境生活部自然環境課, 1997年作成）","source_url":"https://atlas-eco-saitama-pref-saitama.hub.arcgis.com/apps/50e96c8bc0cf4bd29418301d7640b33d/explore","data_note":"1997年時点のスナップショットです。現況とは大きく異なる場合があります。categoryは名称文字列からこのスクリプトが独自に推定した分類で、出典データ本来の区分ではありません。"}},{"type":"Feature","geometry":{"type":"Point","coordinates":[139.822439517847,35.9831552064132]},"properties":{"id":"wetland1997_873","name":"西金野井地内他の江戸川河川敷","municipality":"庄和町","address":"大字西金野井･新宿新田･中野地内","category":"河川・水路","wetland_no":234,"raw_type_code":3,"raw_naturalness_code":4,"status_note":null,"survey_method":"代表湿地","survey_year":1997,"source":"埼玉県環境科学国際センター「1997年版 埼玉県湿地湧水地台帳」（原典: 埼玉県環境生活部自然環境課, 1997年作成）","source_url":"https://atlas-eco-saitama-pref-saitama.hub.arcgis.com/apps/50e96c8bc0cf4bd29418301d7640b33d/explore","data_note":"1997年時点のスナップショットです。現況とは大きく異なる場合があります。categoryは名称文字列からこのスクリプトが独自に推定した分類で、出典データ本来の区分ではありません。"}},{"type":"Feature","geometry":{"type":"Point","coordinates":[139.604289168551,35.8491030563868]},"properties":{"id":"wetland1997_874","name":"秋が瀬公園","municipality":"浦和市","address":"大字栄和・道場・上大久保・下大久保地内","category":"河川・水路","wetland_no":2,"raw_type_code":3,"raw_naturalness_code":4,"status_note":null,"survey_method":"代表湿地","survey_year":1997,"source":"埼玉県環境科学国際センター「1997年版 埼玉県湿地湧水地台帳」（原典: 埼玉県環境生活部自然環境課, 1997年作成）","source_url":"https://atlas-eco-saitama-pref-saitama.hub.arcgis.com/apps/50e96c8bc0cf4bd29418301d7640b33d/explore","data_note":"1997年時点のスナップショットです。現況とは大きく異なる場合があります。categoryは名称文字列からこのスクリプトが独自に推定した分類で、出典データ本来の区分ではありません。"}},{"type":"Feature","geometry":{"type":"Point","coordinates":[139.449458109972,35.9784428738111]},"properties":{"id":"wetland1997_875","name":"小沼地内の越辺川河川敷","municipality":"坂戸市","address":"大字小沼/川島町大字吹塚/坂戸市大字小沼地内他","category":"池・沼","wetland_no":117,"raw_type_code":3,"raw_naturalness_code":2,"status_note":null,"survey_method":"代表湿地","survey_year":1997,"source":"埼玉県環境科学国際センター「1997年版 埼玉県湿地湧水地台帳」（原典: 埼玉県環境生活部自然環境課, 1997年作成）","source_url":"https://atlas-eco-saitama-pref-saitama.hub.arcgis.com/apps/50e96c8bc0cf4bd29418301d7640b33d/explore","data_note":"1997年時点のスナップショットです。現況とは大きく異なる場合があります。categoryは名称文字列からこのスクリプトが独自に推定した分類で、出典データ本来の区分ではありません。"}},{"type":"Feature","geometry":{"type":"Point","coordinates":[139.372535621026,35.889306018089]},"properties":{"id":"wetland1997_876","name":"第二小畔川流域の湿地","municipality":"日高市","address":"大字高萩・中沢地内","category":"河川・水路","wetland_no":123,"raw_type_code":3,"raw_naturalness_code":3,"status_note":null,"survey_method":"代表湿地","survey_year":1997,"source":"埼玉県環境科学国際センター「1997年版 埼玉県湿地湧水地台帳」（原典: 埼玉県環境生活部自然環境課, 1997年作成）","source_url":"https://atlas-eco-saitama-pref-saitama.hub.arcgis.com/apps/50e96c8bc0cf4bd29418301d7640b33d/explore","data_note":"1997年時点のスナップショットです。現況とは大きく異なる場合があります。categoryは名称文字列からこのスクリプトが独自に推定した分類で、出典データ本来の区分ではありません。"}},{"type":"Feature","geometry":{"type":"Point","coordinates":[139.540070493555,35.9784569315872]},"properties":{"id":"wetland1997_877","name":"江川流域の荒沢沼とその周辺湿地","municipality":"桶川市","address":"大字川田谷地内/上尾市大字藤・中分・領家地内","category":"池・沼","wetland_no":27,"raw_type_code":4,"raw_naturalness_code":5,"status_note":"縮小","survey_method":"代表湿地","survey_year":1997,"source":"埼玉県環境科学国際センター「1997年版 埼玉県湿地湧水地台帳」（原典: 埼玉県環境生活部自然環境課, 1997年作成）","source_url":"https://atlas-eco-saitama-pref-saitama.hub.arcgis.com/apps/50e96c8bc0cf4bd29418301d7640b33d/explore","data_note":"1997年時点のスナップショットです。現況とは大きく異なる場合があります。categoryは名称文字列からこのスクリプトが独自に推定した分類で、出典データ本来の区分ではありません。"}},{"type":"Feature","geometry":{"type":"Point","coordinates":[139.524905686494,35.9706967791023]},"properties":{"id":"wetland1997_878","name":"旧河道の残存池沼群","municipality":"桶川市","address":"大字川田谷地内","category":"池・沼","wetland_no":25,"raw_type_code":4,"raw_naturalness_code":5,"status_note":null,"survey_method":"代表湿地","survey_year":1997,"source":"埼玉県環境科学国際センター「1997年版 埼玉県湿地湧水地台帳」（原典: 埼玉県環境生活部自然環境課, 1997年作成）","source_url":"https://atlas-eco-saitama-pref-saitama.hub.arcgis.com/apps/50e96c8bc0cf4bd29418301d7640b33d/explore","data_note":"1997年時点のスナップショットです。現況とは大きく異なる場合があります。categoryは名称文字列からこのスクリプトが独自に推定した分類で、出典データ本来の区分ではありません。"}},{"type":"Feature","geometry":{"type":"Point","coordinates":[139.869691096726,35.9175571142021]},"properties":{"id":"wetland1997_879","name":"江戸川河川敷","municipality":"吉川市","address":"大字上内川・下内川・八子新田・深井新田地内","category":"河川・水路","wetland_no":232,"raw_type_code":3,"raw_naturalness_code":2,"status_note":null,"survey_method":"代表湿地","survey_year":1997,"source":"埼玉県環境科学国際センター「1997年版 埼玉県湿地湧水地台帳」（原典: 埼玉県環境生活部自然環境課, 1997年作成）","source_url":"https://atlas-eco-saitama-pref-saitama.hub.arcgis.com/apps/50e96c8bc0cf4bd29418301d7640b33d/explore","data_note":"1997年時点のスナップショットです。現況とは大きく異なる場合があります。categoryは名称文字列からこのスクリプトが独自に推定した分類で、出典データ本来の区分ではありません。"}},{"type":"Feature","geometry":{"type":"Point","coordinates":[139.457108496206,35.9467940805124]},"properties":{"id":"wetland1997_880","name":"小畦川","municipality":"川越市","address":"川越市鯨井","category":"河川・水路","wetland_no":1016,"raw_type_code":3,"raw_naturalness_code":4,"status_note":null,"survey_method":"県民調査","survey_year":1997,"source":"埼玉県環境科学国際センター「1997年版 埼玉県湿地湧水地台帳」（原典: 埼玉県環境生活部自然環境課, 1997年作成）","source_url":"https://atlas-eco-saitama-pref-saitama.hub.arcgis.com/apps/50e96c8bc0cf4bd29418301d7640b33d/explore","data_note":"1997年時点のスナップショットです。現況とは大きく異なる場合があります。categoryは名称文字列からこのスクリプトが独自に推定した分類で、出典データ本来の区分ではありません。"}},{"type":"Feature","geometry":{"type":"Point","coordinates":[139.495160091393,36.1272042708779]},"properties":{"id":"wetland1997_881","name":"小針・埼玉・長野付近の旧忍川","municipality":"行田市","address":"大字小針・埼玉・長野付近","category":"河川・水路","wetland_no":148,"raw_type_code":3,"raw_naturalness_code":4,"status_note":null,"survey_method":"代表湿地","survey_year":1997,"source":"埼玉県環境科学国際センター「1997年版 埼玉県湿地湧水地台帳」（原典: 埼玉県環境生活部自然環境課, 1997年作成）","source_url":"https://atlas-eco-saitama-pref-saitama.hub.arcgis.com/apps/50e96c8bc0cf4bd29418301d7640b33d/explore","data_note":"1997年時点のスナップショットです。現況とは大きく異なる場合があります。categoryは名称文字列からこのスクリプトが独自に推定した分類で、出典データ本来の区分ではありません。"}},{"type":"Feature","geometry":{"type":"Point","coordinates":[139.366977683278,36.2419862916401]},"properties":{"id":"wetland1997_882","name":"刀水橋付近の利根川河川敷","municipality":"妻沼町","address":"大字妻沼・台・出来島地内","category":"河川・水路","wetland_no":160,"raw_type_code":3,"raw_naturalness_code":4,"status_note":null,"survey_method":"代表湿地","survey_year":1997,"source":"埼玉県環境科学国際センター「1997年版 埼玉県湿地湧水地台帳」（原典: 埼玉県環境生活部自然環境課, 1997年作成）","source_url":"https://atlas-eco-saitama-pref-saitama.hub.arcgis.com/apps/50e96c8bc0cf4bd29418301d7640b33d/explore","data_note":"1997年時点のスナップショットです。現況とは大きく異なる場合があります。categoryは名称文字列からこのスクリプトが独自に推定した分類で、出典データ本来の区分ではありません。"}},{"type":"Feature","geometry":{"type":"Point","coordinates":[139.29007724887,36.242816796068]},"properties":{"id":"wetland1997_883","name":"上武大橋付近の利根川河川敷","municipality":"深谷市","address":"大字中瀬・高島地内","category":"河川・水路","wetland_no":153,"raw_type_code":3,"raw_naturalness_code":4,"status_note":null,"survey_method":"代表湿地","survey_year":1997,"source":"埼玉県環境科学国際センター「1997年版 埼玉県湿地湧水地台帳」（原典: 埼玉県環境生活部自然環境課, 1997年作成）","source_url":"https://atlas-eco-saitama-pref-saitama.hub.arcgis.com/apps/50e96c8bc0cf4bd29418301d7640b33d/explore","data_note":"1997年時点のスナップショットです。現況とは大きく異なる場合があります。categoryは名称文字列からこのスクリプトが独自に推定した分類で、出典データ本来の区分ではありません。"}},{"type":"Feature","geometry":{"type":"Point","coordinates":[139.117414587884,36.2638876591049]},"properties":{"id":"wetland1997_884","name":"神流川河川敷","municipality":"上里町","address":null,"category":"河川・水路","wetland_no":242,"raw_type_code":0,"raw_naturalness_code":0,"status_note":null,"survey_method":"市町村報告","survey_year":1997,"source":"埼玉県環境科学国際センター「1997年版 埼玉県湿地湧水地台帳」（原典: 埼玉県環境生活部自然環境課, 1997年作成）","source_url":"https://atlas-eco-saitama-pref-saitama.hub.arcgis.com/apps/50e96c8bc0cf4bd29418301d7640b33d/explore","data_note":"1997年時点のスナップショットです。現況とは大きく異なる場合があります。categoryは名称文字列からこのスクリプトが独自に推定した分類で、出典データ本来の区分ではありません。"}},{"type":"Feature","geometry":{"type":"Point","coordinates":[139.358225944539,35.8875350837852]},"properties":{"id":"wetland1997_885","name":"下小畔川流域の湿地","municipality":"日高市","address":"大字女影地内他","category":"河川・水路","wetland_no":124,"raw_type_code":3,"raw_naturalness_code":4,"status_note":null,"survey_method":"代表湿地","survey_year":1997,"source":"埼玉県環境科学国際センター「1997年版 埼玉県湿地湧水地台帳」（原典: 埼玉県環境生活部自然環境課, 1997年作成）","source_url":"https://atlas-eco-saitama-pref-saitama.hub.arcgis.com/apps/50e96c8bc0cf4bd29418301d7640b33d/explore","data_note":"1997年時点のスナップショットです。現況とは大きく異なる場合があります。categoryは名称文字列からこのスクリプトが独自に推定した分類で、出典データ本来の区分ではありません。"}},{"type":"Feature","geometry":{"type":"Point","coordinates":[139.69430740371,35.9048287806681]},"properties":{"id":"wetland1997_886","name":"大宮市から浦和市の見沼田圃","municipality":"大宮市","address":"大字加田屋・大谷地内/浦和市大字南部領辻地内","category":"池・沼","wetland_no":15,"raw_type_code":3,"raw_naturalness_code":2,"status_note":null,"survey_method":"代表湿地","survey_year":1997,"source":"埼玉県環境科学国際センター「1997年版 埼玉県湿地湧水地台帳」（原典: 埼玉県環境生活部自然環境課, 1997年作成）","source_url":"https://atlas-eco-saitama-pref-saitama.hub.arcgis.com/apps/50e96c8bc0cf4bd29418301d7640b33d/explore","data_note":"1997年時点のスナップショットです。現況とは大きく異なる場合があります。categoryは名称文字列からこのスクリプトが独自に推定した分類で、出典データ本来の区分ではありません。"}},{"type":"Feature","geometry":{"type":"Point","coordinates":[138.875307450958,35.959052441984]},"properties":{"id":"wetland1997_887","name":"中津川河川敷（塩沢地区）","municipality":"大滝村","address":null,"category":"河川・水路","wetland_no":677,"raw_type_code":0,"raw_naturalness_code":0,"status_note":null,"survey_method":"航空写真","survey_year":1997,"source":"埼玉県環境科学国際センター「1997年版 埼玉県湿地湧水地台帳」（原典: 埼玉県環境生活部自然環境課, 1997年作成）","source_url":"https://atlas-eco-saitama-pref-saitama.hub.arcgis.com/apps/50e96c8bc0cf4bd29418301d7640b33d/explore","data_note":"1997年時点のスナップショットです。現況とは大きく異なる場合があります。categoryは名称文字列からこのスクリプトが独自に推定した分類で、出典データ本来の区分ではありません。"}},{"type":"Feature","geometry":{"type":"Point","coordinates":[139.892519577901,35.844765266203]},"properties":{"id":"wetland1997_888","name":"市内の江戸川河川敷","municipality":"三郷市","address":"大字早稲田/吉川町大字三輪野江地内他","category":"河川・水路","wetland_no":206,"raw_type_code":3,"raw_naturalness_code":4,"status_note":null,"survey_method":"代表湿地","survey_year":1997,"source":"埼玉県環境科学国際センター「1997年版 埼玉県湿地湧水地台帳」（原典: 埼玉県環境生活部自然環境課, 1997年作成）","source_url":"https://atlas-eco-saitama-pref-saitama.hub.arcgis.com/apps/50e96c8bc0cf4bd29418301d7640b33d/explore","data_note":"1997年時点のスナップショットです。現況とは大きく異なる場合があります。categoryは名称文字列からこのスクリプトが独自に推定した分類で、出典データ本来の区分ではありません。"}},{"type":"Feature","geometry":{"type":"Point","coordinates":[138.999819544943,36.1258969703782]},"properties":{"id":"wetland1997_889","name":"下久保ダム湖","municipality":"神泉村","address":null,"category":"その他","wetland_no":269,"raw_type_code":0,"raw_naturalness_code":0,"status_note":null,"survey_method":"市町村報告","survey_year":1997,"source":"埼玉県環境科学国際センター「1997年版 埼玉県湿地湧水地台帳」（原典: 埼玉県環境生活部自然環境課, 1997年作成）","source_url":"https://atlas-eco-saitama-pref-saitama.hub.arcgis.com/apps/50e96c8bc0cf4bd29418301d7640b33d/explore","data_note":"1997年時点のスナップショットです。現況とは大きく異なる場合があります。categoryは名称文字列からこのスクリプトが独自に推定した分類で、出典データ本来の区分ではありません。"}},{"type":"Feature","geometry":{"type":"Point","coordinates":[139.359960064939,36.1349885807653]},"properties":{"id":"wetland1997_890","name":"熊谷市荒川河川敷","municipality":"熊谷市","address":"江南町大字押切・樋春/熊谷市内/大里村大字手島地内","category":"河川・水路","wetland_no":145,"raw_type_code":3,"raw_naturalness_code":4,"status_note":null,"survey_method":"代表湿地","survey_year":1997,"source":"埼玉県環境科学国際センター「1997年版 埼玉県湿地湧水地台帳」（原典: 埼玉県環境生活部自然環境課, 1997年作成）","source_url":"https://atlas-eco-saitama-pref-saitama.hub.arcgis.com/apps/50e96c8bc0cf4bd29418301d7640b33d/explore","data_note":"1997年時点のスナップショットです。現況とは大きく異なる場合があります。categoryは名称文字列からこのスクリプトが独自に推定した分類で、出典データ本来の区分ではありません。"}},{"type":"Feature","geometry":{"type":"Point","coordinates":[139.36609644856,35.8737418638887]},"properties":{"id":"wetland1997_891","name":"下加治・芦苅り場湿田","municipality":"飯能市","address":"大字下加治・芦苅場/日高市大字馬引沢地内他","category":"その他","wetland_no":56,"raw_type_code":2,"raw_naturalness_code":4,"status_note":null,"survey_method":"代表湿地","survey_year":1997,"source":"埼玉県環境科学国際センター「1997年版 埼玉県湿地湧水地台帳」（原典: 埼玉県環境生活部自然環境課, 1997年作成）","source_url":"https://atlas-eco-saitama-pref-saitama.hub.arcgis.com/apps/50e96c8bc0cf4bd29418301d7640b33d/explore","data_note":"1997年時点のスナップショットです。現況とは大きく異なる場合があります。categoryは名称文字列からこのスクリプトが独自に推定した分類で、出典データ本来の区分ではありません。"}},{"type":"Feature","geometry":{"type":"Point","coordinates":[139.403882020252,35.7761516799236]},"properties":{"id":"wetland1997_892","name":"山口貯水池（狭山湖）","municipality":"所沢市","address":"大字勝楽寺地内","category":"池・沼","wetland_no":40,"raw_type_code":4,"raw_naturalness_code":4,"status_note":null,"survey_method":"代表湿地","survey_year":1997,"source":"埼玉県環境科学国際センター「1997年版 埼玉県湿地湧水地台帳」（原典: 埼玉県環境生活部自然環境課, 1997年作成）","source_url":"https://atlas-eco-saitama-pref-saitama.hub.arcgis.com/apps/50e96c8bc0cf4bd29418301d7640b33d/explore","data_note":"1997年時点のスナップショットです。現況とは大きく異なる場合があります。categoryは名称文字列からこのスクリプトが独自に推定した分類で、出典データ本来の区分ではありません。"}},{"type":"Feature","geometry":{"type":"Point","coordinates":[139.188017971389,36.263920961549]},"properties":{"id":"wetland1997_893","name":"利根川と鳥川の合流地点付近から板東大橋下流部一帯の河川敷","municipality":"本庄市","address":"大字新井地内他/上里町大字黛地内他","category":"河川・水路","wetland_no":149,"raw_type_code":3,"raw_naturalness_code":5,"status_note":null,"survey_method":"代表湿地","survey_year":1997,"source":"埼玉県環境科学国際センター「1997年版 埼玉県湿地湧水地台帳」（原典: 埼玉県環境生活部自然環境課, 1997年作成）","source_url":"https://atlas-eco-saitama-pref-saitama.hub.arcgis.com/apps/50e96c8bc0cf4bd29418301d7640b33d/explore","data_note":"1997年時点のスナップショットです。現況とは大きく異なる場合があります。categoryは名称文字列からこのスクリプトが独自に推定した分類で、出典データ本来の区分ではありません。"}},{"type":"Feature","geometry":{"type":"Point","coordinates":[139.745646760899,36.034332836265]},"properties":{"id":"wetland1997_894","name":"倉松川（大中落）","municipality":"幸手市","address":"幸手市","category":"河川・水路","wetland_no":1050,"raw_type_code":3,"raw_naturalness_code":1,"status_note":null,"survey_method":"県民調査","survey_year":1997,"source":"埼玉県環境科学国際センター「1997年版 埼玉県湿地湧水地台帳」（原典: 埼玉県環境生活部自然環境課, 1997年作成）","source_url":"https://atlas-eco-saitama-pref-saitama.hub.arcgis.com/apps/50e96c8bc0cf4bd29418301d7640b33d/explore","data_note":"1997年時点のスナップショットです。現況とは大きく異なる場合があります。categoryは名称文字列からこのスクリプトが独自に推定した分類で、出典データ本来の区分ではありません。"}}]}